{"mean":{"confidence_interval":{"confidence_level":0.95,"lower_bound":22699.70557191581,"upper_bound":23216.203016795233},"point_estimate":22958.072619878785,"standard_error":132.04603275522447},"median":{"confidence_interval":{"confidence_level":0.95,"lower_bound":21746.04336131616,"upper_bound":23866.310126582277},"point_estimate":23602.8125,"standard_error":800.8653972036122},"median_abs_dev":{"confidence_interval":{"confidence_level":0.95,"lower_bound":374.89974996184895,"upper_bound":2592.9855221471234},"point_estimate":2445.7046825800608,"standard_error":745.5673444382028},"slope":{"confidence_interval":{"confidence_level":0.95,"lower_bound":22887.86866074815,"upper_bound":23426.551072824645},"point_estimate":23182.69217737339,"standard_error":137.61539872214328},"std_dev":{"confidence_interval":{"confidence_level":0.95,"lower_bound":1227.22316665161,"upper_bound":1428.0941696461884},"point_estimate":1332.1768090143119,"standard_error":51.198443882083744}}