{"mean":{"confidence_interval":{"confidence_level":0.95,"lower_bound":22730.254009844874,"upper_bound":23168.898149591758},"point_estimate":22951.190830461386,"standard_error":112.2404117998197},"median":{"confidence_interval":{"confidence_level":0.95,"lower_bound":21890.222664136316,"upper_bound":23760.985553772072},"point_estimate":23534.635912698413,"standard_error":655.1525225256862},"median_abs_dev":{"confidence_interval":{"confidence_level":0.95,"lower_bound":367.5568352033709,"upper_bound":1755.3987354123676},"point_estimate":1437.9654778043425,"standard_error":366.2414894032558},"slope":{"confidence_interval":{"confidence_level":0.95,"lower_bound":22952.05252701931,"upper_bound":23461.869316677505},"point_estimate":23230.36550676603,"standard_error":130.44043531945275},"std_dev":{"confidence_interval":{"confidence_level":0.95,"lower_bound":1064.171441967528,"upper_bound":1162.3523894690643},"point_estimate":1120.2997005340321,"standard_error":25.034123330028205}}