{"mean":{"confidence_interval":{"confidence_level":0.95,"lower_bound":-0.19259672295935354,"upper_bound":-0.18748162594816623},"point_estimate":-0.18963746946148285,"standard_error":0.0013198787597433126},"median":{"confidence_interval":{"confidence_level":0.95,"lower_bound":-0.18852812006794956,"upper_bound":-0.18734174085308442},"point_estimate":-0.18806647616057914,"standard_error":0.0002889970765624382}}