{"mean":{"confidence_interval":{"confidence_level":0.95,"lower_bound":-0.6703258855072801,"upper_bound":-0.6695116930648571},"point_estimate":-0.6699086762027396,"standard_error":0.00020729767648913931},"median":{"confidence_interval":{"confidence_level":0.95,"lower_bound":-0.6704355327510887,"upper_bound":-0.6699143209376839},"point_estimate":-0.6702384832702287,"standard_error":0.00014616808857896959}}