{"mean":{"confidence_interval":{"confidence_level":0.95,"lower_bound":0.1111126811279032,"upper_bound":0.12088534718506787},"point_estimate":0.11709156528795894,"standard_error":0.0025676976497410256},"median":{"confidence_interval":{"confidence_level":0.95,"lower_bound":0.11718989600994201,"upper_bound":0.1221655583418706},"point_estimate":0.11946674115905109,"standard_error":0.0013404246129765417}}