{"mean":{"confidence_interval":{"confidence_level":0.95,"lower_bound":-0.00821175996359481,"upper_bound":0.004836355009439575},"point_estimate":-0.001895965723996862,"standard_error":0.0033024431602515837},"median":{"confidence_interval":{"confidence_level":0.95,"lower_bound":-0.0003230435532608789,"upper_bound":0.0016299994791884043},"point_estimate":0.0004548906425272392,"standard_error":0.0004931658011341907}}