{"mean":{"confidence_interval":{"confidence_level":0.95,"lower_bound":-0.0051005009157401495,"upper_bound":-0.0013248639002325956},"point_estimate":-0.0031013439294516054,"standard_error":0.000961503481375377},"median":{"confidence_interval":{"confidence_level":0.95,"lower_bound":-0.0030366701051138143,"upper_bound":-0.0013755375261654092},"point_estimate":-0.0021965878659090388,"standard_error":0.00042009163897998686}}