{"mean":{"confidence_interval":{"confidence_level":0.95,"lower_bound":-0.1388238586112869,"upper_bound":-0.1327321437538202},"point_estimate":-0.1358588655627201,"standard_error":0.0015702850089207247},"median":{"confidence_interval":{"confidence_level":0.95,"lower_bound":-0.1365753882377433,"upper_bound":-0.13522347518049704},"point_estimate":-0.13563389873421072,"standard_error":0.00032780818473953586}}