{"mean":{"confidence_interval":{"confidence_level":0.95,"lower_bound":-0.004609214758297267,"upper_bound":0.003420202972450484},"point_estimate":-0.0005686581457402529,"standard_error":0.002028342299749423},"median":{"confidence_interval":{"confidence_level":0.95,"lower_bound":-0.0004926262684569194,"upper_bound":0.0009276393847854614},"point_estimate":0.00001673673843161083,"standard_error":0.0003596461451352054}}