{"mean":{"confidence_interval":{"confidence_level":0.95,"lower_bound":-0.004638937798269152,"upper_bound":0.005956897439255713},"point_estimate":0.00038581642832724583,"standard_error":0.0026375417423008893},"median":{"confidence_interval":{"confidence_level":0.95,"lower_bound":-0.0009501058167563636,"upper_bound":0.0013128859048734398},"point_estimate":-0.00007648204893972999,"standard_error":0.0005739130825516648}}