{"mean":{"confidence_interval":{"confidence_level":0.95,"lower_bound":0.22966969736780873,"upper_bound":0.23892127251718076},"point_estimate":0.23409592839301663,"standard_error":0.0024383847836457195},"median":{"confidence_interval":{"confidence_level":0.95,"lower_bound":0.22970735110292378,"upper_bound":0.23134978408666873},"point_estimate":0.2304187284443724,"standard_error":0.00039906191981609274}}