{"mean":{"confidence_interval":{"confidence_level":0.95,"lower_bound":0.12139218540929902,"upper_bound":0.12741038599631693},"point_estimate":0.12466344167854593,"standard_error":0.0015453671302439478},"median":{"confidence_interval":{"confidence_level":0.95,"lower_bound":0.12635305958675036,"upper_bound":0.12744457274711918},"point_estimate":0.12686754352168617,"standard_error":0.00026859880501849126}}