{"mean":{"confidence_interval":{"confidence_level":0.95,"lower_bound":-0.006940114148097762,"upper_bound":0.006184767371384767},"point_estimate":-0.0002180745712495602,"standard_error":0.003328188567578277},"median":{"confidence_interval":{"confidence_level":0.95,"lower_bound":-0.002223141579263954,"upper_bound":-0.00037216668497896954},"point_estimate":-0.0011667699318438363,"standard_error":0.0004643966543765733}}