{"mean":{"confidence_interval":{"confidence_level":0.95,"lower_bound":6524447.592187501,"upper_bound":6534207.699406249},"point_estimate":6528805.005,"standard_error":2519.12869235516},"median":{"confidence_interval":{"confidence_level":0.95,"lower_bound":6521438.25,"upper_bound":6522924.0},"point_estimate":6521784.5,"standard_error":342.73541451178465},"median_abs_dev":{"confidence_interval":{"confidence_level":0.95,"lower_bound":2110.944375023246,"upper_bound":3679.257159680128},"point_estimate":2866.6997116059065,"standard_error":380.54130577875725},"slope":null,"std_dev":{"confidence_interval":{"confidence_level":0.95,"lower_bound":11434.756051335075,"upper_bound":35421.695171154715},"point_estimate":25260.084909223624,"standard_error":6032.137528705166}}