{"mean":{"confidence_interval":{"confidence_level":0.95,"lower_bound":6524491.20265625,"upper_bound":6532444.05040625},"point_estimate":6527796.93875,"standard_error":2067.487073583025},"median":{"confidence_interval":{"confidence_level":0.95,"lower_bound":6522893.25,"upper_bound":6524148.875},"point_estimate":6523545.625,"standard_error":293.3861992573315},"median_abs_dev":{"confidence_interval":{"confidence_level":0.95,"lower_bound":2085.647512972355,"upper_bound":3419.341168357059},"point_estimate":2762.176413461566,"standard_error":343.74531643943874},"slope":null,"std_dev":{"confidence_interval":{"confidence_level":0.95,"lower_bound":4509.330829013972,"upper_bound":32846.442222756275},"point_estimate":20692.063595299314,"standard_error":7519.565425284173}}