{"mean":{"confidence_interval":{"confidence_level":0.95,"lower_bound":6525293.2113125,"upper_bound":6527462.541781249},"point_estimate":6526306.69875,"standard_error":554.4956262631277},"median":{"confidence_interval":{"confidence_level":0.95,"lower_bound":6524631.875,"upper_bound":6525655.5625},"point_estimate":6525170.9375,"standard_error":292.01288823489426},"median_abs_dev":{"confidence_interval":{"confidence_level":0.95,"lower_bound":2007.7994315419355,"upper_bound":4070.9415402263403},"point_estimate":2954.0804475545883,"standard_error":561.042685647409},"slope":null,"std_dev":{"confidence_interval":{"confidence_level":0.95,"lower_bound":3572.233190315195,"upper_bound":7227.0577568368435},"point_estimate":5572.5768011657865,"standard_error":949.5781987953474}}