{"mean":{"confidence_interval":{"confidence_level":0.95,"lower_bound":13065582.099187499,"upper_bound":13078119.928312501},"point_estimate":13070975.5075,"standard_error":3228.811462287911},"median":{"confidence_interval":{"confidence_level":0.95,"lower_bound":13061866.25,"upper_bound":13066627.0},"point_estimate":13064407.0,"standard_error":1315.6972670950656},"median_abs_dev":{"confidence_interval":{"confidence_level":0.95,"lower_bound":7752.501362990589,"upper_bound":13184.205590933561},"point_estimate":10107.25467056036,"standard_error":1344.7433088083874},"slope":null,"std_dev":{"confidence_interval":{"confidence_level":0.95,"lower_bound":12288.762499901759,"upper_bound":50019.00765863937},"point_estimate":32443.87374916233,"standard_error":10085.450261714192}}