{"mean":{"confidence_interval":{"confidence_level":0.95,"lower_bound":6532259.68475,"upper_bound":6534460.033593751},"point_estimate":6533310.415,"standard_error":562.8405981909782},"median":{"confidence_interval":{"confidence_level":0.95,"lower_bound":6531383.125,"upper_bound":6533390.375},"point_estimate":6532166.0,"standard_error":553.1858286837868},"median_abs_dev":{"confidence_interval":{"confidence_level":0.95,"lower_bound":3169.1501062363386,"upper_bound":5286.3028686493635},"point_estimate":4417.128634080291,"standard_error":541.8792003247863},"slope":null,"std_dev":{"confidence_interval":{"confidence_level":0.95,"lower_bound":4317.136906059719,"upper_bound":6792.320574535985},"point_estimate":5627.615710202428,"standard_error":630.5031791570779}}