{"mean":{"confidence_interval":{"confidence_level":0.95,"lower_bound":6524029.31625,"upper_bound":6526772.34903125},"point_estimate":6525315.715,"standard_error":699.2840990203156},"median":{"confidence_interval":{"confidence_level":0.95,"lower_bound":6522221.125,"upper_bound":6524437.8125},"point_estimate":6523610.0,"standard_error":590.8828510546562},"median_abs_dev":{"confidence_interval":{"confidence_level":0.95,"lower_bound":3224.191630259156,"upper_bound":5754.8971228301525},"point_estimate":4733.6637284606695,"standard_error":668.8325736837651},"slope":null,"std_dev":{"confidence_interval":{"confidence_level":0.95,"lower_bound":4858.400187308085,"upper_bound":9199.839594691957},"point_estimate":7034.958838444695,"standard_error":1124.605528188261}}