{"mean":{"confidence_interval":{"confidence_level":0.95,"lower_bound":6532304.04678125,"upper_bound":6540158.0099375},"point_estimate":6535369.47125,"standard_error":2082.936924449152},"median":{"confidence_interval":{"confidence_level":0.95,"lower_bound":6530505.75,"upper_bound":6531952.375},"point_estimate":6531086.8125,"standard_error":402.06584364451555},"median_abs_dev":{"confidence_interval":{"confidence_level":0.95,"lower_bound":3135.8842693269253,"upper_bound":5152.683546021581},"point_estimate":3869.400606304407,"standard_error":515.8917748503696},"slope":null,"std_dev":{"confidence_interval":{"confidence_level":0.95,"lower_bound":6121.59972258903,"upper_bound":34165.51836563069},"point_estimate":20832.904591223592,"standard_error":9259.547745269767}}