{"mean":{"confidence_interval":{"confidence_level":0.95,"lower_bound":6527717.55075,"upper_bound":6634571.068499999},"point_estimate":6569159.745,"standard_error":28734.926218229153},"median":{"confidence_interval":{"confidence_level":0.95,"lower_bound":6521563.625,"upper_bound":6523594.9375},"point_estimate":6522332.0,"standard_error":503.97766065821713},"median_abs_dev":{"confidence_interval":{"confidence_level":0.95,"lower_bound":2371.9746328890324,"upper_bound":4985.242411494255},"point_estimate":3515.8005125820637,"standard_error":675.9951642319858},"slope":null,"std_dev":{"confidence_interval":{"confidence_level":0.95,"lower_bound":21482.505473383495,"upper_bound":474353.48157142533},"point_estimate":288778.31760714354,"standard_error":129699.79567943882}}