{"mean":{"confidence_interval":{"confidence_level":0.95,"lower_bound":6525124.3414375,"upper_bound":6528863.35365625},"point_estimate":6526671.19625,"standard_error":974.3706135550225},"median":{"confidence_interval":{"confidence_level":0.95,"lower_bound":6524300.125,"upper_bound":6525489.625},"point_estimate":6524931.1875,"standard_error":273.90219664814737},"median_abs_dev":{"confidence_interval":{"confidence_level":0.95,"lower_bound":1876.2302666902542,"upper_bound":3492.7275504916906},"point_estimate":2664.510140195489,"standard_error":418.72470355793854},"slope":null,"std_dev":{"confidence_interval":{"confidence_level":0.95,"lower_bound":3262.2512457713456,"upper_bound":15606.096526870488},"point_estimate":9788.511512956658,"standard_error":3655.027808099621}}