{"mean":{"confidence_interval":{"confidence_level":0.95,"lower_bound":6524341.56253125,"upper_bound":6529258.4080625},"point_estimate":6526383.75625,"standard_error":1285.4429839108054},"median":{"confidence_interval":{"confidence_level":0.95,"lower_bound":6522913.875,"upper_bound":6524580.1875},"point_estimate":6523687.75,"standard_error":397.34617878652574},"median_abs_dev":{"confidence_interval":{"confidence_level":0.95,"lower_bound":2268.7486097216606,"upper_bound":3769.881083071232},"point_estimate":3221.319092810154,"standard_error":388.1041998487928},"slope":null,"std_dev":{"confidence_interval":{"confidence_level":0.95,"lower_bound":3986.790690360119,"upper_bound":20589.21846247511},"point_estimate":12945.423797717764,"standard_error":4778.89916385332}}