{"mean":{"confidence_interval":{"confidence_level":0.95,"lower_bound":6522337.16928125,"upper_bound":6524401.722124999},"point_estimate":6523287.89125,"standard_error":530.1889004299122},"median":{"confidence_interval":{"confidence_level":0.95,"lower_bound":6521404.5,"upper_bound":6522942.375},"point_estimate":6522180.3125,"standard_error":362.4304373545451},"median_abs_dev":{"confidence_interval":{"confidence_level":0.95,"lower_bound":2137.2605245560408,"upper_bound":3823.254682123661},"point_estimate":3192.686380818486,"standard_error":426.69219981036696},"slope":null,"std_dev":{"confidence_interval":{"confidence_level":0.95,"lower_bound":3243.5543654875623,"upper_bound":7260.966896275374},"point_estimate":5322.036253574453,"standard_error":1045.2847351680318}}