{"mean":{"confidence_interval":{"confidence_level":0.95,"lower_bound":6524972.72625,"upper_bound":6526979.46765625},"point_estimate":6525909.19125,"standard_error":513.6542536676645},"median":{"confidence_interval":{"confidence_level":0.95,"lower_bound":6523988.4375,"upper_bound":6525407.5},"point_estimate":6524565.6875,"standard_error":351.8617206400097},"median_abs_dev":{"confidence_interval":{"confidence_level":0.95,"lower_bound":2048.0265386402607,"upper_bound":3472.0638133585453},"point_estimate":2686.656477302313,"standard_error":366.79216050707925},"slope":null,"std_dev":{"confidence_interval":{"confidence_level":0.95,"lower_bound":3365.9474592432766,"upper_bound":6685.313947022854},"point_estimate":5164.877082067964,"standard_error":842.6071644566322}}