{"mean":{"confidence_interval":{"confidence_level":0.95,"lower_bound":6527798.9916875,"upper_bound":6568046.01403125},"point_estimate":6543512.75875,"standard_error":10706.270188206334},"median":{"confidence_interval":{"confidence_level":0.95,"lower_bound":6523817.0625,"upper_bound":6525637.375},"point_estimate":6524467.0625,"standard_error":493.5442204881051},"median_abs_dev":{"confidence_interval":{"confidence_level":0.95,"lower_bound":2576.5734292566776,"upper_bound":4520.299059748641},"point_estimate":3508.4801752120256,"standard_error":497.94583968071277},"slope":null,"std_dev":{"confidence_interval":{"confidence_level":0.95,"lower_bound":13609.862430451005,"upper_bound":177021.70748564877},"point_estimate":107455.7325998956,"standard_error":47718.30549135078}}