{"mean":{"confidence_interval":{"confidence_level":0.95,"lower_bound":6525791.946375,"upper_bound":6535026.330875},"point_estimate":6529824.58375,"standard_error":2367.850635631305},"median":{"confidence_interval":{"confidence_level":0.95,"lower_bound":6524498.375,"upper_bound":6525953.625},"point_estimate":6525332.5,"standard_error":360.4135717536732},"median_abs_dev":{"confidence_interval":{"confidence_level":0.95,"lower_bound":2672.757102549076,"upper_bound":4213.734450191259},"point_estimate":3366.243240237236,"standard_error":411.7815665613061},"slope":null,"std_dev":{"confidence_interval":{"confidence_level":0.95,"lower_bound":4543.443707971319,"upper_bound":35138.03540740892},"point_estimate":23791.843883096917,"standard_error":7176.712193369926}}