{"mean":{"confidence_interval":{"confidence_level":0.95,"lower_bound":6525972.880624999,"upper_bound":6528618.0995625},"point_estimate":6527165.10375,"standard_error":677.0473810437215},"median":{"confidence_interval":{"confidence_level":0.95,"lower_bound":6524898.8125,"upper_bound":6526510.125},"point_estimate":6525477.9375,"standard_error":366.77208422935917},"median_abs_dev":{"confidence_interval":{"confidence_level":0.95,"lower_bound":2209.444610774517,"upper_bound":4280.173461511731},"point_estimate":3120.1316446065903,"standard_error":538.8095117175562},"slope":null,"std_dev":{"confidence_interval":{"confidence_level":0.95,"lower_bound":3834.954805253659,"upper_bound":9775.869041230899},"point_estimate":6788.113916212252,"standard_error":1614.9996995803936}}