{"mean":{"confidence_interval":{"confidence_level":0.95,"lower_bound":7384381.763142857,"upper_bound":7444018.3815357145},"point_estimate":7404890.142857139,"standard_error":18786.433646252954},"median":{"confidence_interval":{"confidence_level":0.95,"lower_bound":7380523.571428572,"upper_bound":7384181.857142857},"point_estimate":7381761.142857143,"standard_error":833.9766663466314},"median_abs_dev":{"confidence_interval":{"confidence_level":0.95,"lower_bound":4073.5493276799443,"upper_bound":7482.3643671610835},"point_estimate":5234.954607061076,"standard_error":851.2794456780724},"slope":null,"std_dev":{"confidence_interval":{"confidence_level":0.95,"lower_bound":9499.39963318623,"upper_bound":323500.8996988503},"point_estimate":188808.03311741602,"standard_error":113269.38179500769}}