{"mean":{"confidence_interval":{"confidence_level":0.95,"lower_bound":6531528.7075625,"upper_bound":6537492.906125},"point_estimate":6534059.98375,"standard_error":1539.1187246216448},"median":{"confidence_interval":{"confidence_level":0.95,"lower_bound":6529885.5,"upper_bound":6532054.625},"point_estimate":6531219.3125,"standard_error":583.8070440630784},"median_abs_dev":{"confidence_interval":{"confidence_level":0.95,"lower_bound":3749.678341867402,"upper_bound":6199.862439930439},"point_estimate":4786.574015021324,"standard_error":632.4889776104898},"slope":null,"std_dev":{"confidence_interval":{"confidence_level":0.95,"lower_bound":5727.623954185551,"upper_bound":23936.96983726626},"point_estimate":15420.493301015742,"standard_error":4994.7789456193295}}