{"mean":{"confidence_interval":{"confidence_level":0.95,"lower_bound":6521520.72903125,"upper_bound":6523756.3763125},"point_estimate":6522527.6825,"standard_error":573.1896634877879},"median":{"confidence_interval":{"confidence_level":0.95,"lower_bound":6521120.25,"upper_bound":6522070.4375},"point_estimate":6521624.9375,"standard_error":275.8247785154772},"median_abs_dev":{"confidence_interval":{"confidence_level":0.95,"lower_bound":1746.9660814851522,"upper_bound":3856.891169026494},"point_estimate":3288.2214166224003,"standard_error":543.7806182808074},"slope":null,"std_dev":{"confidence_interval":{"confidence_level":0.95,"lower_bound":2948.699256873243,"upper_bound":8283.578358660157},"point_estimate":5759.101607642704,"standard_error":1387.6680423863277}}