{"mean":{"confidence_interval":{"confidence_level":0.95,"lower_bound":6526721.41678125,"upper_bound":6539554.638250001},"point_estimate":6532428.98375,"standard_error":3306.8690278961976},"median":{"confidence_interval":{"confidence_level":0.95,"lower_bound":6523789.625,"upper_bound":6525345.0},"point_estimate":6524633.0625,"standard_error":466.11248081787033},"median_abs_dev":{"confidence_interval":{"confidence_level":0.95,"lower_bound":2291.1729343235493,"upper_bound":3685.470180194824},"point_estimate":3041.1831960082054,"standard_error":352.0136958465383},"slope":null,"std_dev":{"confidence_interval":{"confidence_level":0.95,"lower_bound":16243.178408877022,"upper_bound":46121.47673348813},"point_estimate":33192.99210833127,"standard_error":7901.824210846312}}