{"mean":{"confidence_interval":{"confidence_level":0.95,"lower_bound":7382158.194857141,"upper_bound":7427737.902535712},"point_estimate":7400105.764285716,"standard_error":12196.58666183886},"median":{"confidence_interval":{"confidence_level":0.95,"lower_bound":7378555.428571428,"upper_bound":7380140.571428572},"point_estimate":7379305.142857143,"standard_error":480.3415343544791},"median_abs_dev":{"confidence_interval":{"confidence_level":0.95,"lower_bound":2689.5422522509816,"upper_bound":6615.572882549906},"point_estimate":3790.372732708024,"standard_error":1010.3499054599199},"slope":null,"std_dev":{"confidence_interval":{"confidence_level":0.95,"lower_bound":10111.473704166763,"upper_bound":201291.09207496393},"point_estimate":123522.07566887084,"standard_error":53690.092831142894}}