{"mean":{"confidence_interval":{"confidence_level":0.95,"lower_bound":7381282.988214285,"upper_bound":7405385.190642859},"point_estimate":7390009.021428572,"standard_error":6917.087695456469},"median":{"confidence_interval":{"confidence_level":0.95,"lower_bound":7378372.785714285,"upper_bound":7380412.857142857},"point_estimate":7379423.571428571,"standard_error":510.47185627171126},"median_abs_dev":{"confidence_interval":{"confidence_level":0.95,"lower_bound":3678.118734699846,"upper_bound":6801.321479251815},"point_estimate":4876.589013423633,"standard_error":810.3821365021433},"slope":null,"std_dev":{"confidence_interval":{"confidence_level":0.95,"lower_bound":8381.548702095817,"upper_bound":118291.24124005018},"point_estimate":69719.05935935129,"standard_error":37510.27203580484}}