{"mean":{"confidence_interval":{"confidence_level":0.95,"lower_bound":6533825.39053125,"upper_bound":6537123.37109375},"point_estimate":6535377.145,"standard_error":843.6446870766918},"median":{"confidence_interval":{"confidence_level":0.95,"lower_bound":6531741.375,"upper_bound":6533892.3125},"point_estimate":6533003.125,"standard_error":539.6208742937077},"median_abs_dev":{"confidence_interval":{"confidence_level":0.95,"lower_bound":3138.7568067759275,"upper_bound":6132.774791121483},"point_estimate":4190.568825602531,"standard_error":782.5721062550239},"slope":null,"std_dev":{"confidence_interval":{"confidence_level":0.95,"lower_bound":5836.803982439443,"upper_bound":10752.396927160631},"point_estimate":8469.380268669502,"standard_error":1252.9016085419405}}