{"mean":{"confidence_interval":{"confidence_level":0.95,"lower_bound":6527728.07690625,"upper_bound":6547993.63353125},"point_estimate":6535142.04,"standard_error":5711.270999266632},"median":{"confidence_interval":{"confidence_level":0.95,"lower_bound":6525711.5,"upper_bound":6528243.1875},"point_estimate":6526705.25,"standard_error":667.8271752871455},"median_abs_dev":{"confidence_interval":{"confidence_level":0.95,"lower_bound":3151.8222190439783,"upper_bound":5221.068469807506},"point_estimate":4103.466077148914,"standard_error":512.0237953602318},"slope":null,"std_dev":{"confidence_interval":{"confidence_level":0.95,"lower_bound":5433.090832430527,"upper_bound":96906.13870212628},"point_estimate":57321.45991115576,"standard_error":29868.705923596135}}