{"mean":{"confidence_interval":{"confidence_level":0.95,"lower_bound":13067849.3825625,"upper_bound":13074811.2454375},"point_estimate":13071199.08,"standard_error":1789.6136327720371},"median":{"confidence_interval":{"confidence_level":0.95,"lower_bound":13063737.5,"upper_bound":13069338.125},"point_estimate":13066724.75,"standard_error":1285.7899334822905},"median_abs_dev":{"confidence_interval":{"confidence_level":0.95,"lower_bound":9450.462882220745,"upper_bound":15704.069571197033},"point_estimate":12937.538020312786,"standard_error":1561.713725149303},"slope":null,"std_dev":{"confidence_interval":{"confidence_level":0.95,"lower_bound":13892.081318518189,"upper_bound":21589.033418271712},"point_estimate":17981.109620844265,"standard_error":1973.506241690863}}