{"mean":{"confidence_interval":{"confidence_level":0.95,"lower_bound":-0.0026509337379349725,"upper_bound":0.013609186056266535},"point_estimate":0.005268072865094675,"standard_error":0.004137327875214274},"median":{"confidence_interval":{"confidence_level":0.95,"lower_bound":-0.028134318992862672,"upper_bound":0.03296514134554168},"point_estimate":-0.005116470766812875,"standard_error":0.017032511223310103}}