{"mean":{"confidence_interval":{"confidence_level":0.95,"lower_bound":8496348.242750004,"upper_bound":8506957.510375},"point_estimate":8501268.591666672,"standard_error":2714.649655148288},"median":{"confidence_interval":{"confidence_level":0.95,"lower_bound":8488405.0,"upper_bound":8498373.416666668},"point_estimate":8493031.833333332,"standard_error":2954.7575234964725},"median_abs_dev":{"confidence_interval":{"confidence_level":0.95,"lower_bound":8593.767197429213,"upper_bound":17957.49798118976},"point_estimate":13022.911068798032,"standard_error":2510.9987266132357},"slope":null,"std_dev":{"confidence_interval":{"confidence_level":0.95,"lower_bound":17267.67829551297,"upper_bound":35841.87973362596},"point_estimate":27287.238189229032,"standard_error":4751.325394562394}}