{"mean":{"confidence_interval":{"confidence_level":0.95,"lower_bound":13048909.8475,"upper_bound":13069850.29425},"point_estimate":13057417.4475,"standard_error":5463.20117945905},"median":{"confidence_interval":{"confidence_level":0.95,"lower_bound":13042425.625,"upper_bound":13049957.0},"point_estimate":13044146.625,"standard_error":1906.9032759962988},"median_abs_dev":{"confidence_interval":{"confidence_level":0.95,"lower_bound":10873.202881962061,"upper_bound":20242.49804874882},"point_estimate":15555.809573829174,"standard_error":2374.597865763178},"slope":null,"std_dev":{"confidence_interval":{"confidence_level":0.95,"lower_bound":20297.834669888525,"upper_bound":87574.49224939711},"point_estimate":54608.379950896575,"standard_error":21653.381483479363}}