{"mean":{"confidence_interval":{"confidence_level":0.95,"lower_bound":8502150.860666666,"upper_bound":8536620.282458335},"point_estimate":8517036.123333333,"standard_error":8872.150684404529},"median":{"confidence_interval":{"confidence_level":0.95,"lower_bound":8496878.833333334,"upper_bound":8502698.166666666},"point_estimate":8499175.666666668,"standard_error":1474.5858545877375},"median_abs_dev":{"confidence_interval":{"confidence_level":0.95,"lower_bound":10223.26811850071,"upper_bound":16379.02320921421},"point_estimate":13367.36846268085,"standard_error":1580.5406656314278},"slope":null,"std_dev":{"confidence_interval":{"confidence_level":0.95,"lower_bound":16281.735348100741,"upper_bound":133639.50218925896},"point_estimate":89103.26363513544,"standard_error":28778.390587791226}}