{"mean":{"confidence_interval":{"confidence_level":0.95,"lower_bound":9663901.500416664,"upper_bound":9747462.606791668},"point_estimate":9700760.198333336,"standard_error":21449.537299119296},"median":{"confidence_interval":{"confidence_level":0.95,"lower_bound":9632738.666666666,"upper_bound":9653222.583333334},"point_estimate":9643962.0,"standard_error":5237.736892188923},"median_abs_dev":{"confidence_interval":{"confidence_level":0.95,"lower_bound":25988.124288618565,"upper_bound":52555.0926719606},"point_estimate":35826.53416395233,"standard_error":6239.27198463054},"slope":null,"std_dev":{"confidence_interval":{"confidence_level":0.95,"lower_bound":93649.41118405793,"upper_bound":306622.2950676582},"point_estimate":215093.91026818685,"standard_error":54032.49158951696}}