{"mean":{"confidence_interval":{"confidence_level":0.95,"lower_bound":8531024.947125,"upper_bound":8543539.005708331},"point_estimate":8536874.493333334,"standard_error":3183.694953816263},"median":{"confidence_interval":{"confidence_level":0.95,"lower_bound":8526964.666666666,"upper_bound":8536761.25},"point_estimate":8531614.25,"standard_error":2550.9589718230695},"median_abs_dev":{"confidence_interval":{"confidence_level":0.95,"lower_bound":17326.77524238825,"upper_bound":25019.86295580772},"point_estimate":22010.555659233603,"standard_error":1982.6391867967661},"slope":null,"std_dev":{"confidence_interval":{"confidence_level":0.95,"lower_bound":20860.53911382316,"upper_bound":41739.8281432224},"point_estimate":31832.64540072269,"standard_error":5351.151937883531}}