{"mean":{"confidence_interval":{"confidence_level":0.95,"lower_bound":8510330.839874998,"upper_bound":8537407.177375},"point_estimate":8521381.745000001,"standard_error":7103.704241761384},"median":{"confidence_interval":{"confidence_level":0.95,"lower_bound":8503760.666666666,"upper_bound":8512633.0},"point_estimate":8508441.916666668,"standard_error":2154.2339013625087},"median_abs_dev":{"confidence_interval":{"confidence_level":0.95,"lower_bound":13467.196860909462,"upper_bound":23733.583928645578},"point_estimate":18881.404864786215,"standard_error":2677.4079714659133},"slope":null,"std_dev":{"confidence_interval":{"confidence_level":0.95,"lower_bound":18081.745813951293,"upper_bound":115207.68606343294},"point_estimate":71537.14811996845,"standard_error":28019.560008404344}}