{"mean":{"confidence_interval":{"confidence_level":0.95,"lower_bound":0.0036478464299122327,"upper_bound":0.01287565090527019},"point_estimate":0.008346270724236327,"standard_error":0.0023509118139368665},"median":{"confidence_interval":{"confidence_level":0.95,"lower_bound":-0.0026511892957773453,"upper_bound":0.016041848086839616},"point_estimate":0.007526821250435578,"standard_error":0.004922772369424086}}