{"mean":{"confidence_interval":{"confidence_level":0.95,"lower_bound":-0.025072890173994274,"upper_bound":-0.013956399642677898},"point_estimate":-0.019427763191021796,"standard_error":0.0028677383464517574},"median":{"confidence_interval":{"confidence_level":0.95,"lower_bound":-0.027986602427542695,"upper_bound":-0.014261658289954404},"point_estimate":-0.018666727744094058,"standard_error":0.003505256923960007}}