{"mean":{"confidence_interval":{"confidence_level":0.95,"lower_bound":-0.004353303468613398,"upper_bound":0.010230775704942645},"point_estimate":0.002728359581839035,"standard_error":0.0037235809053472336},"median":{"confidence_interval":{"confidence_level":0.95,"lower_bound":-0.002228437456535448,"upper_bound":0.01093286633694081},"point_estimate":0.007479854303231059,"standard_error":0.0030833421007110443}}