{"mean":{"confidence_interval":{"confidence_level":0.95,"lower_bound":-0.03024098427902682,"upper_bound":-0.022605865033936648},"point_estimate":-0.026455106990410204,"standard_error":0.0019460311946373067},"median":{"confidence_interval":{"confidence_level":0.95,"lower_bound":-0.03114641731722234,"upper_bound":-0.01997845186491909},"point_estimate":-0.02521073271425267,"standard_error":0.0028751838126000063}}