{"mean":{"confidence_interval":{"confidence_level":0.95,"lower_bound":-0.0069588232587732436,"upper_bound":0.0012534170180912517},"point_estimate":-0.0028799118259995593,"standard_error":0.002103649487434458},"median":{"confidence_interval":{"confidence_level":0.95,"lower_bound":-0.008072513747841126,"upper_bound":0.0018983336578541898},"point_estimate":-0.0022625501079603927,"standard_error":0.002520606285993905}}