{"mean":{"confidence_interval":{"confidence_level":0.95,"lower_bound":0.003135881751217484,"upper_bound":0.009996267889037874},"point_estimate":0.00657772432395709,"standard_error":0.0017496727727221134},"median":{"confidence_interval":{"confidence_level":0.95,"lower_bound":0.003097883609821217,"upper_bound":0.01254279083284815},"point_estimate":0.008203943093429755,"standard_error":0.0023116942725716874}}