{"mean":{"confidence_interval":{"confidence_level":0.95,"lower_bound":0.05124481008826884,"upper_bound":0.0643757752637758},"point_estimate":0.05730347644295386,"standard_error":0.003383456555650051},"median":{"confidence_interval":{"confidence_level":0.95,"lower_bound":0.04655413564949187,"upper_bound":0.06523424134401079},"point_estimate":0.05507156545959213,"standard_error":0.005029357049262765}}