{"mean":{"confidence_interval":{"confidence_level":0.95,"lower_bound":-0.004985855507542167,"upper_bound":0.0006003539321438086},"point_estimate":-0.002195750212941938,"standard_error":0.0014251053485924662},"median":{"confidence_interval":{"confidence_level":0.95,"lower_bound":-0.006891813475539746,"upper_bound":-0.002669001048620334},"point_estimate":-0.005475778863509473,"standard_error":0.0011442263147062337}}