{"mean":{"confidence_interval":{"confidence_level":0.95,"lower_bound":0.007545972128645842,"upper_bound":0.019475469979112352},"point_estimate":0.013452635251302913,"standard_error":0.003025643179617456},"median":{"confidence_interval":{"confidence_level":0.95,"lower_bound":0.005424996340094745,"upper_bound":0.02194454718296801},"point_estimate":0.01438635569683333,"standard_error":0.004156964618908199}}