{"mean":{"confidence_interval":{"confidence_level":0.95,"lower_bound":-0.02374350616035185,"upper_bound":-0.017700546327493086},"point_estimate":-0.02059618961953802,"standard_error":0.0015399285255542205},"median":{"confidence_interval":{"confidence_level":0.95,"lower_bound":-0.023134766846078958,"upper_bound":-0.019298059505071685},"point_estimate":-0.02079414646150135,"standard_error":0.0009677559914546562}}