{"mean":{"confidence_interval":{"confidence_level":0.95,"lower_bound":-0.04077786532468487,"upper_bound":-0.03375276929515154},"point_estimate":-0.03711060552865186,"standard_error":0.0017958785569592817},"median":{"confidence_interval":{"confidence_level":0.95,"lower_bound":-0.03832379394131835,"upper_bound":-0.03518440073750129},"point_estimate":-0.037098631724629794,"standard_error":0.0007972449803493039}}