{"mean":{"confidence_interval":{"confidence_level":0.95,"lower_bound":-0.007362690528362136,"upper_bound":-0.0003740406113481818},"point_estimate":-0.003962259008351565,"standard_error":0.0017858238979952723},"median":{"confidence_interval":{"confidence_level":0.95,"lower_bound":-0.010471421353310075,"upper_bound":0.0012639050746265923},"point_estimate":-0.00547879118954131,"standard_error":0.002859519141701696}}