{"mean":{"confidence_interval":{"confidence_level":0.95,"lower_bound":-0.19009231619508385,"upper_bound":-0.17691198192893506},"point_estimate":-0.1828154623170397,"standard_error":0.003364392658451081},"median":{"confidence_interval":{"confidence_level":0.95,"lower_bound":-0.1841130370145586,"upper_bound":-0.17997833862605703},"point_estimate":-0.18217416981565493,"standard_error":0.0010805826051384119}}