{"mean":{"confidence_interval":{"confidence_level":0.95,"lower_bound":-0.017660024851735043,"upper_bound":-0.0023131639227764217},"point_estimate":-0.008854309975486307,"standard_error":0.003975541817523776},"median":{"confidence_interval":{"confidence_level":0.95,"lower_bound":-0.01204167313001736,"upper_bound":0.004364977808389847},"point_estimate":-0.0048779170048121046,"standard_error":0.0042403326271802984}}