{"mean":{"confidence_interval":{"confidence_level":0.95,"lower_bound":-0.02340588752273357,"upper_bound":-0.0025445461265347774},"point_estimate":-0.01161442726210793,"standard_error":0.005382976109236032},"median":{"confidence_interval":{"confidence_level":0.95,"lower_bound":-0.015546208218312096,"upper_bound":0.0030723964751835364},"point_estimate":-0.003610372323819999,"standard_error":0.004700357156708868}}