{"mean":{"confidence_interval":{"confidence_level":0.95,"lower_bound":-0.023890488024952958,"upper_bound":0.010475115315757951},"point_estimate":-0.004741433281031604,"standard_error":0.00874592015193815},"median":{"confidence_interval":{"confidence_level":0.95,"lower_bound":-0.006962920343307366,"upper_bound":0.005207458979029411},"point_estimate":-0.001720535511128496,"standard_error":0.003030888586699655}}