{"mean":{"confidence_interval":{"confidence_level":0.95,"lower_bound":-0.03989303000502795,"upper_bound":-0.03334839761743992},"point_estimate":-0.03646450874569129,"standard_error":0.0016654772618279695},"median":{"confidence_interval":{"confidence_level":0.95,"lower_bound":-0.04016311042030707,"upper_bound":-0.03566114693346756},"point_estimate":-0.03800102672493233,"standard_error":0.0011541007381688606}}