{"mean":{"confidence_interval":{"confidence_level":0.95,"lower_bound":0.0012492071463384602,"upper_bound":0.012302335018691326},"point_estimate":0.006961610018980879,"standard_error":0.0028114098960327787},"median":{"confidence_interval":{"confidence_level":0.95,"lower_bound":0.0003315319603458544,"upper_bound":0.014677676013349128},"point_estimate":0.00972061076923647,"standard_error":0.003699688593003159}}