{"mean":{"confidence_interval":{"confidence_level":0.95,"lower_bound":-0.06579258668843611,"upper_bound":-0.04973792750453315},"point_estimate":-0.05805819239295407,"standard_error":0.00410363252628739},"median":{"confidence_interval":{"confidence_level":0.95,"lower_bound":-0.06181312210866985,"upper_bound":-0.05407252967689469},"point_estimate":-0.057217322551302296,"standard_error":0.0016617635904228342}}