{"mean":{"confidence_interval":{"confidence_level":0.95,"lower_bound":-0.013175942816557523,"upper_bound":0.0061422237852511545},"point_estimate":-0.0028680626571533363,"standard_error":0.004870948700971477},"median":{"confidence_interval":{"confidence_level":0.95,"lower_bound":-0.003475850770433954,"upper_bound":0.0030320817991027482},"point_estimate":-0.00044812899935398054,"standard_error":0.001665215804997431}}