{"mean":{"confidence_interval":{"confidence_level":0.95,"lower_bound":0.008543973205107006,"upper_bound":0.016700833718704292},"point_estimate":0.012696568830151245,"standard_error":0.002071496544888614},"median":{"confidence_interval":{"confidence_level":0.95,"lower_bound":0.005063715665450497,"upper_bound":0.02022545363043049},"point_estimate":0.012760793876973597,"standard_error":0.0040654052862888574}}