{"mean":{"confidence_interval":{"confidence_level":0.95,"lower_bound":0.06244421223034149,"upper_bound":0.07519438517303327},"point_estimate":0.06856970615361879,"standard_error":0.003228555694804081},"median":{"confidence_interval":{"confidence_level":0.95,"lower_bound":0.05999278944523945,"upper_bound":0.07280881457700533},"point_estimate":0.06898622056024428,"standard_error":0.003282667749112849}}