{"mean":{"confidence_interval":{"confidence_level":0.95,"lower_bound":0.0012554649170508816,"upper_bound":0.011214104552768212},"point_estimate":0.005953511618180807,"standard_error":0.00255537866691244},"median":{"confidence_interval":{"confidence_level":0.95,"lower_bound":-0.006606712232040457,"upper_bound":0.01976169688273009},"point_estimate":0.006898370124826192,"standard_error":0.007236949567565091}}