{"mean":{"confidence_interval":{"confidence_level":0.95,"lower_bound":0.02746102003207025,"upper_bound":0.03391070370640021},"point_estimate":0.03085729895590994,"standard_error":0.0016389231338032775},"median":{"confidence_interval":{"confidence_level":0.95,"lower_bound":0.028913027071137964,"upper_bound":0.032592830128444134},"point_estimate":0.03083611340646919,"standard_error":0.0009487394094900396}}