{"mean":{"confidence_interval":{"confidence_level":0.95,"lower_bound":0.0289345417814739,"upper_bound":0.038259268086255946},"point_estimate":0.03363240731747186,"standard_error":0.0023673252191239074},"median":{"confidence_interval":{"confidence_level":0.95,"lower_bound":0.031145979504984878,"upper_bound":0.03675248504857165},"point_estimate":0.03406290121444289,"standard_error":0.0014638783362247775}}