{"mean":{"confidence_interval":{"confidence_level":0.95,"lower_bound":0.0196150364026173,"upper_bound":0.029542015196170328},"point_estimate":0.024570993345336856,"standard_error":0.0025414721504235884},"median":{"confidence_interval":{"confidence_level":0.95,"lower_bound":0.015043763871633281,"upper_bound":0.03197486553003426},"point_estimate":0.024522539165769075,"standard_error":0.004565253875113764}}