{"mean":{"confidence_interval":{"confidence_level":0.95,"lower_bound":0.012969639152934018,"upper_bound":0.022319717966775485},"point_estimate":0.017663458314097324,"standard_error":0.002388551004113648},"median":{"confidence_interval":{"confidence_level":0.95,"lower_bound":0.004210487859508172,"upper_bound":0.02798805029918258},"point_estimate":0.009653496158638308,"standard_error":0.005774145849622464}}