{"mean":{"confidence_interval":{"confidence_level":0.95,"lower_bound":0.001244221611368396,"upper_bound":0.008983061346706305},"point_estimate":0.005091077904303631,"standard_error":0.001980836118165887},"median":{"confidence_interval":{"confidence_level":0.95,"lower_bound":-0.0009557477120195047,"upper_bound":0.013414338107004431},"point_estimate":0.007025032286449795,"standard_error":0.0038721918350421852}}