{"mean":{"confidence_interval":{"confidence_level":0.95,"lower_bound":0.19374813537672508,"upper_bound":0.20847485640402516},"point_estimate":0.20070399134998862,"standard_error":0.003806386261252805},"median":{"confidence_interval":{"confidence_level":0.95,"lower_bound":0.19130335468583248,"upper_bound":0.19913482781738567},"point_estimate":0.195479159489508,"standard_error":0.00221752224241273}}