{"mean":{"confidence_interval":{"confidence_level":0.95,"lower_bound":-0.03815079681298135,"upper_bound":-0.0330404209033667},"point_estimate":-0.035655132867872696,"standard_error":0.0013004426001337122},"median":{"confidence_interval":{"confidence_level":0.95,"lower_bound":-0.03694340124146289,"upper_bound":-0.03342208897144716},"point_estimate":-0.035681109844354464,"standard_error":0.0009123340417761616}}