{"mean":{"confidence_interval":{"confidence_level":0.95,"lower_bound":-0.0054588029558991355,"upper_bound":0.005109312677552662},"point_estimate":-0.00029043165546871474,"standard_error":0.002715333329890757},"median":{"confidence_interval":{"confidence_level":0.95,"lower_bound":-0.00836368550820732,"upper_bound":0.007926024835938072},"point_estimate":-0.0020685246513981737,"standard_error":0.004189757008328878}}