{"mean":{"confidence_interval":{"confidence_level":0.95,"lower_bound":-0.016268032380063465,"upper_bound":0.028032521781157633},"point_estimate":0.005505035769671318,"standard_error":0.011339874578388233},"median":{"confidence_interval":{"confidence_level":0.95,"lower_bound":-0.009358009225744923,"upper_bound":0.008324637250949563},"point_estimate":-0.0022963565001882236,"standard_error":0.004384887656894554}}