{"mean":{"confidence_interval":{"confidence_level":0.95,"lower_bound":-0.004821313079904281,"upper_bound":0.009305807614727183},"point_estimate":0.0023007857937196174,"standard_error":0.003571037123148421},"median":{"confidence_interval":{"confidence_level":0.95,"lower_bound":-0.00003995422617364408,"upper_bound":0.005299851116572718},"point_estimate":0.0026309761269229792,"standard_error":0.0013449069477176904}}