{"mean":{"confidence_interval":{"confidence_level":0.95,"lower_bound":-0.007914655310810917,"upper_bound":-0.0006171278447029139},"point_estimate":-0.004239818340149193,"standard_error":0.0018540200750095759},"median":{"confidence_interval":{"confidence_level":0.95,"lower_bound":-0.011199733856466665,"upper_bound":0.0025437085351387445},"point_estimate":-0.003968077885938892,"standard_error":0.003535739951006181}}