{"mean":{"confidence_interval":{"confidence_level":0.95,"lower_bound":-0.021892674052701268,"upper_bound":-0.0011841146667582645},"point_estimate":-0.010815821912011359,"standard_error":0.005316388452087717},"median":{"confidence_interval":{"confidence_level":0.95,"lower_bound":-0.00740691647820102,"upper_bound":-0.0008609778505268562},"point_estimate":-0.003832218258921327,"standard_error":0.0017475818864191826}}