{"mean":{"confidence_interval":{"confidence_level":0.95,"lower_bound":-0.029177975154711974,"upper_bound":-0.018453864076978535},"point_estimate":-0.023447487648112886,"standard_error":0.0027339222457184766},"median":{"confidence_interval":{"confidence_level":0.95,"lower_bound":-0.03133984514620214,"upper_bound":-0.013347793250507167},"point_estimate":-0.02233596007783778,"standard_error":0.004593394685493891}}