{"mean":{"confidence_interval":{"confidence_level":0.95,"lower_bound":-0.011895182560181747,"upper_bound":-0.0024235189932308},"point_estimate":-0.007157532141704781,"standard_error":0.0023974638727985824},"median":{"confidence_interval":{"confidence_level":0.95,"lower_bound":-0.015411719268160873,"upper_bound":0.0040187300762837275},"point_estimate":-0.004233334234483466,"standard_error":0.004930684148796421}}