{"mean":{"confidence_interval":{"confidence_level":0.95,"lower_bound":0.0014172557770334392,"upper_bound":0.013187078652103761},"point_estimate":0.007774012800758845,"standard_error":0.0029996665891663236},"median":{"confidence_interval":{"confidence_level":0.95,"lower_bound":-0.0003875091135685431,"upper_bound":0.018856285167641262},"point_estimate":0.010943088121187161,"standard_error":0.0045609021008418274}}