{"mean":{"confidence_interval":{"confidence_level":0.95,"lower_bound":-0.008428242923952793,"upper_bound":-0.0018636040292971257},"point_estimate":-0.005143839587562593,"standard_error":0.0016822386067347585},"median":{"confidence_interval":{"confidence_level":0.95,"lower_bound":-0.010288046682833674,"upper_bound":0.0016815933205343025},"point_estimate":-0.003972512802900896,"standard_error":0.0030527888818912656}}