{"mean":{"confidence_interval":{"confidence_level":0.95,"lower_bound":-0.051865005965426106,"upper_bound":0.020551834400771306},"point_estimate":-0.011020821386173996,"standard_error":0.018756330098144106},"median":{"confidence_interval":{"confidence_level":0.95,"lower_bound":-0.012573591091915248,"upper_bound":0.010972315590258352},"point_estimate":-0.0015268449673203621,"standard_error":0.005941540804534887}}