{"mean":{"confidence_interval":{"confidence_level":0.95,"lower_bound":0.0016561753679329057,"upper_bound":0.06577617424253823},"point_estimate":0.03349183004998091,"standard_error":0.016452876895151698},"median":{"confidence_interval":{"confidence_level":0.95,"lower_bound":-0.0034920130256592685,"upper_bound":0.00855070223024103},"point_estimate":0.0016071292257882064,"standard_error":0.003176653816764609}}