{"mean":{"confidence_interval":{"confidence_level":0.95,"lower_bound":-0.027528880218168735,"upper_bound":-0.02117743625416923},"point_estimate":-0.024461596501373917,"standard_error":0.0016043357598191249},"median":{"confidence_interval":{"confidence_level":0.95,"lower_bound":-0.02718015966140197,"upper_bound":-0.022736513210309284},"point_estimate":-0.025079635515913634,"standard_error":0.001097479422795388}}