{"mean":{"confidence_interval":{"confidence_level":0.95,"lower_bound":-0.016635075990062444,"upper_bound":-0.004681638277708397},"point_estimate":-0.010167010271386112,"standard_error":0.003053725193038218},"median":{"confidence_interval":{"confidence_level":0.95,"lower_bound":-0.01738722864711728,"upper_bound":-0.0049355935672696916},"point_estimate":-0.012264076047552863,"standard_error":0.0031717309521791873}}