{"mean":{"confidence_interval":{"confidence_level":0.95,"lower_bound":-0.01241897847964243,"upper_bound":-0.0010196923410924293},"point_estimate":-0.007050914026898725,"standard_error":0.002903493127944342},"median":{"confidence_interval":{"confidence_level":0.95,"lower_bound":-0.015587431245181471,"upper_bound":-0.0004869049593441144},"point_estimate":-0.008108524620563884,"standard_error":0.003984040169045397}}