{"mean":{"confidence_interval":{"confidence_level":0.95,"lower_bound":0.0034960472999410806,"upper_bound":0.016713251608602615},"point_estimate":0.009990055220836513,"standard_error":0.003343521125205769},"median":{"confidence_interval":{"confidence_level":0.95,"lower_bound":0.00639864117518707,"upper_bound":0.011404586440701081},"point_estimate":0.008877050497039907,"standard_error":0.001278309999166444}}