{"mean":{"confidence_interval":{"confidence_level":0.95,"lower_bound":0.09352206579130985,"upper_bound":0.10343243580778316},"point_estimate":0.09842775858450548,"standard_error":0.00252714080110623},"median":{"confidence_interval":{"confidence_level":0.95,"lower_bound":0.09319359466780575,"upper_bound":0.1121706144185628},"point_estimate":0.10272604409265162,"standard_error":0.005597271818006542}}