{"mean":{"confidence_interval":{"confidence_level":0.95,"lower_bound":0.005306356218117432,"upper_bound":0.014137343464455282},"point_estimate":0.009477641909291679,"standard_error":0.0022452484479251753},"median":{"confidence_interval":{"confidence_level":0.95,"lower_bound":0.0016903255303732934,"upper_bound":0.014770639706590963},"point_estimate":0.009751489342595843,"standard_error":0.003404177671488581}}