{"mean":{"confidence_interval":{"confidence_level":0.95,"lower_bound":-0.01856370863948671,"upper_bound":-0.007345919945545763},"point_estimate":-0.01253172793542201,"standard_error":0.0028647818168796957},"median":{"confidence_interval":{"confidence_level":0.95,"lower_bound":-0.019758126259877547,"upper_bound":-0.004842167935511177},"point_estimate":-0.013495302980036206,"standard_error":0.003848272759953681}}