{"mean":{"confidence_interval":{"confidence_level":0.95,"lower_bound":0.10903244850958836,"upper_bound":0.11609799731614334},"point_estimate":0.11258671233253592,"standard_error":0.0018022334496214049},"median":{"confidence_interval":{"confidence_level":0.95,"lower_bound":0.1082249353571958,"upper_bound":0.12353460463143051},"point_estimate":0.11677021295101886,"standard_error":0.004035453243708736}}