{"mean":{"confidence_interval":{"confidence_level":0.95,"lower_bound":-0.006661518573695946,"upper_bound":0.0033514285323997628},"point_estimate":-0.0016145529710934747,"standard_error":0.0025393096206760145},"median":{"confidence_interval":{"confidence_level":0.95,"lower_bound":-0.005225544134781379,"upper_bound":0.005657002098553132},"point_estimate":0.0016166571570461752,"standard_error":0.0027768559823440598}}