{"mean":{"confidence_interval":{"confidence_level":0.95,"lower_bound":-0.014209934399325412,"upper_bound":0.004729317504813274},"point_estimate":-0.005644731327942187,"standard_error":0.004852289485120004},"median":{"confidence_interval":{"confidence_level":0.95,"lower_bound":-0.006899056777847523,"upper_bound":-0.0024787851522639626},"point_estimate":-0.004970459549000439,"standard_error":0.0011594106319529295}}