{"mean":{"confidence_interval":{"confidence_level":0.95,"lower_bound":-0.06761196497944985,"upper_bound":-0.062033394657105764},"point_estimate":-0.06448720901438432,"standard_error":0.0014362095141247381},"median":{"confidence_interval":{"confidence_level":0.95,"lower_bound":-0.06303138715926992,"upper_bound":-0.061624009199319096},"point_estimate":-0.06240002774724418,"standard_error":0.0003621040164768829}}