{"mean":{"confidence_interval":{"confidence_level":0.95,"lower_bound":-0.0645417421501474,"upper_bound":-0.060312886772132854},"point_estimate":-0.062419126191059715,"standard_error":0.0010834388934954072},"median":{"confidence_interval":{"confidence_level":0.95,"lower_bound":-0.06481958775387064,"upper_bound":-0.05879702274586762},"point_estimate":-0.06179674596497564,"standard_error":0.001528994990484916}}