{"mean":{"confidence_interval":{"confidence_level":0.95,"lower_bound":0.05950712596426344,"upper_bound":0.07228064236628921},"point_estimate":0.06612516362968046,"standard_error":0.003243877211706479},"median":{"confidence_interval":{"confidence_level":0.95,"lower_bound":0.058582746256086615,"upper_bound":0.0735123576206212},"point_estimate":0.06820773310141015,"standard_error":0.003975002563864351}}