{"mean":{"confidence_interval":{"confidence_level":0.95,"lower_bound":0.0790886865996861,"upper_bound":0.09186757290537365},"point_estimate":0.08408891480487135,"standard_error":0.0035274241987107643},"median":{"confidence_interval":{"confidence_level":0.95,"lower_bound":0.07952318902815936,"upper_bound":0.0834747131443947},"point_estimate":0.08078217447446767,"standard_error":0.0010479121119002653}}