{"mean":{"confidence_interval":{"confidence_level":0.95,"lower_bound":-0.026481553715308023,"upper_bound":-0.023154115363062788},"point_estimate":-0.02469524721154215,"standard_error":0.0008459877908700301},"median":{"confidence_interval":{"confidence_level":0.95,"lower_bound":-0.026204317957005507,"upper_bound":-0.0223422435026841},"point_estimate":-0.02414116695369306,"standard_error":0.000984825496001337}}