{"mean":{"confidence_interval":{"confidence_level":0.95,"lower_bound":-0.008835107285328728,"upper_bound":-0.0032474006109240246},"point_estimate":-0.005908417245811259,"standard_error":0.0014221589362334737},"median":{"confidence_interval":{"confidence_level":0.95,"lower_bound":-0.009163286392670002,"upper_bound":-0.003960162306996029},"point_estimate":-0.006203045121624395,"standard_error":0.001299109285911502}}