{"mean":{"confidence_interval":{"confidence_level":0.95,"lower_bound":0.04264711192271224,"upper_bound":0.05530201441706534},"point_estimate":0.049295384958475186,"standard_error":0.0032310296357212277},"median":{"confidence_interval":{"confidence_level":0.95,"lower_bound":0.04381640672306375,"upper_bound":0.05526998203881761},"point_estimate":0.050219352119003524,"standard_error":0.0028799401257952385}}