{"mean":{"confidence_interval":{"confidence_level":0.95,"lower_bound":0.0006838224251872749,"upper_bound":0.007443012686413564},"point_estimate":0.0033685416178792504,"standard_error":0.001663040599216421},"median":{"confidence_interval":{"confidence_level":0.95,"lower_bound":0.00042725402112142596,"upper_bound":0.0024321598024665825},"point_estimate":0.0016779523483336778,"standard_error":0.0005696786633067073}}