{"mean":{"confidence_interval":{"confidence_level":0.95,"lower_bound":-0.029504003769594136,"upper_bound":-0.024790255303183288},"point_estimate":-0.02717323676193728,"standard_error":0.001191283638666917},"median":{"confidence_interval":{"confidence_level":0.95,"lower_bound":-0.03009197914402523,"upper_bound":-0.02499543046939436},"point_estimate":-0.02787737011396696,"standard_error":0.001285054304803599}}