{"mean":{"confidence_interval":{"confidence_level":0.95,"lower_bound":-0.011699993863232434,"upper_bound":-0.007266331686147171},"point_estimate":-0.009526593650652115,"standard_error":0.0011335316484197785},"median":{"confidence_interval":{"confidence_level":0.95,"lower_bound":-0.013791118639840394,"upper_bound":-0.0061413584998712915},"point_estimate":-0.010190000522723563,"standard_error":0.0022066337909803268}}