{"mean":{"confidence_interval":{"confidence_level":0.95,"lower_bound":-0.0004023439534334885,"upper_bound":0.0299320969356802},"point_estimate":0.013385238837425373,"standard_error":0.0076241601848298585},"median":{"confidence_interval":{"confidence_level":0.95,"lower_bound":0.0049346541422881085,"upper_bound":0.006425980118974328},"point_estimate":0.005949271860236971,"standard_error":0.0004100601658771431}}