{"mean":{"confidence_interval":{"confidence_level":0.95,"lower_bound":-0.004425776447958905,"upper_bound":0.008580001957638842},"point_estimate":0.001960221496396297,"standard_error":0.0032770101309082143},"median":{"confidence_interval":{"confidence_level":0.95,"lower_bound":0.002255322196826892,"upper_bound":0.004428292102354847},"point_estimate":0.0033002603854679347,"standard_error":0.0005605331803794415}}