{"mean":{"confidence_interval":{"confidence_level":0.95,"lower_bound":0.04581137206923479,"upper_bound":0.07419106937916004},"point_estimate":0.06198606524595984,"standard_error":0.0073796151887390304},"median":{"confidence_interval":{"confidence_level":0.95,"lower_bound":0.06717051862500115,"upper_bound":0.06917408204366104},"point_estimate":0.06818004056453142,"standard_error":0.0005169317699557355}}