{"mean":{"confidence_interval":{"confidence_level":0.95,"lower_bound":0.01726986629895727,"upper_bound":0.02513391636655849},"point_estimate":0.021266264873787355,"standard_error":0.001989242380266133},"median":{"confidence_interval":{"confidence_level":0.95,"lower_bound":0.019048871134178302,"upper_bound":0.02290497186718432},"point_estimate":0.020776019670754042,"standard_error":0.000994172375894565}}