{"mean":{"confidence_interval":{"confidence_level":0.95,"lower_bound":0.023102976516953214,"upper_bound":0.03670290885281655},"point_estimate":0.029410565272853795,"standard_error":0.0034560834673241767},"median":{"confidence_interval":{"confidence_level":0.95,"lower_bound":0.010342398430905453,"upper_bound":0.023616831824506912},"point_estimate":0.014370162895089633,"standard_error":0.0029946698727916395}}