{"mean":{"confidence_interval":{"confidence_level":0.95,"lower_bound":-0.007899808341865865,"upper_bound":-0.002210255262791429},"point_estimate":-0.004450021699208051,"standard_error":0.0015050560511744374},"median":{"confidence_interval":{"confidence_level":0.95,"lower_bound":-0.0031485650048437286,"upper_bound":-0.0017811255239226788},"point_estimate":-0.0023986613353695896,"standard_error":0.000336280496212046}}