{"mean":{"confidence_interval":{"confidence_level":0.95,"lower_bound":-0.030087261299072344,"upper_bound":-0.02706694831761834},"point_estimate":-0.028499435581526567,"standard_error":0.0007705526953575891},"median":{"confidence_interval":{"confidence_level":0.95,"lower_bound":-0.028301765250129642,"upper_bound":-0.026105576364058858},"point_estimate":-0.02715273576213617,"standard_error":0.0005551225310904737}}