{"mean":{"confidence_interval":{"confidence_level":0.95,"lower_bound":0.024811968012935143,"upper_bound":0.029726068717163257},"point_estimate":0.0272753993823307,"standard_error":0.0012419204199571863},"median":{"confidence_interval":{"confidence_level":0.95,"lower_bound":0.02299693995174747,"upper_bound":0.030082591023214755},"point_estimate":0.02693868852735637,"standard_error":0.0017374973618178226}}