{"mean":{"confidence_interval":{"confidence_level":0.95,"lower_bound":-0.02173209359539436,"upper_bound":-0.0100589895626048},"point_estimate":-0.016116123212537747,"standard_error":0.003001294189502784},"median":{"confidence_interval":{"confidence_level":0.95,"lower_bound":-0.013227285588214316,"upper_bound":-0.0024068115310216243},"point_estimate":-0.007336864922535713,"standard_error":0.002831393918283181}}