{"mean":{"confidence_interval":{"confidence_level":0.95,"lower_bound":0.028741307873687606,"upper_bound":0.03343351901586437},"point_estimate":0.03100544266015337,"standard_error":0.0011960291321666666},"median":{"confidence_interval":{"confidence_level":0.95,"lower_bound":0.02784690531707379,"upper_bound":0.03356307622605126},"point_estimate":0.030105038949089558,"standard_error":0.001415043142906909}}