{"mean":{"confidence_interval":{"confidence_level":0.95,"lower_bound":-0.004322384335065793,"upper_bound":-4.071412905259919e-6},"point_estimate":-0.0020195597705646717,"standard_error":0.001101004228887085},"median":{"confidence_interval":{"confidence_level":0.95,"lower_bound":-0.0016064469394944532,"upper_bound":0.0005403913936525839},"point_estimate":-0.0005815269177991134,"standard_error":0.0005778811709214862}}