{"mean":{"confidence_interval":{"confidence_level":0.95,"lower_bound":0.04761861200652363,"upper_bound":0.05357362769453246},"point_estimate":0.049840607359072475,"standard_error":0.001518943106768679},"median":{"confidence_interval":{"confidence_level":0.95,"lower_bound":0.04721053194546854,"upper_bound":0.048332101099079816},"point_estimate":0.0477951188384087,"standard_error":0.00028003150138233683}}