{"mean":{"confidence_interval":{"confidence_level":0.95,"lower_bound":0.08923661254235404,"upper_bound":0.09494035116740902},"point_estimate":0.09178078634817344,"standard_error":0.001447097270964225},"median":{"confidence_interval":{"confidence_level":0.95,"lower_bound":0.0899909731759061,"upper_bound":0.09190933669565249},"point_estimate":0.09088812765285637,"standard_error":0.000497126533862443}}