{"mean":{"confidence_interval":{"confidence_level":0.95,"lower_bound":0.002492984851710584,"upper_bound":0.01363143887837241},"point_estimate":0.007226101111396321,"standard_error":0.0030991719282251456},"median":{"confidence_interval":{"confidence_level":0.95,"lower_bound":0.0014447251276681339,"upper_bound":0.0033912517960068556},"point_estimate":0.0024520578127193993,"standard_error":0.00045816689089159366}}