{"mean":{"confidence_interval":{"confidence_level":0.95,"lower_bound":0.018934904757711746,"upper_bound":0.02346720163714101},"point_estimate":0.02119302890317032,"standard_error":0.001150475171324709},"median":{"confidence_interval":{"confidence_level":0.95,"lower_bound":0.01932212794409005,"upper_bound":0.025862329327468014},"point_estimate":0.02179417504801129,"standard_error":0.0013594703828283677}}