{"mean":{"confidence_interval":{"confidence_level":0.95,"lower_bound":0.01818162178613958,"upper_bound":0.025042338443833263},"point_estimate":0.021655881871372795,"standard_error":0.0017516058774845835},"median":{"confidence_interval":{"confidence_level":0.95,"lower_bound":0.013349992632111896,"upper_bound":0.022171438365030216},"point_estimate":0.017661952022604677,"standard_error":0.002355808180975401}}