{"mean":{"confidence_interval":{"confidence_level":0.95,"lower_bound":0.002642345276216535,"upper_bound":0.008466725520906054},"point_estimate":0.005599264176421759,"standard_error":0.00148443090637636},"median":{"confidence_interval":{"confidence_level":0.95,"lower_bound":0.002277432046136275,"upper_bound":0.007957035260422352},"point_estimate":0.0046786859284710935,"standard_error":0.0015534865117531845}}