{"mean":{"confidence_interval":{"confidence_level":0.95,"lower_bound":0.00973167767840315,"upper_bound":0.013644283262770562},"point_estimate":0.011682120555196462,"standard_error":0.0010088863562675435},"median":{"confidence_interval":{"confidence_level":0.95,"lower_bound":0.010663361040841535,"upper_bound":0.014683580016775409},"point_estimate":0.012834459615717497,"standard_error":0.0010140754987108668}}