{"mean":{"confidence_interval":{"confidence_level":0.95,"lower_bound":-0.008567412106545673,"upper_bound":0.0013614176429982525},"point_estimate":-0.002400214441930948,"standard_error":0.0027499335958532916},"median":{"confidence_interval":{"confidence_level":0.95,"lower_bound":0.00022668641581780058,"upper_bound":0.0022399504455592467},"point_estimate":0.001278228111207813,"standard_error":0.0005189638905331795}}