{"mean":{"confidence_interval":{"confidence_level":0.95,"lower_bound":0.005255069519239486,"upper_bound":0.0091075291807377},"point_estimate":0.007231701477313557,"standard_error":0.0009952179910146886},"median":{"confidence_interval":{"confidence_level":0.95,"lower_bound":0.004724361520659359,"upper_bound":0.008851819448147058},"point_estimate":0.00674608106771335,"standard_error":0.001078266804999772}}