{"mean":{"confidence_interval":{"confidence_level":0.95,"lower_bound":0.056821372130540615,"upper_bound":0.06436057466316075},"point_estimate":0.06059483027798884,"standard_error":0.0018989934984870978},"median":{"confidence_interval":{"confidence_level":0.95,"lower_bound":0.05769293994848183,"upper_bound":0.06515618924613009},"point_estimate":0.062203037023988994,"standard_error":0.00201606403818521}}