{"mean":{"confidence_interval":{"confidence_level":0.95,"lower_bound":-0.02280496365896589,"upper_bound":-0.015326899534761677},"point_estimate":-0.019116935457341055,"standard_error":0.0019065998487166889},"median":{"confidence_interval":{"confidence_level":0.95,"lower_bound":-0.02312908600482378,"upper_bound":-0.015986490905750352},"point_estimate":-0.018879379265806184,"standard_error":0.0018658404064679614}}