{"mean":{"confidence_interval":{"confidence_level":0.95,"lower_bound":-0.0050550941126776385,"upper_bound":0.0009585171387215256},"point_estimate":-0.001974281775239728,"standard_error":0.0015277327131010471},"median":{"confidence_interval":{"confidence_level":0.95,"lower_bound":-0.004578373706551897,"upper_bound":0.002274571535479719},"point_estimate":-0.0013751633838438027,"standard_error":0.0018213544272735155}}