{"mean":{"confidence_interval":{"confidence_level":0.95,"lower_bound":-0.01971259270670605,"upper_bound":-0.014783331652878557},"point_estimate":-0.017239905696158297,"standard_error":0.0012534811286077515},"median":{"confidence_interval":{"confidence_level":0.95,"lower_bound":-0.020115101821387902,"upper_bound":-0.01435934666948524},"point_estimate":-0.016181248312464258,"standard_error":0.0014371670783145283}}