{"mean":{"confidence_interval":{"confidence_level":0.95,"lower_bound":0.04632693470652477,"upper_bound":0.04906694075514828},"point_estimate":0.047848384625148066,"standard_error":0.0007036711428939564},"median":{"confidence_interval":{"confidence_level":0.95,"lower_bound":0.047734601161337764,"upper_bound":0.049220024410999604},"point_estimate":0.04857551548129657,"standard_error":0.00039219201644476246}}