{"mean":{"confidence_interval":{"confidence_level":0.95,"lower_bound":-0.0045538061490289685,"upper_bound":-0.0004080638316928731},"point_estimate":-0.002286441500534364,"standard_error":0.0010585314266421285},"median":{"confidence_interval":{"confidence_level":0.95,"lower_bound":-0.002781699619493483,"upper_bound":-0.0005934178187856704},"point_estimate":-0.0017926073071113935,"standard_error":0.00055845183874864}}