{"mean":{"confidence_interval":{"confidence_level":0.95,"lower_bound":0.038961092472972456,"upper_bound":0.04474135414064774},"point_estimate":0.04186206599521913,"standard_error":0.0014238414274896952},"median":{"confidence_interval":{"confidence_level":0.95,"lower_bound":0.03650810471176236,"upper_bound":0.046142412343894046},"point_estimate":0.04185704135879953,"standard_error":0.0026004907245635676}}