{"mean":{"confidence_interval":{"confidence_level":0.95,"lower_bound":-0.008887321642442566,"upper_bound":0.001432010859331755},"point_estimate":-0.0034992444228028052,"standard_error":0.0026345877428972553},"median":{"confidence_interval":{"confidence_level":0.95,"lower_bound":-0.005903027337215382,"upper_bound":0.0017573172215701316},"point_estimate":-0.0022479811712803333,"standard_error":0.0020207380855737323}}