{"mean":{"confidence_interval":{"confidence_level":0.95,"lower_bound":-0.08355594356069473,"upper_bound":-0.06990521638267641},"point_estimate":-0.07656668022718605,"standard_error":0.003470899188265757},"median":{"confidence_interval":{"confidence_level":0.95,"lower_bound":-0.08097866198724253,"upper_bound":-0.0692520815557216},"point_estimate":-0.07456335245322454,"standard_error":0.00291086607401327}}