{"mean":{"confidence_interval":{"confidence_level":0.95,"lower_bound":0.010410466033313455,"upper_bound":0.02078067097729204},"point_estimate":0.01555695745714547,"standard_error":0.0026451791932766257},"median":{"confidence_interval":{"confidence_level":0.95,"lower_bound":0.012001521097515289,"upper_bound":0.015589840254648601},"point_estimate":0.013618971092426158,"standard_error":0.0009349301633521311}}