{"mean":{"confidence_interval":{"confidence_level":0.95,"lower_bound":-0.008582917424183845,"upper_bound":-0.0006223742853744966},"point_estimate":-0.004511677060024977,"standard_error":0.0020290393390340637},"median":{"confidence_interval":{"confidence_level":0.95,"lower_bound":-0.007920508422457506,"upper_bound":-0.003250097788113804},"point_estimate":-0.006244645670315574,"standard_error":0.0012357213149305443}}