{"mean":{"confidence_interval":{"confidence_level":0.95,"lower_bound":0.0013126603260932353,"upper_bound":0.006660938960796855},"point_estimate":0.003990979351919055,"standard_error":0.0013688142833447302},"median":{"confidence_interval":{"confidence_level":0.95,"lower_bound":0.00037976841409226303,"upper_bound":0.004156200273389921},"point_estimate":0.0026819659079220237,"standard_error":0.0009671262201090151}}