{"mean":{"confidence_interval":{"confidence_level":0.95,"lower_bound":-0.6465792978661941,"upper_bound":-0.6451256367760205},"point_estimate":-0.6459276794969829,"standard_error":0.0003677297238151157},"median":{"confidence_interval":{"confidence_level":0.95,"lower_bound":-0.646546340555941,"upper_bound":-0.6454914586041725},"point_estimate":-0.6460333244849527,"standard_error":0.0002845782846543082}}