{"mean":{"confidence_interval":{"confidence_level":0.95,"lower_bound":0.12412305117623193,"upper_bound":0.1379149428290574},"point_estimate":0.1311083501797614,"standard_error":0.003516700355945562},"median":{"confidence_interval":{"confidence_level":0.95,"lower_bound":0.12725605709068089,"upper_bound":0.13622652644778488},"point_estimate":0.13253289085357411,"standard_error":0.002275871687757529}}