{"mean":{"confidence_interval":{"confidence_level":0.95,"lower_bound":0.12032317007712418,"upper_bound":0.14785102135884196},"point_estimate":0.1359327391932541,"standard_error":0.007082358627449457},"median":{"confidence_interval":{"confidence_level":0.95,"lower_bound":0.13760112199632002,"upper_bound":0.14167855199798796},"point_estimate":0.13889227783522817,"standard_error":0.0010569338758357626}}