{"mean":{"confidence_interval":{"confidence_level":0.95,"lower_bound":-0.04168891801055231,"upper_bound":-0.016721023736413293},"point_estimate":-0.030824657741124084,"standard_error":0.006403990519229398},"median":{"confidence_interval":{"confidence_level":0.95,"lower_bound":-0.028494480139586664,"upper_bound":-0.02504039331643315},"point_estimate":-0.027236471298569764,"standard_error":0.0009090781344597819}}