{"mean":{"confidence_interval":{"confidence_level":0.95,"lower_bound":0.0041633747416274635,"upper_bound":0.041289103214002365},"point_estimate":0.017113936471542468,"standard_error":0.009758229414638437},"median":{"confidence_interval":{"confidence_level":0.95,"lower_bound":0.001862652283632693,"upper_bound":0.00580656323961846},"point_estimate":0.0036202765512929336,"standard_error":0.0010077242911675475}}