{"mean":{"confidence_interval":{"confidence_level":0.95,"lower_bound":0.0007602589618178005,"upper_bound":0.013212933183502149},"point_estimate":0.006447517993397822,"standard_error":0.0031775395215460286},"median":{"confidence_interval":{"confidence_level":0.95,"lower_bound":0.0008511893160514372,"upper_bound":0.003851893331834111},"point_estimate":0.0023997778486304355,"standard_error":0.0007782439296608603}}