{"mean":{"confidence_interval":{"confidence_level":0.95,"lower_bound":-0.0010512447537019297,"upper_bound":0.011923354938739576},"point_estimate":0.005794213175678298,"standard_error":0.003270004385757017},"median":{"confidence_interval":{"confidence_level":0.95,"lower_bound":0.0020763685168061485,"upper_bound":0.0067626913044323},"point_estimate":0.004546650308935973,"standard_error":0.0012682901711702575}}