{"mean":{"confidence_interval":{"confidence_level":0.95,"lower_bound":0.0006557512774915458,"upper_bound":0.007005052791397895},"point_estimate":0.003890990296702368,"standard_error":0.001621383973001729},"median":{"confidence_interval":{"confidence_level":0.95,"lower_bound":0.002067278786453297,"upper_bound":0.006253007007139377},"point_estimate":0.004495412303474611,"standard_error":0.0011215595004452085}}