{"mean":{"confidence_interval":{"confidence_level":0.95,"lower_bound":-0.14236598592127572,"upper_bound":-0.13686539288357172},"point_estimate":-0.1397154305500493,"standard_error":0.001397057721974453},"median":{"confidence_interval":{"confidence_level":0.95,"lower_bound":-0.14252655754422472,"upper_bound":-0.13833204660501908},"point_estimate":-0.1411438920155197,"standard_error":0.0010492748605886381}}