{"mean":{"confidence_interval":{"confidence_level":0.95,"lower_bound":-0.01786464622697441,"upper_bound":0.010388998906911168},"point_estimate":-0.004636866695653552,"standard_error":0.007218292838700721},"median":{"confidence_interval":{"confidence_level":0.95,"lower_bound":-0.006089617623133916,"upper_bound":-0.002686323255215508},"point_estimate":-0.004605627352675334,"standard_error":0.0009115534701691023}}