{"mean":{"confidence_interval":{"confidence_level":0.95,"lower_bound":-0.03562662627624065,"upper_bound":-0.028507215779582866},"point_estimate":-0.03133980716276097,"standard_error":0.0018807358936734134},"median":{"confidence_interval":{"confidence_level":0.95,"lower_bound":-0.030152521337246774,"upper_bound":-0.027955014230933384},"point_estimate":-0.02898117420619528,"standard_error":0.0005481881392305032}}