{"mean":{"confidence_interval":{"confidence_level":0.95,"lower_bound":-0.0018481612165202577,"upper_bound":0.005023077249557336},"point_estimate":0.0016152691441142508,"standard_error":0.0017470028510395209},"median":{"confidence_interval":{"confidence_level":0.95,"lower_bound":0.0008206113009114489,"upper_bound":0.0044479578978724454},"point_estimate":0.002270306486001905,"standard_error":0.0009615620968701791}}