{"mean":{"confidence_interval":{"confidence_level":0.95,"lower_bound":-0.0044638158632280675,"upper_bound":0.0017837893942487795},"point_estimate":-0.0011931178973269008,"standard_error":0.0015920201292258707},"median":{"confidence_interval":{"confidence_level":0.95,"lower_bound":-0.0019961062612465774,"upper_bound":0.0018141831291373922},"point_estimate":0.0003045955016669488,"standard_error":0.0009733592558771034}}