{"mean":{"confidence_interval":{"confidence_level":0.95,"lower_bound":-0.04180560117341699,"upper_bound":-0.002663012672937171},"point_estimate":-0.017486413162782544,"standard_error":0.010990991530002162},"median":{"confidence_interval":{"confidence_level":0.95,"lower_bound":-0.008396730764007265,"upper_bound":-0.004713764727786696},"point_estimate":-0.00625942204722052,"standard_error":0.0009480506915294148}}