{"mean":{"confidence_interval":{"confidence_level":0.95,"lower_bound":-0.020144898700367637,"upper_bound":0.003342995843701255},"point_estimate":-0.006522668375921081,"standard_error":0.006135476767967475},"median":{"confidence_interval":{"confidence_level":0.95,"lower_bound":-0.000925545962118135,"upper_bound":0.004161259498786102},"point_estimate":0.0018821638041233157,"standard_error":0.001296989048095411}}