{"mean":{"confidence_interval":{"confidence_level":0.95,"lower_bound":-0.005828374775339478,"upper_bound":0.06097718539362182},"point_estimate":0.017909139023833953,"standard_error":0.017631074235920956},"median":{"confidence_interval":{"confidence_level":0.95,"lower_bound":-0.012464500302012405,"upper_bound":-0.0020296631972815393},"point_estimate":-0.007012612377764071,"standard_error":0.002623236427189992}}