{"mean":{"confidence_interval":{"confidence_level":0.95,"lower_bound":-0.004950284508713895,"upper_bound":0.01367198495596392},"point_estimate":0.00448971766738504,"standard_error":0.004763216583068254},"median":{"confidence_interval":{"confidence_level":0.95,"lower_bound":0.004350568057617917,"upper_bound":0.011839024276968368},"point_estimate":0.007362401063459423,"standard_error":0.0017911462021399228}}