{"mean":{"confidence_interval":{"confidence_level":0.95,"lower_bound":0.07754359764202003,"upper_bound":0.09360074348505094},"point_estimate":0.08599359860029598,"standard_error":0.0040510656546105805},"median":{"confidence_interval":{"confidence_level":0.95,"lower_bound":0.07711854074687086,"upper_bound":0.08561283378419349},"point_estimate":0.08198016238788663,"standard_error":0.0021066934138619297}}