{"mean":{"confidence_interval":{"confidence_level":0.95,"lower_bound":-0.15153998630720275,"upper_bound":-0.13953749873232202},"point_estimate":-0.14564482331538997,"standard_error":0.0030562447817807604},"median":{"confidence_interval":{"confidence_level":0.95,"lower_bound":-0.1597596603115452,"upper_bound":-0.14816275687262248},"point_estimate":-0.15357852316539355,"standard_error":0.0030003782367142473}}