{"mean":{"confidence_interval":{"confidence_level":0.95,"lower_bound":0.005056747716145329,"upper_bound":0.03209028708652099},"point_estimate":0.015623795717236488,"standard_error":0.006996254337407052},"median":{"confidence_interval":{"confidence_level":0.95,"lower_bound":0.008204462514482591,"upper_bound":0.010821897223684332},"point_estimate":0.009453295960125896,"standard_error":0.0006198005734363408}}