{"mean":{"confidence_interval":{"confidence_level":0.95,"lower_bound":-0.018250596851684567,"upper_bound":0.006796631015435594},"point_estimate":-0.004070548794090301,"standard_error":0.00643812969525114},"median":{"confidence_interval":{"confidence_level":0.95,"lower_bound":-0.003927797123188581,"upper_bound":0.003210887446608579},"point_estimate":0.00011351459215958037,"standard_error":0.0018327512678020794}}