{"mean":{"confidence_interval":{"confidence_level":0.95,"lower_bound":-0.008202040440792887,"upper_bound":0.002082962405899701},"point_estimate":-0.0025598004683903275,"standard_error":0.002638273449575044},"median":{"confidence_interval":{"confidence_level":0.95,"lower_bound":-0.001775560846432378,"upper_bound":0.001725116979262851},"point_estimate":0.00005901413472519934,"standard_error":0.0008650133429363861}}