{"mean":{"confidence_interval":{"confidence_level":0.95,"lower_bound":0.12243260879653894,"upper_bound":0.1317419183269604},"point_estimate":0.12731325637563207,"standard_error":0.002359952921479997},"median":{"confidence_interval":{"confidence_level":0.95,"lower_bound":0.12548171631276084,"upper_bound":0.1278244091819538},"point_estimate":0.12638664829382473,"standard_error":0.0005936031825702092}}