{"mean":{"confidence_interval":{"confidence_level":0.95,"lower_bound":-0.021631508011176175,"upper_bound":-0.0014502205079903615},"point_estimate":-0.009497381610209632,"standard_error":0.005391635683705666},"median":{"confidence_interval":{"confidence_level":0.95,"lower_bound":-0.00947973287964099,"upper_bound":-0.005943759183669073},"point_estimate":-0.00779664242288336,"standard_error":0.0008921381121040928}}