{"mean":{"confidence_interval":{"confidence_level":0.95,"lower_bound":-0.011333218585855103,"upper_bound":-0.0028395707832305425},"point_estimate":-0.007080427304650416,"standard_error":0.002158256353765654},"median":{"confidence_interval":{"confidence_level":0.95,"lower_bound":-0.010326488940040957,"upper_bound":-0.00657895440462819},"point_estimate":-0.008001291408923694,"standard_error":0.0009509214200559161}}