{"mean":{"confidence_interval":{"confidence_level":0.95,"lower_bound":-0.0016228944082090652,"upper_bound":0.005177860500432895},"point_estimate":0.002135895921224984,"standard_error":0.0017429715408095617},"median":{"confidence_interval":{"confidence_level":0.95,"lower_bound":0.001890687358310883,"upper_bound":0.005785892954057292},"point_estimate":0.003957235568908146,"standard_error":0.001025450581502808}}