{"mean":{"confidence_interval":{"confidence_level":0.95,"lower_bound":-0.012003934453972406,"upper_bound":0.013730963611601274},"point_estimate":-0.00012384979514135086,"standard_error":0.006461338326343616},"median":{"confidence_interval":{"confidence_level":0.95,"lower_bound":-0.007560402270076483,"upper_bound":-0.004903497128636252},"point_estimate":-0.006203923402335221,"standard_error":0.0006750925440550158}}