{"mean":{"confidence_interval":{"confidence_level":0.95,"lower_bound":-0.006528678261579377,"upper_bound":0.004987568412136355},"point_estimate":-0.0002694024560523367,"standard_error":0.002944188706073792},"median":{"confidence_interval":{"confidence_level":0.95,"lower_bound":0.0000815177826605229,"upper_bound":0.004493403962404274},"point_estimate":0.0024526018396984206,"standard_error":0.0011635852072737107}}