{"mean":{"confidence_interval":{"confidence_level":0.95,"lower_bound":-0.01076506815436566,"upper_bound":-0.001529417147487065},"point_estimate":-0.006056638310123708,"standard_error":0.0023562342327307834},"median":{"confidence_interval":{"confidence_level":0.95,"lower_bound":-0.011598526924557762,"upper_bound":-0.0035637980580530693},"point_estimate":-0.007498185314721795,"standard_error":0.0020195497737296275}}