{"mean":{"confidence_interval":{"confidence_level":0.95,"lower_bound":-0.021304428951951285,"upper_bound":-0.003856276361861941},"point_estimate":-0.01163714265000193,"standard_error":0.004514764730969863},"median":{"confidence_interval":{"confidence_level":0.95,"lower_bound":-0.006459042641288086,"upper_bound":-0.0016063774008865384},"point_estimate":-0.003384412867277309,"standard_error":0.001256972728831352}}