{"mean":{"confidence_interval":{"confidence_level":0.95,"lower_bound":-0.006260558531718105,"upper_bound":0.005565784560495151},"point_estimate":-0.0008585555950705315,"standard_error":0.0030474959158773816},"median":{"confidence_interval":{"confidence_level":0.95,"lower_bound":-0.0032422281147761467,"upper_bound":0.00301551070218663},"point_estimate":-0.0006722660744288289,"standard_error":0.001637668053466663}}