{"mean":{"confidence_interval":{"confidence_level":0.95,"lower_bound":0.017714579273780486,"upper_bound":0.027621384454151687},"point_estimate":0.02270638648114609,"standard_error":0.0025057671423738713},"median":{"confidence_interval":{"confidence_level":0.95,"lower_bound":0.017451088848640106,"upper_bound":0.025633182944751632},"point_estimate":0.020924568386709197,"standard_error":0.0020980484531812013}}