{"mean":{"confidence_interval":{"confidence_level":0.95,"lower_bound":-0.002529542757160345,"upper_bound":0.012321384113266436},"point_estimate":0.003653974952568806,"standard_error":0.003730862879696586},"median":{"confidence_interval":{"confidence_level":0.95,"lower_bound":0.001091657868180551,"upper_bound":0.004179112155976883},"point_estimate":0.0028023259663640943,"standard_error":0.0007342134886162224}}