{"mean":{"confidence_interval":{"confidence_level":0.95,"lower_bound":-0.009607839234888588,"upper_bound":0.0036517378256530546},"point_estimate":-0.0036810013119453755,"standard_error":0.0033660252379765056},"median":{"confidence_interval":{"confidence_level":0.95,"lower_bound":-0.005676707739894704,"upper_bound":0.0003881877180507143},"point_estimate":-0.0026124761123103024,"standard_error":0.001588821769746973}}