{"mean":{"confidence_interval":{"confidence_level":0.95,"lower_bound":-0.5609490335632751,"upper_bound":-0.5536773401029986},"point_estimate":-0.5575294903318865,"standard_error":0.0018405740245312516},"median":{"confidence_interval":{"confidence_level":0.95,"lower_bound":-0.5596946472048401,"upper_bound":-0.5575403733282742},"point_estimate":-0.5585238883463491,"standard_error":0.0005599414282248464}}