{"mean":{"confidence_interval":{"confidence_level":0.95,"lower_bound":-0.016418759373627037,"upper_bound":0.0012213946797644572},"point_estimate":-0.006440357619406423,"standard_error":0.00456810267269045},"median":{"confidence_interval":{"confidence_level":0.95,"lower_bound":-0.002048791577992648,"upper_bound":0.0015866407995299703},"point_estimate":-0.00022476399808601943,"standard_error":0.0009193802323920878}}