{"mean":{"confidence_interval":{"confidence_level":0.95,"lower_bound":0.0017996896760042237,"upper_bound":0.00854483071360289},"point_estimate":0.005201691073254855,"standard_error":0.0017255851416604847},"median":{"confidence_interval":{"confidence_level":0.95,"lower_bound":0.0019254561129122827,"upper_bound":0.007183127209258844},"point_estimate":0.004713423150206175,"standard_error":0.001352908636088743}}