{"mean":{"confidence_interval":{"confidence_level":0.95,"lower_bound":0.027571408835600004,"upper_bound":0.03824780420641872},"point_estimate":0.03183540851607347,"standard_error":0.0027458298280042303},"median":{"confidence_interval":{"confidence_level":0.95,"lower_bound":0.026060494448091998,"upper_bound":0.03004387304797551},"point_estimate":0.027643842690622256,"standard_error":0.0010184664544674292}}