{"mean":{"confidence_interval":{"confidence_level":0.95,"lower_bound":-0.6183363578118165,"upper_bound":-0.6126253189228036},"point_estimate":-0.6154321477329623,"standard_error":0.0014380384124771317},"median":{"confidence_interval":{"confidence_level":0.95,"lower_bound":-0.620595591535642,"upper_bound":-0.6192754405239236},"point_estimate":-0.6199064000364061,"standard_error":0.0003483312934556285}}