{"mean":{"confidence_interval":{"confidence_level":0.95,"lower_bound":-0.013447422013836311,"upper_bound":-0.001409276547760855},"point_estimate":-0.007607854721906837,"standard_error":0.0030699137487293204},"median":{"confidence_interval":{"confidence_level":0.95,"lower_bound":-0.010973542920892294,"upper_bound":-0.0006062478604289545},"point_estimate":-0.006038676143537924,"standard_error":0.002875489473267087}}