{"mean":{"confidence_interval":{"confidence_level":0.95,"lower_bound":2.1098267005217455,"upper_bound":2.122907638931438},"point_estimate":2.1165738688317886,"standard_error":0.0033470029930792525},"median":{"confidence_interval":{"confidence_level":0.95,"lower_bound":2.1189038016114536,"upper_bound":2.126562029499618},"point_estimate":2.1226880913435493,"standard_error":0.002082030892991827}}