{"mean":{"confidence_interval":{"confidence_level":0.95,"lower_bound":0.0022291062792518758,"upper_bound":0.012321778481063772},"point_estimate":0.007390903357066048,"standard_error":0.0025604471615257676},"median":{"confidence_interval":{"confidence_level":0.95,"lower_bound":0.0031202889539014844,"upper_bound":0.008050851427157335},"point_estimate":0.0055298959442453555,"standard_error":0.0013543754710319403}}