{"mean":{"confidence_interval":{"confidence_level":0.95,"lower_bound":-0.001106751878984318,"upper_bound":0.006028660702885097},"point_estimate":0.002362911212022034,"standard_error":0.0018222506796457959},"median":{"confidence_interval":{"confidence_level":0.95,"lower_bound":-0.0006758651254888948,"upper_bound":0.004429713117895536},"point_estimate":0.0017641230380585071,"standard_error":0.0012741761192885197}}