{"mean":{"confidence_interval":{"confidence_level":0.95,"lower_bound":-0.11101725617807384,"upper_bound":-0.09607357675739295},"point_estimate":-0.104938228563624,"standard_error":0.003868376010747002},"median":{"confidence_interval":{"confidence_level":0.95,"lower_bound":-0.1145888927944424,"upper_bound":-0.10941834984995569},"point_estimate":-0.11212198993275735,"standard_error":0.0014748375264559623}}