{"mean":{"confidence_interval":{"confidence_level":0.95,"lower_bound":-0.0021180833560638787,"upper_bound":0.002428341497190778},"point_estimate":0.00037910388802453454,"standard_error":0.0011579161416243977},"median":{"confidence_interval":{"confidence_level":0.95,"lower_bound":-0.001067472899675792,"upper_bound":0.002462548194836409},"point_estimate":0.0008200629855923403,"standard_error":0.0009151321004630256}}