{"mean":{"confidence_interval":{"confidence_level":0.95,"lower_bound":-0.00856501526117506,"upper_bound":-0.00023848533337609046},"point_estimate":-0.004203717007304819,"standard_error":0.0021146484943157908},"median":{"confidence_interval":{"confidence_level":0.95,"lower_bound":-0.0046233301175008235,"upper_bound":-0.001869963709147826},"point_estimate":-0.003050874940247583,"standard_error":0.0006994322489564838}}