{"mean":{"confidence_interval":{"confidence_level":0.95,"lower_bound":8408242.392125001,"upper_bound":8465470.351874998},"point_estimate":8437930.593333332,"standard_error":14648.228738337604},"median":{"confidence_interval":{"confidence_level":0.95,"lower_bound":8427927.083333334,"upper_bound":8485606.833333334},"point_estimate":8457341.083333332,"standard_error":15958.534550425235},"median_abs_dev":{"confidence_interval":{"confidence_level":0.95,"lower_bound":80900.53856372742,"upper_bound":139593.8020729668},"point_estimate":108555.59942275562,"standard_error":15239.57835330678},"slope":null,"std_dev":{"confidence_interval":{"confidence_level":0.95,"lower_bound":113686.05267997192,"upper_bound":179905.23168951218},"point_estimate":147901.14536958982,"standard_error":16975.806854126873}}