{"mean":{"confidence_interval":{"confidence_level":0.95,"lower_bound":7535077.388214285,"upper_bound":7563138.892928568},"point_estimate":7548257.925714285,"standard_error":7151.815230518214},"median":{"confidence_interval":{"confidence_level":0.95,"lower_bound":7518127.357142857,"upper_bound":7544432.857142857},"point_estimate":7532425.928571429,"standard_error":7154.050743003145},"median_abs_dev":{"confidence_interval":{"confidence_level":0.95,"lower_bound":36864.00114553394,"upper_bound":64040.05601556055},"point_estimate":51098.549392820096,"standard_error":6634.43196528316},"slope":null,"std_dev":{"confidence_interval":{"confidence_level":0.95,"lower_bound":47798.8155292121,"upper_bound":93810.71718959542},"point_estimate":71406.63250518798,"standard_error":11928.988042060539}}