{"mean":{"confidence_interval":{"confidence_level":0.95,"lower_bound":13129870.71,"upper_bound":13175039.6175},"point_estimate":13152002.2175,"standard_error":11585.194258448706},"median":{"confidence_interval":{"confidence_level":0.95,"lower_bound":13102338.0,"upper_bound":13155578.0},"point_estimate":13134551.625,"standard_error":14152.509419573118},"median_abs_dev":{"confidence_interval":{"confidence_level":0.95,"lower_bound":68700.71758031845,"upper_bound":121890.84488600492},"point_estimate":89571.27740979195,"standard_error":14143.380316394076},"slope":null,"std_dev":{"confidence_interval":{"confidence_level":0.95,"lower_bound":97570.94600930631,"upper_bound":133674.90372896683},"point_estimate":117294.2036645409,"standard_error":9171.518441217935}}