{"mean":{"confidence_interval":{"confidence_level":0.95,"lower_bound":7081779.909999998,"upper_bound":7157063.068571431},"point_estimate":7118449.737142857,"standard_error":19166.181096597764},"median":{"confidence_interval":{"confidence_level":0.95,"lower_bound":7038346.142857143,"upper_bound":7094748.714285715},"point_estimate":7064824.857142857,"standard_error":14680.667645900781},"median_abs_dev":{"confidence_interval":{"confidence_level":0.95,"lower_bound":120245.10596522303,"upper_bound":197690.93949028463},"point_estimate":157342.61660660995,"standard_error":19556.13547384281},"slope":null,"std_dev":{"confidence_interval":{"confidence_level":0.95,"lower_bound":161395.642585191,"upper_bound":219898.25613975117},"point_estimate":192844.55147023313,"standard_error":14920.085957411553}}