{"mean":{"confidence_interval":{"confidence_level":0.95,"lower_bound":6743357.46678125,"upper_bound":6811232.9227812495},"point_estimate":6776413.37375,"standard_error":17264.602866794095},"median":{"confidence_interval":{"confidence_level":0.95,"lower_bound":6713076.25,"upper_bound":6789008.125},"point_estimate":6745518.0625,"standard_error":16918.798974209785},"median_abs_dev":{"confidence_interval":{"confidence_level":0.95,"lower_bound":122288.15156363884,"upper_bound":201129.69775423408},"point_estimate":161957.55319967866,"standard_error":20139.770412746053},"slope":null,"std_dev":{"confidence_interval":{"confidence_level":0.95,"lower_bound":138074.21712610644,"upper_bound":212443.40722766652},"point_estimate":172816.840655828,"standard_error":19604.01937892054}}