{"mean":{"confidence_interval":{"confidence_level":0.95,"lower_bound":8176449.202857141,"upper_bound":8226134.878571428},"point_estimate":8201208.461428573,"standard_error":12676.786910201225},"median":{"confidence_interval":{"confidence_level":0.95,"lower_bound":8153948.714285715,"upper_bound":8222402.5},"point_estimate":8193703.857142856,"standard_error":17839.5287491003},"median_abs_dev":{"confidence_interval":{"confidence_level":0.95,"lower_bound":106243.96131379185,"upper_bound":166392.67689093988},"point_estimate":133144.8906362043,"standard_error":15200.226758640323},"slope":null,"std_dev":{"confidence_interval":{"confidence_level":0.95,"lower_bound":112787.90986278956,"upper_bound":141196.6838514083},"point_estimate":128014.03249142358,"standard_error":7246.950143632791}}