{"mean":{"confidence_interval":{"confidence_level":0.95,"lower_bound":8225560.718571427,"upper_bound":8308923.657571433},"point_estimate":8266703.164285714,"standard_error":21229.57526217771},"median":{"confidence_interval":{"confidence_level":0.95,"lower_bound":8178390.214285715,"upper_bound":8254620.714285715},"point_estimate":8204585.714285715,"standard_error":18472.53125936345},"median_abs_dev":{"confidence_interval":{"confidence_level":0.95,"lower_bound":132448.59814856615,"upper_bound":250622.82965055495},"point_estimate":176037.8845747029,"standard_error":30802.490573663137},"slope":null,"std_dev":{"confidence_interval":{"confidence_level":0.95,"lower_bound":186360.35289579956,"upper_bound":236461.3293623735},"point_estimate":213733.95858321188,"standard_error":12792.429632660342}}