{"mean":{"confidence_interval":{"confidence_level":0.95,"lower_bound":7531692.131428573,"upper_bound":7654814.391392859},"point_estimate":7594334.568571432,"standard_error":31447.72125580701},"median":{"confidence_interval":{"confidence_level":0.95,"lower_bound":7564979.857142857,"upper_bound":7702640.0},"point_estimate":7626146.714285715,"standard_error":33095.53346665974},"median_abs_dev":{"confidence_interval":{"confidence_level":0.95,"lower_bound":266968.49436036206,"upper_bound":413666.57265594986},"point_estimate":351142.2606659784,"standard_error":37296.32047135011},"slope":null,"std_dev":{"confidence_interval":{"confidence_level":0.95,"lower_bound":269325.2771063234,"upper_bound":356578.8199357038},"point_estimate":315919.8669342018,"standard_error":22225.429354209253}}