{"mean":{"confidence_interval":{"confidence_level":0.95,"lower_bound":8743599.183333334,"upper_bound":8779948.346874997},"point_estimate":8760965.166666668,"standard_error":9293.039425475241},"median":{"confidence_interval":{"confidence_level":0.95,"lower_bound":8726686.5,"upper_bound":8761369.666666666},"point_estimate":8738167.083333332,"standard_error":7320.952663830102},"median_abs_dev":{"confidence_interval":{"confidence_level":0.95,"lower_bound":57828.07067334652,"upper_bound":88233.35448354298},"point_estimate":75067.12541729165,"standard_error":7704.471011183911},"slope":null,"std_dev":{"confidence_interval":{"confidence_level":0.95,"lower_bound":70651.01412379327,"upper_bound":115693.1845839831},"point_estimate":93557.24182778758,"standard_error":11591.634549154614}}