{"mean":{"confidence_interval":{"confidence_level":0.95,"lower_bound":13123934.8015,"upper_bound":13169493.716937501},"point_estimate":13146343.3025,"standard_error":11607.605114847365},"median":{"confidence_interval":{"confidence_level":0.95,"lower_bound":13110040.5,"upper_bound":13184543.75},"point_estimate":13154289.75,"standard_error":20105.13946090238},"median_abs_dev":{"confidence_interval":{"confidence_level":0.95,"lower_bound":88653.86771170424,"upper_bound":137651.99455618858},"point_estimate":120114.69011753798,"standard_error":12363.57063006619},"slope":null,"std_dev":{"confidence_interval":{"confidence_level":0.95,"lower_bound":97761.66750641876,"upper_bound":134861.28493851583},"point_estimate":116978.4884986591,"standard_error":9507.445908935726}}