{"mean":{"confidence_interval":{"confidence_level":0.95,"lower_bound":7798187.532642857,"upper_bound":7807773.79625},"point_estimate":7802594.714285718,"standard_error":2444.308483471573},"median":{"confidence_interval":{"confidence_level":0.95,"lower_bound":7795195.071428571,"upper_bound":7801319.285714285},"point_estimate":7797773.285714285,"standard_error":1604.5056317636788},"median_abs_dev":{"confidence_interval":{"confidence_level":0.95,"lower_bound":11592.131494198822,"upper_bound":19774.812548927686},"point_estimate":15872.715318203664,"standard_error":1953.20136618794},"slope":null,"std_dev":{"confidence_interval":{"confidence_level":0.95,"lower_bound":14423.726492655536,"upper_bound":33511.96621969389},"point_estimate":24527.758924672118,"standard_error":4888.08638178968}}