{"mean":{"confidence_interval":{"confidence_level":0.95,"lower_bound":6561814.57465625,"upper_bound":6611549.49740625},"point_estimate":6582360.3875,"standard_error":12923.011545304855},"median":{"confidence_interval":{"confidence_level":0.95,"lower_bound":6551774.625,"upper_bound":6566632.8125},"point_estimate":6557470.8125,"standard_error":4537.50680971493},"median_abs_dev":{"confidence_interval":{"confidence_level":0.95,"lower_bound":24449.18551594019,"upper_bound":39509.065398573875},"point_estimate":32766.293380782008,"standard_error":3618.6129520147088},"slope":null,"std_dev":{"confidence_interval":{"confidence_level":0.95,"lower_bound":36991.670915805866,"upper_bound":205122.34032781576},"point_estimate":129305.89239876578,"standard_error":46538.291609187865}}