{"mean":{"confidence_interval":{"confidence_level":0.95,"lower_bound":7191832.402857145,"upper_bound":7244683.173357146},"point_estimate":7216719.731428569,"standard_error":13394.127979401579},"median":{"confidence_interval":{"confidence_level":0.95,"lower_bound":7183703.928571429,"upper_bound":7225327.714285715},"point_estimate":7204312.785714285,"standard_error":11913.308441388102},"median_abs_dev":{"confidence_interval":{"confidence_level":0.95,"lower_bound":73544.9011943172,"upper_bound":119597.8398817128},"point_estimate":101906.29739080176,"standard_error":12127.473276284541},"slope":null,"std_dev":{"confidence_interval":{"confidence_level":0.95,"lower_bound":93294.51455233361,"upper_bound":184386.8205841662},"point_estimate":135087.0401883505,"standard_error":25582.193063516734}}