{"mean":{"confidence_interval":{"confidence_level":0.95,"lower_bound":8848956.193333333,"upper_bound":8946171.586666672},"point_estimate":8894130.546666665,"standard_error":24859.737322284727},"median":{"confidence_interval":{"confidence_level":0.95,"lower_bound":8761004.666666666,"upper_bound":8911077.166666668},"point_estimate":8846111.75,"standard_error":34540.69030370054},"median_abs_dev":{"confidence_interval":{"confidence_level":0.95,"lower_bound":133404.96338158753,"upper_bound":255756.96481190322},"point_estimate":185207.37711191084,"standard_error":30266.102545217007},"slope":null,"std_dev":{"confidence_interval":{"confidence_level":0.95,"lower_bound":170040.06888583855,"upper_bound":344662.9022574011},"point_estimate":250085.68450004238,"standard_error":51486.43918748494}}