{"mean":{"confidence_interval":{"confidence_level":0.95,"lower_bound":6692595.54746875,"upper_bound":6820459.304249999},"point_estimate":6746068.01375,"standard_error":33171.966877603336},"median":{"confidence_interval":{"confidence_level":0.95,"lower_bound":6641905.875,"upper_bound":6712846.375},"point_estimate":6678929.8125,"standard_error":17522.68875535246},"median_abs_dev":{"confidence_interval":{"confidence_level":0.95,"lower_bound":89201.09072886407,"upper_bound":156199.5982144028},"point_estimate":115676.43443383276,"standard_error":17612.535905434313},"slope":null,"std_dev":{"confidence_interval":{"confidence_level":0.95,"lower_bound":134848.66297983672,"upper_bound":524905.1343801285},"point_estimate":333395.926510561,"standard_error":121089.0764177771}}