{"mean":{"confidence_interval":{"confidence_level":0.95,"lower_bound":8494742.53929167,"upper_bound":8519810.610250002},"point_estimate":8504839.353333332,"standard_error":6564.566504621264},"median":{"confidence_interval":{"confidence_level":0.95,"lower_bound":8484790.0,"upper_bound":8495068.25},"point_estimate":8491951.416666666,"standard_error":2731.2588129136934},"median_abs_dev":{"confidence_interval":{"confidence_level":0.95,"lower_bound":13219.355565310445,"upper_bound":23666.86692982866},"point_estimate":20139.885142444644,"standard_error":2898.932314245603},"slope":null,"std_dev":{"confidence_interval":{"confidence_level":0.95,"lower_bound":24167.520473921213,"upper_bound":105779.5361445463},"point_estimate":65768.31331615048,"standard_error":26669.855165553057}}