{"mean":{"confidence_interval":{"confidence_level":0.95,"lower_bound":8492754.917458339,"upper_bound":8510772.670291666},"point_estimate":8500502.725,"standard_error":4627.236441919359},"median":{"confidence_interval":{"confidence_level":0.95,"lower_bound":8487789.166666668,"upper_bound":8494170.333333334},"point_estimate":8491280.75,"standard_error":1753.359463694211},"median_abs_dev":{"confidence_interval":{"confidence_level":0.95,"lower_bound":12212.175983190536,"upper_bound":23087.788090108443},"point_estimate":16576.826755702958,"standard_error":2587.1686111997737},"slope":null,"std_dev":{"confidence_interval":{"confidence_level":0.95,"lower_bound":18897.001801752118,"upper_bound":71355.51100097045},"point_estimate":46348.19935413432,"standard_error":14574.539767474136}}