{"mean":{"confidence_interval":{"confidence_level":0.95,"lower_bound":8853160.906666668,"upper_bound":8893086.419999996},"point_estimate":8872354.37166667,"standard_error":10156.898222585527},"median":{"confidence_interval":{"confidence_level":0.95,"lower_bound":8839521.916666668,"upper_bound":8873174.083333334},"point_estimate":8857298.916666668,"standard_error":8801.27218888612},"median_abs_dev":{"confidence_interval":{"confidence_level":0.95,"lower_bound":46681.51342123747,"upper_bound":85669.3213790646},"point_estimate":64043.994612992734,"standard_error":9689.830530423265},"slope":null,"std_dev":{"confidence_interval":{"confidence_level":0.95,"lower_bound":74942.4832283148,"upper_bound":131213.66343676517},"point_estimate":102312.35911939046,"standard_error":14748.334026947981}}