{"mean":{"confidence_interval":{"confidence_level":0.95,"lower_bound":15957888.4638125,"upper_bound":15986965.561125001},"point_estimate":15970667.1325,"standard_error":7466.194942989763},"median":{"confidence_interval":{"confidence_level":0.95,"lower_bound":15945401.25,"upper_bound":15956125.0},"point_estimate":15949566.625,"standard_error":2495.990121780198},"median_abs_dev":{"confidence_interval":{"confidence_level":0.95,"lower_bound":18682.937237061564,"upper_bound":33630.92715293169},"point_estimate":24703.451411426067,"standard_error":3824.8929699240794},"slope":null,"std_dev":{"confidence_interval":{"confidence_level":0.95,"lower_bound":37481.76708824454,"upper_bound":111886.44589601777},"point_estimate":74915.23825514452,"standard_error":21212.19637760013}}