{"mean":{"confidence_interval":{"confidence_level":0.95,"lower_bound":8504305.442666665,"upper_bound":8515566.638916666},"point_estimate":8509565.159999998,"standard_error":2873.1457459245426},"median":{"confidence_interval":{"confidence_level":0.95,"lower_bound":8498227.666666666,"upper_bound":8508572.0},"point_estimate":8502259.25,"standard_error":2693.8477528223193},"median_abs_dev":{"confidence_interval":{"confidence_level":0.95,"lower_bound":15150.6891310215,"upper_bound":24666.262862088137},"point_estimate":19443.06315481709,"standard_error":2320.3763804059863},"slope":null,"std_dev":{"confidence_interval":{"confidence_level":0.95,"lower_bound":18410.06234738905,"upper_bound":38937.69283888804},"point_estimate":28947.51931781724,"standard_error":5346.885084561354}}