{"mean":{"confidence_interval":{"confidence_level":0.95,"lower_bound":9612174.397708334,"upper_bound":9683633.579291666},"point_estimate":9640669.650000004,"standard_error":18795.00586244807},"median":{"confidence_interval":{"confidence_level":0.95,"lower_bound":9602628.666666666,"upper_bound":9611051.916666668},"point_estimate":9606433.833333334,"standard_error":2126.1676103054638},"median_abs_dev":{"confidence_interval":{"confidence_level":0.95,"lower_bound":13960.813078395984,"upper_bound":22624.475598338027},"point_estimate":19019.78086233047,"standard_error":2222.5109058172757},"slope":null,"std_dev":{"confidence_interval":{"confidence_level":0.95,"lower_bound":29428.68019069947,"upper_bound":304650.0777894112},"point_estimate":188338.47147969474,"standard_error":77285.16973166322}}