{"mean":{"confidence_interval":{"confidence_level":0.95,"lower_bound":13051672.1575625,"upper_bound":13063449.607625},"point_estimate":13057123.99,"standard_error":3013.068187783765},"median":{"confidence_interval":{"confidence_level":0.95,"lower_bound":13047537.5,"upper_bound":13055281.5},"point_estimate":13051346.25,"standard_error":1944.0834210141525},"median_abs_dev":{"confidence_interval":{"confidence_level":0.95,"lower_bound":11154.503061342986,"upper_bound":21009.266323260945},"point_estimate":14966.476084291935,"standard_error":2560.024649903446},"slope":null,"std_dev":{"confidence_interval":{"confidence_level":0.95,"lower_bound":19265.783645988347,"upper_bound":40724.75337152616},"point_estimate":30359.910537618056,"standard_error":5562.81759987812}}