{"mean":{"confidence_interval":{"confidence_level":0.95,"lower_bound":8501294.089249998,"upper_bound":8545111.056041665},"point_estimate":8520461.991666667,"standard_error":11149.520384819307},"median":{"confidence_interval":{"confidence_level":0.95,"lower_bound":8494882.666666666,"upper_bound":8500514.833333334},"point_estimate":8496818.833333332,"standard_error":1400.2154225715553},"median_abs_dev":{"confidence_interval":{"confidence_level":0.95,"lower_bound":9188.413336874435,"upper_bound":16226.562511920009},"point_estimate":12920.24102062079,"standard_error":1791.5983024967684},"slope":null,"std_dev":{"confidence_interval":{"confidence_level":0.95,"lower_bound":18258.684329903903,"upper_bound":165922.800069331},"point_estimate":111962.55674294992,"standard_error":34154.32994224372}}