{"mean":{"confidence_interval":{"confidence_level":0.95,"lower_bound":7879303.952857142,"upper_bound":7926983.964321428},"point_estimate":7897645.077142856,"standard_error":12773.911984426508},"median":{"confidence_interval":{"confidence_level":0.95,"lower_bound":7871877.714285715,"upper_bound":7877713.857142857},"point_estimate":7874249.714285715,"standard_error":1490.9650773084809},"median_abs_dev":{"confidence_interval":{"confidence_level":0.95,"lower_bound":8749.881444658256,"upper_bound":17581.305887868835},"point_estimate":12706.305374418282,"standard_error":2337.6622843502037},"slope":null,"std_dev":{"confidence_interval":{"confidence_level":0.95,"lower_bound":25364.916608874737,"upper_bound":212898.0922668239},"point_estimate":128422.11355663926,"standard_error":59177.37508020054}}