{"mean":{"confidence_interval":{"confidence_level":0.95,"lower_bound":43827526.63487501,"upper_bound":44033349.792624995},"point_estimate":43928961.48,"standard_error":52326.283933933475},"median":{"confidence_interval":{"confidence_level":0.95,"lower_bound":43752785.5,"upper_bound":44007817.0},"point_estimate":43899460.75,"standard_error":60939.819170435185},"median_abs_dev":{"confidence_interval":{"confidence_level":0.95,"lower_bound":384305.8511272073,"upper_bound":651949.2461755872},"point_estimate":506192.24821329117,"standard_error":65402.53494259172},"slope":null,"std_dev":{"confidence_interval":{"confidence_level":0.95,"lower_bound":445557.8587602503,"upper_bound":603820.2525915006},"point_estimate":528208.3195482627,"standard_error":40573.121807797164}}