{"mean":{"confidence_interval":{"confidence_level":0.95,"lower_bound":45322275.366875,"upper_bound":45756333.990875},"point_estimate":45534096.965,"standard_error":111074.48345874435},"median":{"confidence_interval":{"confidence_level":0.95,"lower_bound":45184181.0,"upper_bound":45600391.5},"point_estimate":45374345.75,"standard_error":104955.43421127195},"median_abs_dev":{"confidence_interval":{"confidence_level":0.95,"lower_bound":611555.1519889757,"upper_bound":1107876.1661812663},"point_estimate":837130.8013379574,"standard_error":126491.67753131002},"slope":null,"std_dev":{"confidence_interval":{"confidence_level":0.95,"lower_bound":908531.9902223618,"upper_bound":1302870.0513401222},"point_estimate":1117479.788906514,"standard_error":100963.2197260449}}