{"mean":{"confidence_interval":{"confidence_level":0.95,"lower_bound":44175186.155,"upper_bound":44380849.065},"point_estimate":44276046.35,"standard_error":52274.151737858},"median":{"confidence_interval":{"confidence_level":0.95,"lower_bound":44054358.0,"upper_bound":44337727.5},"point_estimate":44136166.75,"standard_error":79658.23019539924},"median_abs_dev":{"confidence_interval":{"confidence_level":0.95,"lower_bound":315580.2999973297,"upper_bound":558401.2649863958},"point_estimate":406277.2414371371,"standard_error":64019.80292631365},"slope":null,"std_dev":{"confidence_interval":{"confidence_level":0.95,"lower_bound":431329.28781545156,"upper_bound":612561.1325138434},"point_estimate":525608.520800691,"standard_error":46295.31425264918}}