{"mean":{"confidence_interval":{"confidence_level":0.95,"lower_bound":44505599.639874995,"upper_bound":44781533.814875},"point_estimate":44643246.37,"standard_error":70509.15506298123},"median":{"confidence_interval":{"confidence_level":0.95,"lower_bound":44449996.0,"upper_bound":44794376.5},"point_estimate":44596517.5,"standard_error":87806.80501182305},"median_abs_dev":{"confidence_interval":{"confidence_level":0.95,"lower_bound":587802.7050644159,"upper_bound":955996.4009776711},"point_estimate":833531.7899018526,"standard_error":94967.23143633403},"slope":null,"std_dev":{"confidence_interval":{"confidence_level":0.95,"lower_bound":612060.4755441704,"upper_bound":802692.5391225433},"point_estimate":710841.4034900861,"standard_error":48713.83975953109}}