{"mean":{"confidence_interval":{"confidence_level":0.95,"lower_bound":45742488.287625,"upper_bound":46301408.412625},"point_estimate":46015522.57,"standard_error":143110.69362952176},"median":{"confidence_interval":{"confidence_level":0.95,"lower_bound":45294256.5,"upper_bound":46420589.5},"point_estimate":45828068.75,"standard_error":283358.51262622024},"median_abs_dev":{"confidence_interval":{"confidence_level":0.95,"lower_bound":1191210.5161517859,"upper_bound":1866987.738454342},"point_estimate":1487845.4123854637,"standard_error":160899.46368084938},"slope":null,"std_dev":{"confidence_interval":{"confidence_level":0.95,"lower_bound":1207411.0132252616,"upper_bound":1656735.5904266962},"point_estimate":1436889.188838615,"standard_error":114950.00881335576}}