{"mean":{"confidence_interval":{"confidence_level":0.95,"lower_bound":43461264.845,"upper_bound":43680038.778625},"point_estimate":43554308.945,"standard_error":56485.55697880571},"median":{"confidence_interval":{"confidence_level":0.95,"lower_bound":43399626.75,"upper_bound":43576405.5},"point_estimate":43502339.25,"standard_error":46121.029882038805},"median_abs_dev":{"confidence_interval":{"confidence_level":0.95,"lower_bound":231326.36739313602,"upper_bound":393256.67781829834},"point_estimate":282234.77333933115,"standard_error":40042.993350918594},"slope":null,"std_dev":{"confidence_interval":{"confidence_level":0.95,"lower_bound":272120.0515714204,"upper_bound":877847.1908189221},"point_estimate":565058.0324821296,"standard_error":194842.9081822622}}