{"mean":{"confidence_interval":{"confidence_level":0.95,"lower_bound":43815693.19,"upper_bound":43922940.40425},"point_estimate":43868500.49,"standard_error":27281.954075265236},"median":{"confidence_interval":{"confidence_level":0.95,"lower_bound":43790426.25,"upper_bound":43896133.0},"point_estimate":43835812.75,"standard_error":26980.3529661508},"median_abs_dev":{"confidence_interval":{"confidence_level":0.95,"lower_bound":170656.8475389853,"upper_bound":300031.90342336893},"point_estimate":226784.42237377167,"standard_error":34149.74121567005},"slope":null,"std_dev":{"confidence_interval":{"confidence_level":0.95,"lower_bound":221266.30742577958,"upper_bound":322623.1759029793},"point_estimate":274356.70361396135,"standard_error":26121.5072149737}}