{"mean":{"confidence_interval":{"confidence_level":0.95,"lower_bound":45110428.405,"upper_bound":45308374.67},"point_estimate":45205445.01,"standard_error":50644.748796919666},"median":{"confidence_interval":{"confidence_level":0.95,"lower_bound":45060771.25,"upper_bound":45271424.5},"point_estimate":45170804.25,"standard_error":47016.489301696165},"median_abs_dev":{"confidence_interval":{"confidence_level":0.95,"lower_bound":324187.16349452734,"upper_bound":543575.6358996034},"point_estimate":443972.34576791525,"standard_error":55917.079926305174},"slope":null,"std_dev":{"confidence_interval":{"confidence_level":0.95,"lower_bound":377084.2307122322,"upper_bound":658631.0686024354},"point_estimate":509733.90431030194,"standard_error":74806.82069586476}}