{"mean":{"confidence_interval":{"confidence_level":0.95,"lower_bound":49089249.385,"upper_bound":49502605.99175},"point_estimate":49292710.37,"standard_error":105174.58823777213},"median":{"confidence_interval":{"confidence_level":0.95,"lower_bound":49000650.0,"upper_bound":49480952.0},"point_estimate":49227406.5,"standard_error":122500.73018184495},"median_abs_dev":{"confidence_interval":{"confidence_level":0.95,"lower_bound":689762.5878542662,"upper_bound":1209380.5201292038},"point_estimate":898912.9661411047,"standard_error":131781.18712287833},"slope":null,"std_dev":{"confidence_interval":{"confidence_level":0.95,"lower_bound":885620.476291184,"upper_bound":1204365.4792137602},"point_estimate":1053229.6481233586,"standard_error":81054.24451236417}}