{"mean":{"confidence_interval":{"confidence_level":0.95,"lower_bound":44188658.25525,"upper_bound":44413454.446875},"point_estimate":44298771.18,"standard_error":57423.63686831356},"median":{"confidence_interval":{"confidence_level":0.95,"lower_bound":44052578.5,"upper_bound":44352571.0},"point_estimate":44200901.5,"standard_error":74259.09717335689},"median_abs_dev":{"confidence_interval":{"confidence_level":0.95,"lower_bound":464175.3464267403,"upper_bound":758360.264736414},"point_estimate":633899.7034460306,"standard_error":76665.25961969543},"slope":null,"std_dev":{"confidence_interval":{"confidence_level":0.95,"lower_bound":487564.08079508436,"upper_bound":667287.0118251308},"point_estimate":578013.7916232095,"standard_error":46179.07550958823}}