{"mean":{"confidence_interval":{"confidence_level":0.95,"lower_bound":43836317.13,"upper_bound":43948285.305},"point_estimate":43891164.705,"standard_error":28469.185847934896},"median":{"confidence_interval":{"confidence_level":0.95,"lower_bound":43760246.0,"upper_bound":43909517.25},"point_estimate":43839306.5,"standard_error":42700.50100060319},"median_abs_dev":{"confidence_interval":{"confidence_level":0.95,"lower_bound":213032.56631791592,"upper_bound":366529.8480927944},"point_estimate":299566.36703163385,"standard_error":40673.03618716055},"slope":null,"std_dev":{"confidence_interval":{"confidence_level":0.95,"lower_bound":242382.30891709297,"upper_bound":324337.4619473895},"point_estimate":286379.5149820849,"standard_error":20965.996847279588}}