{"mean":{"confidence_interval":{"confidence_level":0.95,"lower_bound":45085443.915,"upper_bound":45301380.4},"point_estimate":45190412.475,"standard_error":55114.11942934352},"median":{"confidence_interval":{"confidence_level":0.95,"lower_bound":45000656.75,"upper_bound":45237930.0},"point_estimate":45109868.25,"standard_error":58460.32270086227},"median_abs_dev":{"confidence_interval":{"confidence_level":0.95,"lower_bound":392315.59748500586,"upper_bound":631826.2873828411},"point_estimate":507844.60588395596,"standard_error":61641.34778836046},"slope":null,"std_dev":{"confidence_interval":{"confidence_level":0.95,"lower_bound":451276.2438016383,"upper_bound":653711.2313942844},"point_estimate":555468.2024897772,"standard_error":51783.22558662197}}