{"mean":{"confidence_interval":{"confidence_level":0.95,"lower_bound":46781597.465,"upper_bound":47142040.261},"point_estimate":46955272.35,"standard_error":91820.64197209157},"median":{"confidence_interval":{"confidence_level":0.95,"lower_bound":46515134.0,"upper_bound":46794070.5},"point_estimate":46617991.0,"standard_error":69723.10208222597},"median_abs_dev":{"confidence_interval":{"confidence_level":0.95,"lower_bound":389989.02747631073,"upper_bound":779555.8846101165},"point_estimate":546475.2307981253,"standard_error":97306.32963713251},"slope":null,"std_dev":{"confidence_interval":{"confidence_level":0.95,"lower_bound":709987.060029969,"upper_bound":1104528.5169687103},"point_estimate":921036.3246234517,"standard_error":100551.04137626418}}