{"mean":{"confidence_interval":{"confidence_level":0.95,"lower_bound":43550881.6935,"upper_bound":43707220.35987499},"point_estimate":43625805.59,"standard_error":39768.04484399842},"median":{"confidence_interval":{"confidence_level":0.95,"lower_bound":43445941.0,"upper_bound":43603731.5},"point_estimate":43533244.0,"standard_error":42298.76556615294},"median_abs_dev":{"confidence_interval":{"confidence_level":0.95,"lower_bound":223314.93457786783,"upper_bound":408902.5553405285},"point_estimate":312433.8522031903,"standard_error":46198.547543479624},"slope":null,"std_dev":{"confidence_interval":{"confidence_level":0.95,"lower_bound":323412.67969618656,"upper_bound":468435.85240819777},"point_estimate":399387.876193046,"standard_error":37044.94715895472}}