{"mean":{"confidence_interval":{"confidence_level":0.95,"lower_bound":70393.92726087499,"upper_bound":70839.01138609117},"point_estimate":70615.6812395789,"standard_error":113.28337891011194},"median":{"confidence_interval":{"confidence_level":0.95,"lower_bound":70440.12764961057,"upper_bound":70801.57142857143},"point_estimate":70629.0424020424,"standard_error":95.69297128957021},"median_abs_dev":{"confidence_interval":{"confidence_level":0.95,"lower_bound":898.3322150770525,"upper_bound":1995.367644581965},"point_estimate":1850.3377171499435,"standard_error":225.33953442417325},"slope":{"confidence_interval":{"confidence_level":0.95,"lower_bound":70337.97085516466,"upper_bound":70915.1918530754},"point_estimate":70626.20901433426,"standard_error":147.91981598631986},"std_dev":{"confidence_interval":{"confidence_level":0.95,"lower_bound":1030.9134405108625,"upper_bound":1229.9912093344699},"point_estimate":1139.983251034181,"standard_error":50.872267411657006}}