{"mean":{"confidence_interval":{"confidence_level":0.95,"lower_bound":22151.333291666662,"upper_bound":22442.78470833334},"point_estimate":22290.511666666665,"standard_error":74.31140771136516},"median":{"confidence_interval":{"confidence_level":0.95,"lower_bound":22006.166666666668,"upper_bound":22141.166666666668},"point_estimate":22069.333333333332,"standard_error":37.07578925641997},"median_abs_dev":{"confidence_interval":{"confidence_level":0.95,"lower_bound":308.3807945251465,"upper_bound":533.1182405352574},"point_estimate":401.0432928800583,"standard_error":58.07741936766959},"slope":null,"std_dev":{"confidence_interval":{"confidence_level":0.95,"lower_bound":575.2095658687941,"upper_bound":901.4339419708194},"point_estimate":748.8004354796567,"standard_error":83.80245098947269}}