{"mean":{"confidence_interval":{"confidence_level":0.95,"lower_bound":23199.17645833333,"upper_bound":23522.983958333327},"point_estimate":23354.221666666657,"standard_error":82.76131296199476},"median":{"confidence_interval":{"confidence_level":0.95,"lower_bound":23021.0,"upper_bound":23261.666666666668},"point_estimate":23167.416666666668,"standard_error":55.913871397476804},"median_abs_dev":{"confidence_interval":{"confidence_level":0.95,"lower_bound":466.89544171095076,"upper_bound":873.7455844879132},"point_estimate":717.9490372538567,"standard_error":110.02131900240495},"slope":null,"std_dev":{"confidence_interval":{"confidence_level":0.95,"lower_bound":646.706355928915,"upper_bound":1032.699357802105},"point_estimate":831.2458771169364,"standard_error":101.33207443747493}}