{"mean":{"confidence_interval":{"confidence_level":0.95,"lower_bound":26130.718399711,"upper_bound":26502.09624273846},"point_estimate":26310.73661757102,"standard_error":94.91483888404241},"median":{"confidence_interval":{"confidence_level":0.95,"lower_bound":25853.89598108747,"upper_bound":25938.872846289512},"point_estimate":25887.44059859716,"standard_error":19.750373014948927},"median_abs_dev":{"confidence_interval":{"confidence_level":0.95,"lower_bound":116.19621604808336,"upper_bound":385.115443236847},"point_estimate":257.06368310624157,"standard_error":75.04641846738353},"slope":{"confidence_interval":{"confidence_level":0.95,"lower_bound":25889.736724680824,"upper_bound":26035.77040989718},"point_estimate":25953.056382115825,"standard_error":37.59162334868314},"std_dev":{"confidence_interval":{"confidence_level":0.95,"lower_bound":784.6577376502995,"upper_bound":1094.061486804052},"point_estimate":954.253205327123,"standard_error":79.00669132108628}}