{"mean":{"confidence_interval":{"confidence_level":0.95,"lower_bound":19099.478792065962,"upper_bound":19527.03772740979},"point_estimate":19305.361688223944,"standard_error":109.20123047931864},"median":{"confidence_interval":{"confidence_level":0.95,"lower_bound":18857.86216077829,"upper_bound":18934.524305555555},"point_estimate":18895.48052561921,"standard_error":18.17363753995394},"median_abs_dev":{"confidence_interval":{"confidence_level":0.95,"lower_bound":121.49375976898132,"upper_bound":263.6577677652731},"point_estimate":171.6790192819804,"standard_error":40.08061024890189},"slope":{"confidence_interval":{"confidence_level":0.95,"lower_bound":18859.290381325492,"upper_bound":18916.848660210922},"point_estimate":18887.93223289493,"standard_error":14.639426283740624},"std_dev":{"confidence_interval":{"confidence_level":0.95,"lower_bound":880.07054437305,"upper_bound":1279.6438225065287},"point_estimate":1100.39680668692,"standard_error":102.17700867097112}}