{"mean":{"confidence_interval":{"confidence_level":0.95,"lower_bound":26189.564390715317,"upper_bound":26616.385273165994},"point_estimate":26392.284996331466,"standard_error":108.9506512818915},"median":{"confidence_interval":{"confidence_level":0.95,"lower_bound":25973.781045751635,"upper_bound":26049.04016064257},"point_estimate":26025.03527336861,"standard_error":21.550188969383722},"median_abs_dev":{"confidence_interval":{"confidence_level":0.95,"lower_bound":130.91977084668926,"upper_bound":283.09535924225924},"point_estimate":194.4397635045268,"standard_error":39.90178473550175},"slope":{"confidence_interval":{"confidence_level":0.95,"lower_bound":25991.371212268863,"upper_bound":26073.878200598305},"point_estimate":26031.261378914012,"standard_error":21.057153417929822},"std_dev":{"confidence_interval":{"confidence_level":0.95,"lower_bound":832.0206376776848,"upper_bound":1318.2269157443952},"point_estimate":1096.8655848965134,"standard_error":123.8664052075563}}