{"mean":{"confidence_interval":{"confidence_level":0.95,"lower_bound":15267.429088788102,"upper_bound":15746.136385603928},"point_estimate":15502.235494574654,"standard_error":122.62561204971304},"median":{"confidence_interval":{"confidence_level":0.95,"lower_bound":14737.059036144577,"upper_bound":14928.486328349627},"point_estimate":14860.500430961636,"standard_error":56.535605160369656},"median_abs_dev":{"confidence_interval":{"confidence_level":0.95,"lower_bound":302.0616403377877,"upper_bound":748.4271233436253},"point_estimate":484.84751741831104,"standard_error":117.75091274179498},"slope":{"confidence_interval":{"confidence_level":0.95,"lower_bound":14766.440240477905,"upper_bound":14886.748291743997},"point_estimate":14822.285459139945,"standard_error":30.70146458114484},"std_dev":{"confidence_interval":{"confidence_level":0.95,"lower_bound":1103.9221678041079,"upper_bound":1322.4433446238472},"point_estimate":1233.0209367100952,"standard_error":55.90600101833983}}