{"mean":{"confidence_interval":{"confidence_level":0.95,"lower_bound":22442.66376871741,"upper_bound":22850.286710077417},"point_estimate":22639.265382301157,"standard_error":104.01989991021115},"median":{"confidence_interval":{"confidence_level":0.95,"lower_bound":22113.81615747074,"upper_bound":22253.10972617917},"point_estimate":22183.390476190478,"standard_error":31.624173702618855},"median_abs_dev":{"confidence_interval":{"confidence_level":0.95,"lower_bound":203.86718922865407,"upper_bound":485.78494231435263},"point_estimate":299.6941706793651,"standard_error":72.33518882103544},"slope":{"confidence_interval":{"confidence_level":0.95,"lower_bound":22160.845617289044,"upper_bound":22300.32889810849},"point_estimate":22223.567916851385,"standard_error":35.748603461925924},"std_dev":{"confidence_interval":{"confidence_level":0.95,"lower_bound":833.4453111845598,"upper_bound":1226.1182000486156},"point_estimate":1044.397356803151,"standard_error":100.2576838481079}}