{"mean":{"confidence_interval":{"confidence_level":0.95,"lower_bound":42101.66739377752,"upper_bound":42687.3888208352},"point_estimate":42364.8319057763,"standard_error":150.2022277953896},"median":{"confidence_interval":{"confidence_level":0.95,"lower_bound":41795.44701086957,"upper_bound":41885.13911290323},"point_estimate":41834.93920747423,"standard_error":21.38691343891451},"median_abs_dev":{"confidence_interval":{"confidence_level":0.95,"lower_bound":153.7966859372544,"upper_bound":310.4601495285583},"point_estimate":209.7150259398708,"standard_error":38.63613993563516},"slope":{"confidence_interval":{"confidence_level":0.95,"lower_bound":41824.092624413504,"upper_bound":41892.07017106878},"point_estimate":41856.303463129894,"standard_error":17.33781984256585},"std_dev":{"confidence_interval":{"confidence_level":0.95,"lower_bound":850.0694582639373,"upper_bound":2180.2595796530245},"point_estimate":1508.8976600498897,"standard_error":375.2156370394204}}