{"mean":{"confidence_interval":{"confidence_level":0.95,"lower_bound":41892.04233232841,"upper_bound":42298.44779154774},"point_estimate":42087.11409862661,"standard_error":104.0735584434374},"median":{"confidence_interval":{"confidence_level":0.95,"lower_bound":41567.38157894737,"upper_bound":41643.14625},"point_estimate":41602.899605771294,"standard_error":18.791929686319413},"median_abs_dev":{"confidence_interval":{"confidence_level":0.95,"lower_bound":98.78742207023664,"upper_bound":211.43883626611404},"point_estimate":138.7998213453779,"standard_error":28.889379191870983},"slope":{"confidence_interval":{"confidence_level":0.95,"lower_bound":41589.98406685735,"upper_bound":41645.9564220066},"point_estimate":41616.025970888135,"standard_error":14.33252980847296},"std_dev":{"confidence_interval":{"confidence_level":0.95,"lower_bound":828.4751151212239,"upper_bound":1224.0185733933247},"point_estimate":1041.4571089996273,"standard_error":100.78324457991263}}