{"mean":{"confidence_interval":{"confidence_level":0.95,"lower_bound":21886.512624999996,"upper_bound":22187.032416666665},"point_estimate":22027.74666666668,"standard_error":76.76342922181627},"median":{"confidence_interval":{"confidence_level":0.95,"lower_bound":21687.0,"upper_bound":21972.666666666668},"point_estimate":21818.333333333336,"standard_error":70.10187230071561},"median_abs_dev":{"confidence_interval":{"confidence_level":0.95,"lower_bound":333.3378940820676,"upper_bound":575.9931785240761},"point_estimate":460.4708418250093,"standard_error":62.39249728966888},"slope":null,"std_dev":{"confidence_interval":{"confidence_level":0.95,"lower_bound":535.087486544704,"upper_bound":1003.9088397270766},"point_estimate":773.479181750596,"standard_error":121.78734807800818}}