{"mean":{"confidence_interval":{"confidence_level":0.95,"lower_bound":15650.812180271263,"upper_bound":16039.840916907262},"point_estimate":15839.335441841742,"standard_error":99.77377938016134},"median":{"confidence_interval":{"confidence_level":0.95,"lower_bound":15282.370516877638,"upper_bound":15402.589905047476},"point_estimate":15351.048332318001,"standard_error":34.902487626438116},"median_abs_dev":{"confidence_interval":{"confidence_level":0.95,"lower_bound":203.64059172779665,"upper_bound":420.52666622733955},"point_estimate":302.8575879073462,"standard_error":54.294747420203905},"slope":{"confidence_interval":{"confidence_level":0.95,"lower_bound":15336.342689709607,"upper_bound":15450.859174111089},"point_estimate":15390.28678173489,"standard_error":29.18942130827106},"std_dev":{"confidence_interval":{"confidence_level":0.95,"lower_bound":850.971732450577,"upper_bound":1118.7440057602714},"point_estimate":1003.8569095939312,"standard_error":68.32476328675548}}