{"mean":{"confidence_interval":{"confidence_level":0.95,"lower_bound":22202.875000000004,"upper_bound":22683.218791666666},"point_estimate":22423.035,"standard_error":123.07644044395168},"median":{"confidence_interval":{"confidence_level":0.95,"lower_bound":21909.333333333332,"upper_bound":22108.0},"point_estimate":22022.666666666664,"standard_error":46.16161889207969},"median_abs_dev":{"confidence_interval":{"confidence_level":0.95,"lower_bound":246.2351456284505,"upper_bound":483.8217914104471},"point_estimate":356.68884366750535,"standard_error":64.4139962270335},"slope":null,"std_dev":{"confidence_interval":{"confidence_level":0.95,"lower_bound":719.5075623182435,"upper_bound":1733.2648221740708},"point_estimate":1240.0692787512696,"standard_error":266.0846786951853}}