{"mean":{"confidence_interval":{"confidence_level":0.95,"lower_bound":22088.611583333328,"upper_bound":22367.745124999998},"point_estimate":22222.21333333333,"standard_error":71.47837846280792},"median":{"confidence_interval":{"confidence_level":0.95,"lower_bound":21888.25,"upper_bound":22198.166666666668},"point_estimate":22041.083333333332,"standard_error":77.71527425715557},"median_abs_dev":{"confidence_interval":{"confidence_level":0.95,"lower_bound":350.0171437859517,"upper_bound":639.8654386401186},"point_estimate":487.5282913446408,"standard_error":74.25754871127779},"slope":null,"std_dev":{"confidence_interval":{"confidence_level":0.95,"lower_bound":529.8506452188911,"upper_bound":899.3496248714099},"point_estimate":719.8569879480527,"standard_error":95.45496594086612}}