{"mean":{"confidence_interval":{"confidence_level":0.95,"lower_bound":21812.79816666667,"upper_bound":22210.37683333333},"point_estimate":21997.33166666667,"standard_error":101.5857861755667},"median":{"confidence_interval":{"confidence_level":0.95,"lower_bound":21573.833333333332,"upper_bound":21773.083333333336},"point_estimate":21659.583333333336,"standard_error":58.21596904791735},"median_abs_dev":{"confidence_interval":{"confidence_level":0.95,"lower_bound":345.6898051127759,"upper_bound":656.2975883483905},"point_estimate":487.77539134025574,"standard_error":79.44112781940215},"slope":null,"std_dev":{"confidence_interval":{"confidence_level":0.95,"lower_bound":668.7826498367583,"upper_bound":1376.9226711681476},"point_estimate":1017.7812639146218,"standard_error":188.82496493998678}}