{"mean":{"confidence_interval":{"confidence_level":0.95,"lower_bound":22464.901553809595,"upper_bound":23202.8773668942},"point_estimate":22807.329248526563,"standard_error":189.61574863897974},"median":{"confidence_interval":{"confidence_level":0.95,"lower_bound":21985.678941272217,"upper_bound":22102.366013071896},"point_estimate":22048.5180976431,"standard_error":24.680801142683087},"median_abs_dev":{"confidence_interval":{"confidence_level":0.95,"lower_bound":173.1320443900605,"upper_bound":448.5043010464657},"point_estimate":263.28312626251886,"standard_error":73.47394378092878},"slope":{"confidence_interval":{"confidence_level":0.95,"lower_bound":22025.965838361273,"upper_bound":22235.04626212447},"point_estimate":22115.861057419173,"standard_error":54.02302152876083},"std_dev":{"confidence_interval":{"confidence_level":0.95,"lower_bound":1260.2599519889247,"upper_bound":2543.628438341503},"point_estimate":1912.877576974459,"standard_error":334.4710041816064}}