{"mean":{"confidence_interval":{"confidence_level":0.95,"lower_bound":42897.67407016807,"upper_bound":43502.47447398644},"point_estimate":43178.742490290366,"standard_error":154.82036882435094},"median":{"confidence_interval":{"confidence_level":0.95,"lower_bound":42528.16829941925,"upper_bound":42717.557593085105},"point_estimate":42619.46067027163,"standard_error":44.42614325644843},"median_abs_dev":{"confidence_interval":{"confidence_level":0.95,"lower_bound":302.39494678015484,"upper_bound":799.1153376834767},"point_estimate":486.8412710209091,"standard_error":133.77804465596105},"slope":{"confidence_interval":{"confidence_level":0.95,"lower_bound":42618.32633872873,"upper_bound":43070.856517826076},"point_estimate":42811.11913735777,"standard_error":116.40068078241401},"std_dev":{"confidence_interval":{"confidence_level":0.95,"lower_bound":1008.0713740689841,"upper_bound":2081.1355821770817},"point_estimate":1558.7238439725186,"standard_error":279.10564675842835}}