{"mean":{"confidence_interval":{"confidence_level":0.95,"lower_bound":26934.290649999988,"upper_bound":27975.02629999999},"point_estimate":27435.586,"standard_error":265.9963657197263},"median":{"confidence_interval":{"confidence_level":0.95,"lower_bound":26115.0,"upper_bound":27339.2},"point_estimate":26734.0,"standard_error":331.6357910396143},"median_abs_dev":{"confidence_interval":{"confidence_level":0.95,"lower_bound":1486.8958071023224,"upper_bound":2695.8115321397772},"point_estimate":1894.9110263586049,"standard_error":286.00173570423715},"slope":null,"std_dev":{"confidence_interval":{"confidence_level":0.95,"lower_bound":2107.137277839484,"upper_bound":3193.9676774932777},"point_estimate":2669.881905799043,"standard_error":278.1741331289434}}