{"mean":{"confidence_interval":{"confidence_level":0.95,"lower_bound":22166.459625,"upper_bound":22536.19354166667},"point_estimate":22342.131666666664,"standard_error":94.47948543047937},"median":{"confidence_interval":{"confidence_level":0.95,"lower_bound":21920.083333333336,"upper_bound":22206.5},"point_estimate":22038.666666666664,"standard_error":79.98727789143717},"median_abs_dev":{"confidence_interval":{"confidence_level":0.95,"lower_bound":376.0861933231372,"upper_bound":708.0650374293309},"point_estimate":531.017890572547,"standard_error":83.1161745822249},"slope":null,"std_dev":{"confidence_interval":{"confidence_level":0.95,"lower_bound":711.5124768426768,"upper_bound":1159.5858494962865},"point_estimate":945.1956722030646,"standard_error":114.72968652795389}}