{"mean":{"confidence_interval":{"confidence_level":0.95,"lower_bound":20379.478021373092,"upper_bound":20792.048536879425},"point_estimate":20578.39061402841,"standard_error":105.21798162049335},"median":{"confidence_interval":{"confidence_level":0.95,"lower_bound":20052.98515376458,"upper_bound":20190.894680851066},"point_estimate":20111.057898715044,"standard_error":33.74525825169648},"median_abs_dev":{"confidence_interval":{"confidence_level":0.95,"lower_bound":179.46042997681676,"upper_bound":415.21276767723333},"point_estimate":276.04841664505534,"standard_error":62.0586721691699},"slope":{"confidence_interval":{"confidence_level":0.95,"lower_bound":20106.37884592656,"upper_bound":20213.108079616668},"point_estimate":20155.81512437811,"standard_error":27.237867478651985},"std_dev":{"confidence_interval":{"confidence_level":0.95,"lower_bound":862.817917336228,"upper_bound":1214.677678968859},"point_estimate":1055.976489475749,"standard_error":89.49119768816425}}