{"mean":{"confidence_interval":{"confidence_level":0.95,"lower_bound":26614.034695451854,"upper_bound":27115.713503975883},"point_estimate":26854.52877316765,"standard_error":128.05692740985793},"median":{"confidence_interval":{"confidence_level":0.95,"lower_bound":26298.503346720216,"upper_bound":26411.938704066102},"point_estimate":26356.33487392316,"standard_error":30.335470793628097},"median_abs_dev":{"confidence_interval":{"confidence_level":0.95,"lower_bound":178.35561588418074,"upper_bound":455.1879824042937},"point_estimate":256.64055586038853,"standard_error":69.68499734236516},"slope":{"confidence_interval":{"confidence_level":0.95,"lower_bound":26292.425805922394,"upper_bound":26378.390252209636},"point_estimate":26334.225622383135,"standard_error":21.905139097087737},"std_dev":{"confidence_interval":{"confidence_level":0.95,"lower_bound":987.2269804058507,"upper_bound":1543.6650116714516},"point_estimate":1290.745419017802,"standard_error":141.82497674974994}}