{"mean":{"confidence_interval":{"confidence_level":0.95,"lower_bound":21482.501666666663,"upper_bound":21727.23716666665},"point_estimate":21601.40000000001,"standard_error":62.47836423251522},"median":{"confidence_interval":{"confidence_level":0.95,"lower_bound":21336.5,"upper_bound":21510.5},"point_estimate":21389.083333333332,"standard_error":38.40089471458966},"median_abs_dev":{"confidence_interval":{"confidence_level":0.95,"lower_bound":259.70209538936524,"upper_bound":550.291690230366},"point_estimate":347.54614382982163,"standard_error":75.48264520931632},"slope":null,"std_dev":{"confidence_interval":{"confidence_level":0.95,"lower_bound":507.63971471550366,"upper_bound":737.4510485237314},"point_estimate":629.0995105417433,"standard_error":58.5621236733169}}