{"mean":{"confidence_interval":{"confidence_level":0.95,"lower_bound":22231.124708333322,"upper_bound":22487.276875},"point_estimate":22353.69166666667,"standard_error":65.58922355232055},"median":{"confidence_interval":{"confidence_level":0.95,"lower_bound":22081.333333333332,"upper_bound":22238.166666666668},"point_estimate":22146.083333333336,"standard_error":43.02877968843593},"median_abs_dev":{"confidence_interval":{"confidence_level":0.95,"lower_bound":243.7641456723204,"upper_bound":491.7289912700671},"point_estimate":388.81184309720726,"standard_error":60.78461674735815},"slope":null,"std_dev":{"confidence_interval":{"confidence_level":0.95,"lower_bound":493.84909182672726,"upper_bound":817.0163108255949},"point_estimate":660.0658893814434,"standard_error":82.90369742235902}}