{"mean":{"confidence_interval":{"confidence_level":0.95,"lower_bound":22702.609791666666,"upper_bound":23090.126749999996},"point_estimate":22881.14999999999,"standard_error":98.87707538700171},"median":{"confidence_interval":{"confidence_level":0.95,"lower_bound":22410.833333333336,"upper_bound":22852.666666666668},"point_estimate":22548.75,"standard_error":114.70611705935625},"median_abs_dev":{"confidence_interval":{"confidence_level":0.95,"lower_bound":446.75679206847695,"upper_bound":851.630134880542},"point_estimate":631.2169387936592,"standard_error":102.05947510497619},"slope":null,"std_dev":{"confidence_interval":{"confidence_level":0.95,"lower_bound":649.4410958719018,"upper_bound":1380.6501016636937},"point_estimate":994.4504368929544,"standard_error":210.09634587835382}}