{"mean":{"confidence_interval":{"confidence_level":0.95,"lower_bound":0.01174767025609479,"upper_bound":0.03714354836047938},"point_estimate":0.02502284455068704,"standard_error":0.006472245131236237},"median":{"confidence_interval":{"confidence_level":0.95,"lower_bound":0.026077748146152713,"upper_bound":0.041939027127339476},"point_estimate":0.031918614384912836,"standard_error":0.0037765200241601225}}