{"mean":{"confidence_interval":{"confidence_level":0.95,"lower_bound":-0.008300532637333366,"upper_bound":0.0050245162219571815},"point_estimate":-0.0020706538943602304,"standard_error":0.003397749004870768},"median":{"confidence_interval":{"confidence_level":0.95,"lower_bound":-0.002757131908867283,"upper_bound":0.000013543972668999139},"point_estimate":-0.0013872098832484747,"standard_error":0.0007505116968454936}}