{"mean":{"confidence_interval":{"confidence_level":0.95,"lower_bound":-0.0020652540853478953,"upper_bound":0.016244863250217165},"point_estimate":0.006819451028338586,"standard_error":0.004661454883697279},"median":{"confidence_interval":{"confidence_level":0.95,"lower_bound":0.0031755456978899144,"upper_bound":0.007467194722418746},"point_estimate":0.005102008000056113,"standard_error":0.0011494544698894098}}