{"mean":{"confidence_interval":{"confidence_level":0.95,"lower_bound":0.016915058563661666,"upper_bound":0.030415141656649207},"point_estimate":0.023864537996377555,"standard_error":0.0034268472602659275},"median":{"confidence_interval":{"confidence_level":0.95,"lower_bound":0.022699168890487842,"upper_bound":0.026434646273519657},"point_estimate":0.024712030346327518,"standard_error":0.0009637269293310258}}