{"mean":{"confidence_interval":{"confidence_level":0.95,"lower_bound":-0.001361426889165168,"upper_bound":0.0024481524568326085},"point_estimate":0.0006251606190013081,"standard_error":0.0009706724510727},"median":{"confidence_interval":{"confidence_level":0.95,"lower_bound":-0.00011692480428238117,"upper_bound":0.003287717980194671},"point_estimate":0.0018074915203127873,"standard_error":0.0008840951468112458}}