{"mean":{"confidence_interval":{"confidence_level":0.95,"lower_bound":-0.0462330979910921,"upper_bound":-0.0322841012364784},"point_estimate":-0.039494452536941727,"standard_error":0.003545604064617232},"median":{"confidence_interval":{"confidence_level":0.95,"lower_bound":-0.043007894071021235,"upper_bound":-0.03166660737872463},"point_estimate":-0.03932922028814134,"standard_error":0.0026589214149732353}}