{"mean":{"confidence_interval":{"confidence_level":0.95,"lower_bound":0.03425116202146271,"upper_bound":0.04851087635088473},"point_estimate":0.04139077878493702,"standard_error":0.0035930883936510865},"median":{"confidence_interval":{"confidence_level":0.95,"lower_bound":0.03897937554944697,"upper_bound":0.043341455342266855},"point_estimate":0.04148075177885202,"standard_error":0.0011757870585532234}}