{"mean":{"confidence_interval":{"confidence_level":0.95,"lower_bound":-0.002915028569038943,"upper_bound":0.0023835566197480747},"point_estimate":-0.00022627989703405404,"standard_error":0.0013459350948954176},"median":{"confidence_interval":{"confidence_level":0.95,"lower_bound":0.0004213800872701068,"upper_bound":0.004254055554355762},"point_estimate":0.0023765968817361927,"standard_error":0.0009190342305092094}}