{"mean":{"confidence_interval":{"confidence_level":0.95,"lower_bound":-0.0028631610575315875,"upper_bound":0.016076354530536113},"point_estimate":0.00496808172867258,"standard_error":0.004897348318479928},"median":{"confidence_interval":{"confidence_level":0.95,"lower_bound":-0.0008679800597538589,"upper_bound":0.0025815276058938907},"point_estimate":0.0010956848373073758,"standard_error":0.0008668968592363026}}