{"mean":{"confidence_interval":{"confidence_level":0.95,"lower_bound":-0.0004847596448883159,"upper_bound":0.012258021634707949},"point_estimate":0.005843641846226877,"standard_error":0.0032350362258175003},"median":{"confidence_interval":{"confidence_level":0.95,"lower_bound":0.0006468778956869592,"upper_bound":0.004591765183680652},"point_estimate":0.0026688981085762897,"standard_error":0.0010677056631441955}}