{"mean":{"confidence_interval":{"confidence_level":0.95,"lower_bound":-0.05654267891003146,"upper_bound":-0.04885540644118621},"point_estimate":-0.05278514009917079,"standard_error":0.001945661992206431},"median":{"confidence_interval":{"confidence_level":0.95,"lower_bound":-0.053093174334199786,"upper_bound":-0.05115434049541223},"point_estimate":-0.052071594282275147,"standard_error":0.00048299304100021584}}