{"mean":{"confidence_interval":{"confidence_level":0.95,"lower_bound":0.05340203803753065,"upper_bound":0.07284856071798812},"point_estimate":0.06331142273347545,"standard_error":0.00495059075420245},"median":{"confidence_interval":{"confidence_level":0.95,"lower_bound":0.057304035914310436,"upper_bound":0.07331429014409796},"point_estimate":0.06606421899170067,"standard_error":0.00465094171594445}}