{"mean":{"confidence_interval":{"confidence_level":0.95,"lower_bound":-0.013169837538344694,"upper_bound":0.0045288698093147225},"point_estimate":-0.004117862770833813,"standard_error":0.004500403845365768},"median":{"confidence_interval":{"confidence_level":0.95,"lower_bound":-0.009684638978278648,"upper_bound":0.007899630348271014},"point_estimate":-0.0006032093245805781,"standard_error":0.004360919241464777}}