{"mean":{"confidence_interval":{"confidence_level":0.95,"lower_bound":-0.010874435773046648,"upper_bound":0.006702498473210466},"point_estimate":-0.0019332988152364061,"standard_error":0.004434119241658621},"median":{"confidence_interval":{"confidence_level":0.95,"lower_bound":-0.006494501438029412,"upper_bound":-0.0016645182956540193},"point_estimate":-0.003783995039609689,"standard_error":0.0012652020596396402}}