{"mean":{"confidence_interval":{"confidence_level":0.95,"lower_bound":-0.009530018821127825,"upper_bound":0.010274084556542478},"point_estimate":0.00014706937970543343,"standard_error":0.005030141919428712},"median":{"confidence_interval":{"confidence_level":0.95,"lower_bound":-0.009929114578780096,"upper_bound":-0.0034827859179839245},"point_estimate":-0.007120829770843051,"standard_error":0.001680413085550368}}