{"mean":{"confidence_interval":{"confidence_level":0.95,"lower_bound":-0.020436419207470757,"upper_bound":0.0008888945130379381},"point_estimate":-0.009040078254702322,"standard_error":0.005426106481444995},"median":{"confidence_interval":{"confidence_level":0.95,"lower_bound":-0.004100115999744247,"upper_bound":0.0007592551048780649},"point_estimate":-0.001789536640366629,"standard_error":0.0012482380399072037}}