{"mean":{"confidence_interval":{"confidence_level":0.95,"lower_bound":0.08534421434585861,"upper_bound":0.10471520600765435},"point_estimate":0.09532508296366338,"standard_error":0.004894689698514312},"median":{"confidence_interval":{"confidence_level":0.95,"lower_bound":0.0959840093258435,"upper_bound":0.1011389112104355},"point_estimate":0.09846793099420315,"standard_error":0.0013606921374575468}}