{"mean":{"confidence_interval":{"confidence_level":0.95,"lower_bound":0.0009666716048681413,"upper_bound":0.014933120113732403},"point_estimate":0.007904306531189453,"standard_error":0.003510428319229222},"median":{"confidence_interval":{"confidence_level":0.95,"lower_bound":0.0023151057532639907,"upper_bound":0.01164209114837389},"point_estimate":0.005221939415208876,"standard_error":0.002383753381191147}}