{"mean":{"confidence_interval":{"confidence_level":0.95,"lower_bound":-0.01756424689789033,"upper_bound":-0.0025981909685604127},"point_estimate":-0.010111279938106676,"standard_error":0.003811654734001793},"median":{"confidence_interval":{"confidence_level":0.95,"lower_bound":-0.015678537914818103,"upper_bound":-0.010600790396657733},"point_estimate":-0.012330845583356176,"standard_error":0.0013542246223798417}}