{"mean":{"confidence_interval":{"confidence_level":0.95,"lower_bound":-0.11197519979768107,"upper_bound":-0.1043495139975481},"point_estimate":-0.1084020602694531,"standard_error":0.0019052737569872447},"median":{"confidence_interval":{"confidence_level":0.95,"lower_bound":-0.11030489965082357,"upper_bound":-0.10730060294278243},"point_estimate":-0.10799021509925477,"standard_error":0.0007487239377963155}}