{"mean":{"confidence_interval":{"confidence_level":0.95,"lower_bound":0.09747818363776889,"upper_bound":0.12522518956576684},"point_estimate":0.10994735342468398,"standard_error":0.007007449035879459},"median":{"confidence_interval":{"confidence_level":0.95,"lower_bound":0.09236535635157339,"upper_bound":0.09643217869249421},"point_estimate":0.09436136966714881,"standard_error":0.0010182855626464054}}