{"mean":{"confidence_interval":{"confidence_level":0.95,"lower_bound":0.0064886553830947324,"upper_bound":0.029720963026454012},"point_estimate":0.01728343714982783,"standard_error":0.005928979605403891},"median":{"confidence_interval":{"confidence_level":0.95,"lower_bound":0.013483901307295376,"upper_bound":0.017501219122395995},"point_estimate":0.015318272620952422,"standard_error":0.0009998277905842207}}