{"mean":{"confidence_interval":{"confidence_level":0.95,"lower_bound":-0.0018416654069059106,"upper_bound":0.023394912195897496},"point_estimate":0.010401995558295907,"standard_error":0.006420944166908445},"median":{"confidence_interval":{"confidence_level":0.95,"lower_bound":-0.0023661211869646648,"upper_bound":0.01135497463520485},"point_estimate":0.002786076498328738,"standard_error":0.0035165812202598962}}