{"mean":{"confidence_interval":{"confidence_level":0.95,"lower_bound":-0.00674340670913004,"upper_bound":0.022471244437539395},"point_estimate":0.00781958363452584,"standard_error":0.007572555445463487},"median":{"confidence_interval":{"confidence_level":0.95,"lower_bound":-0.005005851923170934,"upper_bound":-0.00009267467548453776},"point_estimate":-0.0023452356672292174,"standard_error":0.0012187247681530958}}