{"mean":{"confidence_interval":{"confidence_level":0.95,"lower_bound":-0.01016821084299012,"upper_bound":0.00825196571288304},"point_estimate":-0.0012031277612178926,"standard_error":0.004683078146642512},"median":{"confidence_interval":{"confidence_level":0.95,"lower_bound":-0.0051355314564327514,"upper_bound":-0.00009547208987981115},"point_estimate":-0.002385584162995724,"standard_error":0.001285823130370213}}