{"mean":{"confidence_interval":{"confidence_level":0.95,"lower_bound":-0.07830211404728615,"upper_bound":-0.07190163437029659},"point_estimate":-0.07494752043506947,"standard_error":0.0016256837902087688},"median":{"confidence_interval":{"confidence_level":0.95,"lower_bound":-0.0711082943844146,"upper_bound":-0.06771272555425922},"point_estimate":-0.06921450593872325,"standard_error":0.0008140793723780219}}