{"mean":{"confidence_interval":{"confidence_level":0.95,"lower_bound":-0.0728189785780982,"upper_bound":-0.056089491482127864},"point_estimate":-0.06456631934551982,"standard_error":0.004250179472773052},"median":{"confidence_interval":{"confidence_level":0.95,"lower_bound":-0.06891987866943733,"upper_bound":-0.06307260214470989},"point_estimate":-0.06558182573120264,"standard_error":0.001526649891280292}}