{"mean":{"confidence_interval":{"confidence_level":0.95,"lower_bound":-0.0787100331112182,"upper_bound":-0.06252024803330311},"point_estimate":-0.07030196101402264,"standard_error":0.004079437765539329},"median":{"confidence_interval":{"confidence_level":0.95,"lower_bound":-0.07254400250235327,"upper_bound":-0.0686868548800802},"point_estimate":-0.07049796581755696,"standard_error":0.0009875352883403138}}