{"mean":{"confidence_interval":{"confidence_level":0.95,"lower_bound":0.3390470197675628,"upper_bound":0.3454919802484387},"point_estimate":0.34235016820513064,"standard_error":0.0016440479463373033},"median":{"confidence_interval":{"confidence_level":0.95,"lower_bound":0.34264220916288135,"upper_bound":0.34476957464882596},"point_estimate":0.34371555343022564,"standard_error":0.0005332475567351088}}