{"mean":{"confidence_interval":{"confidence_level":0.95,"lower_bound":-0.03856520521760351,"upper_bound":-0.03140985275442313},"point_estimate":-0.034995708725203856,"standard_error":0.0018286673153755696},"median":{"confidence_interval":{"confidence_level":0.95,"lower_bound":-0.03718309902417116,"upper_bound":-0.03399148487107882},"point_estimate":-0.03506649924240912,"standard_error":0.0009174819801075585}}