{"mean":{"confidence_interval":{"confidence_level":0.95,"lower_bound":-0.07275788105698702,"upper_bound":-0.041882875965212785},"point_estimate":-0.05745465426527452,"standard_error":0.008033192540480252},"median":{"confidence_interval":{"confidence_level":0.95,"lower_bound":-0.07980352116597023,"upper_bound":-0.07375001200558118},"point_estimate":-0.07687729024675427,"standard_error":0.0015251954904574871}}