{"mean":{"confidence_interval":{"confidence_level":0.95,"lower_bound":0.001344560410688728,"upper_bound":0.013780522893098595},"point_estimate":0.0074787328875129955,"standard_error":0.0031522745056034025},"median":{"confidence_interval":{"confidence_level":0.95,"lower_bound":0.006144227497040022,"upper_bound":0.009411329346583642},"point_estimate":0.007488190247676663,"standard_error":0.000821353075309638}}