{"mean":{"confidence_interval":{"confidence_level":0.95,"lower_bound":-0.06923112052766729,"upper_bound":-0.0559715546653439},"point_estimate":-0.06293843922714804,"standard_error":0.0033452018448529405},"median":{"confidence_interval":{"confidence_level":0.95,"lower_bound":-0.0657120387330335,"upper_bound":-0.05801354794424929},"point_estimate":-0.06281189788318375,"standard_error":0.0019945349774979824}}