{"mean":{"confidence_interval":{"confidence_level":0.95,"lower_bound":-0.014119224204388681,"upper_bound":0.004432319652966058},"point_estimate":-0.004730661188764196,"standard_error":0.004708207744172854},"median":{"confidence_interval":{"confidence_level":0.95,"lower_bound":-0.0036559333171116704,"upper_bound":-0.00033535951228178353},"point_estimate":-0.0020034106590556267,"standard_error":0.0008196702247094597}}