{"mean":{"confidence_interval":{"confidence_level":0.95,"lower_bound":0.010421189836077677,"upper_bound":0.014433265005163403},"point_estimate":0.012425392088652787,"standard_error":0.0010132995651745236},"median":{"confidence_interval":{"confidence_level":0.95,"lower_bound":0.011479299174869118,"upper_bound":0.012959384170004862},"point_estimate":0.012309486595718289,"standard_error":0.00037959774099354296}}