{"mean":{"confidence_interval":{"confidence_level":0.95,"lower_bound":0.018338161042417235,"upper_bound":0.032468862496941746},"point_estimate":0.025068584913560343,"standard_error":0.003610707988621452},"median":{"confidence_interval":{"confidence_level":0.95,"lower_bound":0.012585076028637898,"upper_bound":0.032795596277239186},"point_estimate":0.018622133066142244,"standard_error":0.0051197046092929886}}