{"mean":{"confidence_interval":{"confidence_level":0.95,"lower_bound":-0.03647120895258595,"upper_bound":-0.022555192314160828},"point_estimate":-0.029422799036056935,"standard_error":0.0035403112591395887},"median":{"confidence_interval":{"confidence_level":0.95,"lower_bound":-0.034060740407140244,"upper_bound":-0.029648758145496834},"point_estimate":-0.03196064954888489,"standard_error":0.0011223790091832483}}