{"mean":{"confidence_interval":{"confidence_level":0.95,"lower_bound":-0.02728134776847643,"upper_bound":-0.011797915659352011},"point_estimate":-0.019334611499800536,"standard_error":0.003962326595484964},"median":{"confidence_interval":{"confidence_level":0.95,"lower_bound":-0.019013566811073357,"upper_bound":-0.014272137965980591},"point_estimate":-0.016380428401652325,"standard_error":0.0012247364847403827}}