{"mean":{"confidence_interval":{"confidence_level":0.95,"lower_bound":-0.03782113688347651,"upper_bound":-0.015180724894776872},"point_estimate":-0.02533758628241911,"standard_error":0.0058145029308571405},"median":{"confidence_interval":{"confidence_level":0.95,"lower_bound":-0.020678377360044818,"upper_bound":-0.016776201381651146},"point_estimate":-0.01899636614660971,"standard_error":0.0009940023921872036}}