{"mean":{"confidence_interval":{"confidence_level":0.95,"lower_bound":0.05690870942986775,"upper_bound":0.06715796658819959},"point_estimate":0.062183771692125855,"standard_error":0.002599886951406068},"median":{"confidence_interval":{"confidence_level":0.95,"lower_bound":0.06164432610422299,"upper_bound":0.0642542818148942},"point_estimate":0.0629140300427884,"standard_error":0.0006448580754629452}}