{"mean":{"confidence_interval":{"confidence_level":0.95,"lower_bound":0.050023034892614386,"upper_bound":0.08423014990957826},"point_estimate":0.06763847795913724,"standard_error":0.008748839245568771},"median":{"confidence_interval":{"confidence_level":0.95,"lower_bound":0.08422199135809572,"upper_bound":0.09011640735432458},"point_estimate":0.08712490298934306,"standard_error":0.0014908482139868752}}