{"mean":{"confidence_interval":{"confidence_level":0.95,"lower_bound":-0.09575351639702671,"upper_bound":-0.08614388214232452},"point_estimate":-0.09078089306226655,"standard_error":0.0024535093015510493},"median":{"confidence_interval":{"confidence_level":0.95,"lower_bound":-0.08847369243033776,"upper_bound":-0.08435252278684102},"point_estimate":-0.08635456088073323,"standard_error":0.00106277630698209}}