{"mean":{"confidence_interval":{"confidence_level":0.95,"lower_bound":1479570.1842196267,"upper_bound":1483779.2550927366},"point_estimate":1481295.7958981555,"standard_error":1098.8251603434203},"median":{"confidence_interval":{"confidence_level":0.95,"lower_bound":1479045.6734693877,"upper_bound":1480372.0810810812},"point_estimate":1479455.290719697,"standard_error":345.4053222526182},"median_abs_dev":{"confidence_interval":{"confidence_level":0.95,"lower_bound":2303.733240447134,"upper_bound":3794.7075726305493},"point_estimate":3077.765853566654,"standard_error":383.3039872959097},"slope":{"confidence_interval":{"confidence_level":0.95,"lower_bound":1479890.761919565,"upper_bound":1481665.4762604402},"point_estimate":1480680.0562494458,"standard_error":453.6057886672143},"std_dev":{"confidence_interval":{"confidence_level":0.95,"lower_bound":3753.882746087468,"upper_bound":17670.973317422544},"point_estimate":11014.750552158981,"standard_error":4273.3831258028395}}