{"mean":{"confidence_interval":{"confidence_level":0.95,"lower_bound":1455105.4509981459,"upper_bound":1458915.2464345612},"point_estimate":1456691.9038625166,"standard_error":986.9416854205278},"median":{"confidence_interval":{"confidence_level":0.95,"lower_bound":1453988.5405405406,"upper_bound":1455836.1647058823},"point_estimate":1455046.7007389162,"standard_error":374.1968912917001},"median_abs_dev":{"confidence_interval":{"confidence_level":0.95,"lower_bound":2304.7704940820113,"upper_bound":3733.7691837123216},"point_estimate":3174.582888994375,"standard_error":365.06434732847816},"slope":{"confidence_interval":{"confidence_level":0.95,"lower_bound":1454740.0780685733,"upper_bound":1456870.4069335074},"point_estimate":1455696.8213329392,"standard_error":543.4925983595999},"std_dev":{"confidence_interval":{"confidence_level":0.95,"lower_bound":3153.330383122002,"upper_bound":15797.864676859786},"point_estimate":9958.342175329297,"standard_error":3605.5629044339826}}