{"mean":{"confidence_interval":{"confidence_level":0.95,"lower_bound":1519390.1332021817,"upper_bound":1534114.190591695},"point_estimate":1525932.2735678556,"standard_error":3790.649047911923},"median":{"confidence_interval":{"confidence_level":0.95,"lower_bound":1515026.974391481,"upper_bound":1517649.3657159833},"point_estimate":1516580.1168067227,"standard_error":738.3708813904334},"median_abs_dev":{"confidence_interval":{"confidence_level":0.95,"lower_bound":3591.998502895918,"upper_bound":6319.969105538075},"point_estimate":4841.304923908729,"standard_error":668.5146216642337},"slope":{"confidence_interval":{"confidence_level":0.95,"lower_bound":1518591.7952128744,"upper_bound":1532570.792091281},"point_estimate":1524394.7908083345,"standard_error":3648.2535384836897},"std_dev":{"confidence_interval":{"confidence_level":0.95,"lower_bound":16015.230222805005,"upper_bound":53897.610448892374},"point_estimate":38063.85798837473,"standard_error":9453.637772526687}}