{"mean":{"confidence_interval":{"confidence_level":0.95,"lower_bound":1532373.7766281397,"upper_bound":1541170.5211480223},"point_estimate":1536095.989133523,"standard_error":2279.1427913042667},"median":{"confidence_interval":{"confidence_level":0.95,"lower_bound":1530491.3211805555,"upper_bound":1532942.6451612904},"point_estimate":1531477.9785834267,"standard_error":651.8999278555359},"median_abs_dev":{"confidence_interval":{"confidence_level":0.95,"lower_bound":3729.4361265775433,"upper_bound":7055.165525299418},"point_estimate":5320.952396124035,"standard_error":845.0634934308655},"slope":{"confidence_interval":{"confidence_level":0.95,"lower_bound":1530010.6097716226,"upper_bound":1534408.4547741937},"point_estimate":1532114.7689256687,"standard_error":1120.437784476603},"std_dev":{"confidence_interval":{"confidence_level":0.95,"lower_bound":7040.398868313582,"upper_bound":35206.04826369255},"point_estimate":22802.574277163367,"standard_error":7636.998032256672}}