{"mean":{"confidence_interval":{"confidence_level":0.95,"lower_bound":1373399.9239768123,"upper_bound":1378173.53563026},"point_estimate":1375347.8271856443,"standard_error":1251.3574575433845},"median":{"confidence_interval":{"confidence_level":0.95,"lower_bound":1372926.4623971798,"upper_bound":1376070.2448979593},"point_estimate":1373832.36474359,"standard_error":810.6494259089911},"median_abs_dev":{"confidence_interval":{"confidence_level":0.95,"lower_bound":4193.173464646028,"upper_bound":6549.894140417211},"point_estimate":5602.706601944147,"standard_error":587.9908978663902},"slope":{"confidence_interval":{"confidence_level":0.95,"lower_bound":1375335.243620314,"upper_bound":1377724.6618712733},"point_estimate":1376522.8524131817,"standard_error":608.9020642364659},"std_dev":{"confidence_interval":{"confidence_level":0.95,"lower_bound":4836.862122993729,"upper_bound":20203.667011667898},"point_estimate":12520.85547758493,"standard_error":5076.699218277592}}