{"mean":{"confidence_interval":{"confidence_level":0.95,"lower_bound":1537327.7956577481,"upper_bound":1539401.2095805474},"point_estimate":1538296.2178520893,"standard_error":529.9758145849285},"median":{"confidence_interval":{"confidence_level":0.95,"lower_bound":1536640.3553058677,"upper_bound":1538386.348888889},"point_estimate":1537155.7902597403,"standard_error":406.87588140043556},"median_abs_dev":{"confidence_interval":{"confidence_level":0.95,"lower_bound":2413.865934926521,"upper_bound":4046.9609332021346},"point_estimate":3068.1409843799324,"standard_error":412.04553629125905},"slope":{"confidence_interval":{"confidence_level":0.95,"lower_bound":1537306.653831035,"upper_bound":1539537.0495915923},"point_estimate":1538306.5146830205,"standard_error":570.1243802201369},"std_dev":{"confidence_interval":{"confidence_level":0.95,"lower_bound":3427.7102337026595,"upper_bound":7042.021343227779},"point_estimate":5346.109478453245,"standard_error":920.650898559727}}