{"mean":{"confidence_interval":{"confidence_level":0.95,"lower_bound":1334135.438435632,"upper_bound":1337894.0489829541},"point_estimate":1335809.9883997417,"standard_error":969.1703259971024},"median":{"confidence_interval":{"confidence_level":0.95,"lower_bound":1332815.9180327868,"upper_bound":1335396.6666666667},"point_estimate":1334093.099847561,"standard_error":722.282366655339},"median_abs_dev":{"confidence_interval":{"confidence_level":0.95,"lower_bound":3728.164305184478,"upper_bound":5989.663702698474},"point_estimate":5259.819377606784,"standard_error":622.1319852595332},"slope":{"confidence_interval":{"confidence_level":0.95,"lower_bound":1334774.382813208,"upper_bound":1338987.1373984148},"point_estimate":1336605.228296143,"standard_error":1083.2020888834875},"std_dev":{"confidence_interval":{"confidence_level":0.95,"lower_bound":4695.420895103609,"upper_bound":14367.90287194897},"point_estimate":9774.267535486428,"standard_error":2538.609676461577}}