{"mean":{"confidence_interval":{"confidence_level":0.95,"lower_bound":1514526.5652013293,"upper_bound":1519966.9969534492},"point_estimate":1516950.715133367,"standard_error":1391.2846912222542},"median":{"confidence_interval":{"confidence_level":0.95,"lower_bound":1512364.9333333333,"upper_bound":1515951.76},"point_estimate":1514083.0242165243,"standard_error":942.0693520799099},"median_abs_dev":{"confidence_interval":{"confidence_level":0.95,"lower_bound":4858.514608794207,"upper_bound":8017.889838209618},"point_estimate":6050.7045855499055,"standard_error":809.0823648429733},"slope":{"confidence_interval":{"confidence_level":0.95,"lower_bound":1512068.5022086876,"upper_bound":1514913.3348335256},"point_estimate":1513389.6671021131,"standard_error":724.0040206618166},"std_dev":{"confidence_interval":{"confidence_level":0.95,"lower_bound":6688.08267949965,"upper_bound":19857.436738012908},"point_estimate":13948.012466161017,"standard_error":3401.8129109434603}}