{"mean":{"confidence_interval":{"confidence_level":0.95,"lower_bound":1530036.6151615253,"upper_bound":1536133.2398488105},"point_estimate":1532673.2857473171,"standard_error":1572.7417149066573},"median":{"confidence_interval":{"confidence_level":0.95,"lower_bound":1528119.7934243176,"upper_bound":1529958.5128205128},"point_estimate":1529097.7781448204,"standard_error":490.2899273799931},"median_abs_dev":{"confidence_interval":{"confidence_level":0.95,"lower_bound":2629.314019258606,"upper_bound":5813.089171797037},"point_estimate":3976.306118189816,"standard_error":846.1953793589533},"slope":{"confidence_interval":{"confidence_level":0.95,"lower_bound":1529013.8279411304,"upper_bound":1531766.9532248962},"point_estimate":1530265.2831949166,"standard_error":702.3712057858806},"std_dev":{"confidence_interval":{"confidence_level":0.95,"lower_bound":5467.7245658132715,"upper_bound":23668.5321863978},"point_estimate":15732.235341745316,"standard_error":4707.157688785322}}