{"mean":{"confidence_interval":{"confidence_level":0.95,"lower_bound":1524443.5603391854,"upper_bound":1530620.5038968418},"point_estimate":1527319.6268857813,"standard_error":1575.022446361826},"median":{"confidence_interval":{"confidence_level":0.95,"lower_bound":1524741.8823529412,"upper_bound":1530709.012195122},"point_estimate":1528597.8205128205,"standard_error":1575.7018883568896},"median_abs_dev":{"confidence_interval":{"confidence_level":0.95,"lower_bound":7653.589591599375,"upper_bound":12162.62419740362},"point_estimate":9888.291536243705,"standard_error":1155.7958977125893},"slope":{"confidence_interval":{"confidence_level":0.95,"lower_bound":1519152.115380726,"upper_bound":1527932.962565398},"point_estimate":1523311.426389833,"standard_error":2242.707207624779},"std_dev":{"confidence_interval":{"confidence_level":0.95,"lower_bound":9984.260817835371,"upper_bound":22577.481509238285},"point_estimate":15825.010324201648,"standard_error":3659.882665417038}}