{"mean":{"confidence_interval":{"confidence_level":0.95,"lower_bound":1328388.4415103104,"upper_bound":1331167.2876625338},"point_estimate":1329589.8465048259,"standard_error":714.7439045593404},"median":{"confidence_interval":{"confidence_level":0.95,"lower_bound":1327316.5870619947,"upper_bound":1329557.8303225806},"point_estimate":1328345.4236842105,"standard_error":632.5352700765088},"median_abs_dev":{"confidence_interval":{"confidence_level":0.95,"lower_bound":2774.5890142547833,"upper_bound":4375.121222993016},"point_estimate":3554.0387004289637,"standard_error":408.6782161801661},"slope":{"confidence_interval":{"confidence_level":0.95,"lower_bound":1327961.601063241,"upper_bound":1329486.6017495638},"point_estimate":1328724.8397133145,"standard_error":389.6568312164305},"std_dev":{"confidence_interval":{"confidence_level":0.95,"lower_bound":3548.773344069822,"upper_bound":10963.079769446296},"point_estimate":7161.376237574442,"standard_error":2309.6886145128633}}