{"mean":{"confidence_interval":{"confidence_level":0.95,"lower_bound":1531275.8222899882,"upper_bound":1537664.5840434758},"point_estimate":1533888.0681270075,"standard_error":1673.5886690564869},"median":{"confidence_interval":{"confidence_level":0.95,"lower_bound":1529144.04,"upper_bound":1532033.21875},"point_estimate":1530085.6198606272,"standard_error":690.9369609530609},"median_abs_dev":{"confidence_interval":{"confidence_level":0.95,"lower_bound":3557.966840609117,"upper_bound":6473.349185075128},"point_estimate":4384.865452922263,"standard_error":754.4158411884288},"slope":{"confidence_interval":{"confidence_level":0.95,"lower_bound":1528534.1396091029,"upper_bound":1531016.5301137613},"point_estimate":1529672.152995419,"standard_error":632.6011133290513},"std_dev":{"confidence_interval":{"confidence_level":0.95,"lower_bound":6142.533892250467,"upper_bound":27156.09104186234},"point_estimate":16909.14966600792,"standard_error":6719.370117438171}}