{"mean":{"confidence_interval":{"confidence_level":0.95,"lower_bound":1378130.6428982287,"upper_bound":1381996.2473062149},"point_estimate":1379779.1502114746,"standard_error":1005.4481633692394},"median":{"confidence_interval":{"confidence_level":0.95,"lower_bound":1377444.775510204,"upper_bound":1378955.2156862745},"point_estimate":1377989.0657894737,"standard_error":384.1462243966247},"median_abs_dev":{"confidence_interval":{"confidence_level":0.95,"lower_bound":2219.4038708285357,"upper_bound":3878.666839039988},"point_estimate":2890.2728808804445,"standard_error":416.46005577816965},"slope":{"confidence_interval":{"confidence_level":0.95,"lower_bound":1378509.5252238177,"upper_bound":1380490.714999332},"point_estimate":1379403.0633013153,"standard_error":508.9423282404252},"std_dev":{"confidence_interval":{"confidence_level":0.95,"lower_bound":3321.4863021371816,"upper_bound":15833.084389994303},"point_estimate":10135.114346036447,"standard_error":3443.8002284826202}}