{"mean":{"confidence_interval":{"confidence_level":0.95,"lower_bound":1544936.9994750842,"upper_bound":1548997.759915393},"point_estimate":1546760.0792395375,"standard_error":1039.5523189206708},"median":{"confidence_interval":{"confidence_level":0.95,"lower_bound":1543661.9631782945,"upper_bound":1546106.064102564},"point_estimate":1545122.7498979175,"standard_error":667.748118832531},"median_abs_dev":{"confidence_interval":{"confidence_level":0.95,"lower_bound":2971.847088393638,"upper_bound":5162.194679046399},"point_estimate":3647.685642513389,"standard_error":587.7863480747735},"slope":{"confidence_interval":{"confidence_level":0.95,"lower_bound":1545104.2579257498,"upper_bound":1549049.7677351637},"point_estimate":1546875.2099098566,"standard_error":1009.8202478018111},"std_dev":{"confidence_interval":{"confidence_level":0.95,"lower_bound":5459.957984110723,"upper_bound":15186.840006117834},"point_estimate":10463.125837650798,"standard_error":2616.820142830836}}