{"mean":{"confidence_interval":{"confidence_level":0.95,"lower_bound":1524677.495815226,"upper_bound":1532027.5290203593},"point_estimate":1528080.5078297928,"standard_error":1879.7343671438557},"median":{"confidence_interval":{"confidence_level":0.95,"lower_bound":1519840.6842105263,"upper_bound":1524954.6269841269},"point_estimate":1522232.8206896551,"standard_error":1307.4956617780063},"median_abs_dev":{"confidence_interval":{"confidence_level":0.95,"lower_bound":6604.883568991915,"upper_bound":12440.776453625447},"point_estimate":9623.576377860729,"standard_error":1537.4140206205889},"slope":{"confidence_interval":{"confidence_level":0.95,"lower_bound":1518754.3828206114,"upper_bound":1521820.5453581219},"point_estimate":1520127.7461504359,"standard_error":783.2814640582535},"std_dev":{"confidence_interval":{"confidence_level":0.95,"lower_bound":12130.626430651202,"upper_bound":24687.12919833749},"point_estimate":18907.169275643028,"standard_error":3216.4959905457576}}