{"mean":{"confidence_interval":{"confidence_level":0.95,"lower_bound":1543717.020315797,"upper_bound":1548263.3815397117},"point_estimate":1545761.4189470706,"standard_error":1165.0827382241148},"median":{"confidence_interval":{"confidence_level":0.95,"lower_bound":1542940.0666666667,"upper_bound":1545260.1821983275},"point_estimate":1543842.835151515,"standard_error":571.7343510090654},"median_abs_dev":{"confidence_interval":{"confidence_level":0.95,"lower_bound":3269.4765779999093,"upper_bound":5267.140693438983},"point_estimate":4280.23138581444,"standard_error":496.07934074005976},"slope":{"confidence_interval":{"confidence_level":0.95,"lower_bound":1543439.8697309403,"upper_bound":1549196.643533054},"point_estimate":1545771.5627900104,"standard_error":1514.6787959959804},"std_dev":{"confidence_interval":{"confidence_level":0.95,"lower_bound":6048.240039494276,"upper_bound":16297.068023546852},"point_estimate":11722.147415242349,"standard_error":2620.23227335429}}