{"mean":{"confidence_interval":{"confidence_level":0.95,"lower_bound":1334673.273456019,"upper_bound":1339816.370285155},"point_estimate":1336666.4513501206,"standard_error":1379.2104639631254},"median":{"confidence_interval":{"confidence_level":0.95,"lower_bound":1333763.88,"upper_bound":1335119.8881796692},"point_estimate":1334388.4097593583,"standard_error":353.8452234942859},"median_abs_dev":{"confidence_interval":{"confidence_level":0.95,"lower_bound":1759.7224887063428,"upper_bound":3314.372353948924},"point_estimate":2487.4571650634034,"standard_error":406.4248312046073},"slope":{"confidence_interval":{"confidence_level":0.95,"lower_bound":1334436.6040732455,"upper_bound":1335980.3382733807},"point_estimate":1335176.8096881928,"standard_error":392.39204536400376},"std_dev":{"confidence_interval":{"confidence_level":0.95,"lower_bound":3354.897088679439,"upper_bound":22922.289233062587},"point_estimate":13857.923364096743,"standard_error":6338.516178982382}}