{"mean":{"confidence_interval":{"confidence_level":0.95,"lower_bound":1530108.9588075634,"upper_bound":1535753.7310901792},"point_estimate":1532554.3320980927,"standard_error":1458.605468666626},"median":{"confidence_interval":{"confidence_level":0.95,"lower_bound":1529139.3409090908,"upper_bound":1530629.9047619049},"point_estimate":1529724.9081632653,"standard_error":300.3077993921364},"median_abs_dev":{"confidence_interval":{"confidence_level":0.95,"lower_bound":2790.4804480200096,"upper_bound":4867.706410399224},"point_estimate":3661.407364592654,"standard_error":526.9603871189561},"slope":{"confidence_interval":{"confidence_level":0.95,"lower_bound":1529652.3869243776,"upper_bound":1532486.343407159},"point_estimate":1530960.983511157,"standard_error":722.8086141635401},"std_dev":{"confidence_interval":{"confidence_level":0.95,"lower_bound":5405.664125039146,"upper_bound":22395.336439739174},"point_estimate":14690.36972527388,"standard_error":4441.513081810171}}