{"mean":{"confidence_interval":{"confidence_level":0.95,"lower_bound":1544656.7637370168,"upper_bound":1548143.7049428069},"point_estimate":1546234.9752987581,"standard_error":892.2466946707706},"median":{"confidence_interval":{"confidence_level":0.95,"lower_bound":1543874.2666666666,"upper_bound":1546021.0588235294},"point_estimate":1545030.4676767676,"standard_error":561.264451122442},"median_abs_dev":{"confidence_interval":{"confidence_level":0.95,"lower_bound":3154.206560176173,"upper_bound":5682.598114969607},"point_estimate":4452.266754661167,"standard_error":677.9465895657688},"slope":{"confidence_interval":{"confidence_level":0.95,"lower_bound":1544483.8772446678,"upper_bound":1547350.7827871772},"point_estimate":1545847.9564179105,"standard_error":727.8349556090034},"std_dev":{"confidence_interval":{"confidence_level":0.95,"lower_bound":4861.344252436022,"upper_bound":12829.233353709518},"point_estimate":8990.83030832909,"standard_error":2123.3767244766127}}