{"mean":{"confidence_interval":{"confidence_level":0.95,"lower_bound":1521593.6284559595,"upper_bound":1525710.1648930004},"point_estimate":1523449.3393241018,"standard_error":1059.0627481076488},"median":{"confidence_interval":{"confidence_level":0.95,"lower_bound":1519964.3354377104,"upper_bound":1521754.9662068966},"point_estimate":1520778.0380517505,"standard_error":444.9313874727755},"median_abs_dev":{"confidence_interval":{"confidence_level":0.95,"lower_bound":2772.9667407699435,"upper_bound":4964.009482255877},"point_estimate":3834.6123727146564,"standard_error":532.8252822802283},"slope":{"confidence_interval":{"confidence_level":0.95,"lower_bound":1521471.606199608,"upper_bound":1524994.9737977912},"point_estimate":1523097.6999290676,"standard_error":902.8493663221956},"std_dev":{"confidence_interval":{"confidence_level":0.95,"lower_bound":5582.512992867523,"upper_bound":15453.296531282524},"point_estimate":10697.201534341673,"standard_error":2623.8347969487954}}