{"mean":{"confidence_interval":{"confidence_level":0.95,"lower_bound":1477645.6691265958,"upper_bound":1481473.9149029502},"point_estimate":1479337.6770829197,"standard_error":987.8096228600099},"median":{"confidence_interval":{"confidence_level":0.95,"lower_bound":1477140.0333333334,"upper_bound":1478310.8842105262},"point_estimate":1477820.3074108819,"standard_error":279.68719703348864},"median_abs_dev":{"confidence_interval":{"confidence_level":0.95,"lower_bound":2109.35229569708,"upper_bound":3557.257326234357},"point_estimate":2660.1160795910187,"standard_error":368.1394394292961},"slope":{"confidence_interval":{"confidence_level":0.95,"lower_bound":1477291.3671563645,"upper_bound":1478892.997107722},"point_estimate":1478007.867982858,"standard_error":408.87062833013897},"std_dev":{"confidence_interval":{"confidence_level":0.95,"lower_bound":3816.8404947599397,"upper_bound":14856.096964825989},"point_estimate":9961.384313982915,"standard_error":2847.4601411711506}}