{"mean":{"confidence_interval":{"confidence_level":0.95,"lower_bound":1527614.8368879168,"upper_bound":1537406.297494739},"point_estimate":1532384.1480002392,"standard_error":2500.277774238402},"median":{"confidence_interval":{"confidence_level":0.95,"lower_bound":1518145.6597938144,"upper_bound":1543103.6350574712},"point_estimate":1539265.4626193,"standard_error":4977.4841367565095},"median_abs_dev":{"confidence_interval":{"confidence_level":0.95,"lower_bound":13539.008623427953,"upper_bound":39488.65277830158},"point_estimate":24976.630258740413,"standard_error":7250.063742734286},"slope":{"confidence_interval":{"confidence_level":0.95,"lower_bound":1511874.6748336905,"upper_bound":1518290.7741816638},"point_estimate":1514709.3179193144,"standard_error":1637.516963695393},"std_dev":{"confidence_interval":{"confidence_level":0.95,"lower_bound":20684.127297145507,"upper_bound":30806.007686899233},"point_estimate":25119.632478846546,"standard_error":2794.1959684909675}}