{"mean":{"confidence_interval":{"confidence_level":0.95,"lower_bound":1524940.4637804641,"upper_bound":1527879.1187382105},"point_estimate":1526305.9669240147,"standard_error":751.1267279218513},"median":{"confidence_interval":{"confidence_level":0.95,"lower_bound":1524067.0342667648,"upper_bound":1525618.6530612244},"point_estimate":1524760.0572670428,"standard_error":395.0483002284014},"median_abs_dev":{"confidence_interval":{"confidence_level":0.95,"lower_bound":2448.0937865376586,"upper_bound":4198.351536218545},"point_estimate":3368.51166849757,"standard_error":451.3483174438612},"slope":{"confidence_interval":{"confidence_level":0.95,"lower_bound":1525097.2948902498,"upper_bound":1529288.9114504873},"point_estimate":1526948.7694753953,"standard_error":1078.9607889952315},"std_dev":{"confidence_interval":{"confidence_level":0.95,"lower_bound":4648.324005898313,"upper_bound":9910.519199730608},"point_estimate":7535.79579383424,"standard_error":1346.9159691202167}}