{"mean":{"confidence_interval":{"confidence_level":0.95,"lower_bound":1524760.1634431882,"upper_bound":1529146.8031744503},"point_estimate":1526983.1809438958,"standard_error":1117.3781032172408},"median":{"confidence_interval":{"confidence_level":0.95,"lower_bound":1525836.5611111112,"upper_bound":1529636.5441767068},"point_estimate":1527659.730277313,"standard_error":1024.751416986632},"median_abs_dev":{"confidence_interval":{"confidence_level":0.95,"lower_bound":4737.992525838924,"upper_bound":8732.678502904893},"point_estimate":6298.131855215204,"standard_error":1009.678060135212},"slope":{"confidence_interval":{"confidence_level":0.95,"lower_bound":1523719.2310629769,"upper_bound":1529269.2098809252},"point_estimate":1526556.2207300132,"standard_error":1411.9539492600538},"std_dev":{"confidence_interval":{"confidence_level":0.95,"lower_bound":8584.908622779496,"upper_bound":13721.05163064086},"point_estimate":11266.516560970487,"standard_error":1308.6591017815424}}