{"mean":{"confidence_interval":{"confidence_level":0.95,"lower_bound":1522429.0428078943,"upper_bound":1528808.8574827998},"point_estimate":1524913.9242022173,"standard_error":1713.025017647077},"median":{"confidence_interval":{"confidence_level":0.95,"lower_bound":1520791.0102040817,"upper_bound":1523190.375156055},"point_estimate":1522198.3985507246,"standard_error":648.2583530369717},"median_abs_dev":{"confidence_interval":{"confidence_level":0.95,"lower_bound":3563.8858508191724,"upper_bound":6123.344412550629},"point_estimate":4902.026228926226,"standard_error":680.6218391762951},"slope":{"confidence_interval":{"confidence_level":0.95,"lower_bound":1522737.5395020575,"upper_bound":1525254.6828693275},"point_estimate":1523956.7072912664,"standard_error":643.1252419849477},"std_dev":{"confidence_interval":{"confidence_level":0.95,"lower_bound":4716.110897971513,"upper_bound":28496.034216842723},"point_estimate":17225.120685516205,"standard_error":7947.760461191448}}