{"mean":{"confidence_interval":{"confidence_level":0.95,"lower_bound":1381932.2602004176,"upper_bound":1386756.291109891},"point_estimate":1383780.1694768653,"standard_error":1310.7754503801557},"median":{"confidence_interval":{"confidence_level":0.95,"lower_bound":1381483.0555555555,"upper_bound":1383307.84},"point_estimate":1382469.88125,"standard_error":446.27331896322215},"median_abs_dev":{"confidence_interval":{"confidence_level":0.95,"lower_bound":3099.537291344272,"upper_bound":4766.119153818204},"point_estimate":3866.9866440560654,"standard_error":424.66274817443116},"slope":{"confidence_interval":{"confidence_level":0.95,"lower_bound":1381450.4923417778,"upper_bound":1383135.496536459},"point_estimate":1382273.5850391607,"standard_error":430.5936153460899},"std_dev":{"confidence_interval":{"confidence_level":0.95,"lower_bound":3489.267806334188,"upper_bound":22046.829999062527},"point_estimate":13217.69179240815,"standard_error":6360.119712298961}}