{"mean":{"confidence_interval":{"confidence_level":0.95,"lower_bound":1523813.3473312394,"upper_bound":1530655.8554046506},"point_estimate":1526767.1194012386,"standard_error":1773.1222229285079},"median":{"confidence_interval":{"confidence_level":0.95,"lower_bound":1521217.8125,"upper_bound":1524460.18},"point_estimate":1522479.6936507937,"standard_error":758.9675731359488},"median_abs_dev":{"confidence_interval":{"confidence_level":0.95,"lower_bound":3642.7908669064054,"upper_bound":6750.44423980101},"point_estimate":5402.117282168161,"standard_error":776.6928183088958},"slope":{"confidence_interval":{"confidence_level":0.95,"lower_bound":1520706.465705381,"upper_bound":1531312.7975935915},"point_estimate":1524415.2483522978,"standard_error":2952.894685445555},"std_dev":{"confidence_interval":{"confidence_level":0.95,"lower_bound":6273.463274256288,"upper_bound":27564.272892046178},"point_estimate":17909.020400351357,"standard_error":5739.74231546479}}