{"mean":{"confidence_interval":{"confidence_level":0.95,"lower_bound":1555553.2811520295,"upper_bound":1559689.9812830982},"point_estimate":1557434.6176433954,"standard_error":1059.6840587523618},"median":{"confidence_interval":{"confidence_level":0.95,"lower_bound":1554746.8666666667,"upper_bound":1557449.4772727273},"point_estimate":1556351.453125,"standard_error":742.9926377058679},"median_abs_dev":{"confidence_interval":{"confidence_level":0.95,"lower_bound":3749.2987766184697,"upper_bound":6649.992782910842},"point_estimate":5541.304613386863,"standard_error":740.7228568327824},"slope":{"confidence_interval":{"confidence_level":0.95,"lower_bound":1555531.24112022,"upper_bound":1558865.3931561264},"point_estimate":1557066.9664134772,"standard_error":853.7450499048432},"std_dev":{"confidence_interval":{"confidence_level":0.95,"lower_bound":5644.576222191276,"upper_bound":15067.547980507909},"point_estimate":10633.394406380017,"standard_error":2421.313699541039}}