{"mean":{"confidence_interval":{"confidence_level":0.95,"lower_bound":1352049.5579283908,"upper_bound":1364088.901912556},"point_estimate":1357091.85098663,"standard_error":3124.0108520432136},"median":{"confidence_interval":{"confidence_level":0.95,"lower_bound":1350365.4285714286,"upper_bound":1352002.862700229},"point_estimate":1351345.5804511278,"standard_error":400.15840507585784},"median_abs_dev":{"confidence_interval":{"confidence_level":0.95,"lower_bound":3031.389799515414,"upper_bound":5865.843594402224},"point_estimate":4672.545535286608,"standard_error":707.1164648781546},"slope":{"confidence_interval":{"confidence_level":0.95,"lower_bound":1351159.780203736,"upper_bound":1372564.5990128065},"point_estimate":1359407.3301581203,"standard_error":5717.269567318123},"std_dev":{"confidence_interval":{"confidence_level":0.95,"lower_bound":6160.855649349069,"upper_bound":50112.55876714069},"point_estimate":31460.121038295703,"standard_error":11345.129043830068}}