{"mean":{"confidence_interval":{"confidence_level":0.95,"lower_bound":0.6361375946567461,"upper_bound":0.6458582367549869},"point_estimate":0.6409197355780829,"standard_error":0.0024838305363326023},"median":{"confidence_interval":{"confidence_level":0.95,"lower_bound":0.6311498587298917,"upper_bound":0.6432149415239699},"point_estimate":0.6365036493129856,"standard_error":0.0030338535747167846}}