{"mean":{"confidence_interval":{"confidence_level":0.95,"lower_bound":-0.043208681138259764,"upper_bound":-0.02863833570854354},"point_estimate":-0.035958490911087604,"standard_error":0.003719349009003968},"median":{"confidence_interval":{"confidence_level":0.95,"lower_bound":-0.05264579023335625,"upper_bound":-0.035186286691832325},"point_estimate":-0.04490065348478445,"standard_error":0.004529769266535533}}