{"mean":{"confidence_interval":{"confidence_level":0.95,"lower_bound":-0.02505938046589684,"upper_bound":-0.01377101510493222},"point_estimate":-0.019004758302658464,"standard_error":0.002880008567747229},"median":{"confidence_interval":{"confidence_level":0.95,"lower_bound":-0.019137241582795506,"upper_bound":-0.009867285662892855},"point_estimate":-0.014282998385274581,"standard_error":0.0023914909164155277}}