{"mean":{"confidence_interval":{"confidence_level":0.95,"lower_bound":0.006932867036941172,"upper_bound":0.014139617268879233},"point_estimate":0.01047054187177654,"standard_error":0.0018296822515157063},"median":{"confidence_interval":{"confidence_level":0.95,"lower_bound":0.007145542179443742,"upper_bound":0.01436042419084882},"point_estimate":0.010159567100968436,"standard_error":0.0017797915814256164}}