{"mean":{"confidence_interval":{"confidence_level":0.95,"lower_bound":0.0003643203473197916,"upper_bound":0.006003943942295586},"point_estimate":0.003299191010453617,"standard_error":0.001451893965974943},"median":{"confidence_interval":{"confidence_level":0.95,"lower_bound":0.0009130720454957331,"upper_bound":0.007650585366911988},"point_estimate":0.0042985094165362,"standard_error":0.0017278039799684289}}