{"mean":{"confidence_interval":{"confidence_level":0.95,"lower_bound":0.009035780741559222,"upper_bound":0.020293906889354212},"point_estimate":0.014856783239005411,"standard_error":0.0028873127044980406},"median":{"confidence_interval":{"confidence_level":0.95,"lower_bound":0.0034578948369969583,"upper_bound":0.018465501894848746},"point_estimate":0.009777735718951241,"standard_error":0.003662886894463259}}