{"mean":{"confidence_interval":{"confidence_level":0.95,"lower_bound":-0.005992280042528275,"upper_bound":0.003995894142008114},"point_estimate":-0.0011796971660251732,"standard_error":0.002555778252868887},"median":{"confidence_interval":{"confidence_level":0.95,"lower_bound":-0.00561789589414019,"upper_bound":0.001124425237608806},"point_estimate":-0.0017769502925794045,"standard_error":0.0016539341205872042}}