{"mean":{"confidence_interval":{"confidence_level":0.95,"lower_bound":0.43631753743318796,"upper_bound":0.4614344029082237},"point_estimate":0.45002429278457035,"standard_error":0.006401191320505415},"median":{"confidence_interval":{"confidence_level":0.95,"lower_bound":0.45230581031890926,"upper_bound":0.46050696565008664},"point_estimate":0.457160288288043,"standard_error":0.002075752327101688}}