{"mean":{"confidence_interval":{"confidence_level":0.95,"lower_bound":-0.3102914811648363,"upper_bound":-0.29939930560359473},"point_estimate":-0.30516653772507607,"standard_error":0.0027546601041744247},"median":{"confidence_interval":{"confidence_level":0.95,"lower_bound":-0.3096478282709798,"upper_bound":-0.305900858497943},"point_estimate":-0.30790959194886225,"standard_error":0.000970085981344806}}