{"mean":{"confidence_interval":{"confidence_level":0.95,"lower_bound":0.0027861321035691626,"upper_bound":0.01297222020802678},"point_estimate":0.008440902740249667,"standard_error":0.0026105195793383273},"median":{"confidence_interval":{"confidence_level":0.95,"lower_bound":0.008959412610525463,"upper_bound":0.013756726639626349},"point_estimate":0.011354095111861806,"standard_error":0.0012356686673116253}}