{"mean":{"confidence_interval":{"confidence_level":0.95,"lower_bound":0.01966918448184396,"upper_bound":0.03240587189220218},"point_estimate":0.025929661697429163,"standard_error":0.0032453013058741436},"median":{"confidence_interval":{"confidence_level":0.95,"lower_bound":0.033352662029279445,"upper_bound":0.04407424329218701},"point_estimate":0.03845684523557402,"standard_error":0.002666799800065811}}