{"mean":{"confidence_interval":{"confidence_level":0.95,"lower_bound":0.0013559905349359834,"upper_bound":0.013660010413426809},"point_estimate":0.007318777004675647,"standard_error":0.00312867331635817},"median":{"confidence_interval":{"confidence_level":0.95,"lower_bound":-0.009082124679654024,"upper_bound":0.00705745640767646},"point_estimate":-0.0011172732665337692,"standard_error":0.003978499454326019}}