{"mean":{"confidence_interval":{"confidence_level":0.95,"lower_bound":-0.010666057094137432,"upper_bound":-0.0005779979462069001},"point_estimate":-0.0057639685501436055,"standard_error":0.002559444848201631},"median":{"confidence_interval":{"confidence_level":0.95,"lower_bound":-0.012270893136324568,"upper_bound":-0.004338933452618409},"point_estimate":-0.008583851396090747,"standard_error":0.0020114379327284865}}