{"mean":{"confidence_interval":{"confidence_level":0.95,"lower_bound":-0.030973864825281652,"upper_bound":-0.020548150722531515},"point_estimate":-0.025959919929331998,"standard_error":0.0026574628721977183},"median":{"confidence_interval":{"confidence_level":0.95,"lower_bound":-0.03314659791986907,"upper_bound":-0.022419675030282193},"point_estimate":-0.027190483919409147,"standard_error":0.0028521086569777525}}