{"mean":{"confidence_interval":{"confidence_level":0.95,"lower_bound":-0.0017874559327831607,"upper_bound":0.003588501142269644},"point_estimate":0.0009096738461111809,"standard_error":0.0013792371224315484},"median":{"confidence_interval":{"confidence_level":0.95,"lower_bound":-0.002107904781374903,"upper_bound":0.003071977265855619},"point_estimate":0.00014017967155410815,"standard_error":0.0013414424424224526}}