{"mean":{"confidence_interval":{"confidence_level":0.95,"lower_bound":-0.002864731206933662,"upper_bound":0.005125742681824321},"point_estimate":0.001019076839011479,"standard_error":0.0020489412467520453},"median":{"confidence_interval":{"confidence_level":0.95,"lower_bound":-0.002604231155250658,"upper_bound":0.005521727911394825},"point_estimate":0.001648298077057353,"standard_error":0.0020096250353955278}}