{"mean":{"confidence_interval":{"confidence_level":0.95,"lower_bound":-0.08246506846263847,"upper_bound":-0.07789202250683698},"point_estimate":-0.08031164965873905,"standard_error":0.0011617949094234678},"median":{"confidence_interval":{"confidence_level":0.95,"lower_bound":-0.08288909876489192,"upper_bound":-0.07905121255662706},"point_estimate":-0.08103553416044895,"standard_error":0.0010186986439694211}}