{"mean":{"confidence_interval":{"confidence_level":0.95,"lower_bound":0.03247483157000314,"upper_bound":0.056328125921939996},"point_estimate":0.043824667525556915,"standard_error":0.00631152435129661},"median":{"confidence_interval":{"confidence_level":0.95,"lower_bound":0.011415231458833164,"upper_bound":0.021640690419951956},"point_estimate":0.014550029036625167,"standard_error":0.0024308152697457316}}