{"mean":{"confidence_interval":{"confidence_level":0.95,"lower_bound":-0.0009011139087485951,"upper_bound":0.00548110594090324},"point_estimate":0.002463815727554053,"standard_error":0.0016293094143817843},"median":{"confidence_interval":{"confidence_level":0.95,"lower_bound":-0.00037376912985676025,"upper_bound":0.00564440294330093},"point_estimate":0.0022919221910528975,"standard_error":0.001522238476045109}}