{"mean":{"confidence_interval":{"confidence_level":0.95,"lower_bound":-0.09053849196585878,"upper_bound":-0.08027326704412124},"point_estimate":-0.08540198282500777,"standard_error":0.0026203590806305665},"median":{"confidence_interval":{"confidence_level":0.95,"lower_bound":-0.08843232395936718,"upper_bound":-0.07830888580273476},"point_estimate":-0.08398303199318058,"standard_error":0.0025652854097342813}}