{"mean":{"confidence_interval":{"confidence_level":0.95,"lower_bound":-0.02552690856561111,"upper_bound":-0.00032464161843610904},"point_estimate":-0.010174265521588066,"standard_error":0.006871051030473732},"median":{"confidence_interval":{"confidence_level":0.95,"lower_bound":-0.0065811921563773135,"upper_bound":-0.0022672788617122963},"point_estimate":-0.004445945099216031,"standard_error":0.001112423170973206}}