{"mean":{"confidence_interval":{"confidence_level":0.95,"lower_bound":0.3286763761687305,"upper_bound":0.34385118028241274},"point_estimate":0.3365479842142145,"standard_error":0.0037385772319751685},"median":{"confidence_interval":{"confidence_level":0.95,"lower_bound":0.3432938067725234,"upper_bound":0.3606815742501679},"point_estimate":0.3570120612398786,"standard_error":0.004742052957861926}}