{"mean":{"confidence_interval":{"confidence_level":0.95,"lower_bound":-0.04109737012859968,"upper_bound":-0.03322693427808084},"point_estimate":-0.03743700088793411,"standard_error":0.002006874516826859},"median":{"confidence_interval":{"confidence_level":0.95,"lower_bound":-0.04137062918015566,"upper_bound":-0.0364736253302822},"point_estimate":-0.039242289978922096,"standard_error":0.0012305930832744872}}