{"mean":{"confidence_interval":{"confidence_level":0.95,"lower_bound":0.43934410645311833,"upper_bound":0.46805482110607755},"point_estimate":0.4538235442963494,"standard_error":0.007346398399623904},"median":{"confidence_interval":{"confidence_level":0.95,"lower_bound":0.44852199350316124,"upper_bound":0.48180078225699585},"point_estimate":0.46865733542261134,"standard_error":0.007941146104808193}}