{"mean":{"confidence_interval":{"confidence_level":0.95,"lower_bound":0.30329288831113393,"upper_bound":0.34906381600226777},"point_estimate":0.32592696715914937,"standard_error":0.011712373954317788},"median":{"confidence_interval":{"confidence_level":0.95,"lower_bound":0.2648591194938283,"upper_bound":0.44678126231515813},"point_estimate":0.27471758982740946,"standard_error":0.038322366522529586}}