{"mean":{"confidence_interval":{"confidence_level":0.95,"lower_bound":0.10164603031815972,"upper_bound":0.12717262863855575},"point_estimate":0.11514452785972007,"standard_error":0.006103822570508925},"median":{"confidence_interval":{"confidence_level":0.95,"lower_bound":0.1431838846345772,"upper_bound":0.14898650461183682},"point_estimate":0.14566267030072888,"standard_error":0.0014479322797022417}}