{"mean":{"confidence_interval":{"confidence_level":0.95,"lower_bound":0.001694700094031837,"upper_bound":0.016678093905440918},"point_estimate":0.008470877190509096,"standard_error":0.0039779988036390684},"median":{"confidence_interval":{"confidence_level":0.95,"lower_bound":0.0013861868031019148,"upper_bound":0.006555263922532584},"point_estimate":0.003380755023246529,"standard_error":0.0013474292160224933}}