{"mean":{"confidence_interval":{"confidence_level":0.95,"lower_bound":-0.005195184620104282,"upper_bound":0.02283646473645268},"point_estimate":0.008764176150470648,"standard_error":0.007114535120523682},"median":{"confidence_interval":{"confidence_level":0.95,"lower_bound":-0.00362389775633698,"upper_bound":0.007270449004503465},"point_estimate":0.001734867662133821,"standard_error":0.0025588124297730172}}