{"mean":{"confidence_interval":{"confidence_level":0.95,"lower_bound":0.08442882566259677,"upper_bound":0.09545055742963701},"point_estimate":0.08995482220729634,"standard_error":0.002820172767032415},"median":{"confidence_interval":{"confidence_level":0.95,"lower_bound":0.08651470210359664,"upper_bound":0.09338147696456645},"point_estimate":0.08972373150195256,"standard_error":0.0018193888706644719}}