{"mean":{"confidence_interval":{"confidence_level":0.95,"lower_bound":0.0035836365155804462,"upper_bound":0.015166806105628256},"point_estimate":0.009317220943375837,"standard_error":0.0029507463506300334},"median":{"confidence_interval":{"confidence_level":0.95,"lower_bound":-0.0027314291111454336,"upper_bound":0.010462135924395044},"point_estimate":0.002822584378929127,"standard_error":0.0032887680542304804}}