{"mean":{"confidence_interval":{"confidence_level":0.95,"lower_bound":-0.02018673794033403,"upper_bound":-0.011397382419002568},"point_estimate":-0.015965574660212423,"standard_error":0.002249168653780011},"median":{"confidence_interval":{"confidence_level":0.95,"lower_bound":-0.018831573505018073,"upper_bound":-0.005632375509851406},"point_estimate":-0.011969905371470357,"standard_error":0.0034211324322097176}}