{"mean":{"confidence_interval":{"confidence_level":0.95,"lower_bound":-0.09993465049302727,"upper_bound":-0.07308279158651755},"point_estimate":-0.08934789001775134,"standard_error":0.0074455409081259855},"median":{"confidence_interval":{"confidence_level":0.95,"lower_bound":-0.10218417830798254,"upper_bound":-0.09431546592999651},"point_estimate":-0.09955871127566218,"standard_error":0.0021599933951588113}}