{"mean":{"confidence_interval":{"confidence_level":0.95,"lower_bound":-0.032870455676632236,"upper_bound":-0.01968468018003655},"point_estimate":-0.027270430540476842,"standard_error":0.003529310012010699},"median":{"confidence_interval":{"confidence_level":0.95,"lower_bound":-0.03895463520280895,"upper_bound":-0.025882669297633498},"point_estimate":-0.031872865608270406,"standard_error":0.003398778173743277}}