{"mean":{"confidence_interval":{"confidence_level":0.95,"lower_bound":-0.11711939375220239,"upper_bound":-0.10793372750208485},"point_estimate":-0.11270268755868407,"standard_error":0.0023291728208702472},"median":{"confidence_interval":{"confidence_level":0.95,"lower_bound":-0.11983655039471552,"upper_bound":-0.11206382417550731},"point_estimate":-0.11619210407397595,"standard_error":0.0019600477605387486}}