{"mean":{"confidence_interval":{"confidence_level":0.95,"lower_bound":-0.027441446813089052,"upper_bound":-0.016851966915588525},"point_estimate":-0.021921678153381197,"standard_error":0.002702142179298781},"median":{"confidence_interval":{"confidence_level":0.95,"lower_bound":-0.026456377240320905,"upper_bound":-0.015373216524278477},"point_estimate":-0.021659108900560886,"standard_error":0.0028354706815704265}}