{"mean":{"confidence_interval":{"confidence_level":0.95,"lower_bound":-0.006490627268793075,"upper_bound":0.00013037505148220528},"point_estimate":-0.003098635751585088,"standard_error":0.0016775794319863052},"median":{"confidence_interval":{"confidence_level":0.95,"lower_bound":-0.0056869327002447845,"upper_bound":0.00027583165299138734},"point_estimate":-0.0025748951098533146,"standard_error":0.0013870709087271896}}