{"mean":{"confidence_interval":{"confidence_level":0.95,"lower_bound":0.09298127530886824,"upper_bound":0.10104050665989756},"point_estimate":0.09693234836045295,"standard_error":0.0020547808707456084},"median":{"confidence_interval":{"confidence_level":0.95,"lower_bound":0.089965354582445,"upper_bound":0.10060112145703282},"point_estimate":0.09556728566512263,"standard_error":0.0026031353582061374}}