{"mean":{"confidence_interval":{"confidence_level":0.95,"lower_bound":1.8207749454438567,"upper_bound":1.8523493097656205},"point_estimate":1.8365560810260515,"standard_error":0.00803761456491188},"median":{"confidence_interval":{"confidence_level":0.95,"lower_bound":1.8373157329623804,"upper_bound":1.8636463208392455},"point_estimate":1.853392735134583,"standard_error":0.006901383796395331}}