{"mean":{"confidence_interval":{"confidence_level":0.95,"lower_bound":0.01725293595611873,"upper_bound":0.02939837591811891},"point_estimate":0.022660033643835842,"standard_error":0.003138501628635266},"median":{"confidence_interval":{"confidence_level":0.95,"lower_bound":0.011543563004141166,"upper_bound":0.02154874315910747},"point_estimate":0.0172833053284267,"standard_error":0.0025503083755608865}}