{"mean":{"confidence_interval":{"confidence_level":0.95,"lower_bound":-0.035198817333995595,"upper_bound":-0.02535034721765017},"point_estimate":-0.03040702297867126,"standard_error":0.0025093947975090582},"median":{"confidence_interval":{"confidence_level":0.95,"lower_bound":-0.040993991396511276,"upper_bound":-0.02348072150960212},"point_estimate":-0.032890640491064826,"standard_error":0.004674528235334177}}