{"mean":{"confidence_interval":{"confidence_level":0.95,"lower_bound":-0.24343227395454484,"upper_bound":-0.22490372892419405},"point_estimate":-0.233461555419475,"standard_error":0.004950842643469431},"median":{"confidence_interval":{"confidence_level":0.95,"lower_bound":-0.26912184983971943,"upper_bound":-0.2091650302215533},"point_estimate":-0.2648421345555677,"standard_error":0.015590632034480346}}