{"mean":{"confidence_interval":{"confidence_level":0.95,"lower_bound":0.0045920844615398694,"upper_bound":0.016944167255067713},"point_estimate":0.010564664406566227,"standard_error":0.003140330425575907},"median":{"confidence_interval":{"confidence_level":0.95,"lower_bound":0.003233279453876081,"upper_bound":0.013172579341401036},"point_estimate":0.007402074133772363,"standard_error":0.0025888358432211347}}