{"mean":{"confidence_interval":{"confidence_level":0.95,"lower_bound":0.004749176409148265,"upper_bound":0.01097555589804674},"point_estimate":0.007634538449402983,"standard_error":0.0015967129612724316},"median":{"confidence_interval":{"confidence_level":0.95,"lower_bound":0.0033792914189552103,"upper_bound":0.009429683541137823},"point_estimate":0.006405798191459144,"standard_error":0.0014740276268821108}}