{"mean":{"confidence_interval":{"confidence_level":0.95,"lower_bound":-0.014573122737876927,"upper_bound":-0.0026040371464989423},"point_estimate":-0.009099173003679906,"standard_error":0.0030686844410656054},"median":{"confidence_interval":{"confidence_level":0.95,"lower_bound":-0.015506313943653649,"upper_bound":-0.008401034092561876},"point_estimate":-0.012369417635334279,"standard_error":0.0017801791104451869}}