{"mean":{"confidence_interval":{"confidence_level":0.95,"lower_bound":9362.448227045894,"upper_bound":9409.227009395147},"point_estimate":9385.593017075935,"standard_error":11.963045140576403},"median":{"confidence_interval":{"confidence_level":0.95,"lower_bound":9319.588235294117,"upper_bound":9435.170595533498},"point_estimate":9346.984406081272,"standard_error":33.889576740959626},"median_abs_dev":{"confidence_interval":{"confidence_level":0.95,"lower_bound":90.524566496047,"upper_bound":162.63956673828375},"point_estimate":139.2892951813577,"standard_error":18.603724564802466},"slope":{"confidence_interval":{"confidence_level":0.95,"lower_bound":9324.1395680054,"upper_bound":9362.839927051104},"point_estimate":9341.462819043976,"standard_error":9.837566170553734},"std_dev":{"confidence_interval":{"confidence_level":0.95,"lower_bound":105.52217401839768,"upper_bound":134.6274118785714},"point_estimate":120.27490224894407,"standard_error":7.469061943393344}}