{"mean":{"confidence_interval":{"confidence_level":0.95,"lower_bound":9352.574844887036,"upper_bound":9406.771667796496},"point_estimate":9379.454754873417,"standard_error":13.826823855373984},"median":{"confidence_interval":{"confidence_level":0.95,"lower_bound":9337.58671875,"upper_bound":9431.514923978066},"point_estimate":9401.096398682337,"standard_error":29.09319422760136},"median_abs_dev":{"confidence_interval":{"confidence_level":0.95,"lower_bound":107.07161322065583,"upper_bound":171.99887600120707},"point_estimate":138.27548339070867,"standard_error":16.1230695368056},"slope":{"confidence_interval":{"confidence_level":0.95,"lower_bound":9301.636676299931,"upper_bound":9356.431290376035},"point_estimate":9325.348622727945,"standard_error":14.016686531224517},"std_dev":{"confidence_interval":{"confidence_level":0.95,"lower_bound":110.64054902279959,"upper_bound":168.60563256619642},"point_estimate":138.43138612184873,"standard_error":15.057156369406949}}