{"mean":{"confidence_interval":{"confidence_level":0.95,"lower_bound":9477.118934495657,"upper_bound":9529.188927997378},"point_estimate":9503.758934587639,"standard_error":13.299732980471159},"median":{"confidence_interval":{"confidence_level":0.95,"lower_bound":9526.038360235023,"upper_bound":9554.535523300228},"point_estimate":9538.214045618246,"standard_error":7.888719242987707},"median_abs_dev":{"confidence_interval":{"confidence_level":0.95,"lower_bound":54.69823715789812,"upper_bound":104.811200786289},"point_estimate":79.78827546489575,"standard_error":12.776165536935189},"slope":{"confidence_interval":{"confidence_level":0.95,"lower_bound":9532.665515130893,"upper_bound":9559.057244164424},"point_estimate":9545.006281348065,"standard_error":6.727805030165831},"std_dev":{"confidence_interval":{"confidence_level":0.95,"lower_bound":111.04785572580008,"upper_bound":152.85662681055214},"point_estimate":133.69635866443022,"standard_error":10.681835418369896}}