{"mean":{"confidence_interval":{"confidence_level":0.95,"lower_bound":8178.1271661060855,"upper_bound":8246.483333038734},"point_estimate":8209.706694715163,"standard_error":17.491389416622845},"median":{"confidence_interval":{"confidence_level":0.95,"lower_bound":8170.0158033362595,"upper_bound":8223.100840336134},"point_estimate":8182.184311648389,"standard_error":14.979510627930138},"median_abs_dev":{"confidence_interval":{"confidence_level":0.95,"lower_bound":69.71197017723924,"upper_bound":114.48566325144817},"point_estimate":91.35255998708983,"standard_error":11.218275620470365},"slope":{"confidence_interval":{"confidence_level":0.95,"lower_bound":8170.130413980344,"upper_bound":8234.276141560998},"point_estimate":8194.928068220343,"standard_error":16.878836994879116},"std_dev":{"confidence_interval":{"confidence_level":0.95,"lower_bound":102.15397297230398,"upper_bound":252.34326137667603},"point_estimate":175.90125399272426,"standard_error":40.964343442797556}}