{"mean":{"confidence_interval":{"confidence_level":0.95,"lower_bound":7532.243685335826,"upper_bound":7613.0220388166745},"point_estimate":7572.430282560743,"standard_error":20.580390852274327},"median":{"confidence_interval":{"confidence_level":0.95,"lower_bound":7582.222222222223,"upper_bound":7610.855758041242},"point_estimate":7594.907162954981,"standard_error":7.311789081744739},"median_abs_dev":{"confidence_interval":{"confidence_level":0.95,"lower_bound":50.287197693148585,"upper_bound":89.53327852207809},"point_estimate":69.57193950997346,"standard_error":10.097125220167245},"slope":{"confidence_interval":{"confidence_level":0.95,"lower_bound":7597.919998817343,"upper_bound":7648.02423615747},"point_estimate":7618.9059619394775,"standard_error":12.937951125491608},"std_dev":{"confidence_interval":{"confidence_level":0.95,"lower_bound":147.29123720885005,"upper_bound":263.0018526697248},"point_estimate":207.35914964497323,"standard_error":29.71234097836371}}