{"mean":{"confidence_interval":{"confidence_level":0.95,"lower_bound":9516.991988836311,"upper_bound":9555.812308150234},"point_estimate":9536.519825040756,"standard_error":9.870356683985024},"median":{"confidence_interval":{"confidence_level":0.95,"lower_bound":9497.109862671661,"upper_bound":9559.605442176871},"point_estimate":9524.218875260543,"standard_error":19.371775120600002},"median_abs_dev":{"confidence_interval":{"confidence_level":0.95,"lower_bound":72.20339090563311,"upper_bound":110.90774452840091},"point_estimate":89.2008860800575,"standard_error":9.745325488793998},"slope":{"confidence_interval":{"confidence_level":0.95,"lower_bound":9479.097728458268,"upper_bound":9501.753673820609},"point_estimate":9489.714937687799,"standard_error":5.778392510101659},"std_dev":{"confidence_interval":{"confidence_level":0.95,"lower_bound":80.84013220059259,"upper_bound":116.33030605401308},"point_estimate":98.90373125641823,"standard_error":9.084194160411139}}