{"mean":{"confidence_interval":{"confidence_level":0.95,"lower_bound":10452.91402484326,"upper_bound":10486.592677688303},"point_estimate":10469.510395188048,"standard_error":8.56684369005957},"median":{"confidence_interval":{"confidence_level":0.95,"lower_bound":10454.556561085972,"upper_bound":10482.335784313726},"point_estimate":10476.230166642928,"standard_error":6.852173974472917},"median_abs_dev":{"confidence_interval":{"confidence_level":0.95,"lower_bound":45.12006786411753,"upper_bound":74.1024266294725},"point_estimate":60.5925756241673,"standard_error":7.118701993089513},"slope":{"confidence_interval":{"confidence_level":0.95,"lower_bound":10473.765115964618,"upper_bound":10496.451187732253},"point_estimate":10484.891509488087,"standard_error":5.788544325023894},"std_dev":{"confidence_interval":{"confidence_level":0.95,"lower_bound":63.692672129315035,"upper_bound":107.48585313204627},"point_estimate":86.29838859287197,"standard_error":11.231270199604397}}