{"mean":{"confidence_interval":{"confidence_level":0.95,"lower_bound":9388.79437639774,"upper_bound":9455.687487732333},"point_estimate":9418.916717706063,"standard_error":17.113471977288036},"median":{"confidence_interval":{"confidence_level":0.95,"lower_bound":9354.885317731017,"upper_bound":9442.66984110281},"point_estimate":9384.37303872598,"standard_error":23.425268826276763},"median_abs_dev":{"confidence_interval":{"confidence_level":0.95,"lower_bound":81.47057238244177,"upper_bound":152.10665906427337},"point_estimate":117.83004747617868,"standard_error":17.633090547719313},"slope":{"confidence_interval":{"confidence_level":0.95,"lower_bound":9352.163040922856,"upper_bound":9412.553920551172},"point_estimate":9376.505659298151,"standard_error":15.609263666197299},"std_dev":{"confidence_interval":{"confidence_level":0.95,"lower_bound":100.96014027805762,"upper_bound":254.31329498363354},"point_estimate":171.9460544371887,"standard_error":47.29994235369576}}