{"mean":{"confidence_interval":{"confidence_level":0.95,"lower_bound":10253.30326535551,"upper_bound":10313.75533897219},"point_estimate":10282.304663305531,"standard_error":15.415595599125279},"median":{"confidence_interval":{"confidence_level":0.95,"lower_bound":10245.244912790698,"upper_bound":10285.504385964912},"point_estimate":10264.964670745921,"standard_error":8.877537535154179},"median_abs_dev":{"confidence_interval":{"confidence_level":0.95,"lower_bound":58.22123163682085,"upper_bound":109.10897248292768},"point_estimate":77.09698309816687,"standard_error":13.44890000672235},"slope":{"confidence_interval":{"confidence_level":0.95,"lower_bound":10255.784639434145,"upper_bound":10287.770516293858},"point_estimate":10270.957770614748,"standard_error":8.16144806500676},"std_dev":{"confidence_interval":{"confidence_level":0.95,"lower_bound":104.51364440068599,"upper_bound":207.78529858875098},"point_estimate":155.00204362543315,"standard_error":27.157086453399714}}