{"mean":{"confidence_interval":{"confidence_level":0.95,"lower_bound":9708.160824049248,"upper_bound":9751.962858442277},"point_estimate":9729.056971438165,"standard_error":11.159528793912582},"median":{"confidence_interval":{"confidence_level":0.95,"lower_bound":9692.85,"upper_bound":9738.716475095785},"point_estimate":9711.331255547488,"standard_error":11.192644585111939},"median_abs_dev":{"confidence_interval":{"confidence_level":0.95,"lower_bound":53.53972568384622,"upper_bound":86.17749624782137},"point_estimate":70.20287689620723,"standard_error":7.939474568294635},"slope":{"confidence_interval":{"confidence_level":0.95,"lower_bound":9684.804961198402,"upper_bound":9706.936404772836},"point_estimate":9695.071940298507,"standard_error":5.637077470429219},"std_dev":{"confidence_interval":{"confidence_level":0.95,"lower_bound":74.76030797846519,"upper_bound":146.61749378374074},"point_estimate":112.09031321707997,"standard_error":18.478922189841025}}