{"mean":{"confidence_interval":{"confidence_level":0.95,"lower_bound":9422.444381707097,"upper_bound":9486.792986450278},"point_estimate":9452.6887361693,"standard_error":16.388650990612298},"median":{"confidence_interval":{"confidence_level":0.95,"lower_bound":9393.458477508651,"upper_bound":9482.414438502674},"point_estimate":9429.938524590165,"standard_error":23.92792092380594},"median_abs_dev":{"confidence_interval":{"confidence_level":0.95,"lower_bound":105.13453711817861,"upper_bound":158.48854972637338},"point_estimate":132.81145814357066,"standard_error":13.416675386031446},"slope":{"confidence_interval":{"confidence_level":0.95,"lower_bound":9365.88822882199,"upper_bound":9400.989229338125},"point_estimate":9381.938574570364,"standard_error":8.931978568514019},"std_dev":{"confidence_interval":{"confidence_level":0.95,"lower_bound":105.90184092531068,"upper_bound":220.65153283346226},"point_estimate":164.7527310904243,"standard_error":30.219111709429082}}