{"mean":{"confidence_interval":{"confidence_level":0.95,"lower_bound":9391.338794022538,"upper_bound":9446.189135331308},"point_estimate":9418.322217729843,"standard_error":14.01358402368262},"median":{"confidence_interval":{"confidence_level":0.95,"lower_bound":9364.004058441558,"upper_bound":9449.94494047619},"point_estimate":9418.694471153845,"standard_error":19.881706098614643},"median_abs_dev":{"confidence_interval":{"confidence_level":0.95,"lower_bound":116.92545142413763,"upper_bound":172.63351911711834},"point_estimate":147.38126285821926,"standard_error":13.779143173660637},"slope":{"confidence_interval":{"confidence_level":0.95,"lower_bound":9340.035597272336,"upper_bound":9382.067631622413},"point_estimate":9359.053419166543,"standard_error":10.76010679880534},"std_dev":{"confidence_interval":{"confidence_level":0.95,"lower_bound":116.88831602750824,"upper_bound":165.02691639330408},"point_estimate":141.06191981571632,"standard_error":12.348822799922955}}