{"mean":{"confidence_interval":{"confidence_level":0.95,"lower_bound":9477.84653484646,"upper_bound":9582.79980930494},"point_estimate":9525.462455745743,"standard_error":26.905018975610872},"median":{"confidence_interval":{"confidence_level":0.95,"lower_bound":9400.21374752148,"upper_bound":9583.26916221034},"point_estimate":9468.626396990678,"standard_error":63.4659111726095},"median_abs_dev":{"confidence_interval":{"confidence_level":0.95,"lower_bound":141.66699564091968,"upper_bound":248.89303481905594},"point_estimate":203.921924171871,"standard_error":25.3471682905183},"slope":{"confidence_interval":{"confidence_level":0.95,"lower_bound":9410.515071894102,"upper_bound":9468.144013578963},"point_estimate":9435.987969471224,"standard_error":14.709590547686519},"std_dev":{"confidence_interval":{"confidence_level":0.95,"lower_bound":159.59151355819415,"upper_bound":388.55012216333904},"point_estimate":269.6646650127244,"standard_error":65.85548814079655}}