{"mean":{"confidence_interval":{"confidence_level":0.95,"lower_bound":9294.23075577557,"upper_bound":9406.230114077483},"point_estimate":9342.028158693476,"standard_error":29.031278840050316},"median":{"confidence_interval":{"confidence_level":0.95,"lower_bound":9280.462648439658,"upper_bound":9316.7},"point_estimate":9294.562282207313,"standard_error":10.318577857397637},"median_abs_dev":{"confidence_interval":{"confidence_level":0.95,"lower_bound":65.98917089272808,"upper_bound":125.70013487003682},"point_estimate":92.93479787619795,"standard_error":16.160193231022458},"slope":{"confidence_interval":{"confidence_level":0.95,"lower_bound":9270.504691454538,"upper_bound":9401.137714092818},"point_estimate":9322.589936108625,"standard_error":33.95777775613117},"std_dev":{"confidence_interval":{"confidence_level":0.95,"lower_bound":103.15716261935566,"upper_bound":457.7030051181274},"point_estimate":291.98170349732953,"standard_error":99.4409942204622}}