{"mean":{"confidence_interval":{"confidence_level":0.95,"lower_bound":9063.404042693806,"upper_bound":9151.033414977392},"point_estimate":9102.170550922363,"standard_error":22.509998663600904},"median":{"confidence_interval":{"confidence_level":0.95,"lower_bound":9031.725198412698,"upper_bound":9125.973162972085},"point_estimate":9089.840201465202,"standard_error":25.05191053426739},"median_abs_dev":{"confidence_interval":{"confidence_level":0.95,"lower_bound":103.69461610217799,"upper_bound":160.5596004212318},"point_estimate":134.27954292856157,"standard_error":13.34223046605534},"slope":{"confidence_interval":{"confidence_level":0.95,"lower_bound":9015.438896771728,"upper_bound":9083.355556930675},"point_estimate":9043.993349527116,"standard_error":17.50826174547129},"std_dev":{"confidence_interval":{"confidence_level":0.95,"lower_bound":115.82940882637266,"upper_bound":339.905146822455},"point_estimate":226.22995042757952,"standard_error":66.05878721891185}}