{"mean":{"confidence_interval":{"confidence_level":0.95,"lower_bound":11046.170193768188,"upper_bound":11087.760574876214},"point_estimate":11068.075732455789,"standard_error":10.632211972404848},"median":{"confidence_interval":{"confidence_level":0.95,"lower_bound":11069.77234781324,"upper_bound":11097.035625},"point_estimate":11082.260123146187,"standard_error":7.270931588445192},"median_abs_dev":{"confidence_interval":{"confidence_level":0.95,"lower_bound":44.71261183119181,"upper_bound":75.6974389970101},"point_estimate":60.99319884965339,"standard_error":8.104903298697899},"slope":{"confidence_interval":{"confidence_level":0.95,"lower_bound":11082.21061970531,"upper_bound":11103.20858223291},"point_estimate":11092.547469521205,"standard_error":5.314375941081553},"std_dev":{"confidence_interval":{"confidence_level":0.95,"lower_bound":71.69477793100216,"upper_bound":143.6591117020168},"point_estimate":107.05574349190567,"standard_error":19.050740808091525}}