{"mean":{"confidence_interval":{"confidence_level":0.95,"lower_bound":9279.22154575482,"upper_bound":9490.185371979947},"point_estimate":9368.847262356965,"standard_error":54.698482456123706},"median":{"confidence_interval":{"confidence_level":0.95,"lower_bound":9208.3681640625,"upper_bound":9372.234797297297},"point_estimate":9232.988451086956,"standard_error":38.950347037529774},"median_abs_dev":{"confidence_interval":{"confidence_level":0.95,"lower_bound":141.64272977397778,"upper_bound":282.01723179910994},"point_estimate":258.5551964040465,"standard_error":37.575008693384106},"slope":{"confidence_interval":{"confidence_level":0.95,"lower_bound":9206.981879857749,"upper_bound":9401.548184226871},"point_estimate":9288.462054455445,"standard_error":50.63911243262876},"std_dev":{"confidence_interval":{"confidence_level":0.95,"lower_bound":189.13982939514173,"upper_bound":858.68767055243},"point_estimate":549.3438924003436,"standard_error":184.14783857530813}}