{"mean":{"confidence_interval":{"confidence_level":0.95,"lower_bound":9513.682387829784,"upper_bound":9552.518660849453},"point_estimate":9533.15794626017,"standard_error":9.89145291770538},"median":{"confidence_interval":{"confidence_level":0.95,"lower_bound":9534.192941964448,"upper_bound":9553.90522875817},"point_estimate":9542.022225551893,"standard_error":4.5743390507280575},"median_abs_dev":{"confidence_interval":{"confidence_level":0.95,"lower_bound":28.86298206182019,"upper_bound":58.10502365314641},"point_estimate":43.10467791858403,"standard_error":7.536175536018271},"slope":{"confidence_interval":{"confidence_level":0.95,"lower_bound":9532.53169988794,"upper_bound":9549.197013608018},"point_estimate":9540.48748567394,"standard_error":4.251534576595551},"std_dev":{"confidence_interval":{"confidence_level":0.95,"lower_bound":74.5272272174235,"upper_bound":124.14511231724718},"point_estimate":99.7058161281425,"standard_error":12.68424757261822}}