{"mean":{"confidence_interval":{"confidence_level":0.95,"lower_bound":10941.763652711812,"upper_bound":11008.826291387686},"point_estimate":10973.381843100067,"standard_error":17.145647399522048},"median":{"confidence_interval":{"confidence_level":0.95,"lower_bound":10931.921875,"upper_bound":10970.077247191011},"point_estimate":10958.844128493787,"standard_error":10.92625987579029},"median_abs_dev":{"confidence_interval":{"confidence_level":0.95,"lower_bound":66.30342822734497,"upper_bound":103.76779054482651},"point_estimate":81.75068145068202,"standard_error":9.125141550242882},"slope":{"confidence_interval":{"confidence_level":0.95,"lower_bound":10948.386660851465,"upper_bound":10995.932941014258},"point_estimate":10969.26968468302,"standard_error":12.168333934831558},"std_dev":{"confidence_interval":{"confidence_level":0.95,"lower_bound":112.51655102703349,"upper_bound":227.5236319167938},"point_estimate":172.19836219453646,"standard_error":29.58132705928622}}