{"mean":{"confidence_interval":{"confidence_level":0.95,"lower_bound":13424.229472551515,"upper_bound":13512.279630313817},"point_estimate":13464.504519334445,"standard_error":22.571827050459934},"median":{"confidence_interval":{"confidence_level":0.95,"lower_bound":13404.356907894737,"upper_bound":13448.265131578948},"point_estimate":13424.11135620915,"standard_error":11.798171700567538},"median_abs_dev":{"confidence_interval":{"confidence_level":0.95,"lower_bound":66.52006274811293,"upper_bound":109.79252401188671},"point_estimate":80.65209837403934,"standard_error":11.450736707495997},"slope":{"confidence_interval":{"confidence_level":0.95,"lower_bound":13463.050313181808,"upper_bound":13608.449853453323},"point_estimate":13528.409748226688,"standard_error":37.37117950774282},"std_dev":{"confidence_interval":{"confidence_level":0.95,"lower_bound":123.78375127321402,"upper_bound":312.7404587055799},"point_estimate":226.9128000248837,"standard_error":48.34057211673783}}