{"mean":{"confidence_interval":{"confidence_level":0.95,"lower_bound":8237.396092501198,"upper_bound":8384.318430456738},"point_estimate":8302.471742753361,"standard_error":37.71619706056669},"median":{"confidence_interval":{"confidence_level":0.95,"lower_bound":8235.18082788671,"upper_bound":8278.00286944046},"point_estimate":8258.135811316051,"standard_error":12.037749166385508},"median_abs_dev":{"confidence_interval":{"confidence_level":0.95,"lower_bound":67.72576006888792,"upper_bound":118.60154451549158},"point_estimate":94.03992447253337,"standard_error":12.987198587855344},"slope":{"confidence_interval":{"confidence_level":0.95,"lower_bound":8247.902519213401,"upper_bound":8385.93545790173},"point_estimate":8303.114069489477,"standard_error":36.23789899329382},"std_dev":{"confidence_interval":{"confidence_level":0.95,"lower_bound":154.92087306697903,"upper_bound":560.4612450840192},"point_estimate":379.7725040564618,"standard_error":102.74121255419371}}