{"mean":{"confidence_interval":{"confidence_level":0.95,"lower_bound":4276.845982930484,"upper_bound":4314.039606496175},"point_estimate":4294.59752754424,"standard_error":9.556461150512552},"median":{"confidence_interval":{"confidence_level":0.95,"lower_bound":4259.6884615384615,"upper_bound":4300.001326259947},"point_estimate":4275.0300122100125,"standard_error":11.032357386211626},"median_abs_dev":{"confidence_interval":{"confidence_level":0.95,"lower_bound":50.8283416944432,"upper_bound":86.36383457589271},"point_estimate":60.401318764492224,"standard_error":9.314868963213337},"slope":{"confidence_interval":{"confidence_level":0.95,"lower_bound":4243.071413999778,"upper_bound":4273.215925136345},"point_estimate":4257.34588148367,"standard_error":7.695315372970713},"std_dev":{"confidence_interval":{"confidence_level":0.95,"lower_bound":69.31535957250513,"upper_bound":120.96934748297456},"point_estimate":96.43476070104121,"standard_error":13.275865402279075}}