{"mean":{"confidence_interval":{"confidence_level":0.95,"lower_bound":6662.026436449814,"upper_bound":6736.17659317398},"point_estimate":6694.84913895044,"standard_error":19.022817643629825},"median":{"confidence_interval":{"confidence_level":0.95,"lower_bound":6635.883120567376,"upper_bound":6674.6395726312785},"point_estimate":6654.9805362654315,"standard_error":9.985214273823301},"median_abs_dev":{"confidence_interval":{"confidence_level":0.95,"lower_bound":51.94651754791451,"upper_bound":104.80009765865712},"point_estimate":74.99161228318569,"standard_error":13.161074743223082},"slope":{"confidence_interval":{"confidence_level":0.95,"lower_bound":6661.224431462658,"upper_bound":6759.2264043606265},"point_estimate":6699.53521058076,"standard_error":26.139725765983925},"std_dev":{"confidence_interval":{"confidence_level":0.95,"lower_bound":91.42745113892018,"upper_bound":281.7378610990151},"point_estimate":190.9559171985154,"standard_error":50.450328661414936}}