{"mean":{"confidence_interval":{"confidence_level":0.95,"lower_bound":4497.685581796242,"upper_bound":4574.131129132863},"point_estimate":4536.1108451762875,"standard_error":19.527370951893907},"median":{"confidence_interval":{"confidence_level":0.95,"lower_bound":4491.3761904761905,"upper_bound":4596.850363972186},"point_estimate":4552.5625,"standard_error":30.321644134586904},"median_abs_dev":{"confidence_interval":{"confidence_level":0.95,"lower_bound":167.0484404773486,"upper_bound":261.67374743769574},"point_estimate":203.82772027563786,"standard_error":23.974349892120696},"slope":{"confidence_interval":{"confidence_level":0.95,"lower_bound":4598.463919420053,"upper_bound":4671.3390116088585},"point_estimate":4636.236354859367,"standard_error":18.49082796671983},"std_dev":{"confidence_interval":{"confidence_level":0.95,"lower_bound":172.47031224626932,"upper_bound":215.28313340437643},"point_estimate":195.4367710649968,"standard_error":10.913530374650756}}