{"mean":{"confidence_interval":{"confidence_level":0.95,"lower_bound":4732.411622677577,"upper_bound":4851.836281795627},"point_estimate":4782.960977889804,"standard_error":30.795307386032846},"median":{"confidence_interval":{"confidence_level":0.95,"lower_bound":4739.169056931769,"upper_bound":4792.323490007815},"point_estimate":4759.315361721612,"standard_error":12.244127960451486},"median_abs_dev":{"confidence_interval":{"confidence_level":0.95,"lower_bound":105.05351756891999,"upper_bound":186.64937012985934},"point_estimate":147.45500139197057,"standard_error":21.54923755885729},"slope":{"confidence_interval":{"confidence_level":0.95,"lower_bound":4804.551303432872,"upper_bound":4873.871181546},"point_estimate":4838.908990008071,"standard_error":17.66305215644081},"std_dev":{"confidence_interval":{"confidence_level":0.95,"lower_bound":134.17914892536723,"upper_bound":482.93556670351825},"point_estimate":308.60855838681016,"standard_error":107.56263709088479}}