{"mean":{"confidence_interval":{"confidence_level":0.95,"lower_bound":6641.423009381708,"upper_bound":6686.479554718504},"point_estimate":6661.433832560899,"standard_error":11.57053422817844},"median":{"confidence_interval":{"confidence_level":0.95,"lower_bound":6632.112854251012,"upper_bound":6653.223744053835},"point_estimate":6644.349587912087,"standard_error":6.174067962517057},"median_abs_dev":{"confidence_interval":{"confidence_level":0.95,"lower_bound":34.21146649926728,"upper_bound":61.39078961938725},"point_estimate":47.3563068515651,"standard_error":7.119774888789795},"slope":{"confidence_interval":{"confidence_level":0.95,"lower_bound":6646.395393540076,"upper_bound":6674.358143993986},"point_estimate":6659.0305680281,"standard_error":7.167506446954868},"std_dev":{"confidence_interval":{"confidence_level":0.95,"lower_bound":53.82113168392501,"upper_bound":175.19261755043067},"point_estimate":116.4721138795147,"standard_error":32.70180001537192}}