{"mean":{"confidence_interval":{"confidence_level":0.95,"lower_bound":6478.939028351317,"upper_bound":6527.478579677562},"point_estimate":6499.732196399926,"standard_error":12.493424628210073},"median":{"confidence_interval":{"confidence_level":0.95,"lower_bound":6466.120629370629,"upper_bound":6494.793327154773},"point_estimate":6487.163418029933,"standard_error":8.866287528604174},"median_abs_dev":{"confidence_interval":{"confidence_level":0.95,"lower_bound":45.859988606265134,"upper_bound":71.93055681202357},"point_estimate":59.59471533937786,"standard_error":6.792403075517174},"slope":{"confidence_interval":{"confidence_level":0.95,"lower_bound":6476.207196486063,"upper_bound":6498.602818995014},"point_estimate":6487.489576565004,"standard_error":5.706630476715412},"std_dev":{"confidence_interval":{"confidence_level":0.95,"lower_bound":59.47637848526818,"upper_bound":194.5743854355986},"point_estimate":125.54214073708718,"standard_error":42.23768341677112}}