{"mean":{"confidence_interval":{"confidence_level":0.95,"lower_bound":6711.002948395075,"upper_bound":6808.905990678398},"point_estimate":6748.056725881691,"standard_error":26.816641555470063},"median":{"confidence_interval":{"confidence_level":0.95,"lower_bound":6697.760683760684,"upper_bound":6730.987621573829},"point_estimate":6709.134417879418,"standard_error":8.328923666738845},"median_abs_dev":{"confidence_interval":{"confidence_level":0.95,"lower_bound":40.22550669978168,"upper_bound":67.87252568960828},"point_estimate":48.32748108844256,"standard_error":7.339746498274725},"slope":{"confidence_interval":{"confidence_level":0.95,"lower_bound":6721.909627530051,"upper_bound":6791.716109875283},"point_estimate":6748.076585465665,"standard_error":18.701101549948746},"std_dev":{"confidence_interval":{"confidence_level":0.95,"lower_bound":56.60331139933725,"upper_bound":449.59994269454955},"point_estimate":268.71934284067885,"standard_error":131.70955454279883}}