{"mean":{"confidence_interval":{"confidence_level":0.95,"lower_bound":6584.040664266669,"upper_bound":6608.1556748987505},"point_estimate":6595.972632475691,"standard_error":6.163636143671105},"median":{"confidence_interval":{"confidence_level":0.95,"lower_bound":6573.109531772575,"upper_bound":6604.710955710956},"point_estimate":6587.6442307692305,"standard_error":8.815695107195548},"median_abs_dev":{"confidence_interval":{"confidence_level":0.95,"lower_bound":42.245612216065105,"upper_bound":76.35655484755641},"point_estimate":57.88018771815823,"standard_error":8.70907265829217},"slope":{"confidence_interval":{"confidence_level":0.95,"lower_bound":6587.544713314371,"upper_bound":6611.848352027294},"point_estimate":6599.276035966398,"standard_error":6.203220565459306},"std_dev":{"confidence_interval":{"confidence_level":0.95,"lower_bound":53.45258482560991,"upper_bound":69.81758886377852},"point_estimate":62.13330834317524,"standard_error":4.185868953926182}}