{"mean":{"confidence_interval":{"confidence_level":0.95,"lower_bound":6758.295787259154,"upper_bound":6827.61350419843},"point_estimate":6788.076210236514,"standard_error":17.91469462428366},"median":{"confidence_interval":{"confidence_level":0.95,"lower_bound":6743.060728744939,"upper_bound":6772.674172794118},"point_estimate":6757.202049387394,"standard_error":8.472149190875717},"median_abs_dev":{"confidence_interval":{"confidence_level":0.95,"lower_bound":43.691401847668345,"upper_bound":70.83264411931339},"point_estimate":56.689660042960114,"standard_error":6.933970165722629},"slope":{"confidence_interval":{"confidence_level":0.95,"lower_bound":6752.241706481938,"upper_bound":6783.0935947057715},"point_estimate":6766.44654965841,"standard_error":7.883584412738258},"std_dev":{"confidence_interval":{"confidence_level":0.95,"lower_bound":65.97119375655625,"upper_bound":277.82033562907947},"point_estimate":180.37986923720862,"standard_error":56.09095866373779}}