{"mean":{"confidence_interval":{"confidence_level":0.95,"lower_bound":4159.497829212326,"upper_bound":4182.378685638705},"point_estimate":4170.079591172479,"standard_error":5.8304133614288105},"median":{"confidence_interval":{"confidence_level":0.95,"lower_bound":4155.7713097713095,"upper_bound":4169.085264133457},"point_estimate":4163.016462703963,"standard_error":4.142112862002301},"median_abs_dev":{"confidence_interval":{"confidence_level":0.95,"lower_bound":24.692453999490695,"upper_bound":42.085700664946124},"point_estimate":33.0413085480148,"standard_error":4.164785729527266},"slope":{"confidence_interval":{"confidence_level":0.95,"lower_bound":4146.3443220444615,"upper_bound":4166.704990698284},"point_estimate":4156.61663911971,"standard_error":5.1870329332530645},"std_dev":{"confidence_interval":{"confidence_level":0.95,"lower_bound":36.69675228488185,"upper_bound":81.34963386849361},"point_estimate":58.617151143315255,"standard_error":12.010859687355275}}