{"mean":{"confidence_interval":{"confidence_level":0.95,"lower_bound":6530.311524497723,"upper_bound":6562.42416627989},"point_estimate":6545.879880862231,"standard_error":8.19686539802042},"median":{"confidence_interval":{"confidence_level":0.95,"lower_bound":6520.911819887429,"upper_bound":6548.9},"point_estimate":6532.90311542026,"standard_error":6.29360330263672},"median_abs_dev":{"confidence_interval":{"confidence_level":0.95,"lower_bound":42.15081129776574,"upper_bound":72.15084439851044},"point_estimate":59.037321802375004,"standard_error":7.717060566307297},"slope":{"confidence_interval":{"confidence_level":0.95,"lower_bound":6523.21775728076,"upper_bound":6549.7871606994395},"point_estimate":6536.040747519069,"standard_error":6.788761521107127},"std_dev":{"confidence_interval":{"confidence_level":0.95,"lower_bound":63.171816368981446,"upper_bound":100.53829866775641},"point_estimate":82.6966721979519,"standard_error":9.599216378062541}}