{"mean":{"confidence_interval":{"confidence_level":0.95,"lower_bound":4019.5591554233856,"upper_bound":4060.510920346754},"point_estimate":4039.9147138664803,"standard_error":10.467205239391651},"median":{"confidence_interval":{"confidence_level":0.95,"lower_bound":3987.7224358974363,"upper_bound":4069.97975708502},"point_estimate":4025.1525743977327,"standard_error":20.824508381206392},"median_abs_dev":{"confidence_interval":{"confidence_level":0.95,"lower_bound":96.48525288180392,"upper_bound":153.08465617138617},"point_estimate":130.13093595894503,"standard_error":15.004968526846788},"slope":{"confidence_interval":{"confidence_level":0.95,"lower_bound":4081.7471784647673,"upper_bound":4122.425067878845},"point_estimate":4103.430229280104,"standard_error":10.365349789620389},"std_dev":{"confidence_interval":{"confidence_level":0.95,"lower_bound":95.00083856880046,"upper_bound":114.06077264331212},"point_estimate":105.27347873968108,"standard_error":4.869184070077895}}