{"mean":{"confidence_interval":{"confidence_level":0.95,"lower_bound":4145.397560038221,"upper_bound":4193.67992861338},"point_estimate":4166.62372468017,"standard_error":12.410736515873001},"median":{"confidence_interval":{"confidence_level":0.95,"lower_bound":4131.821314102564,"upper_bound":4167.218559218559},"point_estimate":4143.89379199679,"standard_error":9.792620851373586},"median_abs_dev":{"confidence_interval":{"confidence_level":0.95,"lower_bound":49.6025553837105,"upper_bound":82.20826777128049},"point_estimate":61.868265598860255,"standard_error":8.29360258507042},"slope":{"confidence_interval":{"confidence_level":0.95,"lower_bound":4105.517993602287,"upper_bound":4136.4887343371265},"point_estimate":4119.820087301497,"standard_error":7.916361065636643},"std_dev":{"confidence_interval":{"confidence_level":0.95,"lower_bound":63.39432789356351,"upper_bound":188.20036311158375},"point_estimate":124.77338089136599,"standard_error":37.26461875033922}}