{"mean":{"confidence_interval":{"confidence_level":0.95,"lower_bound":4128.525567457009,"upper_bound":4145.349188631318},"point_estimate":4136.743395165312,"standard_error":4.297902537057515},"median":{"confidence_interval":{"confidence_level":0.95,"lower_bound":4122.4936925819275,"upper_bound":4144.014652014652},"point_estimate":4132.655925155925,"standard_error":5.226239757621641},"median_abs_dev":{"confidence_interval":{"confidence_level":0.95,"lower_bound":31.988708849195568,"upper_bound":52.359548905006164},"point_estimate":44.45485941143739,"standard_error":5.232852943987272},"slope":{"confidence_interval":{"confidence_level":0.95,"lower_bound":4117.206826054384,"upper_bound":4137.292038247127},"point_estimate":4127.044613338487,"standard_error":5.139297682231123},"std_dev":{"confidence_interval":{"confidence_level":0.95,"lower_bound":35.86087726718759,"upper_bound":50.083615616567926},"point_estimate":43.15037083899116,"standard_error":3.635792671516166}}