{"mean":{"confidence_interval":{"confidence_level":0.95,"lower_bound":4418.642741823966,"upper_bound":4443.631851506411},"point_estimate":4430.442755773544,"standard_error":6.3876329820789675},"median":{"confidence_interval":{"confidence_level":0.95,"lower_bound":4413.203846153846,"upper_bound":4436.82076923077},"point_estimate":4421.972165991903,"standard_error":6.995607205838172},"median_abs_dev":{"confidence_interval":{"confidence_level":0.95,"lower_bound":37.84333890802346,"upper_bound":61.519505900816334},"point_estimate":48.87435281303476,"standard_error":6.136912102093789},"slope":{"confidence_interval":{"confidence_level":0.95,"lower_bound":4415.497410488102,"upper_bound":4436.966506793777},"point_estimate":4426.024403496607,"standard_error":5.474867572829788},"std_dev":{"confidence_interval":{"confidence_level":0.95,"lower_bound":44.11986604415874,"upper_bound":85.52996682766201},"point_estimate":64.47680141626499,"standard_error":10.952649770811393}}