{"mean":{"confidence_interval":{"confidence_level":0.95,"lower_bound":6466.2464212966515,"upper_bound":6498.895661127451},"point_estimate":6481.921602259753,"standard_error":8.354515079959526},"median":{"confidence_interval":{"confidence_level":0.95,"lower_bound":6461.0932860998655,"upper_bound":6481.237762237763},"point_estimate":6472.513888888889,"standard_error":5.318292088301404},"median_abs_dev":{"confidence_interval":{"confidence_level":0.95,"lower_bound":47.857209206650545,"upper_bound":75.42682347871997},"point_estimate":62.028883182791056,"standard_error":7.004728772341343},"slope":{"confidence_interval":{"confidence_level":0.95,"lower_bound":6456.770893136124,"upper_bound":6502.774539080851},"point_estimate":6476.096878971479,"standard_error":11.947493513848052},"std_dev":{"confidence_interval":{"confidence_level":0.95,"lower_bound":64.05600443590313,"upper_bound":103.79657373155736},"point_estimate":84.00605454005557,"standard_error":10.255156365790619}}