{"mean":{"confidence_interval":{"confidence_level":0.95,"lower_bound":6517.59508691614,"upper_bound":6547.387624239737},"point_estimate":6531.415653009241,"standard_error":7.628524888673045},"median":{"confidence_interval":{"confidence_level":0.95,"lower_bound":6505.875065206052,"upper_bound":6527.80078125},"point_estimate":6516.262128399747,"standard_error":5.1737528139069315},"median_abs_dev":{"confidence_interval":{"confidence_level":0.95,"lower_bound":31.714572243972334,"upper_bound":49.97879191971747},"point_estimate":43.31515839766895,"standard_error":4.411913649155476},"slope":{"confidence_interval":{"confidence_level":0.95,"lower_bound":6517.128697943426,"upper_bound":6551.363954640324},"point_estimate":6532.412510960051,"standard_error":8.794868684420326},"std_dev":{"confidence_interval":{"confidence_level":0.95,"lower_bound":44.93689033885742,"upper_bound":102.43083483220204},"point_estimate":76.45679339970468,"standard_error":14.47581545306586}}