{"mean":{"confidence_interval":{"confidence_level":0.95,"lower_bound":6533.739787993819,"upper_bound":6562.442226122894},"point_estimate":6547.005550681632,"standard_error":7.34309047601328},"median":{"confidence_interval":{"confidence_level":0.95,"lower_bound":6528.700657894737,"upper_bound":6551.534848484848},"point_estimate":6537.926065891474,"standard_error":6.375710346431122},"median_abs_dev":{"confidence_interval":{"confidence_level":0.95,"lower_bound":33.33463513735843,"upper_bound":59.603060146316004},"point_estimate":43.46054161507909,"standard_error":6.4996554426180175},"slope":{"confidence_interval":{"confidence_level":0.95,"lower_bound":6533.416294953837,"upper_bound":6556.267636815224},"point_estimate":6544.447230678292,"standard_error":5.813192505695542},"std_dev":{"confidence_interval":{"confidence_level":0.95,"lower_bound":45.7554199794096,"upper_bound":101.64212575734258},"point_estimate":73.95549400535388,"standard_error":14.703993825283986}}