{"mean":{"confidence_interval":{"confidence_level":0.95,"lower_bound":6607.1135352656,"upper_bound":6644.697430281036},"point_estimate":6624.668692992889,"standard_error":9.600279830731141},"median":{"confidence_interval":{"confidence_level":0.95,"lower_bound":6595.183431952662,"upper_bound":6621.416895604396},"point_estimate":6608.049773755656,"standard_error":7.12453525874233},"median_abs_dev":{"confidence_interval":{"confidence_level":0.95,"lower_bound":34.15209926793956,"upper_bound":59.52658106092624},"point_estimate":42.47067439275616,"standard_error":6.585910854673512},"slope":{"confidence_interval":{"confidence_level":0.95,"lower_bound":6605.921616301206,"upper_bound":6656.996326245738},"point_estimate":6627.04356003683,"standard_error":13.38592139141042},"std_dev":{"confidence_interval":{"confidence_level":0.95,"lower_bound":62.84691368537172,"upper_bound":125.7439266607332},"point_estimate":96.14081124008814,"standard_error":16.11511884935664}}