{"mean":{"confidence_interval":{"confidence_level":0.95,"lower_bound":6711.76120401719,"upper_bound":6739.066131703862},"point_estimate":6724.744977774976,"standard_error":6.972281881981163},"median":{"confidence_interval":{"confidence_level":0.95,"lower_bound":6703.81043956044,"upper_bound":6735.583252190847},"point_estimate":6726.022437230129,"standard_error":7.46676236881341},"median_abs_dev":{"confidence_interval":{"confidence_level":0.95,"lower_bound":42.609012839638574,"upper_bound":67.74609258164315},"point_estimate":53.433371265800524,"standard_error":6.349488109948121},"slope":{"confidence_interval":{"confidence_level":0.95,"lower_bound":6716.091630147956,"upper_bound":6751.909735887674},"point_estimate":6731.888366848166,"standard_error":9.204105856029429},"std_dev":{"confidence_interval":{"confidence_level":0.95,"lower_bound":47.452618798681314,"upper_bound":92.56673216100023},"point_estimate":70.11706291457098,"standard_error":11.851612260873845}}