{"mean":{"confidence_interval":{"confidence_level":0.95,"lower_bound":4129.548851870276,"upper_bound":4150.258700243383},"point_estimate":4139.695915062483,"standard_error":5.302243705946448},"median":{"confidence_interval":{"confidence_level":0.95,"lower_bound":4118.144927536232,"upper_bound":4139.17032967033},"point_estimate":4129.039987789987,"standard_error":5.231876100256489},"median_abs_dev":{"confidence_interval":{"confidence_level":0.95,"lower_bound":34.21681225611601,"upper_bound":62.141935855651035},"point_estimate":47.03443503909712,"standard_error":7.547792183668188},"slope":{"confidence_interval":{"confidence_level":0.95,"lower_bound":4112.9720800511805,"upper_bound":4133.62462026938},"point_estimate":4122.789021609394,"standard_error":5.259495788304267},"std_dev":{"confidence_interval":{"confidence_level":0.95,"lower_bound":44.43612022813086,"upper_bound":61.02832575107012},"point_estimate":53.32138377927863,"standard_error":4.251819198940453}}