{"mean":{"confidence_interval":{"confidence_level":0.95,"lower_bound":4072.430828901536,"upper_bound":4093.465284897209},"point_estimate":4082.5638895547804,"standard_error":5.369191200562776},"median":{"confidence_interval":{"confidence_level":0.95,"lower_bound":4058.4261359570664,"upper_bound":4079.755424063116},"point_estimate":4073.100366519905,"standard_error":5.478446357353591},"median_abs_dev":{"confidence_interval":{"confidence_level":0.95,"lower_bound":30.336354659141275,"upper_bound":55.45445476757682},"point_estimate":46.266374439992966,"standard_error":6.44249958912519},"slope":{"confidence_interval":{"confidence_level":0.95,"lower_bound":4075.8022864519635,"upper_bound":4092.944642730724},"point_estimate":4084.076710279524,"standard_error":4.376517764328224},"std_dev":{"confidence_interval":{"confidence_level":0.95,"lower_bound":40.06569691565496,"upper_bound":66.61552836906287},"point_estimate":53.94551856196104,"standard_error":6.817661366468791}}