{"mean":{"confidence_interval":{"confidence_level":0.95,"lower_bound":25548.260949085674,"upper_bound":25644.057556222557},"point_estimate":25590.36075139347,"standard_error":24.615650309683684},"median":{"confidence_interval":{"confidence_level":0.95,"lower_bound":25531.733846153846,"upper_bound":25569.298},"point_estimate":25552.111666666664,"standard_error":9.806500721121504},"median_abs_dev":{"confidence_interval":{"confidence_level":0.95,"lower_bound":65.0824904128785,"upper_bound":130.3815727306376},"point_estimate":92.71541589646431,"standard_error":16.961970119491955},"slope":{"confidence_interval":{"confidence_level":0.95,"lower_bound":25569.38946674362,"upper_bound":25738.284304905992},"point_estimate":25641.69213565834,"standard_error":43.80804151050244},"std_dev":{"confidence_interval":{"confidence_level":0.95,"lower_bound":104.81175805596108,"upper_bound":365.92863756925055},"point_estimate":247.30510490296155,"standard_error":69.5410212537359}}