{"mean":{"confidence_interval":{"confidence_level":0.95,"lower_bound":4436.085923719083,"upper_bound":4455.715095557058},"point_estimate":4444.700518851853,"standard_error":5.044051393734222},"median":{"confidence_interval":{"confidence_level":0.95,"lower_bound":4431.019943019943,"upper_bound":4446.060513299795},"point_estimate":4439.899066359172,"standard_error":3.6264796554685264},"median_abs_dev":{"confidence_interval":{"confidence_level":0.95,"lower_bound":18.237688059897344,"upper_bound":29.005240763492477},"point_estimate":23.083984908249555,"standard_error":2.7733580511807694},"slope":{"confidence_interval":{"confidence_level":0.95,"lower_bound":4439.029785551987,"upper_bound":4472.42044227245},"point_estimate":4452.020354434984,"standard_error":8.899084007812837},"std_dev":{"confidence_interval":{"confidence_level":0.95,"lower_bound":26.25304154912486,"upper_bound":76.19144973864927},"point_estimate":50.5774525106949,"standard_error":15.162461330127352}}