{"mean":{"confidence_interval":{"confidence_level":0.95,"lower_bound":4428.617475988642,"upper_bound":4448.934323114634},"point_estimate":4438.594694333297,"standard_error":5.1772452650856815},"median":{"confidence_interval":{"confidence_level":0.95,"lower_bound":4422.904052936311,"upper_bound":4446.683023872679},"point_estimate":4438.385400313971,"standard_error":5.417243749925999},"median_abs_dev":{"confidence_interval":{"confidence_level":0.95,"lower_bound":36.57585510512395,"upper_bound":59.524685656513434},"point_estimate":49.43592448616226,"standard_error":5.825040204347936},"slope":{"confidence_interval":{"confidence_level":0.95,"lower_bound":4420.937597672854,"upper_bound":4444.342252253222},"point_estimate":4432.017795409851,"standard_error":5.974500400302285},"std_dev":{"confidence_interval":{"confidence_level":0.95,"lower_bound":43.93521704551464,"upper_bound":59.90564069344082},"point_estimate":52.26905784847875,"standard_error":4.073118660045072}}