{"mean":{"confidence_interval":{"confidence_level":0.95,"lower_bound":4159.012486828791,"upper_bound":4196.254197384762},"point_estimate":4177.457259088481,"standard_error":9.494006883808028},"median":{"confidence_interval":{"confidence_level":0.95,"lower_bound":4181.31989010989,"upper_bound":4206.603334103334},"point_estimate":4195.102808302809,"standard_error":7.571612271868639},"median_abs_dev":{"confidence_interval":{"confidence_level":0.95,"lower_bound":47.05039931931358,"upper_bound":88.3673446335227},"point_estimate":69.19226580455819,"standard_error":10.763434810750333},"slope":{"confidence_interval":{"confidence_level":0.95,"lower_bound":4102.610594203914,"upper_bound":4154.104196890079},"point_estimate":4126.353740664537,"standard_error":13.144233809851082},"std_dev":{"confidence_interval":{"confidence_level":0.95,"lower_bound":76.13214598461458,"upper_bound":116.53605198875044},"point_estimate":95.59229940743892,"standard_error":10.518839073022358}}