{"mean":{"confidence_interval":{"confidence_level":0.95,"lower_bound":4174.069427382488,"upper_bound":4207.501327046829},"point_estimate":4189.657375164903,"standard_error":8.554638876974376},"median":{"confidence_interval":{"confidence_level":0.95,"lower_bound":4167.692496229261,"upper_bound":4195.697773089545},"point_estimate":4179.725694444445,"standard_error":8.196713742753452},"median_abs_dev":{"confidence_interval":{"confidence_level":0.95,"lower_bound":51.70533191410699,"upper_bound":85.87239639212657},"point_estimate":67.85537476754948,"standard_error":8.739748044667598},"slope":{"confidence_interval":{"confidence_level":0.95,"lower_bound":4147.402516455382,"upper_bound":4185.159076198895},"point_estimate":4165.459178365598,"standard_error":9.663325420484549},"std_dev":{"confidence_interval":{"confidence_level":0.95,"lower_bound":58.538787146653384,"upper_bound":119.22538568876686},"point_estimate":86.13123631364012,"standard_error":17.809739870486062}}