{"mean":{"confidence_interval":{"confidence_level":0.95,"lower_bound":4062.5448068683054,"upper_bound":4098.141883811607},"point_estimate":4080.398167596845,"standard_error":9.056603458802167},"median":{"confidence_interval":{"confidence_level":0.95,"lower_bound":4047.9013806706116,"upper_bound":4115.398974358975},"point_estimate":4080.58334352452,"standard_error":17.849983467513376},"median_abs_dev":{"confidence_interval":{"confidence_level":0.95,"lower_bound":81.17480862659967,"upper_bound":122.93667105018363},"point_estimate":101.369890599929,"standard_error":10.38928795488453},"slope":{"confidence_interval":{"confidence_level":0.95,"lower_bound":4093.609829893823,"upper_bound":4132.412715582083},"point_estimate":4114.286862261427,"standard_error":9.879654879646552},"std_dev":{"confidence_interval":{"confidence_level":0.95,"lower_bound":79.94172487436512,"upper_bound":100.51883514700764},"point_estimate":90.86027766794508,"standard_error":5.250363460253081}}