{"mean":{"confidence_interval":{"confidence_level":0.95,"lower_bound":4085.888926632777,"upper_bound":4106.046352299143},"point_estimate":4095.880989683428,"standard_error":5.122342201216711},"median":{"confidence_interval":{"confidence_level":0.95,"lower_bound":4086.166602962255,"upper_bound":4109.752979414951},"point_estimate":4097.642599067599,"standard_error":5.297955504370698},"median_abs_dev":{"confidence_interval":{"confidence_level":0.95,"lower_bound":37.17369958041929,"upper_bound":58.808007533296134},"point_estimate":44.24627350232786,"standard_error":5.278472481899456},"slope":{"confidence_interval":{"confidence_level":0.95,"lower_bound":4066.7292749668954,"upper_bound":4091.741927749405},"point_estimate":4078.7818710711485,"standard_error":6.3822018597256545},"std_dev":{"confidence_interval":{"confidence_level":0.95,"lower_bound":41.94086738060707,"upper_bound":60.933974721422715},"point_estimate":51.45090432929525,"standard_error":4.87273559264058}}