{"mean":{"confidence_interval":{"confidence_level":0.95,"lower_bound":95647.68346544921,"upper_bound":96902.81165382969},"point_estimate":96214.95054384532,"standard_error":321.2381745513825},"median":{"confidence_interval":{"confidence_level":0.95,"lower_bound":94502.21372549019,"upper_bound":95412.83425602176},"point_estimate":94619.59276357322,"standard_error":277.0243688094613},"median_abs_dev":{"confidence_interval":{"confidence_level":0.95,"lower_bound":494.0203765991196,"upper_bound":2047.438467263443},"point_estimate":769.1039143023792,"standard_error":404.2409596329355},"slope":{"confidence_interval":{"confidence_level":0.95,"lower_bound":94610.84283061727,"upper_bound":95383.08830796223},"point_estimate":94928.75730998474,"standard_error":199.97672318487437},"std_dev":{"confidence_interval":{"confidence_level":0.95,"lower_bound":1910.4602441904574,"upper_bound":4672.456121178858},"point_estimate":3229.9160196545567,"standard_error":804.1943773310146}}