{"mean":{"confidence_interval":{"confidence_level":0.95,"lower_bound":83738.76368223032,"upper_bound":84395.7995245915},"point_estimate":84059.54777810718,"standard_error":167.92642122751064},"median":{"confidence_interval":{"confidence_level":0.95,"lower_bound":82751.06245576049,"upper_bound":84606.78116359447},"point_estimate":83114.15567765568,"standard_error":665.5627459297556},"median_abs_dev":{"confidence_interval":{"confidence_level":0.95,"lower_bound":442.9700348592974,"upper_bound":2531.280183869034},"point_estimate":1176.8230385889992,"standard_error":716.2735541117787},"slope":{"confidence_interval":{"confidence_level":0.95,"lower_bound":82835.96188911788,"upper_bound":83106.81618466666},"point_estimate":82957.10684582744,"standard_error":69.21048542044385},"std_dev":{"confidence_interval":{"confidence_level":0.95,"lower_bound":1436.5208627406882,"upper_bound":2001.005746720964},"point_estimate":1692.8471930202747,"standard_error":150.6253132341739}}