{"mean":{"confidence_interval":{"confidence_level":0.95,"lower_bound":80932.64566590675,"upper_bound":81355.14851669279},"point_estimate":81141.98820796964,"standard_error":108.00090407456507},"median":{"confidence_interval":{"confidence_level":0.95,"lower_bound":80309.10671256455,"upper_bound":81986.40216450216},"point_estimate":80642.6714853509,"standard_error":524.1588254880306},"median_abs_dev":{"confidence_interval":{"confidence_level":0.95,"lower_bound":521.4225292826287,"upper_bound":1632.6426517960929},"point_estimate":1206.9216517750845,"standard_error":332.2762759927799},"slope":{"confidence_interval":{"confidence_level":0.95,"lower_bound":80331.41939417936,"upper_bound":80584.1735331447},"point_estimate":80443.09598767126,"standard_error":64.60647370352642},"std_dev":{"confidence_interval":{"confidence_level":0.95,"lower_bound":1018.5514246460677,"upper_bound":1142.7648837076142},"point_estimate":1086.8136105508834,"standard_error":31.601064194400905}}