{"mean":{"confidence_interval":{"confidence_level":0.95,"lower_bound":83871.58757578117,"upper_bound":84391.07520084275},"point_estimate":84115.64754738427,"standard_error":132.3949059830366},"median":{"confidence_interval":{"confidence_level":0.95,"lower_bound":83450.45500233755,"upper_bound":84631.37142857142},"point_estimate":83740.66545954047,"standard_error":323.30140015191785},"median_abs_dev":{"confidence_interval":{"confidence_level":0.95,"lower_bound":869.810731335678,"upper_bound":1462.1261261972525},"point_estimate":1320.9269392761253,"standard_error":158.6222891981448},"slope":{"confidence_interval":{"confidence_level":0.95,"lower_bound":83379.17378035009,"upper_bound":83698.20310571308},"point_estimate":83530.71660748591,"standard_error":81.43033497427125},"std_dev":{"confidence_interval":{"confidence_level":0.95,"lower_bound":955.131499404555,"upper_bound":1775.9452027828802},"point_estimate":1330.5598510513191,"standard_error":230.3399210418269}}