{"mean":{"confidence_interval":{"confidence_level":0.95,"lower_bound":83066.42779636287,"upper_bound":83744.6604329077},"point_estimate":83404.58369165387,"standard_error":173.70810426907073},"median":{"confidence_interval":{"confidence_level":0.95,"lower_bound":81946.11479591837,"upper_bound":84188.68831168831},"point_estimate":83728.921686747,"standard_error":852.4026428634971},"median_abs_dev":{"confidence_interval":{"confidence_level":0.95,"lower_bound":722.6473007866622,"upper_bound":2872.4053526888183},"point_estimate":2619.491304263968,"standard_error":732.7533486844675},"slope":{"confidence_interval":{"confidence_level":0.95,"lower_bound":82019.90976471246,"upper_bound":82403.60892159441},"point_estimate":82190.61190736557,"standard_error":98.19818356972662},"std_dev":{"confidence_interval":{"confidence_level":0.95,"lower_bound":1572.6289556671438,"upper_bound":1944.272448247764},"point_estimate":1750.5081464985958,"standard_error":96.12947549094008}}