{"mean":{"confidence_interval":{"confidence_level":0.95,"lower_bound":93087.87210433849,"upper_bound":93959.5757342246},"point_estimate":93516.8096368289,"standard_error":221.19320174874852},"median":{"confidence_interval":{"confidence_level":0.95,"lower_bound":91944.53132259002,"upper_bound":92597.22222222222},"point_estimate":92145.09914596274,"standard_error":233.82224915515795},"median_abs_dev":{"confidence_interval":{"confidence_level":0.95,"lower_bound":498.51214298470666,"upper_bound":1688.7101088826753},"point_estimate":830.848719796116,"standard_error":343.36561590201717},"slope":{"confidence_interval":{"confidence_level":0.95,"lower_bound":91971.04941004144,"upper_bound":92317.52485673237},"point_estimate":92126.87461166586,"standard_error":88.47931428678224},"std_dev":{"confidence_interval":{"confidence_level":0.95,"lower_bound":2013.895833580539,"upper_bound":2365.9106567979156},"point_estimate":2220.0913433409064,"standard_error":89.55807553468291}}