{"mean":{"confidence_interval":{"confidence_level":0.95,"lower_bound":94701.1149355855,"upper_bound":94903.8607450487},"point_estimate":94793.21880481359,"standard_error":51.81307044459327},"median":{"confidence_interval":{"confidence_level":0.95,"lower_bound":94635.25573593072,"upper_bound":94757.91621621621},"point_estimate":94703.256661442,"standard_error":34.046497777309014},"median_abs_dev":{"confidence_interval":{"confidence_level":0.95,"lower_bound":168.64674981460806,"upper_bound":288.0555014522714},"point_estimate":228.48030962018075,"standard_error":29.675324826981306},"slope":{"confidence_interval":{"confidence_level":0.95,"lower_bound":94710.12224895947,"upper_bound":94836.0292290886},"point_estimate":94769.80348455741,"standard_error":32.264575827335385},"std_dev":{"confidence_interval":{"confidence_level":0.95,"lower_bound":275.13809870139033,"upper_bound":750.849868953261},"point_estimate":519.610738234174,"standard_error":126.17430963788759}}