{"mean":{"confidence_interval":{"confidence_level":0.95,"lower_bound":84944.78005305577,"upper_bound":85354.72784959228},"point_estimate":85120.80512321905,"standard_error":106.11619492101029},"median":{"confidence_interval":{"confidence_level":0.95,"lower_bound":84850.50238095238,"upper_bound":84967.48936507935},"point_estimate":84880.31034136546,"standard_error":31.632422793340133},"median_abs_dev":{"confidence_interval":{"confidence_level":0.95,"lower_bound":194.3240548804474,"upper_bound":356.80597457321477},"point_estimate":254.56290210183477,"standard_error":40.54180443425447},"slope":{"confidence_interval":{"confidence_level":0.95,"lower_bound":84912.83244397325,"upper_bound":85523.54384892568},"point_estimate":85150.07978365598,"standard_error":163.0504976610626},"std_dev":{"confidence_interval":{"confidence_level":0.95,"lower_bound":402.0715696868318,"upper_bound":1662.2001312665918},"point_estimate":1070.9538450484165,"standard_error":350.6569805634977}}