{"mean":{"confidence_interval":{"confidence_level":0.95,"lower_bound":80848.93193322541,"upper_bound":81414.22352419722},"point_estimate":81121.9261884485,"standard_error":144.86155912072618},"median":{"confidence_interval":{"confidence_level":0.95,"lower_bound":80056.04647160068,"upper_bound":81906.62925170068},"point_estimate":80327.81395504191,"standard_error":696.1777571605171},"median_abs_dev":{"confidence_interval":{"confidence_level":0.95,"lower_bound":501.22533600657187,"upper_bound":2207.585542126208},"point_estimate":1099.9295503641167,"standard_error":498.6383881524712},"slope":{"confidence_interval":{"confidence_level":0.95,"lower_bound":80128.1502604166,"upper_bound":80573.85485409401},"point_estimate":80303.87010576537,"standard_error":116.12416664859157},"std_dev":{"confidence_interval":{"confidence_level":0.95,"lower_bound":1156.0774758574985,"upper_bound":1824.5706456626774},"point_estimate":1451.8195979093846,"standard_error":184.03278897778205}}