{"mean":{"confidence_interval":{"confidence_level":0.95,"lower_bound":82048.65538991122,"upper_bound":82135.31903768826},"point_estimate":82091.20813932679,"standard_error":22.09482357679014},"median":{"confidence_interval":{"confidence_level":0.95,"lower_bound":82040.9596273292,"upper_bound":82101.5831381733},"point_estimate":82073.79846938775,"standard_error":14.786034700724125},"median_abs_dev":{"confidence_interval":{"confidence_level":0.95,"lower_bound":86.38781358192225,"upper_bound":188.6494026185411},"point_estimate":135.6547458059324,"standard_error":27.630317220566425},"slope":{"confidence_interval":{"confidence_level":0.95,"lower_bound":82077.21071759345,"upper_bound":82172.5450324615},"point_estimate":82123.30242183707,"standard_error":24.34084677227849},"std_dev":{"confidence_interval":{"confidence_level":0.95,"lower_bound":158.77635170024584,"upper_bound":282.9802120279438},"point_estimate":222.62391246962713,"standard_error":31.838873848629078}}