{"mean":{"confidence_interval":{"confidence_level":0.95,"lower_bound":92231.2583731791,"upper_bound":92729.01597620889},"point_estimate":92466.63637903787,"standard_error":127.15869785940866},"median":{"confidence_interval":{"confidence_level":0.95,"lower_bound":92034.85714285714,"upper_bound":92487.7764069264},"point_estimate":92204.67095588235,"standard_error":108.41644391726237},"median_abs_dev":{"confidence_interval":{"confidence_level":0.95,"lower_bound":744.7067897788068,"upper_bound":1245.5259592213006},"point_estimate":1062.9866748782058,"standard_error":130.95601722807612},"slope":{"confidence_interval":{"confidence_level":0.95,"lower_bound":92158.04356121011,"upper_bound":92563.01039457825},"point_estimate":92355.2188642361,"standard_error":103.49911145697206},"std_dev":{"confidence_interval":{"confidence_level":0.95,"lower_bound":882.1141813269359,"upper_bound":1637.8949690302004},"point_estimate":1272.512967386501,"standard_error":194.05333400219638}}