{"mean":{"confidence_interval":{"confidence_level":0.95,"lower_bound":82957.30800755105,"upper_bound":83870.1391426548},"point_estimate":83346.08187035871,"standard_error":236.09802623676055},"median":{"confidence_interval":{"confidence_level":0.95,"lower_bound":82812.91996388443,"upper_bound":82961.60885622905},"point_estimate":82867.81403508772,"standard_error":38.73977260503825},"median_abs_dev":{"confidence_interval":{"confidence_level":0.95,"lower_bound":254.48290111576344,"upper_bound":422.8251285589154},"point_estimate":324.67976696305277,"standard_error":42.982713744744494},"slope":{"confidence_interval":{"confidence_level":0.95,"lower_bound":83024.38730055926,"upper_bound":83869.38189343757},"point_estimate":83384.11705968039,"standard_error":217.7040313807202},"std_dev":{"confidence_interval":{"confidence_level":0.95,"lower_bound":463.1249177196443,"upper_bound":3619.2201878540614},"point_estimate":2365.184899364071,"standard_error":795.8811211723138}}