{"mean":{"confidence_interval":{"confidence_level":0.95,"lower_bound":84027.71793169316,"upper_bound":84417.06555876258},"point_estimate":84225.31464399787,"standard_error":99.12670116578502},"median":{"confidence_interval":{"confidence_level":0.95,"lower_bound":84361.85365853658,"upper_bound":84491.83113605934},"point_estimate":84406.14443597561,"standard_error":33.368579522795706},"median_abs_dev":{"confidence_interval":{"confidence_level":0.95,"lower_bound":243.20363983935297,"upper_bound":443.8133872918059},"point_estimate":357.69949799738436,"standard_error":51.41020897478891},"slope":{"confidence_interval":{"confidence_level":0.95,"lower_bound":83334.1549663881,"upper_bound":83997.42116590086},"point_estimate":83651.59864974984,"standard_error":169.2897295331556},"std_dev":{"confidence_interval":{"confidence_level":0.95,"lower_bound":763.5476577050548,"upper_bound":1219.561928641451},"point_estimate":997.281556563473,"standard_error":116.4112397450093}}