{"mean":{"confidence_interval":{"confidence_level":0.95,"lower_bound":81197.82066790464,"upper_bound":81644.26603667537},"point_estimate":81417.94032022847,"standard_error":113.74714640104051},"median":{"confidence_interval":{"confidence_level":0.95,"lower_bound":80606.46091644205,"upper_bound":81418.14106288448},"point_estimate":80742.77059875675,"standard_error":191.4487169182217},"median_abs_dev":{"confidence_interval":{"confidence_level":0.95,"lower_bound":422.2708541618544,"upper_bound":1505.9779560965706},"point_estimate":660.8626590512237,"standard_error":263.7683011656985},"slope":{"confidence_interval":{"confidence_level":0.95,"lower_bound":80631.41291018763,"upper_bound":80889.67225668377},"point_estimate":80748.76023517491,"standard_error":65.97738813792368},"std_dev":{"confidence_interval":{"confidence_level":0.95,"lower_bound":1037.3542062225752,"upper_bound":1222.7446006483112},"point_estimate":1143.9350741852763,"standard_error":47.07292146467874}}