{"mean":{"confidence_interval":{"confidence_level":0.95,"lower_bound":7846265.39082143,"upper_bound":7941779.245714288},"point_estimate":7895171.897142856,"standard_error":24345.134239835515},"median":{"confidence_interval":{"confidence_level":0.95,"lower_bound":7896424.428571428,"upper_bound":7973291.857142857},"point_estimate":7944439.5,"standard_error":18761.198239905487},"median_abs_dev":{"confidence_interval":{"confidence_level":0.95,"lower_bound":132296.27159127145,"upper_bound":238694.3597623278},"point_estimate":175130.53339081092,"standard_error":27754.25375984527},"slope":null,"std_dev":{"confidence_interval":{"confidence_level":0.95,"lower_bound":198179.37453212246,"upper_bound":287656.62359589885},"point_estimate":244624.73725348728,"standard_error":22959.8592480173}}