{"mean":{"confidence_interval":{"confidence_level":0.95,"lower_bound":6511436.336593751,"upper_bound":6526140.869281249},"point_estimate":6518323.175,"standard_error":3753.941099446662},"median":{"confidence_interval":{"confidence_level":0.95,"lower_bound":6506075.125,"upper_bound":6513803.25},"point_estimate":6509519.0,"standard_error":1962.2635126324758},"median_abs_dev":{"confidence_interval":{"confidence_level":0.95,"lower_bound":15063.493720069528,"upper_bound":24963.46238180995},"point_estimate":21519.197317957878,"standard_error":2499.6038885678113},"slope":null,"std_dev":{"confidence_interval":{"confidence_level":0.95,"lower_bound":24793.021157886324,"upper_bound":48515.15410076775},"point_estimate":37639.341071085015,"standard_error":6067.579629820226}}