{"mean":{"confidence_interval":{"confidence_level":0.95,"lower_bound":8078006.431785713,"upper_bound":8111342.484285713},"point_estimate":8094188.3214285765,"standard_error":8499.091759832841},"median":{"confidence_interval":{"confidence_level":0.95,"lower_bound":8062645.571428572,"upper_bound":8099283.285714285},"point_estimate":8082903.357142857,"standard_error":9951.730570156813},"median_abs_dev":{"confidence_interval":{"confidence_level":0.95,"lower_bound":46601.71777265422,"upper_bound":75724.00545563136},"point_estimate":61986.55179951892,"standard_error":7318.289465028161},"slope":null,"std_dev":{"confidence_interval":{"confidence_level":0.95,"lower_bound":67807.01795418655,"upper_bound":102046.59008373007},"point_estimate":85841.47212774064,"standard_error":8755.069001006035}}