{"mean":{"confidence_interval":{"confidence_level":0.95,"lower_bound":8330251.348124997,"upper_bound":8357825.994833332},"point_estimate":8344195.401666664,"standard_error":7025.656729752426},"median":{"confidence_interval":{"confidence_level":0.95,"lower_bound":8334349.333333333,"upper_bound":8353895.833333333},"point_estimate":8345225.0,"standard_error":4294.280414120347},"median_abs_dev":{"confidence_interval":{"confidence_level":0.95,"lower_bound":35340.108556337196,"upper_bound":63974.93016421864},"point_estimate":46310.24567782833,"standard_error":8051.391701615749},"slope":null,"std_dev":{"confidence_interval":{"confidence_level":0.95,"lower_bound":55570.73617277349,"upper_bound":84115.54819840232},"point_estimate":70500.72341394846,"standard_error":7310.967503038832}}