{"mean":{"confidence_interval":{"confidence_level":0.95,"lower_bound":6381932.72346875,"upper_bound":6400221.22578125},"point_estimate":6390606.4275,"standard_error":4676.224843652639},"median":{"confidence_interval":{"confidence_level":0.95,"lower_bound":6369043.125,"upper_bound":6385421.125},"point_estimate":6377028.0625,"standard_error":4272.166231287119},"median_abs_dev":{"confidence_interval":{"confidence_level":0.95,"lower_bound":20303.00202704966,"upper_bound":37102.34696192667},"point_estimate":28078.034276515245,"standard_error":4243.072009372198},"slope":null,"std_dev":{"confidence_interval":{"confidence_level":0.95,"lower_bound":35136.00449969599,"upper_bound":57423.03850420072},"point_estimate":46834.49930947807,"standard_error":5706.620215316185}}