{"mean":{"confidence_interval":{"confidence_level":0.95,"lower_bound":8026387.242857141,"upper_bound":8062978.283714284},"point_estimate":8043994.81857143,"standard_error":9350.01703045498},"median":{"confidence_interval":{"confidence_level":0.95,"lower_bound":8000818.857142857,"upper_bound":8039369.428571428},"point_estimate":8016463.285714285,"standard_error":9164.706342208783},"median_abs_dev":{"confidence_interval":{"confidence_level":0.95,"lower_bound":45817.74008657231,"upper_bound":86892.64285734751},"point_estimate":62627.24678814342,"standard_error":10115.038304591122},"slope":null,"std_dev":{"confidence_interval":{"confidence_level":0.95,"lower_bound":73382.36252065405,"upper_bound":112576.6716066464},"point_estimate":93649.56887864233,"standard_error":10123.952685981641}}