{"mean":{"confidence_interval":{"confidence_level":0.95,"lower_bound":8540055.085000003,"upper_bound":8556404.53183333},"point_estimate":8547799.884999998,"standard_error":4169.259475671},"median":{"confidence_interval":{"confidence_level":0.95,"lower_bound":8532493.0,"upper_bound":8546898.666666668},"point_estimate":8539275.25,"standard_error":3908.195204527554},"median_abs_dev":{"confidence_interval":{"confidence_level":0.95,"lower_bound":18790.224966407743,"upper_bound":36114.77630883271},"point_estimate":28801.9754886618,"standard_error":4338.357105043068},"slope":null,"std_dev":{"confidence_interval":{"confidence_level":0.95,"lower_bound":29823.50588997763,"upper_bound":53615.583186732954},"point_estimate":41713.70570623258,"standard_error":6173.626447222098}}