{"mean":{"confidence_interval":{"confidence_level":0.95,"lower_bound":7678932.48,"upper_bound":7790555.12},"point_estimate":7732078.04625,"standard_error":28651.593088785776},"median":{"confidence_interval":{"confidence_level":0.95,"lower_bound":7616672.6875,"upper_bound":7718204.0},"point_estimate":7668974.9375,"standard_error":25073.719155909526},"median_abs_dev":{"confidence_interval":{"confidence_level":0.95,"lower_bound":144752.90713012218,"upper_bound":242174.08808805048},"point_estimate":195067.90243685246,"standard_error":22879.080784296908},"slope":null,"std_dev":{"confidence_interval":{"confidence_level":0.95,"lower_bound":209896.18682866663,"upper_bound":356478.8481714603},"point_estimate":287964.3195469679,"standard_error":37701.9641906719}}