{"mean":{"confidence_interval":{"confidence_level":0.95,"lower_bound":7094383.009821433,"upper_bound":7391273.691892859},"point_estimate":7242472.8599999985,"standard_error":75370.67541131556},"median":{"confidence_interval":{"confidence_level":0.95,"lower_bound":6517359.5,"upper_bound":7920902.142857143},"point_estimate":6582969.714285715,"standard_error":636863.3018439403},"median_abs_dev":{"confidence_interval":{"confidence_level":0.95,"lower_bound":53718.93894629829,"upper_bound":1082377.088083965},"point_estimate":183121.53544894315,"standard_error":279610.8569429135},"slope":null,"std_dev":{"confidence_interval":{"confidence_level":0.95,"lower_bound":735295.5949587733,"upper_bound":774297.2912492298},"point_estimate":760353.9530417195,"standard_error":9902.272988936827}}