{"mean":{"confidence_interval":{"confidence_level":0.95,"lower_bound":13760334.964187501,"upper_bound":14070635.2560625},"point_estimate":13916543.59,"standard_error":78708.47430586132},"median":{"confidence_interval":{"confidence_level":0.95,"lower_bound":13744521.75,"upper_bound":14323842.5},"point_estimate":13934629.5,"standard_error":154933.85624233537},"median_abs_dev":{"confidence_interval":{"confidence_level":0.95,"lower_bound":578977.7140460908,"upper_bound":1039169.9259160456},"point_estimate":759560.0587651134,"standard_error":114546.96204214063},"slope":null,"std_dev":{"confidence_interval":{"confidence_level":0.95,"lower_bound":660291.0091427518,"upper_bound":916260.2723502737},"point_estimate":788269.6623623924,"standard_error":65681.925850503}}