{"mean":{"confidence_interval":{"confidence_level":0.95,"lower_bound":14370199.19,"upper_bound":14584356.1413125},"point_estimate":14473137.62,"standard_error":54974.47370783856},"median":{"confidence_interval":{"confidence_level":0.95,"lower_bound":14248640.625,"upper_bound":14444404.625},"point_estimate":14319743.5,"standard_error":55659.31932317511},"median_abs_dev":{"confidence_interval":{"confidence_level":0.95,"lower_bound":325084.8777785897,"upper_bound":576216.9275701046},"point_estimate":418091.33932739496,"standard_error":62715.34832208017},"slope":null,"std_dev":{"confidence_interval":{"confidence_level":0.95,"lower_bound":422636.2093543547,"upper_bound":697950.8061725429},"point_estimate":553652.8829708693,"standard_error":72470.07662106793}}