{"mean":{"confidence_interval":{"confidence_level":0.95,"lower_bound":6449188.6225,"upper_bound":6486284.96703125},"point_estimate":6464037.2875,"standard_error":9723.985304047255},"median":{"confidence_interval":{"confidence_level":0.95,"lower_bound":6441830.375,"upper_bound":6450488.875},"point_estimate":6446607.375,"standard_error":2355.2218659442187},"median_abs_dev":{"confidence_interval":{"confidence_level":0.95,"lower_bound":14744.271413236856,"upper_bound":27035.951820015907},"point_estimate":20093.39945577085,"standard_error":3198.075028303368},"slope":null,"std_dev":{"confidence_interval":{"confidence_level":0.95,"lower_bound":25865.960162605155,"upper_bound":159245.12007982316},"point_estimate":97734.03542183415,"standard_error":40465.24411438336}}