{"mean":{"confidence_interval":{"confidence_level":0.95,"lower_bound":6609333.00625,"upper_bound":6645286.215},"point_estimate":6626698.60625,"standard_error":9209.674888524149},"median":{"confidence_interval":{"confidence_level":0.95,"lower_bound":6583855.0,"upper_bound":6620767.1875},"point_estimate":6600660.8125,"standard_error":10549.676840290793},"median_abs_dev":{"confidence_interval":{"confidence_level":0.95,"lower_bound":54169.01393830776,"upper_bound":89954.4368404895},"point_estimate":70422.85011224449,"standard_error":9101.473344685413},"slope":null,"std_dev":{"confidence_interval":{"confidence_level":0.95,"lower_bound":75119.15941754988,"upper_bound":108504.3062509924},"point_estimate":92892.93184202716,"standard_error":8523.328286635946}}