{"mean":{"confidence_interval":{"confidence_level":0.95,"lower_bound":8593481.466500001,"upper_bound":8669363.0},"point_estimate":8632928.32833333,"standard_error":19353.012443208558},"median":{"confidence_interval":{"confidence_level":0.95,"lower_bound":8615685.5,"upper_bound":8676584.333333334},"point_estimate":8636862.416666668,"standard_error":17298.065898832996},"median_abs_dev":{"confidence_interval":{"confidence_level":0.95,"lower_bound":75083.18691700605,"upper_bound":125453.28552275988},"point_estimate":93556.7532390333,"standard_error":12818.385917436022},"slope":null,"std_dev":{"confidence_interval":{"confidence_level":0.95,"lower_bound":139464.9258588961,"upper_bound":245990.36828639093},"point_estimate":195260.93988320229,"standard_error":27191.647271509548}}