{"mean":{"confidence_interval":{"confidence_level":0.95,"lower_bound":12578775.1161875,"upper_bound":12605020.049999999},"point_estimate":12591614.415,"standard_error":6737.043436301118},"median":{"confidence_interval":{"confidence_level":0.95,"lower_bound":12558190.75,"upper_bound":12602616.5},"point_estimate":12581917.0,"standard_error":10120.317129908475},"median_abs_dev":{"confidence_interval":{"confidence_level":0.95,"lower_bound":51098.549392819405,"upper_bound":79339.6696664393},"point_estimate":61046.609891206026,"standard_error":7067.985587914779},"slope":null,"std_dev":{"confidence_interval":{"confidence_level":0.95,"lower_bound":57262.981894985365,"upper_bound":77237.83373707792},"point_estimate":67896.98094274271,"standard_error":5100.8537916809355}}