{"mean":{"confidence_interval":{"confidence_level":0.95,"lower_bound":6623554.11946875,"upper_bound":6673961.7345625},"point_estimate":6648035.82,"standard_error":12857.34851003278},"median":{"confidence_interval":{"confidence_level":0.95,"lower_bound":6593416.0,"upper_bound":6646846.75},"point_estimate":6610515.1875,"standard_error":13976.472997931545},"median_abs_dev":{"confidence_interval":{"confidence_level":0.95,"lower_bound":63121.3232293725,"upper_bound":112364.97326262279},"point_estimate":84018.94050836563,"standard_error":13000.701891268784},"slope":null,"std_dev":{"confidence_interval":{"confidence_level":0.95,"lower_bound":101786.7301540053,"upper_bound":152364.58113643795},"point_estimate":129059.57156439504,"standard_error":12907.656683209392}}