{"mean":{"confidence_interval":{"confidence_level":0.95,"lower_bound":8059360.078178572,"upper_bound":8086457.351821429},"point_estimate":8072360.345714289,"standard_error":6932.437786342868},"median":{"confidence_interval":{"confidence_level":0.95,"lower_bound":8046405.357142857,"upper_bound":8073128.857142856},"point_estimate":8054075.857142856,"standard_error":6798.8047109134895},"median_abs_dev":{"confidence_interval":{"confidence_level":0.95,"lower_bound":37706.2238305814,"upper_bound":61255.84181249142},"point_estimate":48997.81113011487,"standard_error":5728.688906657745},"slope":null,"std_dev":{"confidence_interval":{"confidence_level":0.95,"lower_bound":54956.43357133335,"upper_bound":82640.17878523431},"point_estimate":69528.9083993291,"standard_error":7058.163340621523}}