{"mean":{"confidence_interval":{"confidence_level":0.95,"lower_bound":-0.06632372230616554,"upper_bound":-0.05794587084817355},"point_estimate":-0.062204866756575994,"standard_error":0.002138555605735791},"median":{"confidence_interval":{"confidence_level":0.95,"lower_bound":-0.07089698644631492,"upper_bound":-0.0644617990083729},"point_estimate":-0.0678170400578475,"standard_error":0.0015348829420141405}}