{"mean":{"confidence_interval":{"confidence_level":0.95,"lower_bound":-0.012998261419134604,"upper_bound":-0.00763585805748345},"point_estimate":-0.010254600174597117,"standard_error":0.0013698167580826117},"median":{"confidence_interval":{"confidence_level":0.95,"lower_bound":-0.0126197952938496,"upper_bound":-0.0062331133932376215},"point_estimate":-0.00945985431021934,"standard_error":0.0016146623460474088}}