{"mean":{"confidence_interval":{"confidence_level":0.95,"lower_bound":-0.0045076620957792005,"upper_bound":0.004755443942356439},"point_estimate":0.0004897799575884765,"standard_error":0.0023542722444732525},"median":{"confidence_interval":{"confidence_level":0.95,"lower_bound":-0.0016912236499219571,"upper_bound":0.004569964356897296},"point_estimate":0.0010567889447670176,"standard_error":0.0015804512306396956}}