{"mean":{"confidence_interval":{"confidence_level":0.95,"lower_bound":-0.0073273428462983905,"upper_bound":0.0028179310553707146},"point_estimate":-0.0022678538219822464,"standard_error":0.0026041607217267173},"median":{"confidence_interval":{"confidence_level":0.95,"lower_bound":-0.009204845341831525,"upper_bound":0.005308946162062789},"point_estimate":-0.0031479832815093367,"standard_error":0.0036862097225231196}}