{"mean":{"confidence_interval":{"confidence_level":0.95,"lower_bound":-0.008158870371685743,"upper_bound":0.007507193597214403},"point_estimate":-0.0013532908618496542,"standard_error":0.0040890181652648875},"median":{"confidence_interval":{"confidence_level":0.95,"lower_bound":-0.009545546794918036,"upper_bound":-0.003600116561046307},"point_estimate":-0.006515439578426707,"standard_error":0.0015645509596443142}}