{"mean":{"confidence_interval":{"confidence_level":0.95,"lower_bound":0.7694653518072053,"upper_bound":0.7805453551199056},"point_estimate":0.7757857234803915,"standard_error":0.002867659477458413},"median":{"confidence_interval":{"confidence_level":0.95,"lower_bound":0.7785298988168047,"upper_bound":0.7819838153616121},"point_estimate":0.7802119785766428,"standard_error":0.0008611636556801347}}