{"mean":{"confidence_interval":{"confidence_level":0.95,"lower_bound":-0.1634503880261696,"upper_bound":-0.15961003483092392},"point_estimate":-0.16152690791620528,"standard_error":0.000980772253177063},"median":{"confidence_interval":{"confidence_level":0.95,"lower_bound":-0.16466545157676338,"upper_bound":-0.1595149091807101},"point_estimate":-0.16182812975025673,"standard_error":0.0013693599342142226}}