{"mean":{"confidence_interval":{"confidence_level":0.95,"lower_bound":-0.007821740761502381,"upper_bound":0.0018518863766297513},"point_estimate":-0.0028812966278525254,"standard_error":0.00246035426289674},"median":{"confidence_interval":{"confidence_level":0.95,"lower_bound":-0.0025716159420434703,"upper_bound":0.00013341400552335791},"point_estimate":-0.0010236378977408478,"standard_error":0.00067384910109549}}