{"mean":{"confidence_interval":{"confidence_level":0.95,"lower_bound":0.0020107546247981286,"upper_bound":0.009937411676476552},"point_estimate":0.005816605700773136,"standard_error":0.0020246077503018813},"median":{"confidence_interval":{"confidence_level":0.95,"lower_bound":0.005231324061705678,"upper_bound":0.010744127852434726},"point_estimate":0.008243930509179043,"standard_error":0.0013764417799699623}}