{"mean":{"confidence_interval":{"confidence_level":0.95,"lower_bound":-0.2170424762793776,"upper_bound":-0.21340830201729108},"point_estimate":-0.21516206287131812,"standard_error":0.000925340252778994},"median":{"confidence_interval":{"confidence_level":0.95,"lower_bound":-0.21651243277859,"upper_bound":-0.21366250953424815},"point_estimate":-0.21513778662184935,"standard_error":0.0006900963305544066}}