{"mean":{"confidence_interval":{"confidence_level":0.95,"lower_bound":-0.009195535684232757,"upper_bound":-0.001011679877467343},"point_estimate":-0.004706504199422978,"standard_error":0.0020864143276728363},"median":{"confidence_interval":{"confidence_level":0.95,"lower_bound":-0.0041390467260101396,"upper_bound":-0.0012628100988550334},"point_estimate":-0.0025952348613385023,"standard_error":0.000734031231599683}}