{"mean":{"confidence_interval":{"confidence_level":0.95,"lower_bound":-0.015005056300053558,"upper_bound":-0.0011655291224237235},"point_estimate":-0.007425223870557884,"standard_error":0.0035242118178359116},"median":{"confidence_interval":{"confidence_level":0.95,"lower_bound":-0.0053557950484536265,"upper_bound":-0.0018104396657578903},"point_estimate":-0.003465050171177597,"standard_error":0.00088820817782427}}