{"mean":{"confidence_interval":{"confidence_level":0.95,"lower_bound":-0.019975785718017496,"upper_bound":0.001886151445605135},"point_estimate":-0.0066411586947142665,"standard_error":0.005872720504257104},"median":{"confidence_interval":{"confidence_level":0.95,"lower_bound":-0.003057384426485066,"upper_bound":0.00435166503661355},"point_estimate":0.0004777201904115902,"standard_error":0.001777907498185913}}