{"mean":{"confidence_interval":{"confidence_level":0.95,"lower_bound":-0.001097804884064668,"upper_bound":0.0028570518866979865},"point_estimate":0.0008031940030550633,"standard_error":0.000997137813233697},"median":{"confidence_interval":{"confidence_level":0.95,"lower_bound":-0.0014682201700528886,"upper_bound":0.0015676365117023305},"point_estimate":-0.00015340756291182256,"standard_error":0.0008054109224789946}}