{"mean":{"confidence_interval":{"confidence_level":0.95,"lower_bound":0.0029969335134227564,"upper_bound":0.010096270666399275},"point_estimate":0.006278097010888217,"standard_error":0.0017822802969567795},"median":{"confidence_interval":{"confidence_level":0.95,"lower_bound":0.003229596165878146,"upper_bound":0.009884425025226984},"point_estimate":0.006227472182716243,"standard_error":0.0016551819627985444}}