{"mean":{"confidence_interval":{"confidence_level":0.95,"lower_bound":-0.0049482709649628,"upper_bound":0.0044472479095568},"point_estimate":-0.0003884696165835644,"standard_error":0.002398019146838801},"median":{"confidence_interval":{"confidence_level":0.95,"lower_bound":-0.00252535196743236,"upper_bound":0.0054615389812104455},"point_estimate":0.0014055803877284223,"standard_error":0.002077418203478181}}