{"mean":{"confidence_interval":{"confidence_level":0.95,"lower_bound":-0.44381002319195756,"upper_bound":-0.44183627870796893},"point_estimate":-0.4429074902755331,"standard_error":0.0005003968730977953},"median":{"confidence_interval":{"confidence_level":0.95,"lower_bound":-0.4440208133551132,"upper_bound":-0.4429492884734898},"point_estimate":-0.44340021541893526,"standard_error":0.00027824744714354855}}