{"mean":{"confidence_interval":{"confidence_level":0.95,"lower_bound":-0.009578162964446512,"upper_bound":0.0004250349470623856},"point_estimate":-0.004651237449644463,"standard_error":0.0025387155111839116},"median":{"confidence_interval":{"confidence_level":0.95,"lower_bound":-0.007483438907668005,"upper_bound":-0.0014517240490210526},"point_estimate":-0.005037381079729841,"standard_error":0.0015443154873695233}}