{"mean":{"confidence_interval":{"confidence_level":0.95,"lower_bound":0.09558160766885915,"upper_bound":0.11390370695097839},"point_estimate":0.10409614640716991,"standard_error":0.004744736673012237},"median":{"confidence_interval":{"confidence_level":0.95,"lower_bound":0.09092756875726767,"upper_bound":0.09690163417789877},"point_estimate":0.09338689529500299,"standard_error":0.0014585648021530723}}