{"mean":{"confidence_interval":{"confidence_level":0.95,"lower_bound":-0.010213474068559403,"upper_bound":-0.0025613129971407394},"point_estimate":-0.00647662040149688,"standard_error":0.0019496848336963328},"median":{"confidence_interval":{"confidence_level":0.95,"lower_bound":-0.008948095625034735,"upper_bound":-0.0032465539667033694},"point_estimate":-0.0056993587168547855,"standard_error":0.0014486017370181244}}