{"mean":{"confidence_interval":{"confidence_level":0.95,"lower_bound":0.7592908814447614,"upper_bound":0.7818851732291012},"point_estimate":0.7734962617995496,"standard_error":0.006364231360888912},"median":{"confidence_interval":{"confidence_level":0.95,"lower_bound":0.778712163361019,"upper_bound":0.7824478917820827},"point_estimate":0.7809817142828455,"standard_error":0.0009353198057410626}}