{"mean":{"confidence_interval":{"confidence_level":0.95,"lower_bound":-0.43950241932439904,"upper_bound":-0.43777667788934965},"point_estimate":-0.43869921311424254,"standard_error":0.00043504956879879915},"median":{"confidence_interval":{"confidence_level":0.95,"lower_bound":-0.4401623383551376,"upper_bound":-0.4391948760358182},"point_estimate":-0.43973030121938195,"standard_error":0.00024598669557398276}}