{"mean":{"confidence_interval":{"confidence_level":0.95,"lower_bound":0.07634697103404721,"upper_bound":0.07829422658011721},"point_estimate":0.07736480661787337,"standard_error":0.0004943566872134683},"median":{"confidence_interval":{"confidence_level":0.95,"lower_bound":0.07664745474615975,"upper_bound":0.07885837037562782},"point_estimate":0.0774739389142356,"standard_error":0.0005754568657281501}}