{"mean":{"confidence_interval":{"confidence_level":0.95,"lower_bound":0.026855787284212448,"upper_bound":0.03498086276053921},"point_estimate":0.0314586785302271,"standard_error":0.0020901592191568175},"median":{"confidence_interval":{"confidence_level":0.95,"lower_bound":0.034120545328178764,"upper_bound":0.03757024142982979},"point_estimate":0.0356077397713539,"standard_error":0.0008912533842217096}}