{"mean":{"confidence_interval":{"confidence_level":0.95,"lower_bound":-0.0035864420652274905,"upper_bound":0.0057645591198539035},"point_estimate":0.0008940464050211094,"standard_error":0.0023724914916130107},"median":{"confidence_interval":{"confidence_level":0.95,"lower_bound":-0.004115680272747164,"upper_bound":0.002088260007034437},"point_estimate":-0.0007868680756237811,"standard_error":0.0015336950460371468}}