{"mean":{"confidence_interval":{"confidence_level":0.95,"lower_bound":-0.018420260846614085,"upper_bound":-0.010108170146973728},"point_estimate":-0.014380735420743918,"standard_error":0.002119495240410311},"median":{"confidence_interval":{"confidence_level":0.95,"lower_bound":-0.0228240562372831,"upper_bound":-0.016431124556283816},"point_estimate":-0.019434391605227974,"standard_error":0.0016582645438581703}}