{"mean":{"confidence_interval":{"confidence_level":0.95,"lower_bound":0.006973048715758185,"upper_bound":0.01848230480077487},"point_estimate":0.012583607559172538,"standard_error":0.002910952587880249},"median":{"confidence_interval":{"confidence_level":0.95,"lower_bound":0.004741115991007794,"upper_bound":0.014821881662576253},"point_estimate":0.011698252114174634,"standard_error":0.0024934752507010677}}