{"mean":{"confidence_interval":{"confidence_level":0.95,"lower_bound":-0.017645908548116696,"upper_bound":-0.007894508760420154},"point_estimate":-0.013221461424660186,"standard_error":0.002431463929413078},"median":{"confidence_interval":{"confidence_level":0.95,"lower_bound":-0.02059468738157725,"upper_bound":-0.014816639973453616},"point_estimate":-0.017776404915894384,"standard_error":0.0014797941563095512}}