{"mean":{"confidence_interval":{"confidence_level":0.95,"lower_bound":-0.012396295968578505,"upper_bound":-0.007219719170356576},"point_estimate":-0.009783275064719765,"standard_error":0.0013249930372264736},"median":{"confidence_interval":{"confidence_level":0.95,"lower_bound":-0.013703524168593217,"upper_bound":-0.009755429231049995},"point_estimate":-0.01145061582986251,"standard_error":0.0010070082367117236}}