{"mean":{"confidence_interval":{"confidence_level":0.95,"lower_bound":-0.008124124805913962,"upper_bound":-0.0005376623552665327},"point_estimate":-0.004362294904111108,"standard_error":0.0019316415973574836},"median":{"confidence_interval":{"confidence_level":0.95,"lower_bound":-0.006739276478913148,"upper_bound":-0.0013808116341926802},"point_estimate":-0.003538883605397558,"standard_error":0.0013460045144080125}}