{"mean":{"confidence_interval":{"confidence_level":0.95,"lower_bound":-0.10435479105336615,"upper_bound":-0.08965932288882869},"point_estimate":-0.09633742764639919,"standard_error":0.00376250935135688},"median":{"confidence_interval":{"confidence_level":0.95,"lower_bound":-0.09005005390617138,"upper_bound":-0.08541188112271425},"point_estimate":-0.08830056679167964,"standard_error":0.001216797463044603}}