{"mean":{"confidence_interval":{"confidence_level":0.95,"lower_bound":-0.011223766139012442,"upper_bound":-0.004338072159668914},"point_estimate":-0.007862519614593944,"standard_error":0.0017659984584092096},"median":{"confidence_interval":{"confidence_level":0.95,"lower_bound":-0.01459208794008815,"upper_bound":-0.0075347583349978375},"point_estimate":-0.011189459037108551,"standard_error":0.0018036861091644827}}