{"mean":{"confidence_interval":{"confidence_level":0.95,"lower_bound":0.0015539978114882955,"upper_bound":0.005835654132590415},"point_estimate":0.003723792882555532,"standard_error":0.0010936110085612949},"median":{"confidence_interval":{"confidence_level":0.95,"lower_bound":0.002866275923298911,"upper_bound":0.005786963012548885},"point_estimate":0.004422535350413259,"standard_error":0.0007472679453659702}}