{"mean":{"confidence_interval":{"confidence_level":0.95,"lower_bound":0.0163039563156806,"upper_bound":0.02332152985115974},"point_estimate":0.019677523262364494,"standard_error":0.0018151472561180502},"median":{"confidence_interval":{"confidence_level":0.95,"lower_bound":0.018404158843041696,"upper_bound":0.024843287617297927},"point_estimate":0.022099323351103317,"standard_error":0.0016347884680497295}}