{"mean":{"confidence_interval":{"confidence_level":0.95,"lower_bound":-0.009416519728349566,"upper_bound":-0.0016160009626459042},"point_estimate":-0.005781081925594678,"standard_error":0.002009563056051746},"median":{"confidence_interval":{"confidence_level":0.95,"lower_bound":-0.008713633584956915,"upper_bound":-0.0019525384788378463},"point_estimate":-0.005602743211612804,"standard_error":0.0017794617043182432}}