{"mean":{"confidence_interval":{"confidence_level":0.95,"lower_bound":-0.018165287007677902,"upper_bound":-0.0011816970479257515},"point_estimate":-0.00790286554009978,"standard_error":0.00449390128187816},"median":{"confidence_interval":{"confidence_level":0.95,"lower_bound":-0.005367542481664489,"upper_bound":0.0005067830141636254},"point_estimate":-0.0022801542922378237,"standard_error":0.0014964761352794487}}