{"mean":{"confidence_interval":{"confidence_level":0.95,"lower_bound":0.04603498373811351,"upper_bound":0.056405871407370564},"point_estimate":0.05148403949619729,"standard_error":0.002676786085693306},"median":{"confidence_interval":{"confidence_level":0.95,"lower_bound":0.05294740221645622,"upper_bound":0.061337295016481},"point_estimate":0.05765063230724521,"standard_error":0.002031098788514193}}