{"mean":{"confidence_interval":{"confidence_level":0.95,"lower_bound":-0.017426929199537148,"upper_bound":-0.009127256353649759},"point_estimate":-0.012852171268768586,"standard_error":0.002131899898007455},"median":{"confidence_interval":{"confidence_level":0.95,"lower_bound":-0.015424554769785215,"upper_bound":-0.008490854344470831},"point_estimate":-0.01163901177378035,"standard_error":0.0017554853486099558}}