{"mean":{"confidence_interval":{"confidence_level":0.95,"lower_bound":0.06680680842650728,"upper_bound":0.07852407642089847},"point_estimate":0.07280635316173134,"standard_error":0.0029582058359073336},"median":{"confidence_interval":{"confidence_level":0.95,"lower_bound":0.06878313388397483,"upper_bound":0.07173669198374721},"point_estimate":0.07042513544481022,"standard_error":0.0007697899877366161}}