{"mean":{"confidence_interval":{"confidence_level":0.95,"lower_bound":-0.006939950377149387,"upper_bound":0.0003219649616214006},"point_estimate":-0.00311261550431563,"standard_error":0.0018468206183460403},"median":{"confidence_interval":{"confidence_level":0.95,"lower_bound":-0.004755816789216438,"upper_bound":0.0009257242634700046},"point_estimate":-0.0015371947575892886,"standard_error":0.0013894253226315605}}