{"mean":{"confidence_interval":{"confidence_level":0.95,"lower_bound":-0.22035204941842265,"upper_bound":-0.2175674400781841},"point_estimate":-0.2190579426956284,"standard_error":0.0006957418291237537},"median":{"confidence_interval":{"confidence_level":0.95,"lower_bound":-0.22145404167761196,"upper_bound":-0.21887873788164341},"point_estimate":-0.2203371341604653,"standard_error":0.0006758618025162889}}