{"mean":{"confidence_interval":{"confidence_level":0.95,"lower_bound":-0.04529926685681992,"upper_bound":-0.013228379562210575},"point_estimate":-0.026669076508302192,"standard_error":0.008488577555217272},"median":{"confidence_interval":{"confidence_level":0.95,"lower_bound":-0.017585576679637893,"upper_bound":-0.012034585937410247},"point_estimate":-0.014832897916072674,"standard_error":0.0012959578186885097}}