{"mean":{"confidence_interval":{"confidence_level":0.95,"lower_bound":-0.027614513943310933,"upper_bound":-0.018157610811874298},"point_estimate":-0.023244270795667377,"standard_error":0.0024437543842711702},"median":{"confidence_interval":{"confidence_level":0.95,"lower_bound":-0.03272314724371794,"upper_bound":-0.025140967437899064},"point_estimate":-0.029767239006428747,"standard_error":0.001916002369872513}}