{"mean":{"confidence_interval":{"confidence_level":0.95,"lower_bound":-0.028770565049795544,"upper_bound":-0.021640883941108493},"point_estimate":-0.025110664628980373,"standard_error":0.001822958064186249},"median":{"confidence_interval":{"confidence_level":0.95,"lower_bound":-0.025946304244240558,"upper_bound":-0.018643729463084235},"point_estimate":-0.022479471394236228,"standard_error":0.0018785294732420327}}