{"mean":{"confidence_interval":{"confidence_level":0.95,"lower_bound":-0.4356516425246042,"upper_bound":-0.4335072915600556},"point_estimate":-0.43456432525390576,"standard_error":0.0005617139682683967},"median":{"confidence_interval":{"confidence_level":0.95,"lower_bound":-0.43666953765854705,"upper_bound":-0.43526476566526795},"point_estimate":-0.435904523545822,"standard_error":0.0003774652530055629}}