{"mean":{"confidence_interval":{"confidence_level":0.95,"lower_bound":-0.011464065764941874,"upper_bound":-0.0015193875380642076},"point_estimate":-0.005884429690608539,"standard_error":0.0025738292425446316},"median":{"confidence_interval":{"confidence_level":0.95,"lower_bound":-0.004773723645903671,"upper_bound":-0.0015303039437322141},"point_estimate":-0.002939420417821026,"standard_error":0.0008204709898735368}}