{"mean":{"confidence_interval":{"confidence_level":0.95,"lower_bound":-0.011855805825757348,"upper_bound":-0.006055198821873198},"point_estimate":-0.008760951997420219,"standard_error":0.0014860033122400906},"median":{"confidence_interval":{"confidence_level":0.95,"lower_bound":-0.006664232024776284,"upper_bound":-0.0020473738075430605},"point_estimate":-0.004399666232434485,"standard_error":0.001271495287826279}}