{"mean":{"confidence_interval":{"confidence_level":0.95,"lower_bound":-0.008325062016107495,"upper_bound":0.003611683654501716},"point_estimate":-0.0023553437477205064,"standard_error":0.003028598661304619},"median":{"confidence_interval":{"confidence_level":0.95,"lower_bound":-0.0002362495154943911,"upper_bound":0.0006817485305292692},"point_estimate":0.00017823756424339976,"standard_error":0.00022245300451468212}}