{"mean":{"confidence_interval":{"confidence_level":0.95,"lower_bound":-0.00245846879395046,"upper_bound":0.000231459682070961},"point_estimate":-0.0008939799980908214,"standard_error":0.0006979074399934991},"median":{"confidence_interval":{"confidence_level":0.95,"lower_bound":-0.000026448887713859115,"upper_bound":0.0004703785652944159},"point_estimate":0.0002407925125837984,"standard_error":0.000132553323745622}}