{"mean":{"confidence_interval":{"confidence_level":0.95,"lower_bound":-0.004815381335001034,"upper_bound":0.000785911509793263},"point_estimate":-0.0020454817342300258,"standard_error":0.001327167839703567},"median":{"confidence_interval":{"confidence_level":0.95,"lower_bound":-0.00033611524133414505,"upper_bound":0.0002733028793637793},"point_estimate":6.6448217010961486e-6,"standard_error":0.00015666460352125816}}