{"mean":{"confidence_interval":{"confidence_level":0.95,"lower_bound":0.00006806882687316956,"upper_bound":0.003382600615226039},"point_estimate":0.0014934085882485348,"standard_error":0.0008456765158812767},"median":{"confidence_interval":{"confidence_level":0.95,"lower_bound":-0.0004982330314424743,"upper_bound":0.00006031649324444999},"point_estimate":-0.00020282997469844855,"standard_error":0.00014212380095921027}}