{"mean":{"confidence_interval":{"confidence_level":0.95,"lower_bound":-0.012319953915148474,"upper_bound":-0.0010779361622094206},"point_estimate":-0.005867452652619676,"standard_error":0.002913101641567104},"median":{"confidence_interval":{"confidence_level":0.95,"lower_bound":-0.0006256290709785834,"upper_bound":-0.00026491591143362747},"point_estimate":-0.0004157080553196524,"standard_error":0.00009274330254237748}}