{"mean":{"confidence_interval":{"confidence_level":0.95,"lower_bound":-0.00823042504230398,"upper_bound":0.011643027285110685},"point_estimate":0.0006697619810012156,"standard_error":0.005093378709503588},"median":{"confidence_interval":{"confidence_level":0.95,"lower_bound":-0.0007831795355116966,"upper_bound":-0.000049262963014662375},"point_estimate":-0.000398909048568874,"standard_error":0.00019805866132503015}}