{"mean":{"confidence_interval":{"confidence_level":0.95,"lower_bound":-0.0033111754861298854,"upper_bound":0.000023894293117836276},"point_estimate":-0.0014027911353705624,"standard_error":0.0008664714313576932},"median":{"confidence_interval":{"confidence_level":0.95,"lower_bound":-0.0004123686031485274,"upper_bound":0.000044772680231286444},"point_estimate":-0.0001942583633597339,"standard_error":0.0001109688570796179}}