{"mean":{"confidence_interval":{"confidence_level":0.95,"lower_bound":-0.0005000635564952449,"upper_bound":0.0010232108087110225},"point_estimate":0.00021819098494058053,"standard_error":0.0003910615702893843},"median":{"confidence_interval":{"confidence_level":0.95,"lower_bound":-0.0002700294837000873,"upper_bound":0.0003757999005702395},"point_estimate":-0.000035876122042921565,"standard_error":0.0001704879281078032}}