{"mean":{"confidence_interval":{"confidence_level":0.95,"lower_bound":0.0007341844399388236,"upper_bound":0.008155067606948563},"point_estimate":0.004226503131266268,"standard_error":0.0018825851452149566},"median":{"confidence_interval":{"confidence_level":0.95,"lower_bound":-0.00017097195724069536,"upper_bound":0.0004126490133264486},"point_estimate":0.0001102757132185328,"standard_error":0.0001502137086908293}}