{"mean":{"confidence_interval":{"confidence_level":0.95,"lower_bound":-0.001937610559470837,"upper_bound":0.0027850402169063673},"point_estimate":4.915974782138122e-6,"standard_error":0.0011666235543328885},"median":{"confidence_interval":{"confidence_level":0.95,"lower_bound":-0.00030736393802011097,"upper_bound":0.00008623454867495717},"point_estimate":-0.00012121026630762533,"standard_error":0.00010625188917616949}}