{"mean":{"confidence_interval":{"confidence_level":0.95,"lower_bound":0.0130690331915475,"upper_bound":0.04369906666888042},"point_estimate":0.02783792085408998,"standard_error":0.00794283681090186},"median":{"confidence_interval":{"confidence_level":0.95,"lower_bound":-0.00009542034331633253,"upper_bound":0.000666784560571454},"point_estimate":0.00017692976347150058,"standard_error":0.00019229931229590105}}