{"mean":{"confidence_interval":{"confidence_level":0.95,"lower_bound":-0.003719420853155036,"upper_bound":-0.00013319608618009068},"point_estimate":-0.001671333656168894,"standard_error":0.0009270821210396837},"median":{"confidence_interval":{"confidence_level":0.95,"lower_bound":-0.000619114026434997,"upper_bound":-0.00009187840107527379},"point_estimate":-0.00036249786052688915,"standard_error":0.0001342210879798853}}