{"mean":{"confidence_interval":{"confidence_level":0.95,"lower_bound":-0.0010276331126784193,"upper_bound":0.003961665648664003},"point_estimate":0.0008491612445007402,"standard_error":0.0014448849829301685},"median":{"confidence_interval":{"confidence_level":0.95,"lower_bound":-0.0006886869649731509,"upper_bound":-0.0001210056207165966},"point_estimate":-0.00041027166469154164,"standard_error":0.00014434979240070887}}