{"mean":{"confidence_interval":{"confidence_level":0.95,"lower_bound":-0.3107509215147714,"upper_bound":-0.2998871908842981},"point_estimate":-0.30484801668649075,"standard_error":0.002763638121857026},"median":{"confidence_interval":{"confidence_level":0.95,"lower_bound":-0.3060288869765678,"upper_bound":-0.30550166212901086},"point_estimate":-0.3058000475780833,"standard_error":0.00013447320014683414}}