{"mean":{"confidence_interval":{"confidence_level":0.95,"lower_bound":0.0034033980789762337,"upper_bound":0.012450913133537253},"point_estimate":0.007835931082724734,"standard_error":0.002340520568564098},"median":{"confidence_interval":{"confidence_level":0.95,"lower_bound":0.0001799749391426797,"upper_bound":0.0010480772408478778},"point_estimate":0.0005172280234058135,"standard_error":0.0001978034844880513}}