{"mean":{"confidence_interval":{"confidence_level":0.95,"lower_bound":-0.0027174085714620267,"upper_bound":-0.000047674793726093624},"point_estimate":-0.0011227244798988067,"standard_error":0.0006985083163113584},"median":{"confidence_interval":{"confidence_level":0.95,"lower_bound":-0.0004791879847783065,"upper_bound":-0.00005056626974146794},"point_estimate":-0.0002937520051629061,"standard_error":0.000109031435406826}}