{"mean":{"confidence_interval":{"confidence_level":0.95,"lower_bound":-0.00024857163321688187,"upper_bound":0.005304924524540305},"point_estimate":0.0018745758065787932,"standard_error":0.0014228037274744702},"median":{"confidence_interval":{"confidence_level":0.95,"lower_bound":-0.000039686591115972725,"upper_bound":0.000516240380589383},"point_estimate":0.00030400990678325357,"standard_error":0.00014213774192905755}}