{"mean":{"confidence_interval":{"confidence_level":0.95,"lower_bound":-0.011329234300226617,"upper_bound":-0.000971777976234123},"point_estimate":-0.005403636287645286,"standard_error":0.0026799961733468504},"median":{"confidence_interval":{"confidence_level":0.95,"lower_bound":-0.00030911029040991966,"upper_bound":0.0005078595473557712},"point_estimate":0.00010178269109317739,"standard_error":0.00020983099052749392}}