{"mean":{"confidence_interval":{"confidence_level":0.95,"lower_bound":-0.010386357154519259,"upper_bound":0.001228579377562558},"point_estimate":-0.0037207669766310403,"standard_error":0.0030070359854305934},"median":{"confidence_interval":{"confidence_level":0.95,"lower_bound":-0.0002208229808051687,"upper_bound":0.0004361282394143018},"point_estimate":0.0001158820698692331,"standard_error":0.0001681213860761171}}