{"mean":{"confidence_interval":{"confidence_level":0.95,"lower_bound":-0.01542981590944538,"upper_bound":-0.004530649879009111},"point_estimate":-0.009454913079737226,"standard_error":0.002811430795425653},"median":{"confidence_interval":{"confidence_level":0.95,"lower_bound":-0.000415001738660159,"upper_bound":0.0000845852289446114},"point_estimate":-0.00014829694656448567,"standard_error":0.00012937522261638945}}