{"mean":{"confidence_interval":{"confidence_level":0.95,"lower_bound":-0.0018456435491979643,"upper_bound":0.005376283714555634},"point_estimate":0.001190731047841842,"standard_error":0.0017797647843178714},"median":{"confidence_interval":{"confidence_level":0.95,"lower_bound":-0.000032914854126375737,"upper_bound":0.0004521371938266405},"point_estimate":0.00021504291336205128,"standard_error":0.00013658802636200913}}