{"mean":{"confidence_interval":{"confidence_level":0.95,"lower_bound":-0.00027522741409490817,"upper_bound":0.0010598541608545398},"point_estimate":0.000383231555690422,"standard_error":0.0003350340279878032},"median":{"confidence_interval":{"confidence_level":0.95,"lower_bound":0.000020040926178133134,"upper_bound":0.0004656450425539749},"point_estimate":0.00023743655554131493,"standard_error":0.00012138038758815033}}