{"mean":{"confidence_interval":{"confidence_level":0.95,"lower_bound":-0.0015975123297984942,"upper_bound":0.00009269910012629753},"point_estimate":-0.000618388999651831,"standard_error":0.00043592897870532396},"median":{"confidence_interval":{"confidence_level":0.95,"lower_bound":-0.0003896793564107659,"upper_bound":0.00007807338920939801},"point_estimate":-0.00018182912908337734,"standard_error":0.00011757950073151985}}