{"mean":{"confidence_interval":{"confidence_level":0.95,"lower_bound":-0.00595642371884845,"upper_bound":0.005309267257358918},"point_estimate":-0.00002568000285685379,"standard_error":0.0028060137826169014},"median":{"confidence_interval":{"confidence_level":0.95,"lower_bound":-0.00036692546125799674,"upper_bound":0.0000587619284020402},"point_estimate":-0.00016818289943798526,"standard_error":0.00010776402099732437}}