{"mean":{"confidence_interval":{"confidence_level":0.95,"lower_bound":-0.11079434806222335,"upper_bound":-0.09785510871708902},"point_estimate":-0.10489671840206849,"standard_error":0.0032222216471026106},"median":{"confidence_interval":{"confidence_level":0.95,"lower_bound":-0.11538474555251377,"upper_bound":-0.11498081194725485},"point_estimate":-0.11521200999714898,"standard_error":0.00009854923667850177}}