{"mean":{"confidence_interval":{"confidence_level":0.95,"lower_bound":-0.011278807862388475,"upper_bound":-0.0008077203934768219},"point_estimate":-0.005445520986297359,"standard_error":0.002694160230596898},"median":{"confidence_interval":{"confidence_level":0.95,"lower_bound":-0.0008944619414000821,"upper_bound":-0.00006522683465903789},"point_estimate":-0.0003487619377299245,"standard_error":0.00019765606064271678}}