{"mean":{"confidence_interval":{"confidence_level":0.95,"lower_bound":-0.0022227952751042194,"upper_bound":-0.0004032857639017984},"point_estimate":-0.0012127286177454621,"standard_error":0.0004694770076003555},"median":{"confidence_interval":{"confidence_level":0.95,"lower_bound":-0.0008217527686017467,"upper_bound":-0.00017064009901068914},"point_estimate":-0.0004281905632905758,"standard_error":0.0001683047555196938}}