{"mean":{"confidence_interval":{"confidence_level":0.95,"lower_bound":0.6165867607442294,"upper_bound":0.6321812564496839},"point_estimate":0.6247028526482012,"standard_error":0.003981395684182124},"median":{"confidence_interval":{"confidence_level":0.95,"lower_bound":0.6260913744823398,"upper_bound":0.627846386419463},"point_estimate":0.6269754432155712,"standard_error":0.00046694754069712444}}