{"mean":{"confidence_interval":{"confidence_level":0.95,"lower_bound":-0.002906945851884446,"upper_bound":0.0011332452486866752},"point_estimate":-0.0005727983883481169,"standard_error":0.0010379729369222738},"median":{"confidence_interval":{"confidence_level":0.95,"lower_bound":-0.00008026709118058584,"upper_bound":0.0002886857044943625},"point_estimate":0.00012286544964390522,"standard_error":0.0000869554273001405}}