{"mean":{"confidence_interval":{"confidence_level":0.95,"lower_bound":-0.00862874419773908,"upper_bound":0.006741408885169836},"point_estimate":-0.00013358606769964254,"standard_error":0.0039234157069239},"median":{"confidence_interval":{"confidence_level":0.95,"lower_bound":-0.0003554260480069793,"upper_bound":0.00008964407746497824},"point_estimate":-0.00020254970059885302,"standard_error":0.000123905482894245}}