{"mean":{"confidence_interval":{"confidence_level":0.95,"lower_bound":0.003910739552293404,"upper_bound":0.015952452201683974},"point_estimate":0.009274783868582048,"standard_error":0.00308537210335272},"median":{"confidence_interval":{"confidence_level":0.95,"lower_bound":0.0000754308178112506,"upper_bound":0.0009735351347979204},"point_estimate":0.00030104344661086024,"standard_error":0.0002043246032745991}}