{"mean":{"confidence_interval":{"confidence_level":0.95,"lower_bound":0.04543385981672175,"upper_bound":0.059592547711490695},"point_estimate":0.05254905453541081,"standard_error":0.0035686526968018487},"median":{"confidence_interval":{"confidence_level":0.95,"lower_bound":0.048938438188372624,"upper_bound":0.06154148045051411},"point_estimate":0.05620309582363303,"standard_error":0.003207978023291963}}