{"mean":{"confidence_interval":{"confidence_level":0.95,"lower_bound":-0.01158586269538942,"upper_bound":-0.0012047821160970959},"point_estimate":-0.006014544223419405,"standard_error":0.0026631770229066246},"median":{"confidence_interval":{"confidence_level":0.95,"lower_bound":-0.0001665816034756018,"upper_bound":0.000365670188743783},"point_estimate":0.00007732298954388206,"standard_error":0.00013394365807613563}}