{"mean":{"confidence_interval":{"confidence_level":0.95,"lower_bound":-0.007904733341020365,"upper_bound":0.0004814036491380436},"point_estimate":-0.0032881302337663953,"standard_error":0.0021417652717541516},"median":{"confidence_interval":{"confidence_level":0.95,"lower_bound":-0.00015079422614927562,"upper_bound":0.0002665587729056007},"point_estimate":0.00009631415915278829,"standard_error":0.00010850567572659454}}