{"mean":{"confidence_interval":{"confidence_level":0.95,"lower_bound":-0.014395924290899297,"upper_bound":0.004028850979708701},"point_estimate":-0.005030040141395187,"standard_error":0.004706045132074942},"median":{"confidence_interval":{"confidence_level":0.95,"lower_bound":-0.018056695928759026,"upper_bound":0.002536847991390534},"point_estimate":-0.009654733487888034,"standard_error":0.005169892211259651}}