{"mean":{"confidence_interval":{"confidence_level":0.95,"lower_bound":0.12866351838423828,"upper_bound":0.12942981495647565},"point_estimate":0.12905991947377982,"standard_error":0.00019512654777128},"median":{"confidence_interval":{"confidence_level":0.95,"lower_bound":0.12878693761991444,"upper_bound":0.1294266148148877},"point_estimate":0.12913068314752918,"standard_error":0.0001569625454805444}}