{"mean":{"confidence_interval":{"confidence_level":0.95,"lower_bound":-0.12561125037119486,"upper_bound":-0.11885250604511302},"point_estimate":-0.12199072264681787,"standard_error":0.0017308865286725886},"median":{"confidence_interval":{"confidence_level":0.95,"lower_bound":-0.11563725525551494,"upper_bound":-0.11496602791226962},"point_estimate":-0.11514555233973289,"standard_error":0.0001697682101236984}}