{"mean":{"confidence_interval":{"confidence_level":0.95,"lower_bound":0.0018994386961737053,"upper_bound":0.006654284963776745},"point_estimate":0.003923745173371573,"standard_error":0.001231274767629345},"median":{"confidence_interval":{"confidence_level":0.95,"lower_bound":0.00048298835385396366,"upper_bound":0.0018203693239571272},"point_estimate":0.001142324972398967,"standard_error":0.00030100903260463593}}