{"mean":{"confidence_interval":{"confidence_level":0.95,"lower_bound":-0.013554744470834126,"upper_bound":-0.00004222059488337427},"point_estimate":-0.00504165434226056,"standard_error":0.0036410438369987937},"median":{"confidence_interval":{"confidence_level":0.95,"lower_bound":-0.0003888237894955626,"upper_bound":0.00003325544103538469},"point_estimate":-0.00015969646333080512,"standard_error":0.00011000652872837328}}