{"mean":{"confidence_interval":{"confidence_level":0.95,"lower_bound":-0.30626506426370687,"upper_bound":-0.2996670648617674},"point_estimate":-0.3036031271174723,"standard_error":0.0017134843212968708},"median":{"confidence_interval":{"confidence_level":0.95,"lower_bound":-0.3048156435088175,"upper_bound":-0.3042308378590628},"point_estimate":-0.3045685417149375,"standard_error":0.00014629690931378567}}