{"mean":{"confidence_interval":{"confidence_level":0.95,"lower_bound":-0.004896749118385462,"upper_bound":0.0014761953758572527},"point_estimate":-0.0015025668447982143,"standard_error":0.0016094413232061791},"median":{"confidence_interval":{"confidence_level":0.95,"lower_bound":-0.0005078693025359904,"upper_bound":0.00008307909486648946},"point_estimate":-0.00020732169260395672,"standard_error":0.0001531066688516714}}