{"mean":{"confidence_interval":{"confidence_level":0.95,"lower_bound":-0.004019437035917356,"upper_bound":0.003950960495542241},"point_estimate":0.0003987712103279417,"standard_error":0.0020328954708533366},"median":{"confidence_interval":{"confidence_level":0.95,"lower_bound":-0.00025978302555096366,"upper_bound":0.00047376660987907826},"point_estimate":0.00022839253032480578,"standard_error":0.00017343169610589202}}