{"mean":{"confidence_interval":{"confidence_level":0.95,"lower_bound":-0.023369891888151178,"upper_bound":0.0014470456791300882},"point_estimate":-0.010284858163952859,"standard_error":0.0063102618413981675},"median":{"confidence_interval":{"confidence_level":0.95,"lower_bound":-0.000837285096170981,"upper_bound":0.0001715917860702909},"point_estimate":-0.00021612051029284984,"standard_error":0.0002621255403690673}}