{"mean":{"confidence_interval":{"confidence_level":0.95,"lower_bound":0.4367500594638732,"upper_bound":0.4383920943125257},"point_estimate":0.43760259899609677,"standard_error":0.00041710541523487434},"median":{"confidence_interval":{"confidence_level":0.95,"lower_bound":0.43753816398623746,"upper_bound":0.43848446624320203},"point_estimate":0.4379860030153002,"standard_error":0.00025835277064103243}}