{"mean":{"confidence_interval":{"confidence_level":0.95,"lower_bound":0.000017405490168781517,"upper_bound":0.002873566562925972},"point_estimate":0.001225937852115111,"standard_error":0.0007575873807698444},"median":{"confidence_interval":{"confidence_level":0.95,"lower_bound":0.00001690603718680424,"upper_bound":0.0005163000067265333},"point_estimate":0.00025611862218921644,"standard_error":0.00011169691211491453}}