{"mean":{"confidence_interval":{"confidence_level":0.95,"lower_bound":-0.000204239146343188,"upper_bound":0.0019875873244304338},"point_estimate":0.0006712274734064216,"standard_error":0.0005816196555360254},"median":{"confidence_interval":{"confidence_level":0.95,"lower_bound":-0.00008130832877772942,"upper_bound":0.0004317932156192583},"point_estimate":0.00013286180195404285,"standard_error":0.00013622758781543006}}