{"mean":{"confidence_interval":{"confidence_level":0.95,"lower_bound":0.12619416545926443,"upper_bound":0.130552021991259},"point_estimate":0.12874822285916543,"standard_error":0.0011591670870112014},"median":{"confidence_interval":{"confidence_level":0.95,"lower_bound":0.1302711833226211,"upper_bound":0.13079752781671772},"point_estimate":0.13057372479417273,"standard_error":0.00013384430751661066}}