{"mean":{"confidence_interval":{"confidence_level":0.95,"lower_bound":43328155.808,"upper_bound":43418622.95},"point_estimate":43372130.655,"standard_error":23101.17709291554},"median":{"confidence_interval":{"confidence_level":0.95,"lower_bound":43264513.5,"upper_bound":43396009.5},"point_estimate":43327524.0,"standard_error":34814.568761072},"median_abs_dev":{"confidence_interval":{"confidence_level":0.95,"lower_bound":145823.2516486198,"upper_bound":285697.7562278509},"point_estimate":195728.7713751197,"standard_error":35025.81336873016},"slope":null,"std_dev":{"confidence_interval":{"confidence_level":0.95,"lower_bound":191845.69546067007,"upper_bound":275214.1380588944},"point_estimate":232486.37886446939,"standard_error":21388.387518489333}}