{"mean":{"confidence_interval":{"confidence_level":0.95,"lower_bound":39793262.152125,"upper_bound":39891224.631000005},"point_estimate":39843026.27,"standard_error":25015.501788739},"median":{"confidence_interval":{"confidence_level":0.95,"lower_bound":39886322.75,"upper_bound":39922962.0},"point_estimate":39903693.25,"standard_error":10195.734187152226},"median_abs_dev":{"confidence_interval":{"confidence_level":0.95,"lower_bound":69664.03691321611,"upper_bound":145546.21857728763},"point_estimate":85850.69277584553,"standard_error":19987.432984851377},"slope":null,"std_dev":{"confidence_interval":{"confidence_level":0.95,"lower_bound":212016.85801151386,"upper_bound":284911.47577280336},"point_estimate":252162.7742988605,"standard_error":18559.325990500274}}