{"mean":{"confidence_interval":{"confidence_level":0.95,"lower_bound":42714023.515,"upper_bound":42883542.664875},"point_estimate":42775032.29,"standard_error":49293.13240764861},"median":{"confidence_interval":{"confidence_level":0.95,"lower_bound":42688787.5,"upper_bound":42714819.0},"point_estimate":42701801.25,"standard_error":7689.762261591947},"median_abs_dev":{"confidence_interval":{"confidence_level":0.95,"lower_bound":35488.99556994438,"upper_bound":66585.07521662861},"point_estimate":50035.15456169844,"standard_error":8466.673612813467},"slope":null,"std_dev":{"confidence_interval":{"confidence_level":0.95,"lower_bound":65422.44472746581,"upper_bound":837226.7122904022},"point_estimate":492604.27670822997,"standard_error":269805.1789004973}}