{"mean":{"confidence_interval":{"confidence_level":0.95,"lower_bound":42772141.52612501,"upper_bound":42948650.205},"point_estimate":42854188.575,"standard_error":45202.14430019072},"median":{"confidence_interval":{"confidence_level":0.95,"lower_bound":42631233.5,"upper_bound":42758066.0},"point_estimate":42714722.5,"standard_error":29500.325536886405},"median_abs_dev":{"confidence_interval":{"confidence_level":0.95,"lower_bound":167401.84562802315,"upper_bound":343378.29893756605},"point_estimate":255839.3047079444,"standard_error":46601.45477049222},"slope":null,"std_dev":{"confidence_interval":{"confidence_level":0.95,"lower_bound":296381.9853040752,"upper_bound":619768.2645245377},"point_estimate":455614.26959545154,"standard_error":85580.12582580993}}