{"mean":{"confidence_interval":{"confidence_level":0.95,"lower_bound":46417123.541375004,"upper_bound":46475923.3535},"point_estimate":46443659.565,"standard_error":15139.553689677989},"median":{"confidence_interval":{"confidence_level":0.95,"lower_bound":46396261.5,"upper_bound":46426910.0},"point_estimate":46412507.5,"standard_error":6610.500232230905},"median_abs_dev":{"confidence_interval":{"confidence_level":0.95,"lower_bound":39781.863793730736,"upper_bound":70997.26493954659},"point_estimate":51943.6313778162,"standard_error":8254.210650533167},"slope":null,"std_dev":{"confidence_interval":{"confidence_level":0.95,"lower_bound":72468.57195398289,"upper_bound":216910.5882965206},"point_estimate":152702.00084555417,"standard_error":37188.4526705451}}