{"mean":{"confidence_interval":{"confidence_level":0.95,"lower_bound":45877529.948125,"upper_bound":46225070.855},"point_estimate":46034823.385,"standard_error":89069.29941817607},"median":{"confidence_interval":{"confidence_level":0.95,"lower_bound":45636163.5,"upper_bound":45805683.5},"point_estimate":45737590.75,"standard_error":47862.3105890282},"median_abs_dev":{"confidence_interval":{"confidence_level":0.95,"lower_bound":238495.47956585884,"upper_bound":575863.6981263757},"point_estimate":379921.4323550463,"standard_error":88162.15492600325},"slope":null,"std_dev":{"confidence_interval":{"confidence_level":0.95,"lower_bound":541656.932224402,"upper_bound":1261331.4796893918},"point_estimate":894641.3587317481,"standard_error":196570.76799049025}}