{"mean":{"confidence_interval":{"confidence_level":0.95,"lower_bound":46392779.27525,"upper_bound":46649104.928500004},"point_estimate":46495055.3,"standard_error":67078.83625458513},"median":{"confidence_interval":{"confidence_level":0.95,"lower_bound":46394181.0,"upper_bound":46492428.0},"point_estimate":46424846.0,"standard_error":24715.80321610911},"median_abs_dev":{"confidence_interval":{"confidence_level":0.95,"lower_bound":159014.03627693653,"upper_bound":295695.29850035906},"point_estimate":234347.906139493,"standard_error":37284.39286230266},"slope":null,"std_dev":{"confidence_interval":{"confidence_level":0.95,"lower_bound":236156.09786067082,"upper_bound":1096747.5832890272},"point_estimate":672870.5354986892,"standard_error":285071.5574970507}}