{"mean":{"confidence_interval":{"confidence_level":0.95,"lower_bound":39814622.281375006,"upper_bound":39905044.010625},"point_estimate":39860495.865,"standard_error":23140.48898637953},"median":{"confidence_interval":{"confidence_level":0.95,"lower_bound":39887857.5,"upper_bound":39934964.5},"point_estimate":39915964.5,"standard_error":12510.554856270428},"median_abs_dev":{"confidence_interval":{"confidence_level":0.95,"lower_bound":68393.07808578014,"upper_bound":142764.7405654192},"point_estimate":91100.57928264141,"standard_error":18937.581181073045},"slope":null,"std_dev":{"confidence_interval":{"confidence_level":0.95,"lower_bound":190680.2267126405,"upper_bound":267504.01622522686},"point_estimate":232264.78275627032,"standard_error":19589.3024671936}}