{"mean":{"confidence_interval":{"confidence_level":0.95,"lower_bound":25539697.048625,"upper_bound":25896426.318},"point_estimate":25719007.185,"standard_error":90930.27741191977},"median":{"confidence_interval":{"confidence_level":0.95,"lower_bound":25605016.0,"upper_bound":26041563.0},"point_estimate":25673915.0,"standard_error":145575.18180276707},"median_abs_dev":{"confidence_interval":{"confidence_level":0.95,"lower_bound":546221.7062026262,"upper_bound":893190.1302427053},"point_estimate":734985.5935513973,"standard_error":80580.62407402879},"slope":null,"std_dev":{"confidence_interval":{"confidence_level":0.95,"lower_bound":768606.5808998959,"upper_bound":1043167.4483653632},"point_estimate":914659.3178525146,"standard_error":69823.83014834276}}