{"mean":{"confidence_interval":{"confidence_level":0.95,"lower_bound":46600073.72,"upper_bound":46930977.345},"point_estimate":46721094.2,"standard_error":95466.44784991031},"median":{"confidence_interval":{"confidence_level":0.95,"lower_bound":46611877.0,"upper_bound":46666441.75},"point_estimate":46646148.75,"standard_error":12405.912793602602},"median_abs_dev":{"confidence_interval":{"confidence_level":0.95,"lower_bound":76623.73183965683,"upper_bound":149404.58308003843},"point_estimate":120566.1418095231,"standard_error":18932.686140619015},"slope":null,"std_dev":{"confidence_interval":{"confidence_level":0.95,"lower_bound":123856.59205803562,"upper_bound":1638424.860620912},"point_estimate":965005.9769713026,"standard_error":522460.66500021995}}