{"mean":{"confidence_interval":{"confidence_level":0.95,"lower_bound":26686252.789499998,"upper_bound":27051477.759875},"point_estimate":26870366.765,"standard_error":93194.81999325937},"median":{"confidence_interval":{"confidence_level":0.95,"lower_bound":26745309.5,"upper_bound":27236663.5},"point_estimate":27103500.75,"standard_error":135541.26844638967},"median_abs_dev":{"confidence_interval":{"confidence_level":0.95,"lower_bound":638102.1330714226,"upper_bound":1090047.9014977813},"point_estimate":787349.5420217514,"standard_error":110771.48100734563},"slope":null,"std_dev":{"confidence_interval":{"confidence_level":0.95,"lower_bound":772249.0605846926,"upper_bound":1101806.3008276105},"point_estimate":940719.2798178546,"standard_error":84483.24635783154}}