{"mean":{"confidence_interval":{"confidence_level":0.95,"lower_bound":43867771.01,"upper_bound":43930831.33},"point_estimate":43895996.35,"standard_error":16134.373376777574},"median":{"confidence_interval":{"confidence_level":0.95,"lower_bound":43837738.5,"upper_bound":43912768.5},"point_estimate":43854537.25,"standard_error":22415.35658661},"median_abs_dev":{"confidence_interval":{"confidence_level":0.95,"lower_bound":80953.29441279173,"upper_bound":136979.26481813192},"point_estimate":101954.69368994236,"standard_error":13519.77485557439},"slope":null,"std_dev":{"confidence_interval":{"confidence_level":0.95,"lower_bound":95646.5302335144,"upper_bound":236658.33619065097},"point_estimate":161807.84115056216,"standard_error":43068.145701390546}}