{"mean":{"confidence_interval":{"confidence_level":0.95,"lower_bound":26393805.37625,"upper_bound":26881093.126374997},"point_estimate":26645163.08,"standard_error":123802.2711958948},"median":{"confidence_interval":{"confidence_level":0.95,"lower_bound":26511467.75,"upper_bound":27127674.5},"point_estimate":26918376.25,"standard_error":193063.42633578446},"median_abs_dev":{"confidence_interval":{"confidence_level":0.95,"lower_bound":746971.6730386019,"upper_bound":1184999.9048620462},"point_estimate":1021101.4429718256,"standard_error":109797.21695989743},"slope":null,"std_dev":{"confidence_interval":{"confidence_level":0.95,"lower_bound":935484.0253006066,"upper_bound":1528358.8604093601},"point_estimate":1241785.2952743906,"standard_error":152219.32615919507}}