{"mean":{"confidence_interval":{"confidence_level":0.95,"lower_bound":47596538.845,"upper_bound":48093598.484124996},"point_estimate":47848451.615,"standard_error":127064.89320799198},"median":{"confidence_interval":{"confidence_level":0.95,"lower_bound":47684160.0,"upper_bound":48219605.5},"point_estimate":47989575.75,"standard_error":116389.93477424225},"median_abs_dev":{"confidence_interval":{"confidence_level":0.95,"lower_bound":881974.6320918202,"upper_bound":1569067.4280434847},"point_estimate":1145371.8608155847,"standard_error":186144.74080648614},"slope":null,"std_dev":{"confidence_interval":{"confidence_level":0.95,"lower_bound":1094119.8300613633,"upper_bound":1441504.2118858816},"point_estimate":1277631.4006918396,"standard_error":88841.0918128922}}