{"mean":{"confidence_interval":{"confidence_level":0.95,"lower_bound":39962891.379625,"upper_bound":39998585.8375},"point_estimate":39980691.835,"standard_error":9137.66702248165},"median":{"confidence_interval":{"confidence_level":0.95,"lower_bound":39949780.0,"upper_bound":40005416.5},"point_estimate":39969391.5,"standard_error":13588.582379489986},"median_abs_dev":{"confidence_interval":{"confidence_level":0.95,"lower_bound":79935.11888086796,"upper_bound":128632.59761631489},"point_estimate":109717.58715212345,"standard_error":12682.233941843155},"slope":null,"std_dev":{"confidence_interval":{"confidence_level":0.95,"lower_bound":80699.22511282889,"upper_bound":102463.10869601458},"point_estimate":92165.08480027947,"standard_error":5555.751284502702}}