{"mean":{"confidence_interval":{"confidence_level":0.95,"lower_bound":26277238.0335,"upper_bound":26684291.145},"point_estimate":26491735.75,"standard_error":104414.29440232443},"median":{"confidence_interval":{"confidence_level":0.95,"lower_bound":26458888.5,"upper_bound":27004557.75},"point_estimate":26573504.0,"standard_error":173246.42098579634},"median_abs_dev":{"confidence_interval":{"confidence_level":0.95,"lower_bound":510061.09284460545,"upper_bound":884656.2847942114},"point_estimate":729544.8222979903,"standard_error":92378.17682719356},"slope":null,"std_dev":{"confidence_interval":{"confidence_level":0.95,"lower_bound":737159.1140726729,"upper_bound":1360008.7234110143},"point_estimate":1045434.6445768394,"standard_error":163546.2324498046}}