{"mean":{"confidence_interval":{"confidence_level":0.95,"lower_bound":49566435.427875,"upper_bound":50150715.248375006},"point_estimate":49850901.895,"standard_error":148672.61234008553},"median":{"confidence_interval":{"confidence_level":0.95,"lower_bound":49436678.0,"upper_bound":49901542.0},"point_estimate":49656112.0,"standard_error":109796.30281851495},"median_abs_dev":{"confidence_interval":{"confidence_level":0.95,"lower_bound":807514.4398612531,"upper_bound":1477245.5638736486},"point_estimate":1024132.9892680049,"standard_error":172163.24572534696},"slope":null,"std_dev":{"confidence_interval":{"confidence_level":0.95,"lower_bound":1193876.3342652437,"upper_bound":1779338.1138443514},"point_estimate":1492186.8710006862,"standard_error":150463.58878551365}}