{"mean":{"confidence_interval":{"confidence_level":0.95,"lower_bound":25793540.580624998,"upper_bound":26186371.901375003},"point_estimate":25991940.62,"standard_error":100412.21243345825},"median":{"confidence_interval":{"confidence_level":0.95,"lower_bound":26065265.75,"upper_bound":26309969.0},"point_estimate":26150611.25,"standard_error":66174.38165719008},"median_abs_dev":{"confidence_interval":{"confidence_level":0.95,"lower_bound":754681.563551724,"upper_bound":1380256.0974955559},"point_estimate":922560.4357212782,"standard_error":141691.10026841768},"slope":null,"std_dev":{"confidence_interval":{"confidence_level":0.95,"lower_bound":878389.5273227787,"upper_bound":1120148.9954566103},"point_estimate":1008776.9027221318,"standard_error":61627.81046318403}}