{"mean":{"confidence_interval":{"confidence_level":0.95,"lower_bound":46500212.680875,"upper_bound":46754730.683},"point_estimate":46604734.72,"standard_error":66294.04575385251},"median":{"confidence_interval":{"confidence_level":0.95,"lower_bound":46427796.5,"upper_bound":46534343.0},"point_estimate":46471672.0,"standard_error":27019.138521381818},"median_abs_dev":{"confidence_interval":{"confidence_level":0.95,"lower_bound":123115.47246426344,"upper_bound":216493.32530647516},"point_estimate":158396.5333878994,"standard_error":23865.464952955568},"slope":null,"std_dev":{"confidence_interval":{"confidence_level":0.95,"lower_bound":171390.86139972572,"upper_bound":1069822.0481614238},"point_estimate":669406.6580792726,"standard_error":252429.91039585936}}