{"mean":{"confidence_interval":{"confidence_level":0.95,"lower_bound":58519898.19,"upper_bound":59185032.62},"point_estimate":58802753.76,"standard_error":172154.86021870922},"median":{"confidence_interval":{"confidence_level":0.95,"lower_bound":58403609.0,"upper_bound":58884799.0},"point_estimate":58604623.5,"standard_error":126984.79125867582},"median_abs_dev":{"confidence_interval":{"confidence_level":0.95,"lower_bound":618292.3735231161,"upper_bound":1071440.1598781347},"point_estimate":775490.9661322832,"standard_error":115687.31014272859},"slope":null,"std_dev":{"confidence_interval":{"confidence_level":0.95,"lower_bound":805890.4181958764,"upper_bound":2701517.7959662294},"point_estimate":1730629.6839654238,"standard_error":607498.1451872835}}