{"mean":{"confidence_interval":{"confidence_level":0.95,"lower_bound":58224111.27,"upper_bound":64961573.17724999},"point_estimate":60633791.64,"standard_error":1953951.8900942001},"median":{"confidence_interval":{"confidence_level":0.95,"lower_bound":58133857.0,"upper_bound":58205596.0},"point_estimate":58168492.0,"standard_error":14704.557102615654},"median_abs_dev":{"confidence_interval":{"confidence_level":0.95,"lower_bound":97045.80517709255,"upper_bound":169530.8591902256},"point_estimate":123189.23181295395,"standard_error":19826.01429913027},"slope":null,"std_dev":{"confidence_interval":{"confidence_level":0.95,"lower_bound":398132.3318545779,"upper_bound":33360260.99628296},"point_estimate":19606067.15289024,"standard_error":10886430.399980143}}