{"mean":{"confidence_interval":{"confidence_level":0.95,"lower_bound":44916465.513000004,"upper_bound":45313542.415},"point_estimate":45110491.875,"standard_error":100979.9243944208},"median":{"confidence_interval":{"confidence_level":0.95,"lower_bound":44607621.25,"upper_bound":45144943.0},"point_estimate":44710341.5,"standard_error":159920.86372631908},"median_abs_dev":{"confidence_interval":{"confidence_level":0.95,"lower_bound":723856.456848979,"upper_bound":1389967.497973144},"point_estimate":881897.1662431955,"standard_error":191122.76630222632},"slope":null,"std_dev":{"confidence_interval":{"confidence_level":0.95,"lower_bound":894784.2929056901,"upper_bound":1119570.449585991},"point_estimate":1016749.5342859935,"standard_error":57205.363847647204}}