{"mean":{"confidence_interval":{"confidence_level":0.95,"lower_bound":43162812.36,"upper_bound":43381226.17},"point_estimate":43254702.68,"standard_error":56693.18614648307},"median":{"confidence_interval":{"confidence_level":0.95,"lower_bound":43108543.5,"upper_bound":43134631.25},"point_estimate":43118615.25,"standard_error":6988.115296856146},"median_abs_dev":{"confidence_interval":{"confidence_level":0.95,"lower_bound":50146.72020971775,"upper_bound":104508.10149461031},"point_estimate":72887.20925599337,"standard_error":14353.266229496161},"slope":null,"std_dev":{"confidence_interval":{"confidence_level":0.95,"lower_bound":161093.34768540377,"upper_bound":891401.5353720093},"point_estimate":567730.4802302874,"standard_error":194740.02791083138}}