{"mean":{"confidence_interval":{"confidence_level":0.95,"lower_bound":49005713.800249994,"upper_bound":50156708.88},"point_estimate":49572304.09,"standard_error":293445.1122840356},"median":{"confidence_interval":{"confidence_level":0.95,"lower_bound":49056951.0,"upper_bound":50320914.0},"point_estimate":49741699.0,"standard_error":295194.54385744076},"median_abs_dev":{"confidence_interval":{"confidence_level":0.95,"lower_bound":2279727.2625267506,"upper_bound":3689061.5933060646},"point_estimate":3014082.7510893345,"standard_error":365867.43726205995},"slope":null,"std_dev":{"confidence_interval":{"confidence_level":0.95,"lower_bound":2501661.3007090804,"upper_bound":3391102.8399840016},"point_estimate":2953089.259271683,"standard_error":227750.14661788254}}