{"mean":{"confidence_interval":{"confidence_level":0.95,"lower_bound":-0.05973037165453021,"upper_bound":-0.0512376937468569},"point_estimate":-0.0551715674522234,"standard_error":0.002167269832861818},"median":{"confidence_interval":{"confidence_level":0.95,"lower_bound":-0.054713528205703965,"upper_bound":-0.04735820983375483},"point_estimate":-0.05133064450006419,"standard_error":0.0020350919778863957}}