{"mean":{"confidence_interval":{"confidence_level":0.95,"lower_bound":-0.009568405944703526,"upper_bound":-0.007631892337897914},"point_estimate":-0.008622592221781855,"standard_error":0.0004910978398034212},"median":{"confidence_interval":{"confidence_level":0.95,"lower_bound":-0.009375794673585958,"upper_bound":-0.007331867541257586},"point_estimate":-0.008019514486401258,"standard_error":0.0005158498660692724}}