{"mean":{"confidence_interval":{"confidence_level":0.95,"lower_bound":-0.027496263017009682,"upper_bound":-0.022617434563272396},"point_estimate":-0.025054491397546563,"standard_error":0.0012263918603007402},"median":{"confidence_interval":{"confidence_level":0.95,"lower_bound":-0.025569507773082423,"upper_bound":-0.024334253342061803},"point_estimate":-0.02479117880016035,"standard_error":0.00033526485134024493}}