{"mean":{"confidence_interval":{"confidence_level":0.95,"lower_bound":-0.08737927778041363,"upper_bound":-0.08202591300108052},"point_estimate":-0.08491437778892419,"standard_error":0.0013830450000529737},"median":{"confidence_interval":{"confidence_level":0.95,"lower_bound":-0.08808560811030208,"upper_bound":-0.08497411953542733},"point_estimate":-0.08645429329249965,"standard_error":0.0008722331761798404}}