{"mean":{"confidence_interval":{"confidence_level":0.95,"lower_bound":-0.027489672461471267,"upper_bound":-0.02010303880772006},"point_estimate":-0.023336727808492053,"standard_error":0.0018970510379671395},"median":{"confidence_interval":{"confidence_level":0.95,"lower_bound":-0.021359419486930875,"upper_bound":-0.020563736805402688},"point_estimate":-0.021046702506889448,"standard_error":0.00020731357640455664}}