{"mean":{"confidence_interval":{"confidence_level":0.95,"lower_bound":-0.004242291272807505,"upper_bound":0.000011076642284046258},"point_estimate":-0.001963872383074272,"standard_error":0.0010852974347191286},"median":{"confidence_interval":{"confidence_level":0.95,"lower_bound":-0.0005094161103811334,"upper_bound":0.000344808346686154},"point_estimate":-0.00014250611408239688,"standard_error":0.0002079989122944681}}