{"mean":{"confidence_interval":{"confidence_level":0.95,"lower_bound":-0.011015050517823576,"upper_bound":-0.008801599723763848},"point_estimate":-0.009896605534997605,"standard_error":0.0005614344287876824},"median":{"confidence_interval":{"confidence_level":0.95,"lower_bound":-0.010430466488864587,"upper_bound":-0.008759377073363717},"point_estimate":-0.009728072400484344,"standard_error":0.0004287932381036794}}