{"mean":{"confidence_interval":{"confidence_level":0.95,"lower_bound":0.0029570735376114213,"upper_bound":0.0071210731418065686},"point_estimate":0.004731555575711477,"standard_error":0.001061414397040783},"median":{"confidence_interval":{"confidence_level":0.95,"lower_bound":0.0023076698293240504,"upper_bound":0.004600414521207075},"point_estimate":0.0032239111202108095,"standard_error":0.0005769867633078226}}