{"mean":{"confidence_interval":{"confidence_level":0.95,"lower_bound":-0.0128133050260224,"upper_bound":-0.007880848838847052},"point_estimate":-0.010496590810251671,"standard_error":0.0012793782259389135},"median":{"confidence_interval":{"confidence_level":0.95,"lower_bound":-0.01249005562040284,"upper_bound":-0.0097991771995255},"point_estimate":-0.011196077468851429,"standard_error":0.0006232783730882463}}