{"mean":{"confidence_interval":{"confidence_level":0.95,"lower_bound":-0.0036440689158985405,"upper_bound":-0.001835437027336551},"point_estimate":-0.002749937314309281,"standard_error":0.00046410449729219935},"median":{"confidence_interval":{"confidence_level":0.95,"lower_bound":-0.00398349865426062,"upper_bound":-0.00312553263651294},"point_estimate":-0.0035691773523947035,"standard_error":0.0001935388517319508}}