{"mean":{"confidence_interval":{"confidence_level":0.95,"lower_bound":-0.006030603303489895,"upper_bound":-0.0028361871478732965},"point_estimate":-0.004570748093694954,"standard_error":0.0008196876692655011},"median":{"confidence_interval":{"confidence_level":0.95,"lower_bound":-0.005083548484660305,"upper_bound":-0.004004900238465397},"point_estimate":-0.0044758949543266535,"standard_error":0.0002805971941418417}}