{"mean":{"confidence_interval":{"confidence_level":0.95,"lower_bound":-0.03132983703576983,"upper_bound":-0.023742117887669403},"point_estimate":-0.027034064588285056,"standard_error":0.001955083681797167},"median":{"confidence_interval":{"confidence_level":0.95,"lower_bound":-0.025362193905696162,"upper_bound":-0.021834405526027667},"point_estimate":-0.023388732375476895,"standard_error":0.0008642660075052104}}