{"mean":{"confidence_interval":{"confidence_level":0.95,"lower_bound":0.13706466933849296,"upper_bound":0.16226019399812144},"point_estimate":0.15024548712848573,"standard_error":0.006474544884904266},"median":{"confidence_interval":{"confidence_level":0.95,"lower_bound":0.1326640403715767,"upper_bound":0.15661205462348304},"point_estimate":0.14488572660455223,"standard_error":0.005553296050032441}}