{"mean":{"confidence_interval":{"confidence_level":0.95,"lower_bound":0.004092812720501621,"upper_bound":0.010250517442824085},"point_estimate":0.007414036103415844,"standard_error":0.0015650438591415265},"median":{"confidence_interval":{"confidence_level":0.95,"lower_bound":0.007789965948689748,"upper_bound":0.00979018558469713},"point_estimate":0.008944661542912957,"standard_error":0.0004961328237904964}}