{"mean":{"confidence_interval":{"confidence_level":0.95,"lower_bound":0.02779067844184728,"upper_bound":0.036988812590134215},"point_estimate":0.03287604363746288,"standard_error":0.0023595689534429585},"median":{"confidence_interval":{"confidence_level":0.95,"lower_bound":0.03652412028700125,"upper_bound":0.041094215033072645},"point_estimate":0.03850496785073587,"standard_error":0.0010870329158781183}}