{"mean":{"confidence_interval":{"confidence_level":0.95,"lower_bound":-0.0014862291185647912,"upper_bound":0.0010665530853361841},"point_estimate":-0.00015203231794369554,"standard_error":0.0006511938535474994},"median":{"confidence_interval":{"confidence_level":0.95,"lower_bound":-0.00038477403399710385,"upper_bound":0.0009642560885998464},"point_estimate":0.000361137539280465,"standard_error":0.00036557544841267926}}