{"mean":{"confidence_interval":{"confidence_level":0.95,"lower_bound":-0.012186527166850728,"upper_bound":-0.004396459114839791},"point_estimate":-0.008237513177759559,"standard_error":0.0019768376224239344},"median":{"confidence_interval":{"confidence_level":0.95,"lower_bound":-0.007630011328415787,"upper_bound":-0.0066120040178032635},"point_estimate":-0.00726129401325859,"standard_error":0.00026207275159676163}}