{"mean":{"confidence_interval":{"confidence_level":0.95,"lower_bound":-0.01001411848399092,"upper_bound":-0.005010221080157821},"point_estimate":-0.007201654341491559,"standard_error":0.0012785166507031389},"median":{"confidence_interval":{"confidence_level":0.95,"lower_bound":-0.006939596603044694,"upper_bound":-0.005227314562894048},"point_estimate":-0.006025275005174913,"standard_error":0.00044330287078342694}}