{"mean":{"confidence_interval":{"confidence_level":0.95,"lower_bound":0.0037114407810582006,"upper_bound":0.0073789371649854215},"point_estimate":0.005514108948854846,"standard_error":0.000930011431895278},"median":{"confidence_interval":{"confidence_level":0.95,"lower_bound":0.0048753870984692416,"upper_bound":0.005797774800376354},"point_estimate":0.005212854250578047,"standard_error":0.00023592501605300216}}