{"mean":{"confidence_interval":{"confidence_level":0.95,"lower_bound":-0.01794229433642912,"upper_bound":-0.014179115672510277},"point_estimate":-0.015940952343737713,"standard_error":0.0009589013248427593},"median":{"confidence_interval":{"confidence_level":0.95,"lower_bound":-0.01597890840826559,"upper_bound":-0.014721036743138183},"point_estimate":-0.01523000348607062,"standard_error":0.0003224879894909956}}