{"mean":{"confidence_interval":{"confidence_level":0.95,"lower_bound":0.05794572352029396,"upper_bound":0.06263063194728441},"point_estimate":0.060255909981191236,"standard_error":0.0011880071125420016},"median":{"confidence_interval":{"confidence_level":0.95,"lower_bound":0.059757078721271784,"upper_bound":0.060867509736497016},"point_estimate":0.06016283787975252,"standard_error":0.0002831949075240321}}