{"mean":{"confidence_interval":{"confidence_level":0.95,"lower_bound":-0.012985388152544375,"upper_bound":-0.007006644657637802},"point_estimate":-0.009716314681117555,"standard_error":0.0015334776202033773},"median":{"confidence_interval":{"confidence_level":0.95,"lower_bound":-0.008042820003304474,"upper_bound":-0.006333247214023174},"point_estimate":-0.007094009471615315,"standard_error":0.0004249242671255813}}