{"mean":{"confidence_interval":{"confidence_level":0.95,"lower_bound":0.0002114079551106985,"upper_bound":0.006161701722439294},"point_estimate":0.0032969259760180503,"standard_error":0.0015116916079415562},"median":{"confidence_interval":{"confidence_level":0.95,"lower_bound":0.0031478888310173606,"upper_bound":0.004706243425294687},"point_estimate":0.0038441640130078003,"standard_error":0.00039552246109226315}}