{"mean":{"confidence_interval":{"confidence_level":0.95,"lower_bound":0.010164351294407181,"upper_bound":0.0133885046641419},"point_estimate":0.011641528942553547,"standard_error":0.0008099298129239467},"median":{"confidence_interval":{"confidence_level":0.95,"lower_bound":0.011172677990542163,"upper_bound":0.012979206245811836},"point_estimate":0.01186604874017605,"standard_error":0.0004917776120211088}}