{"mean":{"confidence_interval":{"confidence_level":0.95,"lower_bound":0.0063421237784277995,"upper_bound":0.011983936106344961},"point_estimate":0.008536986334100272,"standard_error":0.001513399799393562},"median":{"confidence_interval":{"confidence_level":0.95,"lower_bound":0.0060148794235383995,"upper_bound":0.007553459284570074},"point_estimate":0.0066510436241145054,"standard_error":0.00040528960946585477}}