{"mean":{"confidence_interval":{"confidence_level":0.95,"lower_bound":0.01152593000133601,"upper_bound":0.01700485847558164},"point_estimate":0.014483414413050122,"standard_error":0.0014002204215987151},"median":{"confidence_interval":{"confidence_level":0.95,"lower_bound":0.012731710142231067,"upper_bound":0.01432811639522491},"point_estimate":0.013669475831097344,"standard_error":0.00041574087731208626}}