{"mean":{"confidence_interval":{"confidence_level":0.95,"lower_bound":-0.004433454748862834,"upper_bound":0.000492972992230478},"point_estimate":-0.001846670643697479,"standard_error":0.001252984788667288},"median":{"confidence_interval":{"confidence_level":0.95,"lower_bound":-0.0008625580999816278,"upper_bound":0.0006819543205607292},"point_estimate":-0.0001764359632027146,"standard_error":0.00039141552544344667}}