{"mean":{"confidence_interval":{"confidence_level":0.95,"lower_bound":-0.0064280610510791866,"upper_bound":0.0023361667825645203},"point_estimate":-0.0016271511159725582,"standard_error":0.002241211433315761},"median":{"confidence_interval":{"confidence_level":0.95,"lower_bound":0.00043672605623877895,"upper_bound":0.0012556628853011508},"point_estimate":0.000804658835073413,"standard_error":0.00022049739775063945}}