{"mean":{"confidence_interval":{"confidence_level":0.95,"lower_bound":0.0007090902120935494,"upper_bound":0.004597444421022614},"point_estimate":0.0024870072968470325,"standard_error":0.0009766913930933918},"median":{"confidence_interval":{"confidence_level":0.95,"lower_bound":0.00273239931378666,"upper_bound":0.003396888689664479},"point_estimate":0.0030052724064324465,"standard_error":0.00016449504915253465}}