{"mean":{"confidence_interval":{"confidence_level":0.95,"lower_bound":-0.0055482329934386215,"upper_bound":0.0019390735295680122},"point_estimate":-0.0021876821201057828,"standard_error":0.0019480063002366274},"median":{"confidence_interval":{"confidence_level":0.95,"lower_bound":-0.0050126999946610296,"upper_bound":-0.0040322903333789295},"point_estimate":-0.004455128857408508,"standard_error":0.0002458939197889884}}