{"mean":{"confidence_interval":{"confidence_level":0.95,"lower_bound":-0.002369460243886001,"upper_bound":0.0013665161524470829},"point_estimate":-0.0004780761384204357,"standard_error":0.0009519716515808418},"median":{"confidence_interval":{"confidence_level":0.95,"lower_bound":-0.0010554654793588636,"upper_bound":-0.00029076225901181196},"point_estimate":-0.0006766126177071285,"standard_error":0.00020421093255126234}}