{"mean":{"confidence_interval":{"confidence_level":0.95,"lower_bound":-0.021585417230665045,"upper_bound":-0.005434395791126806},"point_estimate":-0.012365071233680691,"standard_error":0.004172298492341113},"median":{"confidence_interval":{"confidence_level":0.95,"lower_bound":-0.013624865699339739,"upper_bound":0.00429344204442228},"point_estimate":-0.0009527440197397707,"standard_error":0.004983420080870724}}