{"mean":{"confidence_interval":{"confidence_level":0.95,"lower_bound":-0.007062803487365298,"upper_bound":0.003515068339266181},"point_estimate":-0.0006414654706576872,"standard_error":0.0028271625001174386},"median":{"confidence_interval":{"confidence_level":0.95,"lower_bound":0.001291220980237373,"upper_bound":0.0036318055529691584},"point_estimate":0.0025331707047393515,"standard_error":0.0005947833838285966}}