{"mean":{"confidence_interval":{"confidence_level":0.95,"lower_bound":0.00129726096697399,"upper_bound":0.0058205462796939705},"point_estimate":0.0033788964167200675,"standard_error":0.0011171273974269812},"median":{"confidence_interval":{"confidence_level":0.95,"lower_bound":0.002687675534268852,"upper_bound":0.0034987471122134295},"point_estimate":0.0029312727579089426,"standard_error":0.0002048981322204578}}