{"mean":{"confidence_interval":{"confidence_level":0.95,"lower_bound":0.011908592350191588,"upper_bound":0.020716671163937873},"point_estimate":0.016374852532698103,"standard_error":0.002283413569133055},"median":{"confidence_interval":{"confidence_level":0.95,"lower_bound":0.01325846779356854,"upper_bound":0.01584876102303645},"point_estimate":0.014634863505539109,"standard_error":0.0007286606122924231}}