{"mean":{"confidence_interval":{"confidence_level":0.95,"lower_bound":-0.014411022743983697,"upper_bound":-0.006004415690603044},"point_estimate":-0.010199822615406084,"standard_error":0.002137002558177727},"median":{"confidence_interval":{"confidence_level":0.95,"lower_bound":-0.009765994966264175,"upper_bound":-0.007254217231082997},"point_estimate":-0.008475916696134789,"standard_error":0.0007047709881488192}}