{"mean":{"confidence_interval":{"confidence_level":0.95,"lower_bound":-0.08548039541418598,"upper_bound":-0.08032413682041921},"point_estimate":-0.08259762130170445,"standard_error":0.0013184134492039718},"median":{"confidence_interval":{"confidence_level":0.95,"lower_bound":-0.08273749415954823,"upper_bound":-0.08136561098439943},"point_estimate":-0.08183899980817777,"standard_error":0.0003585580200723352}}