{"mean":{"confidence_interval":{"confidence_level":0.95,"lower_bound":-0.008940800588267944,"upper_bound":-0.005199039513761939},"point_estimate":-0.0073277574296742864,"standard_error":0.0009452067102993202},"median":{"confidence_interval":{"confidence_level":0.95,"lower_bound":-0.008293798764574367,"upper_bound":-0.006901439660684794},"point_estimate":-0.0077147573837809125,"standard_error":0.000351558547642186}}