{"mean":{"confidence_interval":{"confidence_level":0.95,"lower_bound":-0.0023140090693917815,"upper_bound":0.00022379652197328497},"point_estimate":-0.0010736242855453604,"standard_error":0.0006429574498154121},"median":{"confidence_interval":{"confidence_level":0.95,"lower_bound":-0.0019862904270712134,"upper_bound":-0.00038877427192700537},"point_estimate":-0.0011922307135329158,"standard_error":0.0004120667550750082}}