{"mean":{"confidence_interval":{"confidence_level":0.95,"lower_bound":-0.005473345613830449,"upper_bound":-0.001416004732947582},"point_estimate":-0.003201036582799688,"standard_error":0.001040583409930868},"median":{"confidence_interval":{"confidence_level":0.95,"lower_bound":-0.003224097244451829,"upper_bound":-0.0018981265652259216},"point_estimate":-0.002416980022670767,"standard_error":0.0003272822059930151}}