{"mean":{"confidence_interval":{"confidence_level":0.95,"lower_bound":-0.0025000939748905486,"upper_bound":0.007267362462366034},"point_estimate":0.003124340885845678,"standard_error":0.0025332164574981965},"median":{"confidence_interval":{"confidence_level":0.95,"lower_bound":0.0035824031035969206,"upper_bound":0.007842029449568022},"point_estimate":0.0050001765589762215,"standard_error":0.001036513022066548}}