{"mean":{"confidence_interval":{"confidence_level":0.95,"lower_bound":-0.0018644001538445055,"upper_bound":0.002392660511009245},"point_estimate":0.00026059086998664327,"standard_error":0.0010887925435840678},"median":{"confidence_interval":{"confidence_level":0.95,"lower_bound":-0.0008538140547961204,"upper_bound":0.00025758749975568485},"point_estimate":-0.0002998983074569139,"standard_error":0.0002836697592488647}}