{"mean":{"confidence_interval":{"confidence_level":0.95,"lower_bound":-0.0015558485041363005,"upper_bound":0.0033998861765549273},"point_estimate":0.0007284790838246735,"standard_error":0.0012727628259540792},"median":{"confidence_interval":{"confidence_level":0.95,"lower_bound":-0.0012526396540211149,"upper_bound":-0.00015229899978874695},"point_estimate":-0.0005997156797351577,"standard_error":0.0003010984447484081}}