{"mean":{"confidence_interval":{"confidence_level":0.95,"lower_bound":-0.002031784971651109,"upper_bound":0.004165339088212372},"point_estimate":0.0010017722308699462,"standard_error":0.0015915623259590388},"median":{"confidence_interval":{"confidence_level":0.95,"lower_bound":-0.0007578409840947042,"upper_bound":0.00063896966923771},"point_estimate":-0.000031022120699053524,"standard_error":0.0003479331150673208}}