{"mean":{"confidence_interval":{"confidence_level":0.95,"lower_bound":-0.0011330235429503899,"upper_bound":0.0025005550784122058},"point_estimate":0.0007076309818792037,"standard_error":0.0009248002464221436},"median":{"confidence_interval":{"confidence_level":0.95,"lower_bound":-0.0003016854487480902,"upper_bound":0.0007070185277280316},"point_estimate":0.00034290495509559094,"standard_error":0.00025007221901111035}}