{"mean":{"confidence_interval":{"confidence_level":0.95,"lower_bound":0.01230798801574557,"upper_bound":0.017274978001313945},"point_estimate":0.01479830999182985,"standard_error":0.001261056181428581},"median":{"confidence_interval":{"confidence_level":0.95,"lower_bound":0.01344074098010295,"upper_bound":0.016578469107502616},"point_estimate":0.014694424136035833,"standard_error":0.0007613531856961003}}