{"mean":{"confidence_interval":{"confidence_level":0.95,"lower_bound":0.0158092382326189,"upper_bound":0.020130322607167114},"point_estimate":0.017745109114738034,"standard_error":0.001101037934750574},"median":{"confidence_interval":{"confidence_level":0.95,"lower_bound":0.014318838399824285,"upper_bound":0.016592898282279205},"point_estimate":0.015589330362431486,"standard_error":0.0006579306663989717}}