{"mean":{"confidence_interval":{"confidence_level":0.95,"lower_bound":6222087.848888892,"upper_bound":6227297.167694446},"point_estimate":6224439.236666667,"standard_error":1342.0775485854326},"median":{"confidence_interval":{"confidence_level":0.95,"lower_bound":6219548.555555556,"upper_bound":6221451.5},"point_estimate":6220724.611111111,"standard_error":490.24986333428944},"median_abs_dev":{"confidence_interval":{"confidence_level":0.95,"lower_bound":2530.9628883996065,"upper_bound":4352.172222732807},"point_estimate":3381.7281732957335,"standard_error":467.2179010479062},"slope":null,"std_dev":{"confidence_interval":{"confidence_level":0.95,"lower_bound":6929.461219377159,"upper_bound":18939.934627677143},"point_estimate":13554.407706609934,"standard_error":3106.2770411705174}}