{"mean":{"confidence_interval":{"confidence_level":0.95,"lower_bound":48538.39297976413,"upper_bound":49104.21415928327},"point_estimate":48864.916557534,"standard_error":146.14835755160365},"median":{"confidence_interval":{"confidence_level":0.95,"lower_bound":49232.788277171334,"upper_bound":49317.776391143576},"point_estimate":49269.91733171256,"standard_error":22.70069896807919},"median_abs_dev":{"confidence_interval":{"confidence_level":0.95,"lower_bound":93.5349487839052,"upper_bound":211.97839913335673},"point_estimate":148.49042103902062,"standard_error":29.88940022604932},"slope":{"confidence_interval":{"confidence_level":0.95,"lower_bound":49319.34232440033,"upper_bound":49348.98949029255},"point_estimate":49335.835987812,"standard_error":7.532848520077156},"std_dev":{"confidence_interval":{"confidence_level":0.95,"lower_bound":527.0084984911072,"upper_bound":2288.3570120479167},"point_estimate":1467.0425416728822,"standard_error":490.1115927127604}}