{"mean":{"confidence_interval":{"confidence_level":0.95,"lower_bound":56361.81014472268,"upper_bound":57081.57412988578},"point_estimate":56777.06332347731,"standard_error":186.22558909856158},"median":{"confidence_interval":{"confidence_level":0.95,"lower_bound":56956.01055555556,"upper_bound":57250.364197530864},"point_estimate":57138.801888912545,"standard_error":74.57395116951982},"median_abs_dev":{"confidence_interval":{"confidence_level":0.95,"lower_bound":419.75305168768074,"upper_bound":632.9368657039421},"point_estimate":541.6803825808954,"standard_error":54.273386051641715},"slope":{"confidence_interval":{"confidence_level":0.95,"lower_bound":57345.7113595059,"upper_bound":57514.891315937464},"point_estimate":57432.43695351625,"standard_error":43.09091764839908},"std_dev":{"confidence_interval":{"confidence_level":0.95,"lower_bound":657.7948968791897,"upper_bound":2935.1977024797416},"point_estimate":1871.0654881237974,"standard_error":637.9556844268334}}