{"mean":{"confidence_interval":{"confidence_level":0.95,"lower_bound":67001.52226126542,"upper_bound":68465.79468728161},"point_estimate":67770.41939187954,"standard_error":373.2347226653929},"median":{"confidence_interval":{"confidence_level":0.95,"lower_bound":67009.83859558316,"upper_bound":67431.56261861135},"point_estimate":67204.74634878236,"standard_error":97.34568910179698},"median_abs_dev":{"confidence_interval":{"confidence_level":0.95,"lower_bound":796.9075644032112,"upper_bound":1937.2589489257587},"point_estimate":1216.9241556680056,"standard_error":274.73560348578155},"slope":{"confidence_interval":{"confidence_level":0.95,"lower_bound":68156.40849448206,"upper_bound":69510.95973452576},"point_estimate":68817.0438257088,"standard_error":345.67153997825056},"std_dev":{"confidence_interval":{"confidence_level":0.95,"lower_bound":2555.033422157188,"upper_bound":5102.812167196044},"point_estimate":3762.6711025576187,"standard_error":688.9248979270932}}