{"mean":{"confidence_interval":{"confidence_level":0.95,"lower_bound":64630.07244732555,"upper_bound":66102.41143027162},"point_estimate":65413.44452440111,"standard_error":375.44827286162683},"median":{"confidence_interval":{"confidence_level":0.95,"lower_bound":64880.5376344086,"upper_bound":65205.66181640625},"point_estimate":65016.12171052632,"standard_error":83.10310250567481},"median_abs_dev":{"confidence_interval":{"confidence_level":0.95,"lower_bound":662.934844867232,"upper_bound":1668.7182021050996},"point_estimate":1083.0587777952692,"standard_error":286.3939860087581},"slope":{"confidence_interval":{"confidence_level":0.95,"lower_bound":65508.53213494453,"upper_bound":66639.33465517632},"point_estimate":66029.67858892419,"standard_error":289.1920266540265},"std_dev":{"confidence_interval":{"confidence_level":0.95,"lower_bound":2381.6757579304467,"upper_bound":5250.249558525004},"point_estimate":3756.8069100695247,"standard_error":781.9699406079224}}