{"mean":{"confidence_interval":{"confidence_level":0.95,"lower_bound":67166.2060399756,"upper_bound":68786.44735584872},"point_estimate":68022.82127956615,"standard_error":412.47902399795646},"median":{"confidence_interval":{"confidence_level":0.95,"lower_bound":67143.1811965812,"upper_bound":68014.888},"point_estimate":67402.74360681116,"standard_error":214.07900850085392},"median_abs_dev":{"confidence_interval":{"confidence_level":0.95,"lower_bound":907.0277397393303,"upper_bound":2224.540179676604},"point_estimate":1377.7927066503942,"standard_error":331.1778746956544},"slope":{"confidence_interval":{"confidence_level":0.95,"lower_bound":68578.46403930066,"upper_bound":70344.06519754328},"point_estimate":69387.12461395991,"standard_error":453.5649842078795},"std_dev":{"confidence_interval":{"confidence_level":0.95,"lower_bound":2568.3001344878303,"upper_bound":5767.779002566357},"point_estimate":4141.278960490889,"standard_error":851.1718892317049}}