{"mean":{"confidence_interval":{"confidence_level":0.95,"lower_bound":67111.89775967158,"upper_bound":68382.36930462203},"point_estimate":67755.76579454802,"standard_error":324.5962172965191},"median":{"confidence_interval":{"confidence_level":0.95,"lower_bound":66545.24649828178,"upper_bound":67007.0668939394},"point_estimate":66711.60335167775,"standard_error":128.15315327232935},"median_abs_dev":{"confidence_interval":{"confidence_level":0.95,"lower_bound":685.4751558303909,"upper_bound":1777.9847369810248},"point_estimate":1117.2197414892664,"standard_error":282.56513599248507},"slope":{"confidence_interval":{"confidence_level":0.95,"lower_bound":67651.4831656527,"upper_bound":69087.70775017783},"point_estimate":68338.26988837989,"standard_error":367.3989552348569},"std_dev":{"confidence_interval":{"confidence_level":0.95,"lower_bound":2604.576579137396,"upper_bound":3906.702034716677},"point_estimate":3259.4122403591164,"standard_error":334.6749315957602}}