{"mean":{"confidence_interval":{"confidence_level":0.95,"lower_bound":61010.843712652495,"upper_bound":62009.886549950854},"point_estimate":61558.775272672676,"standard_error":254.50392084452997},"median":{"confidence_interval":{"confidence_level":0.95,"lower_bound":61603.02403846154,"upper_bound":62077.57169117647},"point_estimate":61887.44884672619,"standard_error":115.15310063941051},"median_abs_dev":{"confidence_interval":{"confidence_level":0.95,"lower_bound":779.4527556619474,"upper_bound":1393.8756983598203},"point_estimate":1072.1069994011261,"standard_error":166.57498577017313},"slope":{"confidence_interval":{"confidence_level":0.95,"lower_bound":61632.13372285544,"upper_bound":62069.86937383191},"point_estimate":61847.03046272351,"standard_error":111.27996941782725},"std_dev":{"confidence_interval":{"confidence_level":0.95,"lower_bound":1160.1641949023526,"upper_bound":3926.072360020844},"point_estimate":2562.290258842823,"standard_error":759.2833691298146}}