{"mean":{"confidence_interval":{"confidence_level":0.95,"lower_bound":60032.19826113069,"upper_bound":60968.32593068219},"point_estimate":60564.5518294523,"standard_error":241.08811808081052},"median":{"confidence_interval":{"confidence_level":0.95,"lower_bound":60955.994071312736,"upper_bound":61115.872612270716},"point_estimate":61045.27809581565,"standard_error":39.61545339350359},"median_abs_dev":{"confidence_interval":{"confidence_level":0.95,"lower_bound":305.01611625154584,"upper_bound":544.6030352230028},"point_estimate":408.18839045348574,"standard_error":61.9287721326989},"slope":{"confidence_interval":{"confidence_level":0.95,"lower_bound":61212.23157594445,"upper_bound":61523.7310119448},"point_estimate":61350.13403402324,"standard_error":80.44659637502286},"std_dev":{"confidence_interval":{"confidence_level":0.95,"lower_bound":990.8821270990678,"upper_bound":3709.5378714158533},"point_estimate":2417.8672759763795,"standard_error":753.7987473226498}}