{"mean":{"confidence_interval":{"confidence_level":0.95,"lower_bound":55446.05930595178,"upper_bound":56236.54987009037},"point_estimate":55893.74263081215,"standard_error":203.66337290429288},"median":{"confidence_interval":{"confidence_level":0.95,"lower_bound":56232.98611111111,"upper_bound":56368.7303030303},"point_estimate":56279.0452724359,"standard_error":36.31480008818552},"median_abs_dev":{"confidence_interval":{"confidence_level":0.95,"lower_bound":280.28345437922474,"upper_bound":526.3414263182868},"point_estimate":423.6971317625471,"standard_error":66.39663601755046},"slope":{"confidence_interval":{"confidence_level":0.95,"lower_bound":56428.92263066047,"upper_bound":56764.764713448785},"point_estimate":56582.916017930154,"standard_error":85.51236624386692},"std_dev":{"confidence_interval":{"confidence_level":0.95,"lower_bound":882.9810704628185,"upper_bound":3113.722513703701},"point_estimate":2051.4952967064146,"standard_error":613.6702495797247}}