{"mean":{"confidence_interval":{"confidence_level":0.95,"lower_bound":70621.4735521604,"upper_bound":71875.31436723791},"point_estimate":71274.03727895691,"standard_error":319.40291389957304},"median":{"confidence_interval":{"confidence_level":0.95,"lower_bound":70422.58290618574,"upper_bound":70766.6761904762},"point_estimate":70593.12707070707,"standard_error":90.74580087065777},"median_abs_dev":{"confidence_interval":{"confidence_level":0.95,"lower_bound":525.6794445409628,"upper_bound":1415.9766457319824},"point_estimate":803.3571223047211,"standard_error":227.07187082895112},"slope":{"confidence_interval":{"confidence_level":0.95,"lower_bound":71060.93897445829,"upper_bound":72139.908998476},"point_estimate":71562.74764257918,"standard_error":275.5215233355236},"std_dev":{"confidence_interval":{"confidence_level":0.95,"lower_bound":2137.937277437805,"upper_bound":4395.123435598358},"point_estimate":3209.1584367413943,"standard_error":607.456015477309}}