{"mean":{"confidence_interval":{"confidence_level":0.95,"lower_bound":70131.36039708847,"upper_bound":71283.43460845803},"point_estimate":70735.65428882191,"standard_error":294.0224011095332},"median":{"confidence_interval":{"confidence_level":0.95,"lower_bound":70063.26111111112,"upper_bound":70441.10638297872},"point_estimate":70172.64037395228,"standard_error":101.98507598199537},"median_abs_dev":{"confidence_interval":{"confidence_level":0.95,"lower_bound":463.9631038118538,"upper_bound":996.9142358155607},"point_estimate":703.0923640528639,"standard_error":151.13882971091607},"slope":{"confidence_interval":{"confidence_level":0.95,"lower_bound":70721.93210860963,"upper_bound":71964.66819965636},"point_estimate":71306.34271257573,"standard_error":317.95078578441314},"std_dev":{"confidence_interval":{"confidence_level":0.95,"lower_bound":1884.6265518800058,"upper_bound":4117.818082256486},"point_estimate":2956.7532300163907,"standard_error":602.1095629319477}}