{"mean":{"confidence_interval":{"confidence_level":0.95,"lower_bound":68690.73178271322,"upper_bound":70053.00695180219},"point_estimate":69426.96870844513,"standard_error":348.90340138933624},"median":{"confidence_interval":{"confidence_level":0.95,"lower_bound":69264.28851540617,"upper_bound":69527.03781512605},"point_estimate":69348.76459899748,"standard_error":64.70110389439496},"median_abs_dev":{"confidence_interval":{"confidence_level":0.95,"lower_bound":485.35769834545715,"upper_bound":1088.1950978235282},"point_estimate":720.9616324339263,"standard_error":147.54730261142535},"slope":{"confidence_interval":{"confidence_level":0.95,"lower_bound":69846.5917984501,"upper_bound":70682.32809205643},"point_estimate":70225.31564673099,"standard_error":214.27380099469516},"std_dev":{"confidence_interval":{"confidence_level":0.95,"lower_bound":1923.2315122997024,"upper_bound":5087.943784651744},"point_estimate":3512.7759020859376,"standard_error":849.5362449984157}}