{"mean":{"confidence_interval":{"confidence_level":0.95,"lower_bound":70496.11354579974,"upper_bound":72136.44921827286},"point_estimate":71377.16200049133,"standard_error":417.2265345612236},"median":{"confidence_interval":{"confidence_level":0.95,"lower_bound":70842.4619047619,"upper_bound":71219.73076923077},"point_estimate":71022.39903846153,"standard_error":97.45381451276722},"median_abs_dev":{"confidence_interval":{"confidence_level":0.95,"lower_bound":578.6530260981035,"upper_bound":1366.9503144663988},"point_estimate":884.3002324674441,"standard_error":201.9751784302417},"slope":{"confidence_interval":{"confidence_level":0.95,"lower_bound":71855.62984532653,"upper_bound":73312.43238297064},"point_estimate":72555.22030885179,"standard_error":373.25304660857864},"std_dev":{"confidence_interval":{"confidence_level":0.95,"lower_bound":2558.7755693365357,"upper_bound":5941.870366939742},"point_estimate":4193.793203585035,"standard_error":929.2903078980346}}