{"mean":{"confidence_interval":{"confidence_level":0.95,"lower_bound":57930.63384756885,"upper_bound":58720.47873549964},"point_estimate":58380.773413182294,"standard_error":203.95540361383695},"median":{"confidence_interval":{"confidence_level":0.95,"lower_bound":58570.28183581125,"upper_bound":58815.150895140665},"point_estimate":58676.02924369748,"standard_error":64.17769594392838},"median_abs_dev":{"confidence_interval":{"confidence_level":0.95,"lower_bound":386.20502650593806,"upper_bound":636.0056392947067},"point_estimate":503.69876255954375,"standard_error":64.96504403892273},"slope":{"confidence_interval":{"confidence_level":0.95,"lower_bound":58829.19586785035,"upper_bound":59166.864978153},"point_estimate":58990.894766470505,"standard_error":86.37670225263696},"std_dev":{"confidence_interval":{"confidence_level":0.95,"lower_bound":795.7859762587711,"upper_bound":3171.8211425089976},"point_estimate":2054.172291479051,"standard_error":658.2564167712351}}