{"mean":{"confidence_interval":{"confidence_level":0.95,"lower_bound":51161.61455682433,"upper_bound":51895.68898800516},"point_estimate":51569.13231089902,"standard_error":187.99939240191964},"median":{"confidence_interval":{"confidence_level":0.95,"lower_bound":51675.420818110004,"upper_bound":51780.57142857143},"point_estimate":51738.46222825762,"standard_error":28.854022062214167},"median_abs_dev":{"confidence_interval":{"confidence_level":0.95,"lower_bound":155.30064003022378,"upper_bound":322.26918551909085},"point_estimate":213.98761070897044,"standard_error":43.73245185692419},"slope":{"confidence_interval":{"confidence_level":0.95,"lower_bound":51866.78326602355,"upper_bound":52311.23599827522},"point_estimate":52071.24493385081,"standard_error":114.13190243147616},"std_dev":{"confidence_interval":{"confidence_level":0.95,"lower_bound":924.7571248334565,"upper_bound":2821.6932526000423},"point_estimate":1886.734943231222,"standard_error":527.670059175085}}