{"mean":{"confidence_interval":{"confidence_level":0.95,"lower_bound":68043.15123891085,"upper_bound":69560.82026098203},"point_estimate":68861.83909451813,"standard_error":386.5027685495156},"median":{"confidence_interval":{"confidence_level":0.95,"lower_bound":68576.24470899471,"upper_bound":69019.27215787943},"point_estimate":68865.38591019803,"standard_error":125.66907306221465},"median_abs_dev":{"confidence_interval":{"confidence_level":0.95,"lower_bound":781.3299147166897,"upper_bound":1778.4929700952996},"point_estimate":1309.496434574368,"standard_error":260.7194527163608},"slope":{"confidence_interval":{"confidence_level":0.95,"lower_bound":69390.81781440457,"upper_bound":70366.07366836455},"point_estimate":69845.61163208005,"standard_error":250.84011426298972},"std_dev":{"confidence_interval":{"confidence_level":0.95,"lower_bound":2270.5134597291894,"upper_bound":5604.346487610208},"point_estimate":3883.0111719793113,"standard_error":924.1832544839328}}