{"mean":{"confidence_interval":{"confidence_level":0.95,"lower_bound":70201.37670376085,"upper_bound":71338.84641160775},"point_estimate":70813.96361795938,"standard_error":288.7938670914525},"median":{"confidence_interval":{"confidence_level":0.95,"lower_bound":70733.04165972164,"upper_bound":70967.94255424062},"point_estimate":70865.38968253968,"standard_error":77.78727326614002},"median_abs_dev":{"confidence_interval":{"confidence_level":0.95,"lower_bound":382.1741436058378,"upper_bound":801.1687999098389},"point_estimate":522.506912462828,"standard_error":107.12022796266108},"slope":{"confidence_interval":{"confidence_level":0.95,"lower_bound":71058.80775743682,"upper_bound":71548.57527602777},"point_estimate":71271.23037250912,"standard_error":125.84239212026654},"std_dev":{"confidence_interval":{"confidence_level":0.95,"lower_bound":1632.5416925271845,"upper_bound":4232.976689658911},"point_estimate":2895.1317551398056,"standard_error":718.0094235870114}}