{"mean":{"confidence_interval":{"confidence_level":0.95,"lower_bound":65106.85145850096,"upper_bound":66531.65849228806},"point_estimate":65835.1745155787,"standard_error":360.79130863001495},"median":{"confidence_interval":{"confidence_level":0.95,"lower_bound":65057.28723339303,"upper_bound":65421.89849567819},"point_estimate":65211.84843867217,"standard_error":85.10483909397018},"median_abs_dev":{"confidence_interval":{"confidence_level":0.95,"lower_bound":579.9279176963797,"upper_bound":1713.6189572321828},"point_estimate":917.9455360307744,"standard_error":299.59461363043016},"slope":{"confidence_interval":{"confidence_level":0.95,"lower_bound":66063.7847039204,"upper_bound":67319.00931418997},"point_estimate":66661.94255523128,"standard_error":322.0388403810872},"std_dev":{"confidence_interval":{"confidence_level":0.95,"lower_bound":2614.807248449423,"upper_bound":4619.583642271365},"point_estimate":3629.6508124073257,"standard_error":517.3523405692589}}