{"mean":{"confidence_interval":{"confidence_level":0.95,"lower_bound":69043.25232099062,"upper_bound":70323.39723594772},"point_estimate":69715.99395340527,"standard_error":325.8446890296933},"median":{"confidence_interval":{"confidence_level":0.95,"lower_bound":69377.10874000551,"upper_bound":69662.8275132275},"point_estimate":69481.88809244026,"standard_error":83.27283282801588},"median_abs_dev":{"confidence_interval":{"confidence_level":0.95,"lower_bound":380.02707270721385,"upper_bound":748.0358615078237},"point_estimate":520.6519542380553,"standard_error":98.87065965358475},"slope":{"confidence_interval":{"confidence_level":0.95,"lower_bound":69649.19369090944,"upper_bound":70342.81275482227},"point_estimate":69948.6864603714,"standard_error":178.1204139121608},"std_dev":{"confidence_interval":{"confidence_level":0.95,"lower_bound":2048.2880198729163,"upper_bound":4523.277169511068},"point_estimate":3277.769451744402,"standard_error":657.369548963794}}