{"mean":{"confidence_interval":{"confidence_level":0.95,"lower_bound":69036.15322286099,"upper_bound":70528.9333253964},"point_estimate":69831.98220234319,"standard_error":380.94378383128736},"median":{"confidence_interval":{"confidence_level":0.95,"lower_bound":69362.43501759678,"upper_bound":69797.63402289877},"point_estimate":69547.72944339026,"standard_error":117.35171049856328},"median_abs_dev":{"confidence_interval":{"confidence_level":0.95,"lower_bound":747.4859156823891,"upper_bound":1912.4049802789382},"point_estimate":1187.6730812441879,"standard_error":305.532550000662},"slope":{"confidence_interval":{"confidence_level":0.95,"lower_bound":70218.22527593162,"upper_bound":71237.99239285168},"point_estimate":70691.05035200236,"standard_error":261.8756716963629},"std_dev":{"confidence_interval":{"confidence_level":0.95,"lower_bound":2366.4562551620634,"upper_bound":5373.4193190880815},"point_estimate":3835.303388552939,"standard_error":815.615536485231}}