{"mean":{"confidence_interval":{"confidence_level":0.95,"lower_bound":53122.1156876732,"upper_bound":53326.4487007152},"point_estimate":53209.9301524139,"standard_error":52.71113392910069},"median":{"confidence_interval":{"confidence_level":0.95,"lower_bound":53092.213991769546,"upper_bound":53153.34353276354},"point_estimate":53115.770728951764,"standard_error":17.555859305763533},"median_abs_dev":{"confidence_interval":{"confidence_level":0.95,"lower_bound":85.84741578914755,"upper_bound":149.9086912879834},"point_estimate":114.35145483245245,"standard_error":16.33724918506628},"slope":{"confidence_interval":{"confidence_level":0.95,"lower_bound":53194.24745734771,"upper_bound":53511.72408515858},"point_estimate":53329.91907229529,"standard_error":82.14344555987346},"std_dev":{"confidence_interval":{"confidence_level":0.95,"lower_bound":188.84478673282814,"upper_bound":805.8010862793072},"point_estimate":528.791385775527,"standard_error":165.02026696447834}}