{"mean":{"confidence_interval":{"confidence_level":0.95,"lower_bound":32833.43475205354,"upper_bound":32911.43003739399},"point_estimate":32871.0852722168,"standard_error":19.912865343886214},"median":{"confidence_interval":{"confidence_level":0.95,"lower_bound":32807.263636363634,"upper_bound":32887.42857142857},"point_estimate":32843.04001976285,"standard_error":21.874789147914722},"median_abs_dev":{"confidence_interval":{"confidence_level":0.95,"lower_bound":118.70056727080916,"upper_bound":190.15586859774666},"point_estimate":164.95852408001383,"standard_error":18.490314393837625},"slope":{"confidence_interval":{"confidence_level":0.95,"lower_bound":32884.67143257602,"upper_bound":32966.14689546104},"point_estimate":32922.561168773595,"standard_error":20.765831514512264},"std_dev":{"confidence_interval":{"confidence_level":0.95,"lower_bound":147.6125147587918,"upper_bound":254.78550878511683},"point_estimate":199.97647193769944,"standard_error":28.078297873902148}}