{"mean":{"confidence_interval":{"confidence_level":0.95,"lower_bound":27048.94545667408,"upper_bound":27173.744352412457},"point_estimate":27101.74071461756,"standard_error":32.31598928393961},"median":{"confidence_interval":{"confidence_level":0.95,"lower_bound":27049.94357366771,"upper_bound":27114.7542997543},"point_estimate":27084.761757792345,"standard_error":15.8673240355889},"median_abs_dev":{"confidence_interval":{"confidence_level":0.95,"lower_bound":129.6915752445347,"upper_bound":196.8780598646658},"point_estimate":169.38497769714223,"standard_error":17.536230789431276},"slope":{"confidence_interval":{"confidence_level":0.95,"lower_bound":27063.94668147114,"upper_bound":27138.192190724094},"point_estimate":27100.215249942903,"standard_error":18.92706788642531},"std_dev":{"confidence_interval":{"confidence_level":0.95,"lower_bound":147.67751670762416,"upper_bound":511.5114210476737},"point_estimate":324.99878419669363,"standard_error":117.49588652048266}}