{"mean":{"confidence_interval":{"confidence_level":0.95,"lower_bound":33096.1583116635,"upper_bound":33568.72231804287},"point_estimate":33267.41102251221,"standard_error":137.85282087008582},"median":{"confidence_interval":{"confidence_level":0.95,"lower_bound":33104.0333716916,"upper_bound":33177.438016528926},"point_estimate":33144.65207509881,"standard_error":20.35909837119572},"median_abs_dev":{"confidence_interval":{"confidence_level":0.95,"lower_bound":111.69561619882222,"upper_bound":206.4133802039127},"point_estimate":162.40263170970547,"standard_error":25.164752081982225},"slope":{"confidence_interval":{"confidence_level":0.95,"lower_bound":33114.582840956136,"upper_bound":33355.28077820038},"point_estimate":33204.31443851848,"standard_error":63.69974586552705},"std_dev":{"confidence_interval":{"confidence_level":0.95,"lower_bound":190.51969436485703,"upper_bound":2354.339974632965},"point_estimate":1383.7383398786844,"standard_error":758.6548918593792}}