{"mean":{"confidence_interval":{"confidence_level":0.95,"lower_bound":40392.6984303636,"upper_bound":40513.71265501197},"point_estimate":40452.99932626125,"standard_error":30.766487777180757},"median":{"confidence_interval":{"confidence_level":0.95,"lower_bound":40398.76831639417,"upper_bound":40487.72857142857},"point_estimate":40457.705990049755,"standard_error":23.962444739912435},"median_abs_dev":{"confidence_interval":{"confidence_level":0.95,"lower_bound":153.63081873083473,"upper_bound":267.95336032060544},"point_estimate":206.71559631244963,"standard_error":27.09824976217847},"slope":{"confidence_interval":{"confidence_level":0.95,"lower_bound":40455.87249513261,"upper_bound":40575.35778675444},"point_estimate":40512.862158711396,"standard_error":30.65372139763588},"std_dev":{"confidence_interval":{"confidence_level":0.95,"lower_bound":233.06894129053276,"upper_bound":382.75261914971384},"point_estimate":309.02925961259257,"standard_error":38.29718815022714}}