{"mean":{"confidence_interval":{"confidence_level":0.95,"lower_bound":33840.54891673859,"upper_bound":33941.21971984827},"point_estimate":33889.59242479938,"standard_error":25.578222581822516},"median":{"confidence_interval":{"confidence_level":0.95,"lower_bound":33817.8357771261,"upper_bound":33930.91154791155},"point_estimate":33881.038528138524,"standard_error":29.932876661511255},"median_abs_dev":{"confidence_interval":{"confidence_level":0.95,"lower_bound":142.6048787249589,"upper_bound":242.39597326866777},"point_estimate":188.76041999778087,"standard_error":25.62277732405389},"slope":{"confidence_interval":{"confidence_level":0.95,"lower_bound":33886.569759536826,"upper_bound":33985.72421006402},"point_estimate":33934.63941668794,"standard_error":25.302724258167263},"std_dev":{"confidence_interval":{"confidence_level":0.95,"lower_bound":195.6726218459566,"upper_bound":323.26742782059364},"point_estimate":257.2435879173558,"standard_error":33.14161151909172}}