{"mean":{"confidence_interval":{"confidence_level":0.95,"lower_bound":26950.52192182488,"upper_bound":27016.788442564935},"point_estimate":26983.691877794983,"standard_error":16.921419083871704},"median":{"confidence_interval":{"confidence_level":0.95,"lower_bound":26961.65606060606,"upper_bound":27025.717243731877},"point_estimate":26992.265863765864,"standard_error":15.300413827129105},"median_abs_dev":{"confidence_interval":{"confidence_level":0.95,"lower_bound":96.56725894475501,"upper_bound":197.12180215487174},"point_estimate":156.12976578767882,"standard_error":25.27668112102592},"slope":{"confidence_interval":{"confidence_level":0.95,"lower_bound":26986.24597194004,"upper_bound":27052.902123898682},"point_estimate":27018.30021736502,"standard_error":17.121253595532295},"std_dev":{"confidence_interval":{"confidence_level":0.95,"lower_bound":142.97125242442456,"upper_bound":194.9750897159448},"point_estimate":170.20356952828413,"standard_error":13.330201866523007}}