{"mean":{"confidence_interval":{"confidence_level":0.95,"lower_bound":23678.10545271184,"upper_bound":23842.049390127177},"point_estimate":23758.549807226354,"standard_error":41.67192785822971},"median":{"confidence_interval":{"confidence_level":0.95,"lower_bound":23602.25704225352,"upper_bound":23838.882575757576},"point_estimate":23722.32041077044,"standard_error":56.24597379291205},"median_abs_dev":{"confidence_interval":{"confidence_level":0.95,"lower_bound":305.7698586298554,"upper_bound":513.8615478002088},"point_estimate":383.8357626382301,"standard_error":52.39303301422309},"slope":{"confidence_interval":{"confidence_level":0.95,"lower_bound":23879.742649853182,"upper_bound":24130.718860990517},"point_estimate":24009.581657553816,"standard_error":63.82306573551448},"std_dev":{"confidence_interval":{"confidence_level":0.95,"lower_bound":354.5270127791701,"upper_bound":477.5577422815712},"point_estimate":418.53245023438734,"standard_error":31.474019375865417}}