{"mean":{"confidence_interval":{"confidence_level":0.95,"lower_bound":27171.353932380804,"upper_bound":27288.560172721696},"point_estimate":27223.753646185785,"standard_error":29.824631573965522},"median":{"confidence_interval":{"confidence_level":0.95,"lower_bound":27186.216952129995,"upper_bound":27277.219251336897},"point_estimate":27234.251298701296,"standard_error":22.678488142616434},"median_abs_dev":{"confidence_interval":{"confidence_level":0.95,"lower_bound":108.75782136554153,"upper_bound":230.69203751278857},"point_estimate":161.83052053602853,"standard_error":32.33226980205983},"slope":{"confidence_interval":{"confidence_level":0.95,"lower_bound":27183.042002602208,"upper_bound":27290.88986793377},"point_estimate":27235.4152614963,"standard_error":27.500823704528962},"std_dev":{"confidence_interval":{"confidence_level":0.95,"lower_bound":171.13017887456158,"upper_bound":442.1954646822488},"point_estimate":298.7970761844436,"standard_error":81.44161552546676}}