{"mean":{"confidence_interval":{"confidence_level":0.95,"lower_bound":24844.787523704686,"upper_bound":24980.10521426036},"point_estimate":24905.02033477198,"standard_error":34.717119573774596},"median":{"confidence_interval":{"confidence_level":0.95,"lower_bound":24814.085164835164,"upper_bound":24880.120462962965},"point_estimate":24853.283227672116,"standard_error":16.73332905643715},"median_abs_dev":{"confidence_interval":{"confidence_level":0.95,"lower_bound":99.5264715633222,"upper_bound":154.01643999584036},"point_estimate":124.24546923407546,"standard_error":13.67476566918557},"slope":{"confidence_interval":{"confidence_level":0.95,"lower_bound":24870.889680808028,"upper_bound":25155.593435272203},"point_estimate":24992.44424683513,"standard_error":74.45212673427146},"std_dev":{"confidence_interval":{"confidence_level":0.95,"lower_bound":148.50164574012868,"upper_bound":495.3523608292848},"point_estimate":349.3448987037535,"standard_error":85.3965938280115}}