{"mean":{"confidence_interval":{"confidence_level":0.95,"lower_bound":33464.98855918786,"upper_bound":33634.25125957001},"point_estimate":33537.14055285429,"standard_error":43.87320524152921},"median":{"confidence_interval":{"confidence_level":0.95,"lower_bound":33437.359767891685,"upper_bound":33531.66060606061},"point_estimate":33475.00357106418,"standard_error":23.96262680764541},"median_abs_dev":{"confidence_interval":{"confidence_level":0.95,"lower_bound":122.29957603838325,"upper_bound":202.53214185888035},"point_estimate":148.18755801216346,"standard_error":20.574649316461233},"slope":{"confidence_interval":{"confidence_level":0.95,"lower_bound":33474.685759875465,"upper_bound":33739.05153373964},"point_estimate":33573.75970552279,"standard_error":71.14058767941926},"std_dev":{"confidence_interval":{"confidence_level":0.95,"lower_bound":184.446596296117,"upper_bound":689.7899387410895},"point_estimate":440.89202648836033,"standard_error":152.08999715888461}}