{"mean":{"confidence_interval":{"confidence_level":0.95,"lower_bound":28710.21156488772,"upper_bound":28795.55452717873},"point_estimate":28750.61160157739,"standard_error":21.732079780869874},"median":{"confidence_interval":{"confidence_level":0.95,"lower_bound":28720.50582750583,"upper_bound":28795.57505285412},"point_estimate":28750.3154409411,"standard_error":20.372449224698176},"median_abs_dev":{"confidence_interval":{"confidence_level":0.95,"lower_bound":111.15847441971965,"upper_bound":202.86703381227014},"point_estimate":156.68148393425,"standard_error":22.347377883493838},"slope":{"confidence_interval":{"confidence_level":0.95,"lower_bound":28750.894826995118,"upper_bound":28838.906380817178},"point_estimate":28791.838642073162,"standard_error":22.42071170672322},"std_dev":{"confidence_interval":{"confidence_level":0.95,"lower_bound":153.6405538746549,"upper_bound":292.143014045681},"point_estimate":218.43997886183624,"standard_error":37.9378715684143}}