{"mean":{"confidence_interval":{"confidence_level":0.95,"lower_bound":35282.50255499665,"upper_bound":35386.05394496758},"point_estimate":35332.42129192639,"standard_error":26.44138287037627},"median":{"confidence_interval":{"confidence_level":0.95,"lower_bound":35255.49813246053,"upper_bound":35327.75895856663},"point_estimate":35293.03197811628,"standard_error":17.13728484492693},"median_abs_dev":{"confidence_interval":{"confidence_level":0.95,"lower_bound":116.49964512080291,"upper_bound":224.35781056231482},"point_estimate":166.63758434928337,"standard_error":27.675536612113948},"slope":{"confidence_interval":{"confidence_level":0.95,"lower_bound":35337.84823817062,"upper_bound":35435.0380437754},"point_estimate":35383.61536929215,"standard_error":24.909708677869407},"std_dev":{"confidence_interval":{"confidence_level":0.95,"lower_bound":200.27829320090115,"upper_bound":322.889725109244},"point_estimate":265.1597537294996,"standard_error":31.30692216135669}}