{"mean":{"confidence_interval":{"confidence_level":0.95,"lower_bound":19218.66440674665,"upper_bound":19249.316403984998},"point_estimate":19233.981283784597,"standard_error":7.801047781204826},"median":{"confidence_interval":{"confidence_level":0.95,"lower_bound":19209.759595959596,"upper_bound":19231.929262411348},"point_estimate":19217.868509615386,"standard_error":5.890820868150539},"median_abs_dev":{"confidence_interval":{"confidence_level":0.95,"lower_bound":44.22639739296041,"upper_bound":87.11510170603522},"point_estimate":67.08071203441706,"standard_error":11.043280592699167},"slope":{"confidence_interval":{"confidence_level":0.95,"lower_bound":19228.085520742305,"upper_bound":19252.849013471434},"point_estimate":19239.811230185704,"standard_error":6.314028611450542},"std_dev":{"confidence_interval":{"confidence_level":0.95,"lower_bound":65.15945481991558,"upper_bound":90.2666130677194},"point_estimate":77.99503926815676,"standard_error":6.420884579842851}}