{"mean":{"confidence_interval":{"confidence_level":0.95,"lower_bound":26971.24470516896,"upper_bound":27113.13337036468},"point_estimate":27030.95613774363,"standard_error":36.88212262900343},"median":{"confidence_interval":{"confidence_level":0.95,"lower_bound":26961.625410733843,"upper_bound":27024.12750885478},"point_estimate":26989.051141853313,"standard_error":16.964398656619103},"median_abs_dev":{"confidence_interval":{"confidence_level":0.95,"lower_bound":106.5846558298541,"upper_bound":185.65582817161692},"point_estimate":141.81026193497956,"standard_error":20.42523382268664},"slope":{"confidence_interval":{"confidence_level":0.95,"lower_bound":26943.098741255155,"upper_bound":27012.94493590296},"point_estimate":26977.014534707203,"standard_error":17.897373089711824},"std_dev":{"confidence_interval":{"confidence_level":0.95,"lower_bound":141.40293635488754,"upper_bound":584.0753457970527},"point_estimate":369.7460369945762,"standard_error":132.42628611558456}}