{"mean":{"confidence_interval":{"confidence_level":0.95,"lower_bound":53091.12961173427,"upper_bound":53190.222079747575},"point_estimate":53138.0887138581,"standard_error":25.081973884885986},"median":{"confidence_interval":{"confidence_level":0.95,"lower_bound":53086.91790123457,"upper_bound":53145.47892642337},"point_estimate":53108.783037257715,"standard_error":15.740943069350115},"median_abs_dev":{"confidence_interval":{"confidence_level":0.95,"lower_bound":112.62450427842259,"upper_bound":213.26205888864416},"point_estimate":152.37436166643678,"standard_error":26.456998061742055},"slope":{"confidence_interval":{"confidence_level":0.95,"lower_bound":53172.146580221066,"upper_bound":53321.13251671841},"point_estimate":53233.2068745382,"standard_error":39.034967627568044},"std_dev":{"confidence_interval":{"confidence_level":0.95,"lower_bound":169.76471269869214,"upper_bound":338.175559207371},"point_estimate":251.38324317305916,"standard_error":44.95102530324787}}