{"mean":{"confidence_interval":{"confidence_level":0.95,"lower_bound":52736.42283489891,"upper_bound":52859.909616986966},"point_estimate":52793.70800915774,"standard_error":31.553800929298582},"median":{"confidence_interval":{"confidence_level":0.95,"lower_bound":52733.6717752235,"upper_bound":52798.47493224932},"point_estimate":52757.92328042328,"standard_error":15.263241352781357},"median_abs_dev":{"confidence_interval":{"confidence_level":0.95,"lower_bound":110.67854558577808,"upper_bound":210.0637879678138},"point_estimate":152.80004795392435,"standard_error":22.896129591274597},"slope":{"confidence_interval":{"confidence_level":0.95,"lower_bound":52802.33798599494,"upper_bound":52967.82469006298},"point_estimate":52876.053425611215,"standard_error":42.71418974880559},"std_dev":{"confidence_interval":{"confidence_level":0.95,"lower_bound":197.64557400527067,"upper_bound":417.77671844222436},"point_estimate":316.6445311010371,"standard_error":56.876276888865966}}