{"mean":{"confidence_interval":{"confidence_level":0.95,"lower_bound":22345.21187901244,"upper_bound":22454.753075806584},"point_estimate":22395.301004271245,"standard_error":27.973454165565784},"median":{"confidence_interval":{"confidence_level":0.95,"lower_bound":22322.468475572045,"upper_bound":22412.356356739474},"point_estimate":22368.45138888889,"standard_error":23.489492040445985},"median_abs_dev":{"confidence_interval":{"confidence_level":0.95,"lower_bound":122.5781421434855,"upper_bound":198.2514417295641},"point_estimate":162.38597325484417,"standard_error":18.91212806015135},"slope":{"confidence_interval":{"confidence_level":0.95,"lower_bound":22366.381444720948,"upper_bound":22422.716825312462},"point_estimate":22393.35119846313,"standard_error":14.374480862248516},"std_dev":{"confidence_interval":{"confidence_level":0.95,"lower_bound":162.6950881292857,"upper_bound":392.77420728882163},"point_estimate":281.3155136068757,"standard_error":60.047552562521055}}