{"mean":{"confidence_interval":{"confidence_level":0.95,"lower_bound":32507.77706758047,"upper_bound":32617.198428100415},"point_estimate":32557.473904514787,"standard_error":28.183620408310283},"median":{"confidence_interval":{"confidence_level":0.95,"lower_bound":32482.33509513742,"upper_bound":32551.922727272726},"point_estimate":32525.778703115066,"standard_error":17.55720449920167},"median_abs_dev":{"confidence_interval":{"confidence_level":0.95,"lower_bound":108.45485650696429,"upper_bound":186.26988319730967},"point_estimate":152.50673473589183,"standard_error":20.864056081514924},"slope":{"confidence_interval":{"confidence_level":0.95,"lower_bound":32509.55294968585,"upper_bound":32575.230499122976},"point_estimate":32541.716352620337,"standard_error":16.732732127150477},"std_dev":{"confidence_interval":{"confidence_level":0.95,"lower_bound":155.4807631946022,"upper_bound":390.8413836032521},"point_estimate":282.2932332509173,"standard_error":61.06858685901995}}