{"mean":{"confidence_interval":{"confidence_level":0.95,"lower_bound":27360.472360041043,"upper_bound":27431.071710798104},"point_estimate":27395.54343685594,"standard_error":17.992325569253442},"median":{"confidence_interval":{"confidence_level":0.95,"lower_bound":27363.319446157642,"upper_bound":27422.562817124737},"point_estimate":27389.861013986014,"standard_error":15.545596905319812},"median_abs_dev":{"confidence_interval":{"confidence_level":0.95,"lower_bound":107.72924207266773,"upper_bound":190.84598135253873},"point_estimate":155.06906935955504,"standard_error":21.655036066773373},"slope":{"confidence_interval":{"confidence_level":0.95,"lower_bound":27385.61527647934,"upper_bound":27488.14009808503},"point_estimate":27434.6853245026,"standard_error":26.11902516652298},"std_dev":{"confidence_interval":{"confidence_level":0.95,"lower_bound":142.089777952258,"upper_bound":220.27317989432953},"point_estimate":181.0702537836335,"standard_error":20.123952729518777}}