{"mean":{"confidence_interval":{"confidence_level":0.95,"lower_bound":32548.32150109889,"upper_bound":32656.48156610181},"point_estimate":32598.44910337864,"standard_error":27.513622000605306},"median":{"confidence_interval":{"confidence_level":0.95,"lower_bound":32545.95945945946,"upper_bound":32608.266233766233},"point_estimate":32560.910147991544,"standard_error":14.505124743271468},"median_abs_dev":{"confidence_interval":{"confidence_level":0.95,"lower_bound":116.3196379611308,"upper_bound":202.58680337306015},"point_estimate":162.37468251423132,"standard_error":22.04435583351165},"slope":{"confidence_interval":{"confidence_level":0.95,"lower_bound":32596.8129824356,"upper_bound":32726.26368967168},"point_estimate":32655.985393822964,"standard_error":33.066722909190375},"std_dev":{"confidence_interval":{"confidence_level":0.95,"lower_bound":170.55874481676037,"upper_bound":389.6698012762372},"point_estimate":276.1365785029605,"standard_error":60.28598680637962}}