{"mean":{"confidence_interval":{"confidence_level":0.95,"lower_bound":27182.41990815713,"upper_bound":27240.686664087567},"point_estimate":27211.819802218277,"standard_error":14.969162921813762},"median":{"confidence_interval":{"confidence_level":0.95,"lower_bound":27189.932506887053,"upper_bound":27238.904545454545},"point_estimate":27215.624973996255,"standard_error":12.004484781112117},"median_abs_dev":{"confidence_interval":{"confidence_level":0.95,"lower_bound":90.93740761460136,"upper_bound":157.082079855865},"point_estimate":125.59853958588697,"standard_error":16.658612288189378},"slope":{"confidence_interval":{"confidence_level":0.95,"lower_bound":27183.03781712471,"upper_bound":27252.97627646207},"point_estimate":27217.68310222067,"standard_error":17.82868737804435},"std_dev":{"confidence_interval":{"confidence_level":0.95,"lower_bound":122.97834954004857,"upper_bound":177.3980086275079},"point_estimate":150.75954537575203,"standard_error":13.953730546196562}}