{"mean":{"confidence_interval":{"confidence_level":0.95,"lower_bound":53357.62879848596,"upper_bound":53532.286450975815},"point_estimate":53435.74272773558,"standard_error":44.800149101230886},"median":{"confidence_interval":{"confidence_level":0.95,"lower_bound":53314.52631578947,"upper_bound":53372.51611400295},"point_estimate":53338.915245933764,"standard_error":16.834114075603345},"median_abs_dev":{"confidence_interval":{"confidence_level":0.95,"lower_bound":84.58818683101565,"upper_bound":171.61586546182562},"point_estimate":112.47613840718682,"standard_error":22.14883913799375},"slope":{"confidence_interval":{"confidence_level":0.95,"lower_bound":53400.92643859214,"upper_bound":53597.25062736194},"point_estimate":53489.756603123,"standard_error":50.42077305403696},"std_dev":{"confidence_interval":{"confidence_level":0.95,"lower_bound":227.67744452084267,"upper_bound":643.0886063556491},"point_estimate":450.5247211390031,"standard_error":107.32206429203976}}