{"mean":{"confidence_interval":{"confidence_level":0.95,"lower_bound":24779.24619702979,"upper_bound":24836.391393478643},"point_estimate":24805.626576826155,"standard_error":14.558371611012529},"median":{"confidence_interval":{"confidence_level":0.95,"lower_bound":24767.826923076922,"upper_bound":24816.45551378446},"point_estimate":24795.464947089946,"standard_error":12.072869522356612},"median_abs_dev":{"confidence_interval":{"confidence_level":0.95,"lower_bound":65.83744135607968,"upper_bound":111.89236912463049},"point_estimate":89.50261798641536,"standard_error":11.75352703963723},"slope":{"confidence_interval":{"confidence_level":0.95,"lower_bound":24784.10807145946,"upper_bound":24837.564404939185},"point_estimate":24809.59371927491,"standard_error":13.637973711202957},"std_dev":{"confidence_interval":{"confidence_level":0.95,"lower_bound":84.73536113145359,"upper_bound":198.81211445600604},"point_estimate":146.35160829206384,"standard_error":28.882735399468462}}