{"mean":{"confidence_interval":{"confidence_level":0.95,"lower_bound":23765.32432899481,"upper_bound":23912.22597395855},"point_estimate":23836.161251169146,"standard_error":37.33392655087874},"median":{"confidence_interval":{"confidence_level":0.95,"lower_bound":23732.788659793816,"upper_bound":23882.608108108107},"point_estimate":23790.31489372896,"standard_error":38.86893546827168},"median_abs_dev":{"confidence_interval":{"confidence_level":0.95,"lower_bound":274.99029322472046,"upper_bound":441.4415682045119},"point_estimate":390.90810888473356,"standard_error":41.91377601483648},"slope":{"confidence_interval":{"confidence_level":0.95,"lower_bound":23774.446939009205,"upper_bound":23915.655086996252},"point_estimate":23842.696872814147,"standard_error":35.96621662898625},"std_dev":{"confidence_interval":{"confidence_level":0.95,"lower_bound":288.077028761066,"upper_bound":484.11906096671925},"point_estimate":376.145100878916,"standard_error":53.51886593117601}}