{"mean":{"confidence_interval":{"confidence_level":0.95,"lower_bound":32476.80679922525,"upper_bound":32719.89779090708},"point_estimate":32571.383081805223,"standard_error":65.46947409975897},"median":{"confidence_interval":{"confidence_level":0.95,"lower_bound":32478.27425061425,"upper_bound":32556.583333333332},"point_estimate":32518.464826839827,"standard_error":21.579876247763913},"median_abs_dev":{"confidence_interval":{"confidence_level":0.95,"lower_bound":129.92261418501025,"upper_bound":225.74647945360357},"point_estimate":189.5381874042533,"standard_error":24.176405152657907},"slope":{"confidence_interval":{"confidence_level":0.95,"lower_bound":32535.185583914637,"upper_bound":32671.876631573567},"point_estimate":32594.782926501604,"standard_error":35.16586145822749},"std_dev":{"confidence_interval":{"confidence_level":0.95,"lower_bound":175.22061531484044,"upper_bound":1095.0155356991881},"point_estimate":660.7534005389525,"standard_error":304.23241636046697}}