{"mean":{"confidence_interval":{"confidence_level":0.95,"lower_bound":0.6827511034439089,"upper_bound":0.6912169629682093},"point_estimate":0.686403381795547,"standard_error":0.0021419871360028957},"median":{"confidence_interval":{"confidence_level":0.95,"lower_bound":0.6852691009971619,"upper_bound":0.6871289341059628},"point_estimate":0.6861769793872776,"standard_error":0.0004936414782080482}}