{"mean":{"confidence_interval":{"confidence_level":0.95,"lower_bound":-0.28359912673084264,"upper_bound":-0.2749438232104921},"point_estimate":-0.27985863767726415,"standard_error":0.002180109175087921},"median":{"confidence_interval":{"confidence_level":0.95,"lower_bound":-0.28482942601561134,"upper_bound":-0.28282412644729205},"point_estimate":-0.28397051428366127,"standard_error":0.0005309565824181036}}