{"mean":{"confidence_interval":{"confidence_level":0.95,"lower_bound":-0.006155451037650036,"upper_bound":0.0017403883999239274},"point_estimate":-0.001781392154691419,"standard_error":0.002016078635682845},"median":{"confidence_interval":{"confidence_level":0.95,"lower_bound":-0.001015706660703164,"upper_bound":0.0010966638636875636},"point_estimate":0.00009269303293257813,"standard_error":0.000588467292580144}}