{"mean":{"confidence_interval":{"confidence_level":0.95,"lower_bound":0.250872611250887,"upper_bound":0.2594928037097958},"point_estimate":0.25551119374318154,"standard_error":0.0022083577368597618},"median":{"confidence_interval":{"confidence_level":0.95,"lower_bound":0.2588969178388203,"upper_bound":0.2630625012213579},"point_estimate":0.26169973025457116,"standard_error":0.001125860986072717}}