{"mean":{"confidence_interval":{"confidence_level":0.95,"lower_bound":-0.12819275337050567,"upper_bound":-0.11864203146968655},"point_estimate":-0.12376184844697313,"standard_error":0.0025059678470675134},"median":{"confidence_interval":{"confidence_level":0.95,"lower_bound":-0.1269508134344811,"upper_bound":-0.12276279951723001},"point_estimate":-0.12504103458242044,"standard_error":0.0010258004495810131}}