{"mean":{"confidence_interval":{"confidence_level":0.95,"lower_bound":-0.18270109249929428,"upper_bound":-0.17992131830764577},"point_estimate":-0.18134017077510178,"standard_error":0.0007094173632413693},"median":{"confidence_interval":{"confidence_level":0.95,"lower_bound":-0.18214839290879725,"upper_bound":-0.1809519410529764},"point_estimate":-0.18169932040306613,"standard_error":0.00030957891655181364}}