{"mean":{"confidence_interval":{"confidence_level":0.95,"lower_bound":-0.0028132861080362903,"upper_bound":0.002177531962972728},"point_estimate":-0.0005001053921774856,"standard_error":0.0012769093862126722},"median":{"confidence_interval":{"confidence_level":0.95,"lower_bound":-0.0007870745240315946,"upper_bound":0.0010012948997348001},"point_estimate":0.00009793709901484426,"standard_error":0.00047588217266728244}}