{"mean":{"confidence_interval":{"confidence_level":0.95,"lower_bound":0.22123339459102792,"upper_bound":0.22914801151112626},"point_estimate":0.22542159455866928,"standard_error":0.0019785164424508325},"median":{"confidence_interval":{"confidence_level":0.95,"lower_bound":0.22370506683686944,"upper_bound":0.22551065486866917},"point_estimate":0.22455481500012686,"standard_error":0.0004346130155735064}}