{"mean":{"confidence_interval":{"confidence_level":0.95,"lower_bound":0.08257875991180064,"upper_bound":0.09465266304721658},"point_estimate":0.08967873663080916,"standard_error":0.003101262539149326},"median":{"confidence_interval":{"confidence_level":0.95,"lower_bound":0.08914377892990188,"upper_bound":0.09078480837023739},"point_estimate":0.09011495917171386,"standard_error":0.00040870589462812075}}