{"mean":{"confidence_interval":{"confidence_level":0.95,"lower_bound":-0.10419788956936736,"upper_bound":-0.09760201885429208},"point_estimate":-0.10061756396702981,"standard_error":0.0016774247249626828},"median":{"confidence_interval":{"confidence_level":0.95,"lower_bound":-0.1013907178078407,"upper_bound":-0.09999215909359643},"point_estimate":-0.10063287074126281,"standard_error":0.0003519574673819269}}