{"mean":{"confidence_interval":{"confidence_level":0.95,"lower_bound":-0.09515385110633123,"upper_bound":-0.09256856380126234},"point_estimate":-0.09387156376146744,"standard_error":0.0006567911909925034},"median":{"confidence_interval":{"confidence_level":0.95,"lower_bound":-0.09434267579506783,"upper_bound":-0.09309935194131974},"point_estimate":-0.09360165809188692,"standard_error":0.00032333706290541274}}