{"mean":{"confidence_interval":{"confidence_level":0.95,"lower_bound":-0.0016139507610664651,"upper_bound":0.008941268907167132},"point_estimate":0.003578422236598655,"standard_error":0.0026977797825107133},"median":{"confidence_interval":{"confidence_level":0.95,"lower_bound":-0.017557776461312735,"upper_bound":0.02740379026657247},"point_estimate":0.0068078063776120246,"standard_error":0.01137042010125153}}