{"mean":{"confidence_interval":{"confidence_level":0.95,"lower_bound":-0.0007411201742877627,"upper_bound":0.0022357825672956076},"point_estimate":0.0008348560226569823,"standard_error":0.0007553916742388148},"median":{"confidence_interval":{"confidence_level":0.95,"lower_bound":0.0003883717019349092,"upper_bound":0.0026495384939146938},"point_estimate":0.001612975222988311,"standard_error":0.0005958939828631632}}