{"mean":{"confidence_interval":{"confidence_level":0.95,"lower_bound":0.00003578299803218557,"upper_bound":0.007483138267517484},"point_estimate":0.003229687580693863,"standard_error":0.0019809190686090935},"median":{"confidence_interval":{"confidence_level":0.95,"lower_bound":-0.0023270973506120994,"upper_bound":0.002342986444922923},"point_estimate":0.00042692521784726267,"standard_error":0.001199292215174421}}