{"mean":{"confidence_interval":{"confidence_level":0.95,"lower_bound":0.08770538184627967,"upper_bound":0.09119576838971787},"point_estimate":0.08938851345073395,"standard_error":0.0008910079008068233},"median":{"confidence_interval":{"confidence_level":0.95,"lower_bound":0.08657238959599467,"upper_bound":0.09094789665961689},"point_estimate":0.08875482421024627,"standard_error":0.0010117114122123413}}