{"mean":{"confidence_interval":{"confidence_level":0.95,"lower_bound":-0.0027452031650546742,"upper_bound":0.0007790456735463664},"point_estimate":-0.0009968007789888933,"standard_error":0.0008917494712070907},"median":{"confidence_interval":{"confidence_level":0.95,"lower_bound":-0.0017886183277802115,"upper_bound":0.00016705611712697355},"point_estimate":-0.0008330625997733376,"standard_error":0.0005129391669825657}}