{"mean":{"confidence_interval":{"confidence_level":0.95,"lower_bound":-0.005337945178665582,"upper_bound":-0.002123321504595688},"point_estimate":-0.00379610919875506,"standard_error":0.0008215088437765393},"median":{"confidence_interval":{"confidence_level":0.95,"lower_bound":-0.005056544558156739,"upper_bound":-0.0016231909939926625},"point_estimate":-0.003664558544543617,"standard_error":0.0008271822854318543}}