{"mean":{"confidence_interval":{"confidence_level":0.95,"lower_bound":-0.004380910031874635,"upper_bound":0.0034277867888216885},"point_estimate":-0.0003440334680530066,"standard_error":0.001942586709863009},"median":{"confidence_interval":{"confidence_level":0.95,"lower_bound":-0.012883953437075601,"upper_bound":0.007771234234850155},"point_estimate":-0.003368688095795269,"standard_error":0.006201184436815087}}