{"mean":{"confidence_interval":{"confidence_level":0.95,"lower_bound":-0.006057471430948296,"upper_bound":-0.0013849114611217733},"point_estimate":-0.003504844646504579,"standard_error":0.001194230571319909},"median":{"confidence_interval":{"confidence_level":0.95,"lower_bound":-0.004167015764619197,"upper_bound":0.00016445579218293815},"point_estimate":-0.002114513370625515,"standard_error":0.0010738282025611959}}