{"mean":{"confidence_interval":{"confidence_level":0.95,"lower_bound":0.029586280578489443,"upper_bound":0.03181912950194551},"point_estimate":0.030695025797443654,"standard_error":0.0005694080390863797},"median":{"confidence_interval":{"confidence_level":0.95,"lower_bound":0.029624511067625203,"upper_bound":0.03192006633063982},"point_estimate":0.03075675486950602,"standard_error":0.0005613816519033285}}