{"mean":{"confidence_interval":{"confidence_level":0.95,"lower_bound":-0.0045456582084529825,"upper_bound":0.0031514305758925773},"point_estimate":-0.0009045681127690663,"standard_error":0.00195975437135962},"median":{"confidence_interval":{"confidence_level":0.95,"lower_bound":-0.016203074189026626,"upper_bound":0.015755647552680996},"point_estimate":0.0005867802032621938,"standard_error":0.007464393590922422}}