{"mean":{"confidence_interval":{"confidence_level":0.95,"lower_bound":-0.0032852664935707986,"upper_bound":0.008211796662311865},"point_estimate":0.0024912860338193177,"standard_error":0.0029257266324282587},"median":{"confidence_interval":{"confidence_level":0.95,"lower_bound":-0.016197928824756125,"upper_bound":0.028609866540245443},"point_estimate":0.005436313036685458,"standard_error":0.010985326894986444}}