{"mean":{"confidence_interval":{"confidence_level":0.95,"lower_bound":0.004334402731927801,"upper_bound":0.01304354906845247},"point_estimate":0.008577935410197135,"standard_error":0.0021819833628532854},"median":{"confidence_interval":{"confidence_level":0.95,"lower_bound":-0.0036551133174519412,"upper_bound":0.01836116777515162},"point_estimate":-0.0007371011219138301,"standard_error":0.006577340720792639}}