{"mean":{"confidence_interval":{"confidence_level":0.95,"lower_bound":-0.08517237470590469,"upper_bound":-0.08196072366682595},"point_estimate":-0.08355655581692789,"standard_error":0.0008215369943151498},"median":{"confidence_interval":{"confidence_level":0.95,"lower_bound":-0.08536427322172124,"upper_bound":-0.08053595437305658},"point_estimate":-0.08378836259064115,"standard_error":0.0012685854735587736}}