{"mean":{"confidence_interval":{"confidence_level":0.95,"lower_bound":-0.03668032850336275,"upper_bound":-0.0164949862573595},"point_estimate":-0.02538247924068615,"standard_error":0.005152834341424002},"median":{"confidence_interval":{"confidence_level":0.95,"lower_bound":-0.02531100772284378,"upper_bound":-0.023598881787578532},"point_estimate":-0.024483418549524183,"standard_error":0.00046370103879394084}}