{"mean":{"confidence_interval":{"confidence_level":0.95,"lower_bound":0.14386037498352283,"upper_bound":0.15887712029270237},"point_estimate":0.1516766631306954,"standard_error":0.003850675745131458},"median":{"confidence_interval":{"confidence_level":0.95,"lower_bound":0.13714544512538795,"upper_bound":0.146373912747648},"point_estimate":0.14072869383596887,"standard_error":0.002272834106940553}}