{"mean":{"confidence_interval":{"confidence_level":0.95,"lower_bound":-0.005655769222747575,"upper_bound":0.00403873684357127},"point_estimate":-0.0008004912084490501,"standard_error":0.002476142066372513},"median":{"confidence_interval":{"confidence_level":0.95,"lower_bound":-0.026141966633825592,"upper_bound":0.01825116103098967},"point_estimate":-0.0037615457955414433,"standard_error":0.011922829311373407}}