{"mean":{"confidence_interval":{"confidence_level":0.95,"lower_bound":-0.00017429387364163606,"upper_bound":0.0033256052414608384},"point_estimate":0.0016023624015477633,"standard_error":0.0008953897595062977},"median":{"confidence_interval":{"confidence_level":0.95,"lower_bound":-0.0010254785546256473,"upper_bound":0.0037006554929877034},"point_estimate":0.0011644117387152875,"standard_error":0.0012184036018343086}}