{"mean":{"confidence_interval":{"confidence_level":0.95,"lower_bound":0.000011308777417890431,"upper_bound":0.011352063281372973},"point_estimate":0.005594663325704685,"standard_error":0.002876310464830278},"median":{"confidence_interval":{"confidence_level":0.95,"lower_bound":-0.01588906631076914,"upper_bound":0.021580743103988498},"point_estimate":0.0021395044670167174,"standard_error":0.01010557043099266}}