{"mean":{"confidence_interval":{"confidence_level":0.95,"lower_bound":-0.0030879887378267717,"upper_bound":0.004616028094692025},"point_estimate":0.0006325045491157866,"standard_error":0.001958351345253109},"median":{"confidence_interval":{"confidence_level":0.95,"lower_bound":-0.015421460393358899,"upper_bound":0.01376075535075505},"point_estimate":-0.0059600376203389205,"standard_error":0.008901734440408912}}