{"mean":{"confidence_interval":{"confidence_level":0.95,"lower_bound":0.0009339384857522787,"upper_bound":0.004864916190454932},"point_estimate":0.002668949871855064,"standard_error":0.0010060569183246537},"median":{"confidence_interval":{"confidence_level":0.95,"lower_bound":0.0008428006430334367,"upper_bound":0.0033454306347222938},"point_estimate":0.0017814599906125217,"standard_error":0.0006687159841107816}}