{"mean":{"confidence_interval":{"confidence_level":0.95,"lower_bound":0.03136701735576786,"upper_bound":0.03958227665858473},"point_estimate":0.03530822963203262,"standard_error":0.002105499755531973},"median":{"confidence_interval":{"confidence_level":0.95,"lower_bound":0.016194082885516936,"upper_bound":0.05015469085635557},"point_estimate":0.033801333317246884,"standard_error":0.008370461731790171}}