{"mean":{"confidence_interval":{"confidence_level":0.95,"lower_bound":-0.0059549094447111095,"upper_bound":0.003969077927909957},"point_estimate":-0.0010472462951077732,"standard_error":0.0025245211667789995},"median":{"confidence_interval":{"confidence_level":0.95,"lower_bound":-0.021528747162735007,"upper_bound":0.02281887064924293},"point_estimate":0.0028244607910095088,"standard_error":0.012517952476294383}}