{"mean":{"confidence_interval":{"confidence_level":0.95,"lower_bound":0.010352106617841812,"upper_bound":0.02304436856031036},"point_estimate":0.01742862221546093,"standard_error":0.0032521062316225335},"median":{"confidence_interval":{"confidence_level":0.95,"lower_bound":0.024249671892022873,"upper_bound":0.026554684063365305},"point_estimate":0.0256400877138796,"standard_error":0.0005757507691288792}}