{"mean":{"confidence_interval":{"confidence_level":0.95,"lower_bound":-0.00717207977268397,"upper_bound":-0.004598731898147576},"point_estimate":-0.005941071518432706,"standard_error":0.0006527792884575928},"median":{"confidence_interval":{"confidence_level":0.95,"lower_bound":-0.0071941315261082606,"upper_bound":-0.004961173022979715},"point_estimate":-0.006174700585394488,"standard_error":0.0005752546900492323}}