{"mean":{"confidence_interval":{"confidence_level":0.95,"lower_bound":-0.004838434777940237,"upper_bound":0.004694777339130162},"point_estimate":-0.00006935380243677791,"standard_error":0.0024333700422008394},"median":{"confidence_interval":{"confidence_level":0.95,"lower_bound":-0.02075366034598991,"upper_bound":0.02618999322516983},"point_estimate":0.0007357922860171673,"standard_error":0.01295445326906954}}