{"mean":{"confidence_interval":{"confidence_level":0.95,"lower_bound":-0.035317816656259396,"upper_bound":-0.026768110667756514},"point_estimate":-0.030974001600308054,"standard_error":0.002183247671980717},"median":{"confidence_interval":{"confidence_level":0.95,"lower_bound":-0.04785490316491048,"upper_bound":-0.013742188395921784},"point_estimate":-0.030338339518383828,"standard_error":0.008082067353827016}}