{"mean":{"confidence_interval":{"confidence_level":0.95,"lower_bound":-0.0007901087436333937,"upper_bound":0.0034457445199520247},"point_estimate":0.0013585135748812593,"standard_error":0.0010806750516194554},"median":{"confidence_interval":{"confidence_level":0.95,"lower_bound":-0.00175430598386761,"upper_bound":0.002391183365520133},"point_estimate":0.00031648535074468853,"standard_error":0.0010457972309342015}}