{"mean":{"confidence_interval":{"confidence_level":0.95,"lower_bound":-0.042265847858426374,"upper_bound":-0.033793665317643405},"point_estimate":-0.03860745211261529,"standard_error":0.0022930004053853706},"median":{"confidence_interval":{"confidence_level":0.95,"lower_bound":-0.044553315220466905,"upper_bound":-0.036824105522325734},"point_estimate":-0.040209753302378304,"standard_error":0.0022245294940904446}}