{"mean":{"confidence_interval":{"confidence_level":0.95,"lower_bound":0.003329190302609786,"upper_bound":0.01430725835394038},"point_estimate":0.008777353082112027,"standard_error":0.0027980280019691264},"median":{"confidence_interval":{"confidence_level":0.95,"lower_bound":-0.011510421946258287,"upper_bound":0.02900799559350209},"point_estimate":0.015041220338181782,"standard_error":0.010231310458356112}}