{"mean":{"confidence_interval":{"confidence_level":0.95,"lower_bound":-0.032226688029270416,"upper_bound":-0.022989422122600703},"point_estimate":-0.027656054553820586,"standard_error":0.002372408679808345},"median":{"confidence_interval":{"confidence_level":0.95,"lower_bound":-0.04589294011197609,"upper_bound":-0.008655176166585954},"point_estimate":-0.026221301682637144,"standard_error":0.010053621720967392}}