{"mean":{"confidence_interval":{"confidence_level":0.95,"lower_bound":-0.002168075727982016,"upper_bound":0.0021448711847624857},"point_estimate":0.0002205319685513185,"standard_error":0.0011064199350622728},"median":{"confidence_interval":{"confidence_level":0.95,"lower_bound":-0.00024212083597541234,"upper_bound":0.002613739612632416},"point_estimate":0.0010480213938501848,"standard_error":0.0007226826886392025}}