{"mean":{"confidence_interval":{"confidence_level":0.95,"lower_bound":-0.003646334650185862,"upper_bound":0.00560339345162194},"point_estimate":0.0011231821931254604,"standard_error":0.0023669406892333467},"median":{"confidence_interval":{"confidence_level":0.95,"lower_bound":-0.02004278420872796,"upper_bound":0.01928865677343823},"point_estimate":-0.007812879013413765,"standard_error":0.011088388084110869}}