{"mean":{"confidence_interval":{"confidence_level":0.95,"lower_bound":-0.0007759523206836758,"upper_bound":0.010571932197915484},"point_estimate":0.004993232707455553,"standard_error":0.0029024110983591916},"median":{"confidence_interval":{"confidence_level":0.95,"lower_bound":-0.02145204182587812,"upper_bound":0.029327283454290143},"point_estimate":-0.002738357144445258,"standard_error":0.014758271603027144}}