{"mean":{"confidence_interval":{"confidence_level":0.95,"lower_bound":0.020715770695726082,"upper_bound":0.03483237428904636},"point_estimate":0.02773008683075262,"standard_error":0.003621005239137145},"median":{"confidence_interval":{"confidence_level":0.95,"lower_bound":0.01106407345085536,"upper_bound":0.02219703023013353},"point_estimate":0.015669921580419688,"standard_error":0.0033868800485315357}}