{"mean":{"confidence_interval":{"confidence_level":0.95,"lower_bound":-0.00519954839482141,"upper_bound":0.005629537116311471},"point_estimate":0.00021083950972666798,"standard_error":0.002755601756704434},"median":{"confidence_interval":{"confidence_level":0.95,"lower_bound":-0.015468538091277573,"upper_bound":0.017641402515214955},"point_estimate":-0.00018559820199459676,"standard_error":0.00776228984527854}}