{"mean":{"confidence_interval":{"confidence_level":0.95,"lower_bound":0.005831574567337727,"upper_bound":0.008512104594952757},"point_estimate":0.007214483050178355,"standard_error":0.0006853559789532888},"median":{"confidence_interval":{"confidence_level":0.95,"lower_bound":0.007359111782920813,"upper_bound":0.008845308206688607},"point_estimate":0.008166488067108846,"standard_error":0.0003784868006394376}}