{"mean":{"confidence_interval":{"confidence_level":0.95,"lower_bound":-0.01003790167182882,"upper_bound":-0.0012545452766649398},"point_estimate":-0.005652604530150929,"standard_error":0.0022362188075617535},"median":{"confidence_interval":{"confidence_level":0.95,"lower_bound":-0.022718906397075522,"upper_bound":0.011106777626866515},"point_estimate":-0.016621851866946757,"standard_error":0.00948592581797972}}