{"mean":{"confidence_interval":{"confidence_level":0.95,"lower_bound":0.004524912463656755,"upper_bound":0.009937973808788796},"point_estimate":0.007376645123505776,"standard_error":0.0013847143854752205},"median":{"confidence_interval":{"confidence_level":0.95,"lower_bound":0.004992906122758489,"upper_bound":0.011663315600333846},"point_estimate":0.008454196637106559,"standard_error":0.0017222153163888258}}