{"mean":{"confidence_interval":{"confidence_level":0.95,"lower_bound":0.09666160495421383,"upper_bound":0.0990703446247313},"point_estimate":0.09784779708391955,"standard_error":0.0006106514858029305},"median":{"confidence_interval":{"confidence_level":0.95,"lower_bound":0.09730710259201084,"upper_bound":0.09903938461053334},"point_estimate":0.0980423691978134,"standard_error":0.0004504891867396387}}