{"mean":{"confidence_interval":{"confidence_level":0.95,"lower_bound":-0.010026045758293411,"upper_bound":-0.0006278816444822977},"point_estimate":-0.005326298306039923,"standard_error":0.00239490385898465},"median":{"confidence_interval":{"confidence_level":0.95,"lower_bound":-0.01945411174175904,"upper_bound":0.012356570353370788},"point_estimate":0.002896455873470094,"standard_error":0.010939957149282104}}