{"mean":{"confidence_interval":{"confidence_level":0.95,"lower_bound":-0.0096141648641204,"upper_bound":0.000891051148496241},"point_estimate":-0.004138073602841796,"standard_error":0.0026809646042253556},"median":{"confidence_interval":{"confidence_level":0.95,"lower_bound":-0.01693492507755545,"upper_bound":0.010657622839899794},"point_estimate":-0.001069128744667358,"standard_error":0.006366118280980588}}