{"mean":{"confidence_interval":{"confidence_level":0.95,"lower_bound":-0.11502528467672433,"upper_bound":-0.10299630462520104},"point_estimate":-0.10857302339629271,"standard_error":0.0030737325292811476},"median":{"confidence_interval":{"confidence_level":0.95,"lower_bound":-0.1230185226405634,"upper_bound":-0.0913919166344962},"point_estimate":-0.09764241552472208,"standard_error":0.007001836834711401}}