{"mean":{"confidence_interval":{"confidence_level":0.95,"lower_bound":0.020147072166116265,"upper_bound":0.02438108754372174},"point_estimate":0.02241913906383508,"standard_error":0.0010990974094993518},"median":{"confidence_interval":{"confidence_level":0.95,"lower_bound":0.024835271317829477,"upper_bound":0.026586033386205576},"point_estimate":0.025868281320533537,"standard_error":0.00044263426876533525}}