{"mean":{"confidence_interval":{"confidence_level":0.95,"lower_bound":0.015896581126974802,"upper_bound":0.026924211214723777},"point_estimate":0.02125668989833973,"standard_error":0.0028073329478108047},"median":{"confidence_interval":{"confidence_level":0.95,"lower_bound":0.013861070361966377,"upper_bound":0.024455761849180992},"point_estimate":0.01724859988553007,"standard_error":0.002770731972202506}}