{"mean":{"confidence_interval":{"confidence_level":0.95,"lower_bound":-0.06458869583438277,"upper_bound":-0.053055333327340734},"point_estimate":-0.05838896874601007,"standard_error":0.002933173480533811},"median":{"confidence_interval":{"confidence_level":0.95,"lower_bound":-0.06652036325585275,"upper_bound":-0.05249960994426772},"point_estimate":-0.06203770674580289,"standard_error":0.003570499066789893}}