{"mean":{"confidence_interval":{"confidence_level":0.95,"lower_bound":-0.00035371985165767354,"upper_bound":0.004012184502164561},"point_estimate":0.001876634889107942,"standard_error":0.0011174686908597261},"median":{"confidence_interval":{"confidence_level":0.95,"lower_bound":0.00501348472580565,"upper_bound":0.009660495639780553},"point_estimate":0.008030290643314286,"standard_error":0.0012047484156839322}}