{"mean":{"confidence_interval":{"confidence_level":0.95,"lower_bound":-0.0013067374815781477,"upper_bound":0.007181813884235993},"point_estimate":0.00325176269403471,"standard_error":0.002161223730269754},"median":{"confidence_interval":{"confidence_level":0.95,"lower_bound":0.004361875907576307,"upper_bound":0.007618559822934913},"point_estimate":0.006284795762469431,"standard_error":0.0008664559200350185}}