{"mean":{"confidence_interval":{"confidence_level":0.95,"lower_bound":-0.04992649650289303,"upper_bound":-0.044932338587390715},"point_estimate":-0.04740096482227052,"standard_error":0.0012926019363382365},"median":{"confidence_interval":{"confidence_level":0.95,"lower_bound":-0.049906705837510446,"upper_bound":-0.04655629843226272},"point_estimate":-0.04809909655959599,"standard_error":0.0007972195465562436}}