{"mean":{"confidence_interval":{"confidence_level":0.95,"lower_bound":0.0238857395336818,"upper_bound":0.04167960525976377},"point_estimate":0.03080808232151777,"standard_error":0.0048544985427693},"median":{"confidence_interval":{"confidence_level":0.95,"lower_bound":0.02390719586263912,"upper_bound":0.025387197268735083},"point_estimate":0.024808674457882374,"standard_error":0.00038878787248348306}}