{"mean":{"confidence_interval":{"confidence_level":0.95,"lower_bound":0.0915574453921413,"upper_bound":0.09500301952633577},"point_estimate":0.09331331532481824,"standard_error":0.0008759692926959758},"median":{"confidence_interval":{"confidence_level":0.95,"lower_bound":0.09105658465696387,"upper_bound":0.09536981722869009},"point_estimate":0.09268578749744583,"standard_error":0.0010245107655452294}}