{"mean":{"confidence_interval":{"confidence_level":0.95,"lower_bound":-0.02854205500528683,"upper_bound":-0.022116383332452375},"point_estimate":-0.025125727784745422,"standard_error":0.001634750744710723},"median":{"confidence_interval":{"confidence_level":0.95,"lower_bound":-0.030931200952646565,"upper_bound":-0.02749140152364149},"point_estimate":-0.029314862410517284,"standard_error":0.000862145717429458}}