{"mean":{"confidence_interval":{"confidence_level":0.95,"lower_bound":-0.006633455445927971,"upper_bound":0.002492694531296146},"point_estimate":-0.002083724483714522,"standard_error":0.002330289453784956},"median":{"confidence_interval":{"confidence_level":0.95,"lower_bound":-0.02136906736937949,"upper_bound":0.018954722213339225},"point_estimate":0.00022260064767865018,"standard_error":0.01087142042981949}}