{"mean":{"confidence_interval":{"confidence_level":0.95,"lower_bound":0.0032238683444302143,"upper_bound":0.00636382518919723},"point_estimate":0.004832070893578511,"standard_error":0.0007969172174171499},"median":{"confidence_interval":{"confidence_level":0.95,"lower_bound":0.0022780974008249633,"upper_bound":0.005636001868194462},"point_estimate":0.004198241016508231,"standard_error":0.0007704502375155498}}