{"mean":{"confidence_interval":{"confidence_level":0.95,"lower_bound":-0.005397415703965734,"upper_bound":0.0039638256642112995},"point_estimate":-0.0006840675237617111,"standard_error":0.0024051489710105707},"median":{"confidence_interval":{"confidence_level":0.95,"lower_bound":-0.021034145709738383,"upper_bound":0.01157072798658354},"point_estimate":-0.009396263478562816,"standard_error":0.008847262035637684}}