{"mean":{"confidence_interval":{"confidence_level":0.95,"lower_bound":-0.010790701952713769,"upper_bound":-0.00022073905410036372},"point_estimate":-0.005340655401571581,"standard_error":0.0026859701285977763},"median":{"confidence_interval":{"confidence_level":0.95,"lower_bound":-0.02092311931294455,"upper_bound":0.019034722630510315},"point_estimate":-0.0001923933900822572,"standard_error":0.01037764365036776}}