{"mean":{"confidence_interval":{"confidence_level":0.95,"lower_bound":0.0026579761781537438,"upper_bound":0.012066706721917113},"point_estimate":0.00728278152632944,"standard_error":0.00240145990663224},"median":{"confidence_interval":{"confidence_level":0.95,"lower_bound":-0.015964253572514298,"upper_bound":0.027014141148184345},"point_estimate":0.0040134544236731795,"standard_error":0.011593804273782371}}