{"mean":{"confidence_interval":{"confidence_level":0.95,"lower_bound":-0.047999182714651825,"upper_bound":-0.037209430601616675},"point_estimate":-0.04266795134748835,"standard_error":0.0027571827290490437},"median":{"confidence_interval":{"confidence_level":0.95,"lower_bound":-0.05411339810156324,"upper_bound":-0.03594336087311223},"point_estimate":-0.042342187012148536,"standard_error":0.004304252204557393}}