{"mean":{"confidence_interval":{"confidence_level":0.95,"lower_bound":9485.91551615191,"upper_bound":9542.893964090126},"point_estimate":9515.105477554027,"standard_error":14.531569358799603},"median":{"confidence_interval":{"confidence_level":0.95,"lower_bound":9493.207917631096,"upper_bound":9575.880952380952},"point_estimate":9551.901657586111,"standard_error":24.28828896254398},"median_abs_dev":{"confidence_interval":{"confidence_level":0.95,"lower_bound":102.33320814366951,"upper_bound":160.16845693059793},"point_estimate":131.10210664747171,"standard_error":15.205782227283098},"slope":{"confidence_interval":{"confidence_level":0.95,"lower_bound":9519.46827329936,"upper_bound":9562.735196339021},"point_estimate":9539.828694095046,"standard_error":11.033791353946896},"std_dev":{"confidence_interval":{"confidence_level":0.95,"lower_bound":122.83239091389093,"upper_bound":166.0620853511157},"point_estimate":145.89382556720196,"standard_error":11.065024975315756}}