{"mean":{"confidence_interval":{"confidence_level":0.95,"lower_bound":9521.336768079304,"upper_bound":9585.373445960666},"point_estimate":9552.779406957921,"standard_error":16.3326141066628},"median":{"confidence_interval":{"confidence_level":0.95,"lower_bound":9484.916742081448,"upper_bound":9570.13781512605},"point_estimate":9535.315508021391,"standard_error":27.40964042079956},"median_abs_dev":{"confidence_interval":{"confidence_level":0.95,"lower_bound":111.20569479876782,"upper_bound":192.20437192185807},"point_estimate":165.49641603243847,"standard_error":22.087628936681416},"slope":{"confidence_interval":{"confidence_level":0.95,"lower_bound":9480.734777042711,"upper_bound":9538.391878155287},"point_estimate":9507.082449951755,"standard_error":14.730206305325574},"std_dev":{"confidence_interval":{"confidence_level":0.95,"lower_bound":136.00372253829622,"upper_bound":190.07537932059665},"point_estimate":163.60697909959774,"standard_error":13.789141520122394}}