{"mean":{"confidence_interval":{"confidence_level":0.95,"lower_bound":9406.973821370484,"upper_bound":9514.853201982762},"point_estimate":9453.32393148492,"standard_error":27.767731089245153},"median":{"confidence_interval":{"confidence_level":0.95,"lower_bound":9393.171401515152,"upper_bound":9461.036684782608},"point_estimate":9421.810651154401,"standard_error":17.85746265093812},"median_abs_dev":{"confidence_interval":{"confidence_level":0.95,"lower_bound":89.01609749185315,"upper_bound":140.98626702824316},"point_estimate":109.16253370591699,"standard_error":13.167521274874817},"slope":{"confidence_interval":{"confidence_level":0.95,"lower_bound":9395.900122438527,"upper_bound":9556.347853601004},"point_estimate":9452.321061955075,"standard_error":43.97896211180518},"std_dev":{"confidence_interval":{"confidence_level":0.95,"lower_bound":133.4118132580554,"upper_bound":431.7525492699163},"point_estimate":278.47074466432616,"standard_error":93.11811058668016}}