{"mean":{"confidence_interval":{"confidence_level":0.95,"lower_bound":10908.713562051124,"upper_bound":10997.869566193125},"point_estimate":10945.097457080024,"standard_error":23.179119151621286},"median":{"confidence_interval":{"confidence_level":0.95,"lower_bound":10922.70277173913,"upper_bound":10961.049440298508},"point_estimate":10935.886242378048,"standard_error":9.174837214374659},"median_abs_dev":{"confidence_interval":{"confidence_level":0.95,"lower_bound":53.441551551223164,"upper_bound":93.50380174960517},"point_estimate":68.88782340887168,"standard_error":9.979290921348998},"slope":{"confidence_interval":{"confidence_level":0.95,"lower_bound":10959.855235599756,"upper_bound":11090.586660439003},"point_estimate":11006.771999963055,"standard_error":36.81576375411776},"std_dev":{"confidence_interval":{"confidence_level":0.95,"lower_bound":85.04983422827911,"upper_bound":378.08937720375843},"point_estimate":233.21004695616952,"standard_error":94.02782408433823}}