{"mean":{"confidence_interval":{"confidence_level":0.95,"lower_bound":10021.7219045737,"upper_bound":10067.2253288085},"point_estimate":10044.596479373062,"standard_error":11.6308429854479},"median":{"confidence_interval":{"confidence_level":0.95,"lower_bound":10018.615327380952,"upper_bound":10054.749257262323},"point_estimate":10031.993563472046,"standard_error":10.390680486597867},"median_abs_dev":{"confidence_interval":{"confidence_level":0.95,"lower_bound":58.36045938056097,"upper_bound":121.3420319348112},"point_estimate":91.70053333922856,"standard_error":16.274241821393137},"slope":{"confidence_interval":{"confidence_level":0.95,"lower_bound":10021.320737217957,"upper_bound":10046.836679428596},"point_estimate":10033.124072151619,"standard_error":6.508815470056403},"std_dev":{"confidence_interval":{"confidence_level":0.95,"lower_bound":96.32805083152948,"upper_bound":134.4567077056129},"point_estimate":116.23115945665069,"standard_error":9.76606056527546}}