{"mean":{"confidence_interval":{"confidence_level":0.95,"lower_bound":13536.690647906333,"upper_bound":13600.503933857419},"point_estimate":13567.585852280523,"standard_error":16.26578287064971},"median":{"confidence_interval":{"confidence_level":0.95,"lower_bound":13534.532327586207,"upper_bound":13576.439663078148},"point_estimate":13557.423477564102,"standard_error":10.220134402161253},"median_abs_dev":{"confidence_interval":{"confidence_level":0.95,"lower_bound":79.53266614969708,"upper_bound":140.57565446337634},"point_estimate":105.21460000519185,"standard_error":15.87826539060954},"slope":{"confidence_interval":{"confidence_level":0.95,"lower_bound":13567.013910005075,"upper_bound":13620.598538323935},"point_estimate":13593.562690815723,"standard_error":13.720935235818992},"std_dev":{"confidence_interval":{"confidence_level":0.95,"lower_bound":123.40232527750663,"upper_bound":205.68616552450916},"point_estimate":163.3144138237124,"standard_error":21.38652147108226}}