{"mean":{"confidence_interval":{"confidence_level":0.95,"lower_bound":9895.8148948284,"upper_bound":10005.902939620719},"point_estimate":9945.593221339113,"standard_error":28.1376190236212},"median":{"confidence_interval":{"confidence_level":0.95,"lower_bound":9879.163461538461,"upper_bound":9945.66953125},"point_estimate":9923.385670731706,"standard_error":18.29248003631955},"median_abs_dev":{"confidence_interval":{"confidence_level":0.95,"lower_bound":112.13196360708584,"upper_bound":212.72008520783749},"point_estimate":153.43484274280704,"standard_error":25.63647947786367},"slope":{"confidence_interval":{"confidence_level":0.95,"lower_bound":9886.75773669714,"upper_bound":10025.494311975228},"point_estimate":9942.934667504063,"standard_error":35.95028189663707},"std_dev":{"confidence_interval":{"confidence_level":0.95,"lower_bound":164.05503130489637,"upper_bound":413.91705950090403},"point_estimate":282.7377383395758,"standard_error":74.36896210529528}}