{"mean":{"confidence_interval":{"confidence_level":0.95,"lower_bound":10291.622905049908,"upper_bound":10363.425781508191},"point_estimate":10326.12746025317,"standard_error":18.24919615330814},"median":{"confidence_interval":{"confidence_level":0.95,"lower_bound":10308.570108126962,"upper_bound":10353.784629702193},"point_estimate":10333.835604716023,"standard_error":10.89423731019055},"median_abs_dev":{"confidence_interval":{"confidence_level":0.95,"lower_bound":66.54356560766897,"upper_bound":109.91964669364057},"point_estimate":87.36317884373064,"standard_error":10.592957764394479},"slope":{"confidence_interval":{"confidence_level":0.95,"lower_bound":10349.632826770605,"upper_bound":10395.4535850049},"point_estimate":10371.522597901581,"standard_error":11.713620627648202},"std_dev":{"confidence_interval":{"confidence_level":0.95,"lower_bound":121.02198145752087,"upper_bound":250.22063920514665},"point_estimate":183.62771054616113,"standard_error":34.36302181745857}}