{"mean":{"confidence_interval":{"confidence_level":0.95,"lower_bound":8139.6567623159,"upper_bound":8234.07558256512},"point_estimate":8182.546514847066,"standard_error":24.11510661828851},"median":{"confidence_interval":{"confidence_level":0.95,"lower_bound":8113.263873246893,"upper_bound":8198.858400615147},"point_estimate":8180.236572890026,"standard_error":23.42484591269309},"median_abs_dev":{"confidence_interval":{"confidence_level":0.95,"lower_bound":102.98048052467195,"upper_bound":155.45527929894047},"point_estimate":139.76237567728887,"standard_error":14.04404671421574},"slope":{"confidence_interval":{"confidence_level":0.95,"lower_bound":8110.677761972609,"upper_bound":8242.064488059277},"point_estimate":8160.639914985353,"standard_error":35.24804362330565},"std_dev":{"confidence_interval":{"confidence_level":0.95,"lower_bound":133.19393593342664,"upper_bound":344.9895672780875},"point_estimate":242.00410572752,"standard_error":55.95563752674118}}