{"mean":{"confidence_interval":{"confidence_level":0.95,"lower_bound":9037.55459902537,"upper_bound":9115.665496901396},"point_estimate":9073.483069450729,"standard_error":19.88914346905224},"median":{"confidence_interval":{"confidence_level":0.95,"lower_bound":8978.784638554216,"upper_bound":9117.533018867925},"point_estimate":9032.284620610368,"standard_error":38.816046449471635},"median_abs_dev":{"confidence_interval":{"confidence_level":0.95,"lower_bound":106.03816452369587,"upper_bound":182.01640383479335},"point_estimate":157.7260515649574,"standard_error":19.972320546994233},"slope":{"confidence_interval":{"confidence_level":0.95,"lower_bound":8992.086905637785,"upper_bound":9049.747620562683},"point_estimate":9016.47526100931,"standard_error":14.844666382607983},"std_dev":{"confidence_interval":{"confidence_level":0.95,"lower_bound":121.69853872364808,"upper_bound":284.8446948470673},"point_estimate":199.7113597933787,"standard_error":45.80412597404185}}