{"mean":{"confidence_interval":{"confidence_level":0.95,"lower_bound":9383.718650703546,"upper_bound":9487.117960819172},"point_estimate":9431.363730287489,"standard_error":26.39620582720321},"median":{"confidence_interval":{"confidence_level":0.95,"lower_bound":9334.70592948718,"upper_bound":9447.102594339623},"point_estimate":9387.428819444445,"standard_error":28.847983669202677},"median_abs_dev":{"confidence_interval":{"confidence_level":0.95,"lower_bound":120.32606654375348,"upper_bound":200.41375468847218},"point_estimate":168.6847263993952,"standard_error":19.584526272697406},"slope":{"confidence_interval":{"confidence_level":0.95,"lower_bound":9345.171930890601,"upper_bound":9486.774399720882},"point_estimate":9399.905411925522,"standard_error":37.642647877291644},"std_dev":{"confidence_interval":{"confidence_level":0.95,"lower_bound":152.78602214299355,"upper_bound":368.92019804828647},"point_estimate":264.52423509084525,"standard_error":56.955005969788566}}