{"mean":{"confidence_interval":{"confidence_level":0.95,"lower_bound":9118.654183897283,"upper_bound":9163.069050866045},"point_estimate":9140.969711493677,"standard_error":11.31341904437566},"median":{"confidence_interval":{"confidence_level":0.95,"lower_bound":9114.551587301587,"upper_bound":9166.181204212455},"point_estimate":9142.10818236715,"standard_error":14.16167064702852},"median_abs_dev":{"confidence_interval":{"confidence_level":0.95,"lower_bound":83.18191202734023,"upper_bound":134.3368589997241},"point_estimate":116.15006043827249,"standard_error":13.482696743148873},"slope":{"confidence_interval":{"confidence_level":0.95,"lower_bound":9087.016219376519,"upper_bound":9132.85653701228},"point_estimate":9107.807210174376,"standard_error":11.652865750249822},"std_dev":{"confidence_interval":{"confidence_level":0.95,"lower_bound":93.36092312379643,"upper_bound":132.8962209205865},"point_estimate":113.59287533923624,"standard_error":10.140542145638925}}