{"mean":{"confidence_interval":{"confidence_level":0.95,"lower_bound":10113.247656954252,"upper_bound":10153.482784994572},"point_estimate":10133.387267890352,"standard_error":10.268007704628047},"median":{"confidence_interval":{"confidence_level":0.95,"lower_bound":10110.266323757764,"upper_bound":10150.467105263158},"point_estimate":10138.193627450979,"standard_error":11.04768747170579},"median_abs_dev":{"confidence_interval":{"confidence_level":0.95,"lower_bound":81.99865254534231,"upper_bound":122.92460005499092},"point_estimate":102.0466354799767,"standard_error":10.662256530850867},"slope":{"confidence_interval":{"confidence_level":0.95,"lower_bound":10091.776144202722,"upper_bound":10131.08455598069},"point_estimate":10110.568461097975,"standard_error":10.017626927467218},"std_dev":{"confidence_interval":{"confidence_level":0.95,"lower_bound":86.1049873447183,"upper_bound":119.54580732909197},"point_estimate":103.38097578190828,"standard_error":8.580015882132658}}