{"mean":{"confidence_interval":{"confidence_level":0.95,"lower_bound":10939.251433087431,"upper_bound":10975.0909260965},"point_estimate":10957.589985461134,"standard_error":9.141115424368058},"median":{"confidence_interval":{"confidence_level":0.95,"lower_bound":10954.412735849057,"upper_bound":10989.858477011494},"point_estimate":10971.427517361111,"standard_error":8.267542641843056},"median_abs_dev":{"confidence_interval":{"confidence_level":0.95,"lower_bound":45.288796070963144,"upper_bound":76.50802562057424},"point_estimate":55.07370432484881,"standard_error":8.118422528839563},"slope":{"confidence_interval":{"confidence_level":0.95,"lower_bound":10967.498161685353,"upper_bound":10992.110617713028},"point_estimate":10979.639206997192,"standard_error":6.283327048518413},"std_dev":{"confidence_interval":{"confidence_level":0.95,"lower_bound":71.5145421122451,"upper_bound":110.45846563104195},"point_estimate":91.94762888107215,"standard_error":9.954462044325048}}