{"mean":{"confidence_interval":{"confidence_level":0.95,"lower_bound":11002.894751461132,"upper_bound":11048.92791256798},"point_estimate":11026.204960255815,"standard_error":11.754484033813256},"median":{"confidence_interval":{"confidence_level":0.95,"lower_bound":11017.864864864865,"upper_bound":11053.919775197628},"point_estimate":11036.259403008964,"standard_error":8.516457958096417},"median_abs_dev":{"confidence_interval":{"confidence_level":0.95,"lower_bound":57.930003407020706,"upper_bound":106.25117294321032},"point_estimate":89.5818832991763,"standard_error":12.662224244370638},"slope":{"confidence_interval":{"confidence_level":0.95,"lower_bound":11043.171946210761,"upper_bound":11082.530210034065},"point_estimate":11061.633171641792,"standard_error":10.097100591050715},"std_dev":{"confidence_interval":{"confidence_level":0.95,"lower_bound":89.91161588774546,"upper_bound":144.06573615800409},"point_estimate":118.41588154335358,"standard_error":13.788629026376736}}