{"mean":{"confidence_interval":{"confidence_level":0.95,"lower_bound":9277.627706611229,"upper_bound":9336.323325545065},"point_estimate":9305.259991350897,"standard_error":15.00473429618899},"median":{"confidence_interval":{"confidence_level":0.95,"lower_bound":9258.215810374782,"upper_bound":9297.29762949956},"point_estimate":9272.863976767178,"standard_error":10.416796227622477},"median_abs_dev":{"confidence_interval":{"confidence_level":0.95,"lower_bound":60.66375224368633,"upper_bound":108.51528107205067},"point_estimate":80.30105083831384,"standard_error":12.884579627667446},"slope":{"confidence_interval":{"confidence_level":0.95,"lower_bound":9238.226086160723,"upper_bound":9286.302087421313},"point_estimate":9260.076366275785,"standard_error":12.302616917095422},"std_dev":{"confidence_interval":{"confidence_level":0.95,"lower_bound":98.47012313546882,"upper_bound":205.92664203531407},"point_estimate":150.74117798030227,"standard_error":28.88137578463336}}