{"mean":{"confidence_interval":{"confidence_level":0.95,"lower_bound":9510.010709955335,"upper_bound":9659.344738733185},"point_estimate":9571.32690804543,"standard_error":38.79910323939529},"median":{"confidence_interval":{"confidence_level":0.95,"lower_bound":9470.251275510203,"upper_bound":9545.803645833334},"point_estimate":9501.583806818182,"standard_error":21.779701429858655},"median_abs_dev":{"confidence_interval":{"confidence_level":0.95,"lower_bound":91.97484751918486,"upper_bound":151.9097231363961},"point_estimate":124.8207458722244,"standard_error":15.420917914239649},"slope":{"confidence_interval":{"confidence_level":0.95,"lower_bound":9468.914626784377,"upper_bound":9527.57832972069},"point_estimate":9494.024313211172,"standard_error":15.002814198743815},"std_dev":{"confidence_interval":{"confidence_level":0.95,"lower_bound":118.449170423223,"upper_bound":624.034878439712},"point_estimate":388.4289504587509,"standard_error":146.28973101114263}}