{"mean":{"confidence_interval":{"confidence_level":0.95,"lower_bound":9514.564585114185,"upper_bound":9571.52103976632},"point_estimate":9543.717333940347,"standard_error":14.522962419990076},"median":{"confidence_interval":{"confidence_level":0.95,"lower_bound":9562.875473781598,"upper_bound":9604.134948096886},"point_estimate":9586.506906406288,"standard_error":9.362242792807411},"median_abs_dev":{"confidence_interval":{"confidence_level":0.95,"lower_bound":61.66060595021964,"upper_bound":117.77113552696545},"point_estimate":84.08414375494259,"standard_error":13.549243383370431},"slope":{"confidence_interval":{"confidence_level":0.95,"lower_bound":9579.008287555975,"upper_bound":9617.712811503643},"point_estimate":9596.586157042395,"standard_error":9.927115068911576},"std_dev":{"confidence_interval":{"confidence_level":0.95,"lower_bound":120.99203081904717,"upper_bound":167.4132289241752},"point_estimate":146.2759038590186,"standard_error":11.824320254149395}}