{"mean":{"confidence_interval":{"confidence_level":0.95,"lower_bound":8126.69758730925,"upper_bound":8208.673592933443},"point_estimate":8164.400690772625,"standard_error":20.9252478426492},"median":{"confidence_interval":{"confidence_level":0.95,"lower_bound":8107.1098039215685,"upper_bound":8179.357710651829},"point_estimate":8135.728092560554,"standard_error":19.36518483913502},"median_abs_dev":{"confidence_interval":{"confidence_level":0.95,"lower_bound":87.15749373450734,"upper_bound":134.53633839822274},"point_estimate":110.92175579846732,"standard_error":12.254147385748508},"slope":{"confidence_interval":{"confidence_level":0.95,"lower_bound":8124.093605130391,"upper_bound":8253.382053192703},"point_estimate":8180.556867323256,"standard_error":33.47583628819921},"std_dev":{"confidence_interval":{"confidence_level":0.95,"lower_bound":125.20306801197157,"upper_bound":298.54248160824255},"point_estimate":209.6394011535763,"standard_error":47.373539627433}}