{"mean":{"confidence_interval":{"confidence_level":0.95,"lower_bound":9362.957918585678,"upper_bound":9420.640942144564},"point_estimate":9390.850825980644,"standard_error":14.753113175901856},"median":{"confidence_interval":{"confidence_level":0.95,"lower_bound":9304.362745098038,"upper_bound":9436.47899159664},"point_estimate":9407.750039961637,"standard_error":35.36781084213022},"median_abs_dev":{"confidence_interval":{"confidence_level":0.95,"lower_bound":102.91750966367952,"upper_bound":181.547377659245},"point_estimate":154.2333308347257,"standard_error":19.31612564263239},"slope":{"confidence_interval":{"confidence_level":0.95,"lower_bound":9316.794050611024,"upper_bound":9401.213591195352},"point_estimate":9353.6489475743,"standard_error":21.74100123950525},"std_dev":{"confidence_interval":{"confidence_level":0.95,"lower_bound":118.02143140367879,"upper_bound":178.30256554435135},"point_estimate":148.6768625999936,"standard_error":15.524113844326276}}