{"mean":{"confidence_interval":{"confidence_level":0.95,"lower_bound":9209.563409903833,"upper_bound":9304.300571200658},"point_estimate":9253.689227506646,"standard_error":24.244992182269137},"median":{"confidence_interval":{"confidence_level":0.95,"lower_bound":9163.808035714286,"upper_bound":9263.949652777777},"point_estimate":9225.030418728735,"standard_error":27.138279132714334},"median_abs_dev":{"confidence_interval":{"confidence_level":0.95,"lower_bound":131.9853463652991,"upper_bound":194.5101308823365},"point_estimate":165.8213818406865,"standard_error":15.857719181109246},"slope":{"confidence_interval":{"confidence_level":0.95,"lower_bound":9152.16609865554,"upper_bound":9297.851476747113},"point_estimate":9212.623190483228,"standard_error":37.86506364045649},"std_dev":{"confidence_interval":{"confidence_level":0.95,"lower_bound":151.44172808608909,"upper_bound":323.8676844392226},"point_estimate":244.40231758648088,"standard_error":43.813053117246604}}