{"mean":{"confidence_interval":{"confidence_level":0.95,"lower_bound":8200.539833599365,"upper_bound":8387.58024005288},"point_estimate":8270.998569474828,"standard_error":50.20745890688947},"median":{"confidence_interval":{"confidence_level":0.95,"lower_bound":8187.273845811052,"upper_bound":8248.943230968858},"point_estimate":8211.877557544758,"standard_error":18.701682946652408},"median_abs_dev":{"confidence_interval":{"confidence_level":0.95,"lower_bound":88.68895946755069,"upper_bound":140.56013309279192},"point_estimate":117.2414104692068,"standard_error":14.083338130228773},"slope":{"confidence_interval":{"confidence_level":0.95,"lower_bound":8183.1659651547025,"upper_bound":8296.383019424764},"point_estimate":8227.12171715679,"standard_error":29.69612362597667},"std_dev":{"confidence_interval":{"confidence_level":0.95,"lower_bound":107.41318226680251,"upper_bound":840.0369309586322},"point_estimate":502.81504212946277,"standard_error":239.27567140639943}}