{"mean":{"confidence_interval":{"confidence_level":0.95,"lower_bound":10112.683093544234,"upper_bound":10160.274079789731},"point_estimate":10135.98509888863,"standard_error":12.142098191227106},"median":{"confidence_interval":{"confidence_level":0.95,"lower_bound":10115.489644698086,"upper_bound":10160.7998046875},"point_estimate":10138.390897133526,"standard_error":14.725956710275325},"median_abs_dev":{"confidence_interval":{"confidence_level":0.95,"lower_bound":76.65123715596641,"upper_bound":124.81142878358318},"point_estimate":103.20511679309557,"standard_error":11.953712562201174},"slope":{"confidence_interval":{"confidence_level":0.95,"lower_bound":10098.174796164218,"upper_bound":10141.25878164366},"point_estimate":10118.956379119256,"standard_error":11.036744924401123},"std_dev":{"confidence_interval":{"confidence_level":0.95,"lower_bound":93.30406079437024,"upper_bound":149.7071188920093},"point_estimate":121.58204123305386,"standard_error":14.52616099936634}}