{"mean":{"confidence_interval":{"confidence_level":0.95,"lower_bound":6686.011825725314,"upper_bound":6708.451536303602},"point_estimate":6697.001903932428,"standard_error":5.74789074133508},"median":{"confidence_interval":{"confidence_level":0.95,"lower_bound":6676.629230769231,"upper_bound":6705.223521270396},"point_estimate":6695.471618903972,"standard_error":7.620067296350446},"median_abs_dev":{"confidence_interval":{"confidence_level":0.95,"lower_bound":38.400672325244784,"upper_bound":65.21992527641079},"point_estimate":52.413580478834525,"standard_error":6.9039663447671895},"slope":{"confidence_interval":{"confidence_level":0.95,"lower_bound":6682.597871852576,"upper_bound":6708.277641541341},"point_estimate":6694.899759920883,"standard_error":6.575783646807167},"std_dev":{"confidence_interval":{"confidence_level":0.95,"lower_bound":47.545716167193476,"upper_bound":67.10323562697167},"point_estimate":57.62453188093978,"standard_error":5.005587623721519}}