{"mean":{"confidence_interval":{"confidence_level":0.95,"lower_bound":6947.612574274024,"upper_bound":7029.298095465679},"point_estimate":6979.156142292415,"standard_error":21.888606909793833},"median":{"confidence_interval":{"confidence_level":0.95,"lower_bound":6938.8954635108485,"upper_bound":6965.658906882591},"point_estimate":6959.92370951417,"standard_error":5.221268062872176},"median_abs_dev":{"confidence_interval":{"confidence_level":0.95,"lower_bound":38.12550569152215,"upper_bound":69.89219543720492},"point_estimate":54.040855639090076,"standard_error":8.406140411323621},"slope":{"confidence_interval":{"confidence_level":0.95,"lower_bound":6960.608871304181,"upper_bound":6990.822204697581},"point_estimate":6975.201573473077,"standard_error":7.698975986556972},"std_dev":{"confidence_interval":{"confidence_level":0.95,"lower_bound":62.88518834595355,"upper_bound":365.75572189085},"point_estimate":220.24283010973954,"standard_error":102.98516558333418}}