{"mean":{"confidence_interval":{"confidence_level":0.95,"lower_bound":7061.738044365056,"upper_bound":7091.146249975371},"point_estimate":7075.281600142505,"standard_error":7.521775711931751},"median":{"confidence_interval":{"confidence_level":0.95,"lower_bound":7053.580941446613,"upper_bound":7082.9838522588525},"point_estimate":7067.154176623113,"standard_error":7.799575319176866},"median_abs_dev":{"confidence_interval":{"confidence_level":0.95,"lower_bound":36.19248809371881,"upper_bound":56.26843548216231},"point_estimate":45.77995701428168,"standard_error":5.25881114875862},"slope":{"confidence_interval":{"confidence_level":0.95,"lower_bound":7051.479574472341,"upper_bound":7073.676049066681},"point_estimate":7062.500715690398,"standard_error":5.677585422324055},"std_dev":{"confidence_interval":{"confidence_level":0.95,"lower_bound":44.040645231979646,"upper_bound":104.07046255631143},"point_estimate":75.67036744065334,"standard_error":15.796821161370522}}