{"mean":{"confidence_interval":{"confidence_level":0.95,"lower_bound":6714.2550603252475,"upper_bound":6797.534505005511},"point_estimate":6753.9399341665485,"standard_error":21.257280968514923},"median":{"confidence_interval":{"confidence_level":0.95,"lower_bound":6637.090643274853,"upper_bound":6737.3299963924965},"point_estimate":6665.614798311444,"standard_error":25.632348069905643},"median_abs_dev":{"confidence_interval":{"confidence_level":0.95,"lower_bound":73.54925962236645,"upper_bound":174.08126448570457},"point_estimate":117.3228912118316,"standard_error":23.179460679792154},"slope":{"confidence_interval":{"confidence_level":0.95,"lower_bound":6716.7299297147965,"upper_bound":6848.234730539498},"point_estimate":6777.901569873406,"standard_error":33.79334594721086},"std_dev":{"confidence_interval":{"confidence_level":0.95,"lower_bound":160.09973343116903,"upper_bound":262.1985555605223},"point_estimate":214.00589843546032,"standard_error":26.15098179841716}}