{"mean":{"confidence_interval":{"confidence_level":0.95,"lower_bound":6688.433040685379,"upper_bound":6722.5172310955695},"point_estimate":6704.762443868463,"standard_error":8.709750424169432},"median":{"confidence_interval":{"confidence_level":0.95,"lower_bound":6677.566285531901,"upper_bound":6705.382783882784},"point_estimate":6691.54856684746,"standard_error":7.338528091739366},"median_abs_dev":{"confidence_interval":{"confidence_level":0.95,"lower_bound":51.46527614924614,"upper_bound":91.88558387798732},"point_estimate":77.11970808312971,"standard_error":10.426399513451138},"slope":{"confidence_interval":{"confidence_level":0.95,"lower_bound":6715.907667272979,"upper_bound":6745.886231476971},"point_estimate":6731.334158529516,"standard_error":7.680803923081466},"std_dev":{"confidence_interval":{"confidence_level":0.95,"lower_bound":65.01424686846752,"upper_bound":114.47608890690435},"point_estimate":87.41622928358373,"standard_error":13.622344601910445}}