{"mean":{"confidence_interval":{"confidence_level":0.95,"lower_bound":6355.8991102083155,"upper_bound":6365.788328917702},"point_estimate":6360.7535322825715,"standard_error":2.520207410868038},"median":{"confidence_interval":{"confidence_level":0.95,"lower_bound":6353.602809471231,"upper_bound":6362.4152207441675},"point_estimate":6359.16907051282,"standard_error":2.174704769606562},"median_abs_dev":{"confidence_interval":{"confidence_level":0.95,"lower_bound":14.84134743700479,"upper_bound":25.430361705406174},"point_estimate":18.888893895424538,"standard_error":2.6736426246121403},"slope":{"confidence_interval":{"confidence_level":0.95,"lower_bound":6354.605174163876,"upper_bound":6363.474778551787},"point_estimate":6358.880021143332,"standard_error":2.2650047285721957},"std_dev":{"confidence_interval":{"confidence_level":0.95,"lower_bound":20.14572040825185,"upper_bound":30.56826932903867},"point_estimate":25.376801476200672,"standard_error":2.6841893090106437}}