{"mean":{"confidence_interval":{"confidence_level":0.95,"lower_bound":6714.42690209212,"upper_bound":6752.64288828971},"point_estimate":6732.615019744897,"standard_error":9.760458173716323},"median":{"confidence_interval":{"confidence_level":0.95,"lower_bound":6708.305411203093,"upper_bound":6732.847140039447},"point_estimate":6725.222252747253,"standard_error":6.8670163960888715},"median_abs_dev":{"confidence_interval":{"confidence_level":0.95,"lower_bound":39.037417566047715,"upper_bound":70.90680147394586},"point_estimate":52.9534029608312,"standard_error":8.161635897745947},"slope":{"confidence_interval":{"confidence_level":0.95,"lower_bound":6718.648910609677,"upper_bound":6765.242786092961},"point_estimate":6740.373531050005,"standard_error":11.904331075077414},"std_dev":{"confidence_interval":{"confidence_level":0.95,"lower_bound":69.41236247692424,"upper_bound":123.67545347010876},"point_estimate":98.09207792870177,"standard_error":13.919423635054166}}