{"mean":{"confidence_interval":{"confidence_level":0.95,"lower_bound":6754.5082446448805,"upper_bound":6777.871972570733},"point_estimate":6765.962371070192,"standard_error":5.956016256572707},"median":{"confidence_interval":{"confidence_level":0.95,"lower_bound":6744.473923220974,"upper_bound":6780.419704861111},"point_estimate":6761.06543715847,"standard_error":8.26605386099651},"median_abs_dev":{"confidence_interval":{"confidence_level":0.95,"lower_bound":47.582107935105064,"upper_bound":72.7525119675431},"point_estimate":61.194884942985865,"standard_error":6.417054274562055},"slope":{"confidence_interval":{"confidence_level":0.95,"lower_bound":6735.653424550374,"upper_bound":6765.677324813824},"point_estimate":6749.7627464164325,"standard_error":7.6966179452897014},"std_dev":{"confidence_interval":{"confidence_level":0.95,"lower_bound":48.688675812445936,"upper_bound":70.34653761983992},"point_estimate":59.56530319055462,"standard_error":5.579935506918649}}