{"mean":{"confidence_interval":{"confidence_level":0.95,"lower_bound":6834.453905214748,"upper_bound":6871.4421398896775},"point_estimate":6852.130861125878,"standard_error":9.48261969581504},"median":{"confidence_interval":{"confidence_level":0.95,"lower_bound":6828.00505050505,"upper_bound":6861.610256410257},"point_estimate":6847.18458781362,"standard_error":9.207565759091041},"median_abs_dev":{"confidence_interval":{"confidence_level":0.95,"lower_bound":44.12250191164662,"upper_bound":78.94057242216877},"point_estimate":54.714889638681626,"standard_error":8.847777430466667},"slope":{"confidence_interval":{"confidence_level":0.95,"lower_bound":6804.928720989142,"upper_bound":6842.826049810646},"point_estimate":6822.831839810847,"standard_error":9.672995208107448},"std_dev":{"confidence_interval":{"confidence_level":0.95,"lower_bound":70.34557395221185,"upper_bound":119.56713241070457},"point_estimate":95.26545701039385,"standard_error":12.679270365266458}}