{"mean":{"confidence_interval":{"confidence_level":0.95,"lower_bound":4138.821685198119,"upper_bound":4181.162087053552},"point_estimate":4160.371927909496,"standard_error":10.781804830389165},"median":{"confidence_interval":{"confidence_level":0.95,"lower_bound":4171.341880341881,"upper_bound":4211.998901098901},"point_estimate":4192.584508711627,"standard_error":9.178315658716524},"median_abs_dev":{"confidence_interval":{"confidence_level":0.95,"lower_bound":57.957429757248995,"upper_bound":126.39599697375465},"point_estimate":88.55505126968548,"standard_error":17.703565830842862},"slope":{"confidence_interval":{"confidence_level":0.95,"lower_bound":4069.652177671711,"upper_bound":4133.738456203316},"point_estimate":4099.389679326142,"standard_error":16.38520366416825},"std_dev":{"confidence_interval":{"confidence_level":0.95,"lower_bound":93.76915776785836,"upper_bound":118.98792698725778},"point_estimate":107.565219456275,"standard_error":6.422519965605571}}