{"mean":{"confidence_interval":{"confidence_level":0.95,"lower_bound":19430.05921642237,"upper_bound":19581.170271957453},"point_estimate":19494.66957805633,"standard_error":39.03386966521243},"median":{"confidence_interval":{"confidence_level":0.95,"lower_bound":19381.487917146143,"upper_bound":19441.893617021276},"point_estimate":19414.666686066816,"standard_error":15.916762009479957},"median_abs_dev":{"confidence_interval":{"confidence_level":0.95,"lower_bound":105.5460256743933,"upper_bound":192.8357930337377},"point_estimate":153.59045728061795,"standard_error":22.002964677769945},"slope":{"confidence_interval":{"confidence_level":0.95,"lower_bound":19402.435905558494,"upper_bound":19558.184465493927},"point_estimate":19466.412834208793,"standard_error":40.36155540224728},"std_dev":{"confidence_interval":{"confidence_level":0.95,"lower_bound":180.04458591094502,"upper_bound":606.2470616778419},"point_estimate":391.5947337884421,"standard_error":132.49699908594945}}