{"mean":{"confidence_interval":{"confidence_level":0.95,"lower_bound":24444.95931750796,"upper_bound":24479.197022359967},"point_estimate":24462.45755979,"standard_error":8.736741949564115},"median":{"confidence_interval":{"confidence_level":0.95,"lower_bound":24455.372414670495,"upper_bound":24491.602403967998},"point_estimate":24477.134088293755,"standard_error":9.285064606577329},"median_abs_dev":{"confidence_interval":{"confidence_level":0.95,"lower_bound":62.311511351661544,"upper_bound":100.707533291949},"point_estimate":80.46844144365276,"standard_error":9.620660594576968},"slope":{"confidence_interval":{"confidence_level":0.95,"lower_bound":24442.570186739442,"upper_bound":24481.121749641195},"point_estimate":24461.54135443395,"standard_error":9.825179880725639},"std_dev":{"confidence_interval":{"confidence_level":0.95,"lower_bound":72.28211331172372,"upper_bound":103.53425653668684},"point_estimate":87.95309688823626,"standard_error":8.025876330885522}}