{"mean":{"confidence_interval":{"confidence_level":0.95,"lower_bound":13643.437592583003,"upper_bound":13698.864114709026},"point_estimate":13668.342826868235,"standard_error":14.202415783730222},"median":{"confidence_interval":{"confidence_level":0.95,"lower_bound":13631.727251221,"upper_bound":13660.901315789473},"point_estimate":13647.37115036232,"standard_error":7.382799386430129},"median_abs_dev":{"confidence_interval":{"confidence_level":0.95,"lower_bound":41.336024717889444,"upper_bound":67.77822860550019},"point_estimate":53.90669929841688,"standard_error":6.700602333312423},"slope":{"confidence_interval":{"confidence_level":0.95,"lower_bound":13648.416316006107,"upper_bound":13719.162160966096},"point_estimate":13680.76772080193,"standard_error":18.122144206073468},"std_dev":{"confidence_interval":{"confidence_level":0.95,"lower_bound":76.2765657958291,"upper_bound":209.22053936877896},"point_estimate":142.69213600882844,"standard_error":36.56270346783291}}