{"mean":{"confidence_interval":{"confidence_level":0.95,"lower_bound":7541.179214987468,"upper_bound":7570.607585262807},"point_estimate":7555.154942326142,"standard_error":7.517411215354987},"median":{"confidence_interval":{"confidence_level":0.95,"lower_bound":7536.314084249085,"upper_bound":7559.531902781902},"point_estimate":7544.229140865098,"standard_error":5.900886307442937},"median_abs_dev":{"confidence_interval":{"confidence_level":0.95,"lower_bound":34.37383051333794,"upper_bound":65.90270929153161},"point_estimate":44.77729923245723,"standard_error":8.180626893127931},"slope":{"confidence_interval":{"confidence_level":0.95,"lower_bound":7561.596453353491,"upper_bound":7599.329102569067},"point_estimate":7579.63615464187,"standard_error":9.643060449933342},"std_dev":{"confidence_interval":{"confidence_level":0.95,"lower_bound":50.894680035280146,"upper_bound":101.19474087506858},"point_estimate":75.37003194952835,"standard_error":13.512344823974612}}