{"mean":{"confidence_interval":{"confidence_level":0.95,"lower_bound":7289.158882274036,"upper_bound":7329.465715768467},"point_estimate":7305.607185275058,"standard_error":10.5635275130346},"median":{"confidence_interval":{"confidence_level":0.95,"lower_bound":7288.750587019817,"upper_bound":7305.414114054959},"point_estimate":7297.703962703963,"standard_error":4.556491412616618},"median_abs_dev":{"confidence_interval":{"confidence_level":0.95,"lower_bound":26.113417921436614,"upper_bound":45.85303367789696},"point_estimate":34.51445867483384,"standard_error":5.2415679565705},"slope":{"confidence_interval":{"confidence_level":0.95,"lower_bound":7277.987467172096,"upper_bound":7302.043492685194},"point_estimate":7289.554053040207,"standard_error":6.128088093164691},"std_dev":{"confidence_interval":{"confidence_level":0.95,"lower_bound":37.71745415461482,"upper_bound":171.0405626020854},"point_estimate":106.1258770743144,"standard_error":42.64977550880301}}