{"mean":{"confidence_interval":{"confidence_level":0.95,"lower_bound":14622.382495047355,"upper_bound":14719.896521700353},"point_estimate":14667.32407672116,"standard_error":24.894437574564087},"median":{"confidence_interval":{"confidence_level":0.95,"lower_bound":14575.12554112554,"upper_bound":14607.092398119123},"point_estimate":14594.82004784689,"standard_error":8.61613445791208},"median_abs_dev":{"confidence_interval":{"confidence_level":0.95,"lower_bound":47.01006697685361,"upper_bound":93.68939776165341},"point_estimate":66.27552127705515,"standard_error":12.214900100832098},"slope":{"confidence_interval":{"confidence_level":0.95,"lower_bound":14600.341994131823,"upper_bound":14782.949811073344},"point_estimate":14683.03980063678,"standard_error":47.05179197218624},"std_dev":{"confidence_interval":{"confidence_level":0.95,"lower_bound":157.93053821419278,"upper_bound":325.401049608967},"point_estimate":250.73973702428464,"standard_error":42.60275964758672}}