{"mean":{"confidence_interval":{"confidence_level":0.95,"lower_bound":13526.955525326059,"upper_bound":13621.501099443556},"point_estimate":13566.232356535784,"standard_error":24.653104925265605},"median":{"confidence_interval":{"confidence_level":0.95,"lower_bound":13509.5875,"upper_bound":13556.325757575758},"point_estimate":13541.772817460318,"standard_error":12.456566205031873},"median_abs_dev":{"confidence_interval":{"confidence_level":0.95,"lower_bound":55.96979410144666,"upper_bound":95.39593603521598},"point_estimate":75.16867551965234,"standard_error":9.926709330980746},"slope":{"confidence_interval":{"confidence_level":0.95,"lower_bound":13522.739170314171,"upper_bound":13573.557507662103},"point_estimate":13546.273938475937,"standard_error":12.980013081684632},"std_dev":{"confidence_interval":{"confidence_level":0.95,"lower_bound":94.11112541452658,"upper_bound":395.8970196854465},"point_estimate":248.3301037811346,"standard_error":95.32719710377069}}