{"mean":{"confidence_interval":{"confidence_level":0.95,"lower_bound":6622.523785725075,"upper_bound":6676.029323779444},"point_estimate":6645.206444551173,"standard_error":13.770098419731516},"median":{"confidence_interval":{"confidence_level":0.95,"lower_bound":6611.7061478641535,"upper_bound":6640.034188034188},"point_estimate":6624.106402513218,"standard_error":7.538206575553837},"median_abs_dev":{"confidence_interval":{"confidence_level":0.95,"lower_bound":43.60914303281157,"upper_bound":68.76860698053889},"point_estimate":52.15339818575156,"standard_error":6.201691445162936},"slope":{"confidence_interval":{"confidence_level":0.95,"lower_bound":6632.92116773623,"upper_bound":6687.4426643771985},"point_estimate":6655.108307055734,"standard_error":14.156010559572904},"std_dev":{"confidence_interval":{"confidence_level":0.95,"lower_bound":51.90763209369133,"upper_bound":216.35195039807434},"point_estimate":138.1663495182336,"standard_error":46.90614232628441}}