{"mean":{"confidence_interval":{"confidence_level":0.95,"lower_bound":7544.199925596213,"upper_bound":7612.425930248528},"point_estimate":7575.38105784584,"standard_error":17.49308559401349},"median":{"confidence_interval":{"confidence_level":0.95,"lower_bound":7515.6340968853,"upper_bound":7536.865138067062},"point_estimate":7520.484059139075,"standard_error":6.658805220986039},"median_abs_dev":{"confidence_interval":{"confidence_level":0.95,"lower_bound":33.1262385206446,"upper_bound":70.69603833308398},"point_estimate":47.34538921895251,"standard_error":10.437273395881478},"slope":{"confidence_interval":{"confidence_level":0.95,"lower_bound":7545.000611259135,"upper_bound":7656.690159473387},"point_estimate":7593.608162689978,"standard_error":28.87711898210234},"std_dev":{"confidence_interval":{"confidence_level":0.95,"lower_bound":98.17761515964926,"upper_bound":239.80163534823154},"point_estimate":175.48185805554434,"standard_error":36.296139510590166}}