{"mean":{"confidence_interval":{"confidence_level":0.95,"lower_bound":7006.580363046565,"upper_bound":7040.263498442084},"point_estimate":7022.498747067376,"standard_error":8.600864664194956},"median":{"confidence_interval":{"confidence_level":0.95,"lower_bound":6994.384615384615,"upper_bound":7029.44358974359},"point_estimate":7012.985829959514,"standard_error":10.239023394944379},"median_abs_dev":{"confidence_interval":{"confidence_level":0.95,"lower_bound":51.80240384929693,"upper_bound":80.2281278833583},"point_estimate":66.11171039114802,"standard_error":7.49869488012989},"slope":{"confidence_interval":{"confidence_level":0.95,"lower_bound":6978.9046827741595,"upper_bound":7012.67607166183},"point_estimate":6994.485640495163,"standard_error":8.612756474744048},"std_dev":{"confidence_interval":{"confidence_level":0.95,"lower_bound":59.74474518926003,"upper_bound":112.50810969510896},"point_estimate":86.5792649146448,"standard_error":13.666458518700843}}