{"mean":{"confidence_interval":{"confidence_level":0.95,"lower_bound":6748.14219576296,"upper_bound":6799.103744325533},"point_estimate":6773.216588504705,"standard_error":12.96956335812312},"median":{"confidence_interval":{"confidence_level":0.95,"lower_bound":6744.892307692307,"upper_bound":6806.530987394958},"point_estimate":6773.43638843426,"standard_error":15.061925787409697},"median_abs_dev":{"confidence_interval":{"confidence_level":0.95,"lower_bound":96.2632680025247,"upper_bound":150.60340353289217},"point_estimate":120.03977869151755,"standard_error":13.820212389418163},"slope":{"confidence_interval":{"confidence_level":0.95,"lower_bound":6712.611413251903,"upper_bound":6755.736809196467},"point_estimate":6734.086973434427,"standard_error":11.011695530726337},"std_dev":{"confidence_interval":{"confidence_level":0.95,"lower_bound":107.48258714342252,"upper_bound":154.96130417746076},"point_estimate":130.56033369325155,"standard_error":12.2601904255078}}