{"mean":{"confidence_interval":{"confidence_level":0.95,"lower_bound":6768.45367091661,"upper_bound":6819.391435968841},"point_estimate":6792.042313093302,"standard_error":12.99660547442325},"median":{"confidence_interval":{"confidence_level":0.95,"lower_bound":6745.273351648351,"upper_bound":6795.7692307692305},"point_estimate":6769.44358974359,"standard_error":11.632260675921621},"median_abs_dev":{"confidence_interval":{"confidence_level":0.95,"lower_bound":61.27395902289234,"upper_bound":102.52435980878793},"point_estimate":79.28104880480211,"standard_error":10.861412347774591},"slope":{"confidence_interval":{"confidence_level":0.95,"lower_bound":6736.651875632256,"upper_bound":6776.131772595678},"point_estimate":6755.67215764286,"standard_error":10.06982292004739},"std_dev":{"confidence_interval":{"confidence_level":0.95,"lower_bound":83.13001629784425,"upper_bound":181.8103486365816},"point_estimate":130.67441449446784,"standard_error":27.221230310417024}}