{"mean":{"confidence_interval":{"confidence_level":0.95,"lower_bound":1833974.0144832837,"upper_bound":1861634.0795555606},"point_estimate":1846921.5385771291,"standard_error":7070.866909633143},"median":{"confidence_interval":{"confidence_level":0.95,"lower_bound":1814422.1940298507,"upper_bound":1828898.1392405063},"point_estimate":1824263.711038961,"standard_error":3779.2253745963094},"median_abs_dev":{"confidence_interval":{"confidence_level":0.95,"lower_bound":18970.234812279778,"upper_bound":36801.99365851928},"point_estimate":28746.334265786983,"standard_error":4844.975509350827},"slope":{"confidence_interval":{"confidence_level":0.95,"lower_bound":1833205.9692503673,"upper_bound":1860002.1978008605},"point_estimate":1845631.8875602188,"standard_error":6866.506714981797},"std_dev":{"confidence_interval":{"confidence_level":0.95,"lower_bound":48151.51734966767,"upper_bound":91536.22381579946},"point_estimate":71306.72555267763,"standard_error":11093.284504480793}}