{"mean":{"confidence_interval":{"confidence_level":0.95,"lower_bound":1781949.3188943393,"upper_bound":1791549.1534770585},"point_estimate":1786225.3172471903,"standard_error":2461.621713377245},"median":{"confidence_interval":{"confidence_level":0.95,"lower_bound":1778875.5416666667,"upper_bound":1781406.768939394},"point_estimate":1780819.0335497838,"standard_error":673.4520035542987},"median_abs_dev":{"confidence_interval":{"confidence_level":0.95,"lower_bound":4110.491667198173,"upper_bound":7012.75170799884},"point_estimate":5718.759833300987,"standard_error":750.7016490823802},"slope":{"confidence_interval":{"confidence_level":0.95,"lower_bound":1780464.2983857568,"upper_bound":1792711.9753773042},"point_estimate":1785688.177945914,"standard_error":3157.3270314000274},"std_dev":{"confidence_interval":{"confidence_level":0.95,"lower_bound":11825.638837417686,"upper_bound":34726.90507627171},"point_estimate":24807.79358965581,"standard_error":5817.986946774566}}