{"mean":{"confidence_interval":{"confidence_level":0.95,"lower_bound":1713252.5437456951,"upper_bound":1721817.9401468374},"point_estimate":1717028.1166675282,"standard_error":2211.2646672407163},"median":{"confidence_interval":{"confidence_level":0.95,"lower_bound":1711129.1391666667,"upper_bound":1712291.5333333334},"point_estimate":1711822.7467948718,"standard_error":300.7712168486819},"median_abs_dev":{"confidence_interval":{"confidence_level":0.95,"lower_bound":1968.0564265986172,"upper_bound":3110.069499500885},"point_estimate":2639.9477038424207,"standard_error":310.64674794316966},"slope":{"confidence_interval":{"confidence_level":0.95,"lower_bound":1711861.5538774726,"upper_bound":1729748.6137940118},"point_estimate":1719228.1254529334,"standard_error":4666.272549799553},"std_dev":{"confidence_interval":{"confidence_level":0.95,"lower_bound":9915.77595789263,"upper_bound":32862.23495644597},"point_estimate":22339.1801163669,"standard_error":6013.9864342395595}}