{"mean":{"confidence_interval":{"confidence_level":0.95,"lower_bound":1788147.8245516284,"upper_bound":1792797.512391381},"point_estimate":1790260.2012636971,"standard_error":1193.1741484220286},"median":{"confidence_interval":{"confidence_level":0.95,"lower_bound":1785921.3933092225,"upper_bound":1788070.5056179776},"point_estimate":1787079.9172133708,"standard_error":613.1174231090315},"median_abs_dev":{"confidence_interval":{"confidence_level":0.95,"lower_bound":2843.275045542106,"upper_bound":4881.5245550400405},"point_estimate":3969.5875393219026,"standard_error":523.3069207594702},"slope":{"confidence_interval":{"confidence_level":0.95,"lower_bound":1788070.7038835138,"upper_bound":1792765.4722358435},"point_estimate":1790143.736494754,"standard_error":1210.9383045713685},"std_dev":{"confidence_interval":{"confidence_level":0.95,"lower_bound":6889.575196034714,"upper_bound":16503.99393247169},"point_estimate":11936.737558536246,"standard_error":2489.49607125503}}