{"mean":{"confidence_interval":{"confidence_level":0.95,"lower_bound":1819455.5328843447,"upper_bound":1831665.686144723},"point_estimate":1824726.8725923442,"standard_error":3154.5439165649746},"median":{"confidence_interval":{"confidence_level":0.95,"lower_bound":1814901.9983344078,"upper_bound":1819159.2092979485},"point_estimate":1816451.2548076923,"standard_error":1062.394027195412},"median_abs_dev":{"confidence_interval":{"confidence_level":0.95,"lower_bound":5524.201553289197,"upper_bound":10239.391483833597},"point_estimate":7809.545941352856,"standard_error":1192.615204554792},"slope":{"confidence_interval":{"confidence_level":0.95,"lower_bound":1819150.047387985,"upper_bound":1828394.8308633429},"point_estimate":1823007.229945323,"standard_error":2410.49935970525},"std_dev":{"confidence_interval":{"confidence_level":0.95,"lower_bound":13014.8542439176,"upper_bound":48224.47808977016},"point_estimate":31617.476619525296,"standard_error":9631.671549477383}}