{"mean":{"confidence_interval":{"confidence_level":0.95,"lower_bound":1714575.8395854125,"upper_bound":1721266.1945969637},"point_estimate":1717275.3939975428,"standard_error":1741.1131209989812},"median":{"confidence_interval":{"confidence_level":0.95,"lower_bound":1712653.6575342466,"upper_bound":1715605.3897058824},"point_estimate":1713899.94375,"standard_error":733.0871267724084},"median_abs_dev":{"confidence_interval":{"confidence_level":0.95,"lower_bound":4525.613254029304,"upper_bound":8273.145681914422},"point_estimate":6039.973004852567,"standard_error":902.5699211899258},"slope":{"confidence_interval":{"confidence_level":0.95,"lower_bound":1711204.310018111,"upper_bound":1714241.7324401299},"point_estimate":1712604.7377508497,"standard_error":775.5603368409901},"std_dev":{"confidence_interval":{"confidence_level":0.95,"lower_bound":6571.164945803936,"upper_bound":28142.320175711528},"point_estimate":17487.492657070055,"standard_error":7106.277521517485}}