{"mean":{"confidence_interval":{"confidence_level":0.95,"lower_bound":1706643.6507902176,"upper_bound":1713398.8909523755},"point_estimate":1709564.7559621867,"standard_error":1737.8227412620163},"median":{"confidence_interval":{"confidence_level":0.95,"lower_bound":1705334.023554832,"upper_bound":1707348.0606060605},"point_estimate":1706182.1960297767,"standard_error":575.3986794688543},"median_abs_dev":{"confidence_interval":{"confidence_level":0.95,"lower_bound":2855.8418329350857,"upper_bound":4586.591495844466},"point_estimate":3674.107512712794,"standard_error":432.12324847166536},"slope":{"confidence_interval":{"confidence_level":0.95,"lower_bound":1706398.9041894425,"upper_bound":1711357.1159542673},"point_estimate":1708503.7844923895,"standard_error":1281.3393964505453},"std_dev":{"confidence_interval":{"confidence_level":0.95,"lower_bound":4936.1068521926,"upper_bound":26545.864173257698},"point_estimate":17588.27981539624,"standard_error":5497.981778372493}}