{"mean":{"confidence_interval":{"confidence_level":0.95,"lower_bound":1641095.0463577246,"upper_bound":1648578.3972785724},"point_estimate":1644180.7083347982,"standard_error":1962.5054972436394},"median":{"confidence_interval":{"confidence_level":0.95,"lower_bound":1639511.264392991,"upper_bound":1640607.7692307692},"point_estimate":1640107.2928194995,"standard_error":297.07003553853644},"median_abs_dev":{"confidence_interval":{"confidence_level":0.95,"lower_bound":1550.5415899131324,"upper_bound":3205.7365608949594},"point_estimate":2275.315821204554,"standard_error":434.75212811237395},"slope":{"confidence_interval":{"confidence_level":0.95,"lower_bound":1640418.4650514054,"upper_bound":1643305.4753936746},"point_estimate":1641666.2364711098,"standard_error":744.054372170754},"std_dev":{"confidence_interval":{"confidence_level":0.95,"lower_bound":4863.414438342588,"upper_bound":31745.350987544156},"point_estimate":19762.75999061491,"standard_error":7681.825092346545}}