{"mean":{"confidence_interval":{"confidence_level":0.95,"lower_bound":1701791.3326793306,"upper_bound":1710075.1635529625},"point_estimate":1705276.4404517165,"standard_error":2151.6505312923423},"median":{"confidence_interval":{"confidence_level":0.95,"lower_bound":1699700.7752577318,"upper_bound":1701933.8166666667},"point_estimate":1700500.7285902505,"standard_error":535.0740381241518},"median_abs_dev":{"confidence_interval":{"confidence_level":0.95,"lower_bound":3139.508229556792,"upper_bound":5693.958894366537},"point_estimate":4495.283803960267,"standard_error":643.7060852689102},"slope":{"confidence_interval":{"confidence_level":0.95,"lower_bound":1701800.572759088,"upper_bound":1704974.3907824904},"point_estimate":1703274.6368435053,"standard_error":812.5215819714666},"std_dev":{"confidence_interval":{"confidence_level":0.95,"lower_bound":6647.498214576625,"upper_bound":33938.0031620627},"point_estimate":21481.728586518133,"standard_error":7485.740401841862}}