{"mean":{"confidence_interval":{"confidence_level":0.95,"lower_bound":1694788.6810780945,"upper_bound":1701023.8489647675},"point_estimate":1697452.9434556698,"standard_error":1612.5332397654577},"median":{"confidence_interval":{"confidence_level":0.95,"lower_bound":1692420.2757142857,"upper_bound":1695006.880768168},"point_estimate":1693732.0715962441,"standard_error":740.8718988853013},"median_abs_dev":{"confidence_interval":{"confidence_level":0.95,"lower_bound":3697.4284514902356,"upper_bound":6941.425572219708},"point_estimate":5506.103035813487,"standard_error":894.5385383437259},"slope":{"confidence_interval":{"confidence_level":0.95,"lower_bound":1694114.963520235,"upper_bound":1697156.6615552658},"point_estimate":1695587.3155401212,"standard_error":779.1499022157333},"std_dev":{"confidence_interval":{"confidence_level":0.95,"lower_bound":7127.196322541547,"upper_bound":25241.220262169358},"point_estimate":16307.498956655507,"standard_error":5512.130656492574}}