{"mean":{"confidence_interval":{"confidence_level":0.95,"lower_bound":1720928.0361639885,"upper_bound":1743878.8643302443},"point_estimate":1731325.6450561157,"standard_error":5900.340100973723},"median":{"confidence_interval":{"confidence_level":0.95,"lower_bound":1709190.4573426573,"upper_bound":1715422.0},"point_estimate":1712440.2675438598,"standard_error":1580.1016218139723},"median_abs_dev":{"confidence_interval":{"confidence_level":0.95,"lower_bound":8233.504623276553,"upper_bound":16004.145032747432},"point_estimate":12624.321285361408,"standard_error":2021.2705658698592},"slope":{"confidence_interval":{"confidence_level":0.95,"lower_bound":1718554.6708504832,"upper_bound":1743833.0431469646},"point_estimate":1729961.422048175,"standard_error":6462.747907001659},"std_dev":{"confidence_interval":{"confidence_level":0.95,"lower_bound":31901.33903182064,"upper_bound":82511.43567540849},"point_estimate":59057.38550081462,"standard_error":13047.093832848032}}