{"mean":{"confidence_interval":{"confidence_level":0.95,"lower_bound":1704076.0422963123,"upper_bound":1716644.1624341493},"point_estimate":1709215.5098941072,"standard_error":3288.29561040553},"median":{"confidence_interval":{"confidence_level":0.95,"lower_bound":1702225.8351648352,"upper_bound":1704800.4827586208},"point_estimate":1703585.4111111113,"standard_error":569.8583988338785},"median_abs_dev":{"confidence_interval":{"confidence_level":0.95,"lower_bound":3707.0396715924667,"upper_bound":5869.304677488999},"point_estimate":4956.43621471433,"standard_error":589.3221857818784},"slope":{"confidence_interval":{"confidence_level":0.95,"lower_bound":1703178.912419787,"upper_bound":1706358.990996944},"point_estimate":1704672.3186493276,"standard_error":812.5972631912304},"std_dev":{"confidence_interval":{"confidence_level":0.95,"lower_bound":5829.32736716499,"upper_bound":52722.0746926321},"point_estimate":32785.59025827969,"standard_error":12512.912853990467}}