{"mean":{"confidence_interval":{"confidence_level":0.95,"lower_bound":1791366.7688309625,"upper_bound":1797195.0795026813},"point_estimate":1793989.8191118452,"standard_error":1496.3588781250166},"median":{"confidence_interval":{"confidence_level":0.95,"lower_bound":1790342.6211864408,"upper_bound":1792339.4189189188},"point_estimate":1791209.4639236731,"standard_error":508.7006467135353},"median_abs_dev":{"confidence_interval":{"confidence_level":0.95,"lower_bound":3064.2792189013426,"upper_bound":5155.067134593423},"point_estimate":4135.996094354682,"standard_error":526.1767342866253},"slope":{"confidence_interval":{"confidence_level":0.95,"lower_bound":1790040.9115770946,"upper_bound":1793657.1572021695},"point_estimate":1791566.9576001181,"standard_error":923.9405450018776},"std_dev":{"confidence_interval":{"confidence_level":0.95,"lower_bound":7258.152694137584,"upper_bound":21363.551050193655},"point_estimate":15084.974415900844,"standard_error":3604.8676623453653}}