{"mean":{"confidence_interval":{"confidence_level":0.95,"lower_bound":1701592.9969457416,"upper_bound":1706657.4067442862},"point_estimate":1703786.033934473,"standard_error":1311.9660543900811},"median":{"confidence_interval":{"confidence_level":0.95,"lower_bound":1700393.5853658537,"upper_bound":1701400.6125},"point_estimate":1700975.6630824371,"standard_error":219.7878749813015},"median_abs_dev":{"confidence_interval":{"confidence_level":0.95,"lower_bound":1563.9561435325775,"upper_bound":2817.7725084972235},"point_estimate":2108.623477476871,"standard_error":328.27595069290413},"slope":{"confidence_interval":{"confidence_level":0.95,"lower_bound":1701059.9475515888,"upper_bound":1702938.6139546854},"point_estimate":1701915.473222994,"standard_error":481.35274335835055},"std_dev":{"confidence_interval":{"confidence_level":0.95,"lower_bound":5637.059131552098,"upper_bound":20079.752881425986},"point_estimate":13181.525799948236,"standard_error":4053.0700721483095}}