{"mean":{"confidence_interval":{"confidence_level":0.95,"lower_bound":1781403.026651513,"upper_bound":1813197.1939904909},"point_estimate":1795471.6326414007,"standard_error":8220.403866099685},"median":{"confidence_interval":{"confidence_level":0.95,"lower_bound":1774080.6965287519,"upper_bound":1775912.1964285714},"point_estimate":1775037.043599258,"standard_error":480.49767607603866},"median_abs_dev":{"confidence_interval":{"confidence_level":0.95,"lower_bound":2272.0872262680414,"upper_bound":4293.783385967744},"point_estimate":3303.6371027596842,"standard_error":503.42069335550383},"slope":{"confidence_interval":{"confidence_level":0.95,"lower_bound":1777187.7821009376,"upper_bound":1785695.921373268},"point_estimate":1780876.392750111,"standard_error":2183.23181019994},"std_dev":{"confidence_interval":{"confidence_level":0.95,"lower_bound":29045.155711051044,"upper_bound":119362.04308490144},"point_estimate":82901.80913583515,"standard_error":22233.821626635472}}