{"mean":{"confidence_interval":{"confidence_level":0.95,"lower_bound":1836089.1690623534,"upper_bound":1841091.9760076245},"point_estimate":1838308.9183529315,"standard_error":1283.7026467654593},"median":{"confidence_interval":{"confidence_level":0.95,"lower_bound":1835766.0216836734,"upper_bound":1837461.5531914893},"point_estimate":1836828.6145833335,"standard_error":499.8905397281389},"median_abs_dev":{"confidence_interval":{"confidence_level":0.95,"lower_bound":2423.5472531272726,"upper_bound":4406.81525681183},"point_estimate":3329.2892471071063,"standard_error":497.35340514888594},"slope":{"confidence_interval":{"confidence_level":0.95,"lower_bound":1837459.1489906888,"upper_bound":1839995.8296961759},"point_estimate":1838556.2084202748,"standard_error":653.3570609828677},"std_dev":{"confidence_interval":{"confidence_level":0.95,"lower_bound":5759.207090356382,"upper_bound":19541.795617992408},"point_estimate":12937.45029472627,"standard_error":3718.454905625522}}