{"mean":{"confidence_interval":{"confidence_level":0.95,"lower_bound":1769139.784662719,"upper_bound":1772939.1337538275},"point_estimate":1770665.89709234,"standard_error":997.8429913061835},"median":{"confidence_interval":{"confidence_level":0.95,"lower_bound":1768160.9159404503,"upper_bound":1769689.2777777778},"point_estimate":1768642.3807934741,"standard_error":447.0786683060289},"median_abs_dev":{"confidence_interval":{"confidence_level":0.95,"lower_bound":1921.0431816860068,"upper_bound":3251.1465230515623},"point_estimate":2366.1272664076805,"standard_error":323.22153205242154},"slope":{"confidence_interval":{"confidence_level":0.95,"lower_bound":1768248.3068521016,"upper_bound":1769225.881213618},"point_estimate":1768724.3065021427,"standard_error":249.2438820127469},"std_dev":{"confidence_interval":{"confidence_level":0.95,"lower_bound":3138.1342527939923,"upper_bound":16271.430271559197},"point_estimate":10024.689412735592,"standard_error":4139.007475206033}}