{"mean":{"confidence_interval":{"confidence_level":0.95,"lower_bound":6526015.17953125,"upper_bound":6529022.21928125},"point_estimate":6527398.5025,"standard_error":766.5116072833872},"median":{"confidence_interval":{"confidence_level":0.95,"lower_bound":6525153.375,"upper_bound":6526740.875},"point_estimate":6525919.75,"standard_error":390.22369780795236},"median_abs_dev":{"confidence_interval":{"confidence_level":0.95,"lower_bound":2514.4895553588867,"upper_bound":4965.319974347949},"point_estimate":3646.825285255909,"standard_error":652.5177162252646},"slope":null,"std_dev":{"confidence_interval":{"confidence_level":0.95,"lower_bound":4553.730708339673,"upper_bound":10405.573305590753},"point_estimate":7721.440950595236,"standard_error":1495.815966352097}}