{"mean":{"confidence_interval":{"confidence_level":0.95,"lower_bound":6527145.8585,"upper_bound":6531689.647249999},"point_estimate":6529120.93125,"standard_error":1168.5955918432505},"median":{"confidence_interval":{"confidence_level":0.95,"lower_bound":6525838.8125,"upper_bound":6527719.3125},"point_estimate":6526672.875,"standard_error":549.2415257527724},"median_abs_dev":{"confidence_interval":{"confidence_level":0.95,"lower_bound":2970.8523597568274,"upper_bound":4592.744917524974},"point_estimate":3642.9334603250027,"standard_error":412.13584545814274},"slope":null,"std_dev":{"confidence_interval":{"confidence_level":0.95,"lower_bound":4509.579154617319,"upper_bound":17682.952998973506},"point_estimate":11712.820966791833,"standard_error":3482.262581073815}}