{"mean":{"confidence_interval":{"confidence_level":0.95,"lower_bound":6524580.6360312505,"upper_bound":6527396.528656251},"point_estimate":6525885.045,"standard_error":721.1834090244886},"median":{"confidence_interval":{"confidence_level":0.95,"lower_bound":6523210.0,"upper_bound":6524590.6875},"point_estimate":6523634.4375,"standard_error":376.17031770395016},"median_abs_dev":{"confidence_interval":{"confidence_level":0.95,"lower_bound":2361.5964330732822,"upper_bound":4397.671825988217},"point_estimate":3343.8189156353474,"standard_error":532.343601188752},"slope":null,"std_dev":{"confidence_interval":{"confidence_level":0.95,"lower_bound":4639.332129066183,"upper_bound":9422.191414823628},"point_estimate":7228.999264600073,"standard_error":1224.0393508980678}}