{"mean":{"confidence_interval":{"confidence_level":0.95,"lower_bound":14562968.895812498,"upper_bound":14580974.060375},"point_estimate":14571695.42,"standard_error":4598.646754629553},"median":{"confidence_interval":{"confidence_level":0.95,"lower_bound":14563806.375,"upper_bound":14580505.75},"point_estimate":14572390.5,"standard_error":4327.897869299696},"median_abs_dev":{"confidence_interval":{"confidence_level":0.95,"lower_bound":30612.909581512213,"upper_bound":51654.91356544196},"point_estimate":41388.26086521149,"standard_error":4993.3233262391195},"slope":null,"std_dev":{"confidence_interval":{"confidence_level":0.95,"lower_bound":34740.8212643649,"upper_bound":58971.07736508249},"point_estimate":46331.26468200431,"standard_error":6413.451074801941}}