{"mean":{"confidence_interval":{"confidence_level":0.95,"lower_bound":14406900.455875,"upper_bound":14489615.9320625},"point_estimate":14446267.26,"standard_error":21138.141100656434},"median":{"confidence_interval":{"confidence_level":0.95,"lower_bound":14400984.375,"upper_bound":14444971.0},"point_estimate":14432644.75,"standard_error":13443.416475374219},"median_abs_dev":{"confidence_interval":{"confidence_level":0.95,"lower_bound":73408.89912173152,"upper_bound":134486.37952426428},"point_estimate":102767.52912551165,"standard_error":14804.719404730778},"slope":null,"std_dev":{"confidence_interval":{"confidence_level":0.95,"lower_bound":153667.52992143476,"upper_bound":270034.02565073664},"point_estimate":212324.1530192326,"standard_error":30093.987554429925}}