{"mean":{"confidence_interval":{"confidence_level":0.95,"lower_bound":6525586.7441875,"upper_bound":6535046.6293750005},"point_estimate":6529088.8825,"standard_error":2671.519410153565},"median":{"confidence_interval":{"confidence_level":0.95,"lower_bound":6523895.625,"upper_bound":6526327.625},"point_estimate":6524862.0625,"standard_error":595.8197680698079},"median_abs_dev":{"confidence_interval":{"confidence_level":0.95,"lower_bound":3175.8218061178923,"upper_bound":5477.650927752256},"point_estimate":4396.4648969471455,"standard_error":637.227392771018},"slope":null,"std_dev":{"confidence_interval":{"confidence_level":0.95,"lower_bound":4770.408403862872,"upper_bound":45479.440730351555},"point_estimate":26929.77727579632,"standard_error":14057.836385810195}}