{"mean":{"confidence_interval":{"confidence_level":0.95,"lower_bound":7384620.29057143,"upper_bound":7408986.234357141},"point_estimate":7394975.4,"standard_error":6308.144552850628},"median":{"confidence_interval":{"confidence_level":0.95,"lower_bound":7379308.428571428,"upper_bound":7381710.5},"point_estimate":7380442.214285715,"standard_error":615.8851956866637},"median_abs_dev":{"confidence_interval":{"confidence_level":0.95,"lower_bound":3877.846131155061,"upper_bound":7526.736466374111},"point_estimate":5445.9074033162115,"standard_error":940.6111527230402},"slope":null,"std_dev":{"confidence_interval":{"confidence_level":0.95,"lower_bound":21036.471286244043,"upper_bound":98496.98302364616},"point_estimate":63268.696669999,"standard_error":20961.257544545013}}