{"mean":{"confidence_interval":{"confidence_level":0.95,"lower_bound":6523976.1290625,"upper_bound":6527485.05940625},"point_estimate":6525591.6575,"standard_error":899.6643420386534},"median":{"confidence_interval":{"confidence_level":0.95,"lower_bound":6522376.75,"upper_bound":6524108.625},"point_estimate":6523210.0625,"standard_error":469.5772014566398},"median_abs_dev":{"confidence_interval":{"confidence_level":0.95,"lower_bound":2860.2133367210627,"upper_bound":5068.733639074489},"point_estimate":3913.78594301641,"standard_error":558.9507331760675},"slope":null,"std_dev":{"confidence_interval":{"confidence_level":0.95,"lower_bound":5570.28918557664,"upper_bound":12304.126773452586},"point_estimate":9028.070266748999,"standard_error":1756.0975751185986}}