{"mean":{"confidence_interval":{"confidence_level":0.95,"lower_bound":14149284.1686875,"upper_bound":14167015.571375},"point_estimate":14158153.815,"standard_error":4517.641165862419},"median":{"confidence_interval":{"confidence_level":0.95,"lower_bound":14147831.0,"upper_bound":14167453.75},"point_estimate":14155131.0,"standard_error":4177.877408441506},"median_abs_dev":{"confidence_interval":{"confidence_level":0.95,"lower_bound":33050.85991322994,"upper_bound":51635.99188327789},"point_estimate":41887.52640634775,"standard_error":4721.883867979443},"slope":null,"std_dev":{"confidence_interval":{"confidence_level":0.95,"lower_bound":38022.3685679196,"upper_bound":52399.11174457081},"point_estimate":45430.616039439796,"standard_error":3679.2839106344245}}