{"mean":{"confidence_interval":{"confidence_level":0.95,"lower_bound":6526697.26265625,"upper_bound":6532955.76228125},"point_estimate":6529437.10375,"standard_error":1610.3497720355442},"median":{"confidence_interval":{"confidence_level":0.95,"lower_bound":6525245.125,"upper_bound":6526416.4375},"point_estimate":6525881.6875,"standard_error":274.9433209022689},"median_abs_dev":{"confidence_interval":{"confidence_level":0.95,"lower_bound":2011.4248517900705,"upper_bound":3695.5935581400927},"point_estimate":2694.069477170706,"standard_error":411.57876126198573},"slope":null,"std_dev":{"confidence_interval":{"confidence_level":0.95,"lower_bound":5079.573606852701,"upper_bound":24087.613750081135},"point_estimate":16261.673590395309,"standard_error":4715.4111500538775}}