{"mean":{"confidence_interval":{"confidence_level":0.95,"lower_bound":6526765.179625,"upper_bound":6543902.405062499},"point_estimate":6534050.2725,"standard_error":4429.770589889461},"median":{"confidence_interval":{"confidence_level":0.95,"lower_bound":6523494.375,"upper_bound":6525293.375},"point_estimate":6524151.9375,"standard_error":459.1534234298356},"median_abs_dev":{"confidence_interval":{"confidence_level":0.95,"lower_bound":2199.2517359554768,"upper_bound":4014.343286231156},"point_estimate":2942.03432276845,"standard_error":429.7986486828007},"slope":null,"std_dev":{"confidence_interval":{"confidence_level":0.95,"lower_bound":11265.889555916892,"upper_bound":67982.64156896264},"point_estimate":44137.391881700576,"standard_error":14762.181559066292}}