{"mean":{"confidence_interval":{"confidence_level":0.95,"lower_bound":14336074.355124999,"upper_bound":14368635.31325},"point_estimate":14351373.2625,"standard_error":8305.04000696004},"median":{"confidence_interval":{"confidence_level":0.95,"lower_bound":14324336.875,"upper_bound":14356189.0},"point_estimate":14337649.75,"standard_error":10095.836063070157},"median_abs_dev":{"confidence_interval":{"confidence_level":0.95,"lower_bound":44101.233492046595,"upper_bound":75237.13021427393},"point_estimate":61071.25811576843,"standard_error":8069.060429057772},"slope":null,"std_dev":{"confidence_interval":{"confidence_level":0.95,"lower_bound":56138.361675501095,"upper_bound":112661.7546743949},"point_estimate":83578.37152893384,"standard_error":15103.880511468435}}