{"mean":{"confidence_interval":{"confidence_level":0.95,"lower_bound":6524460.34940625,"upper_bound":6531620.323687499},"point_estimate":6527582.50375,"standard_error":1840.2805289236012},"median":{"confidence_interval":{"confidence_level":0.95,"lower_bound":6522768.3125,"upper_bound":6524854.0625},"point_estimate":6523669.3125,"standard_error":584.7635054502566},"median_abs_dev":{"confidence_interval":{"confidence_level":0.95,"lower_bound":3334.645328298211,"upper_bound":5592.459763213992},"point_estimate":4400.264059379697,"standard_error":585.6148006150834},"slope":null,"std_dev":{"confidence_interval":{"confidence_level":0.95,"lower_bound":5365.356161361115,"upper_bound":27107.654840351348},"point_estimate":18485.042615264607,"standard_error":5215.239758527184}}