{"mean":{"confidence_interval":{"confidence_level":0.95,"lower_bound":6527349.294531249,"upper_bound":6559353.4345},"point_estimate":6541341.57375,"standard_error":8062.569503902553},"median":{"confidence_interval":{"confidence_level":0.95,"lower_bound":6524206.5,"upper_bound":6525923.5},"point_estimate":6524711.8125,"standard_error":447.13538990250873},"median_abs_dev":{"confidence_interval":{"confidence_level":0.95,"lower_bound":2625.499228388071,"upper_bound":5129.263099562371},"point_estimate":3700.384209305048,"standard_error":599.7159887766514},"slope":null,"std_dev":{"confidence_interval":{"confidence_level":0.95,"lower_bound":9142.470981523678,"upper_bound":119688.96989307787},"point_estimate":81115.81100526202,"standard_error":25137.50313537625}}