{"mean":{"confidence_interval":{"confidence_level":0.95,"lower_bound":7391145.369999995,"upper_bound":7424379.383642857},"point_estimate":7405601.321428572,"standard_error":8569.329270498476},"median":{"confidence_interval":{"confidence_level":0.95,"lower_bound":7383448.928571428,"upper_bound":7385667.5},"point_estimate":7384476.5,"standard_error":598.8839126041553},"median_abs_dev":{"confidence_interval":{"confidence_level":0.95,"lower_bound":3692.838834438611,"upper_bound":7659.323264019633},"point_estimate":5389.886304310488,"standard_error":999.8825816229598},"slope":null,"std_dev":{"confidence_interval":{"confidence_level":0.95,"lower_bound":30735.877752507393,"upper_bound":130411.83091511833},"point_estimate":86252.42258754186,"standard_error":26004.36234590556}}