{"mean":{"confidence_interval":{"confidence_level":0.95,"lower_bound":6530529.6286562495,"upper_bound":6583605.24834375},"point_estimate":6552046.45875,"standard_error":13902.587017306747},"median":{"confidence_interval":{"confidence_level":0.95,"lower_bound":6524639.625,"upper_bound":6527076.375},"point_estimate":6525646.5625,"standard_error":640.7123054973597},"median_abs_dev":{"confidence_interval":{"confidence_level":0.95,"lower_bound":3361.5174528211355,"upper_bound":5888.794432953},"point_estimate":4397.854834422469,"standard_error":659.5919528563172},"slope":null,"std_dev":{"confidence_interval":{"confidence_level":0.95,"lower_bound":21162.16287903271,"upper_bound":225660.0587998661},"point_estimate":139386.85189867057,"standard_error":56096.238927108425}}