{"mean":{"confidence_interval":{"confidence_level":0.95,"lower_bound":6525123.385875,"upper_bound":6528458.0490625},"point_estimate":6526514.6725,"standard_error":865.4846806415388},"median":{"confidence_interval":{"confidence_level":0.95,"lower_bound":6524382.8125,"upper_bound":6525955.1875},"point_estimate":6525527.5,"standard_error":471.3674881976907},"median_abs_dev":{"confidence_interval":{"confidence_level":0.95,"lower_bound":2533.4853675216436,"upper_bound":4352.079560235143},"point_estimate":3371.8029901385307,"standard_error":455.4785318901386},"slope":null,"std_dev":{"confidence_interval":{"confidence_level":0.95,"lower_bound":3065.982040936833,"upper_bound":13771.003051157739},"point_estimate":8686.089806750104,"standard_error":3150.942329101571}}