{"mean":{"confidence_interval":{"confidence_level":0.95,"lower_bound":6526979.735,"upper_bound":6532450.2704375},"point_estimate":6529302.96125,"standard_error":1421.820993532908},"median":{"confidence_interval":{"confidence_level":0.95,"lower_bound":6525256.5625,"upper_bound":6527035.5},"point_estimate":6526319.8125,"standard_error":445.3985397032266},"median_abs_dev":{"confidence_interval":{"confidence_level":0.95,"lower_bound":2671.645152568817,"upper_bound":4471.243533119559},"point_estimate":3524.2327999323606,"standard_error":461.3452224360319},"slope":null,"std_dev":{"confidence_interval":{"confidence_level":0.95,"lower_bound":5161.358814516838,"upper_bound":22287.785024972494},"point_estimate":14325.389568227078,"standard_error":4824.2337057143}}