{"mean":{"confidence_interval":{"confidence_level":0.95,"lower_bound":7381272.496749998,"upper_bound":7385122.603464285},"point_estimate":7383039.018571427,"standard_error":985.9689459615875},"median":{"confidence_interval":{"confidence_level":0.95,"lower_bound":7379067.0,"upper_bound":7381660.428571428},"point_estimate":7380654.142857143,"standard_error":695.127445039069},"median_abs_dev":{"confidence_interval":{"confidence_level":0.95,"lower_bound":3319.4248510685034,"upper_bound":5240.143706968951},"point_estimate":4452.353620955514,"standard_error":503.19612830898706},"slope":null,"std_dev":{"confidence_interval":{"confidence_level":0.95,"lower_bound":6114.489138029853,"upper_bound":13607.527065808925},"point_estimate":9894.71078755872,"standard_error":1980.005067503444}}