{"mean":{"confidence_interval":{"confidence_level":0.95,"lower_bound":7383218.165178573,"upper_bound":7401641.876607144},"point_estimate":7390196.645714282,"standard_error":4959.770988135712},"median":{"confidence_interval":{"confidence_level":0.95,"lower_bound":7381235.857142857,"upper_bound":7383486.428571428},"point_estimate":7381891.928571429,"standard_error":665.836050376047},"median_abs_dev":{"confidence_interval":{"confidence_level":0.95,"lower_bound":3885.8945310115814,"upper_bound":6449.312533001794},"point_estimate":5146.951708623243,"standard_error":646.3679994425893},"slope":null,"std_dev":{"confidence_interval":{"confidence_level":0.95,"lower_bound":6801.257569064157,"upper_bound":83763.9517625227},"point_estimate":50173.83750708915,"standard_error":23926.65471854013}}