{"mean":{"confidence_interval":{"confidence_level":0.95,"lower_bound":6526499.9692187505,"upper_bound":6577442.307},"point_estimate":6547426.69,"standard_error":13385.389677987176},"median":{"confidence_interval":{"confidence_level":0.95,"lower_bound":6521539.625,"upper_bound":6523475.75},"point_estimate":6522538.3125,"standard_error":490.2434486615992},"median_abs_dev":{"confidence_interval":{"confidence_level":0.95,"lower_bound":3347.7107405662537,"upper_bound":5963.758394122124},"point_estimate":4523.968494683504,"standard_error":646.7898946590931},"slope":null,"std_dev":{"confidence_interval":{"confidence_level":0.95,"lower_bound":18818.53667363571,"upper_bound":212818.2814317415},"point_estimate":135021.30113638606,"standard_error":52045.04242457891}}