{"mean":{"confidence_interval":{"confidence_level":0.95,"lower_bound":47631299.656375,"upper_bound":47902645.713},"point_estimate":47763833.18,"standard_error":69216.7094555834},"median":{"confidence_interval":{"confidence_level":0.95,"lower_bound":47520918.75,"upper_bound":47843328.0},"point_estimate":47645116.5,"standard_error":79259.91083415774},"median_abs_dev":{"confidence_interval":{"confidence_level":0.95,"lower_bound":495176.15975886583,"upper_bound":786470.5733611054},"point_estimate":677347.6663246751,"standard_error":73070.42113516596},"slope":null,"std_dev":{"confidence_interval":{"confidence_level":0.95,"lower_bound":579436.867897627,"upper_bound":807616.9056939873},"point_estimate":697642.6026233875,"standard_error":58484.41555658022}}