{"mean":{"confidence_interval":{"confidence_level":0.95,"lower_bound":44078549.11,"upper_bound":44204500.685},"point_estimate":44141081.7,"standard_error":32184.316600879087},"median":{"confidence_interval":{"confidence_level":0.95,"lower_bound":44029977.0,"upper_bound":44201385.0},"point_estimate":44118746.25,"standard_error":44289.71087674549},"median_abs_dev":{"confidence_interval":{"confidence_level":0.95,"lower_bound":253368.96883305168,"upper_bound":400605.18458783627},"point_estimate":324642.6923364401,"standard_error":37612.752695654824},"slope":null,"std_dev":{"confidence_interval":{"confidence_level":0.95,"lower_bound":274924.2333678927,"upper_bound":369024.4964849308},"point_estimate":322923.0392104427,"standard_error":24070.853934886447}}