{"mean":{"confidence_interval":{"confidence_level":0.95,"lower_bound":42261525.211124994,"upper_bound":42411574.04425},"point_estimate":42333908.065,"standard_error":38311.524263681844},"median":{"confidence_interval":{"confidence_level":0.95,"lower_bound":42173674.0,"upper_bound":42346794.5},"point_estimate":42292784.0,"standard_error":56226.65870907967},"median_abs_dev":{"confidence_interval":{"confidence_level":0.95,"lower_bound":226199.53668415546,"upper_bound":384088.65023106337},"point_estimate":305144.2787826061,"standard_error":40503.33626340998},"slope":null,"std_dev":{"confidence_interval":{"confidence_level":0.95,"lower_bound":290506.82084905106,"upper_bound":473761.38662830216},"point_estimate":386234.29203731887,"standard_error":47131.82153318607}}