{"mean":{"confidence_interval":{"confidence_level":0.95,"lower_bound":44748332.267,"upper_bound":45205090.27},"point_estimate":44961155.635,"standard_error":116989.78078848566},"median":{"confidence_interval":{"confidence_level":0.95,"lower_bound":44573761.5,"upper_bound":44833456.5},"point_estimate":44679876.5,"standard_error":72793.17553403367},"median_abs_dev":{"confidence_interval":{"confidence_level":0.95,"lower_bound":393785.22470891476,"upper_bound":704248.1919033442},"point_estimate":539257.9341262579,"standard_error":79657.91717561606},"slope":null,"std_dev":{"confidence_interval":{"confidence_level":0.95,"lower_bound":769444.6079490955,"upper_bound":1527835.5156371137},"point_estimate":1171988.7954570996,"standard_error":194640.94853681908}}