{"mean":{"confidence_interval":{"confidence_level":0.95,"lower_bound":43330924.423374996,"upper_bound":43481045.657125},"point_estimate":43403485.41,"standard_error":38227.43899322989},"median":{"confidence_interval":{"confidence_level":0.95,"lower_bound":43254842.0,"upper_bound":43443616.25},"point_estimate":43350341.75,"standard_error":48387.89410374862},"median_abs_dev":{"confidence_interval":{"confidence_level":0.95,"lower_bound":268048.14484119415,"upper_bound":430843.1817010045},"point_estimate":350563.7289762497,"standard_error":40678.684337342114},"slope":null,"std_dev":{"confidence_interval":{"confidence_level":0.95,"lower_bound":292631.75982222625,"upper_bound":472572.3920641945},"point_estimate":382025.42185524607,"standard_error":46610.3039046825}}