{"mean":{"confidence_interval":{"confidence_level":0.95,"lower_bound":44202236.62,"upper_bound":44834106.12},"point_estimate":44505244.12,"standard_error":161114.42722707655},"median":{"confidence_interval":{"confidence_level":0.95,"lower_bound":43708122.5,"upper_bound":44229397.5},"point_estimate":43948640.0,"standard_error":160345.38910627534},"median_abs_dev":{"confidence_interval":{"confidence_level":0.95,"lower_bound":690660.3021383286,"upper_bound":1347933.935469389},"point_estimate":964338.9910295606,"standard_error":177619.69830518658},"slope":null,"std_dev":{"confidence_interval":{"confidence_level":0.95,"lower_bound":1282722.6129588548,"upper_bound":1935673.6964162188},"point_estimate":1623622.669620079,"standard_error":168311.73622875562}}