{"mean":{"confidence_interval":{"confidence_level":0.95,"lower_bound":42740307.925,"upper_bound":43543379.11},"point_estimate":43075692.985,"standard_error":208738.6804305936},"median":{"confidence_interval":{"confidence_level":0.95,"lower_bound":42615039.5,"upper_bound":42720095.0},"point_estimate":42677050.0,"standard_error":29085.923220096927},"median_abs_dev":{"confidence_interval":{"confidence_level":0.95,"lower_bound":213862.82230317593,"upper_bound":366286.3310471177},"point_estimate":318735.64339131117,"standard_error":38564.53581165052},"slope":null,"std_dev":{"confidence_interval":{"confidence_level":0.95,"lower_bound":457101.1069940362,"upper_bound":3278582.8379985956},"point_estimate":2103787.2367658117,"standard_error":754039.6766082658}}