{"mean":{"confidence_interval":{"confidence_level":0.95,"lower_bound":46777462.855,"upper_bound":47136511.445},"point_estimate":46955840.495,"standard_error":91754.71186138294},"median":{"confidence_interval":{"confidence_level":0.95,"lower_bound":46616678.25,"upper_bound":47132293.5},"point_estimate":46911437.5,"standard_error":118012.9106890891},"median_abs_dev":{"confidence_interval":{"confidence_level":0.95,"lower_bound":822585.7542961836,"upper_bound":1269790.5386567116},"point_estimate":1102002.1050855517,"standard_error":114234.16280538891},"slope":null,"std_dev":{"confidence_interval":{"confidence_level":0.95,"lower_bound":813158.8168239726,"upper_bound":1025569.2004954651},"point_estimate":925825.6440986355,"standard_error":54177.816279680934}}