{"mean":{"confidence_interval":{"confidence_level":0.95,"lower_bound":48123355.415,"upper_bound":48524524.525},"point_estimate":48319845.305,"standard_error":102572.46206871963},"median":{"confidence_interval":{"confidence_level":0.95,"lower_bound":47664069.75,"upper_bound":48265199.0},"point_estimate":48013833.25,"standard_error":152255.44687000997},"median_abs_dev":{"confidence_interval":{"confidence_level":0.95,"lower_bound":615579.9568712711,"upper_bound":1316211.1144825816},"point_estimate":1032822.1370637417,"standard_error":188849.84849985133},"slope":null,"std_dev":{"confidence_interval":{"confidence_level":0.95,"lower_bound":891449.9658590662,"upper_bound":1157735.4756761796},"point_estimate":1032152.4317304374,"standard_error":67980.09636237154}}