{"mean":{"confidence_interval":{"confidence_level":0.95,"lower_bound":42327843.125,"upper_bound":42451142.77475},"point_estimate":42389407.65,"standard_error":31450.35533697804},"median":{"confidence_interval":{"confidence_level":0.95,"lower_bound":42295491.75,"upper_bound":42485356.5},"point_estimate":42409715.0,"standard_error":53229.249255031355},"median_abs_dev":{"confidence_interval":{"confidence_level":0.95,"lower_bound":226426.3744801283,"upper_bound":359190.23692309856},"point_estimate":250338.4881556034,"standard_error":33992.2311913278},"slope":null,"std_dev":{"confidence_interval":{"confidence_level":0.95,"lower_bound":266085.30967805197,"upper_bound":362279.41244426626},"point_estimate":315759.1978066554,"standard_error":24635.995356203093}}