{"mean":{"confidence_interval":{"confidence_level":0.95,"lower_bound":10322.47295641563,"upper_bound":10396.031457232773},"point_estimate":10358.689983333534,"standard_error":18.755750234242445},"median":{"confidence_interval":{"confidence_level":0.95,"lower_bound":10278.445901145267,"upper_bound":10337.361538461539},"point_estimate":10300.294853934482,"standard_error":14.615831108936336},"median_abs_dev":{"confidence_interval":{"confidence_level":0.95,"lower_bound":88.48196815976901,"upper_bound":181.69641650668635},"point_estimate":127.57796045102725,"standard_error":24.05678425114575},"slope":{"confidence_interval":{"confidence_level":0.95,"lower_bound":10277.93562059095,"upper_bound":10340.809109010392},"point_estimate":10304.760917477675,"standard_error":16.33475688741417},"std_dev":{"confidence_interval":{"confidence_level":0.95,"lower_bound":159.93684857396127,"upper_bound":214.60209352422333},"point_estimate":188.95835850675113,"standard_error":13.973318941253318}}