{"mean":{"confidence_interval":{"confidence_level":0.95,"lower_bound":9898.872117380633,"upper_bound":10219.75260679638},"point_estimate":10055.275139526233,"standard_error":82.21507425660768},"median":{"confidence_interval":{"confidence_level":0.95,"lower_bound":9651.88838951311,"upper_bound":9698.778616352201},"point_estimate":9670.657123960695,"standard_error":13.95313654201643},"median_abs_dev":{"confidence_interval":{"confidence_level":0.95,"lower_bound":186.70580015548765,"upper_bound":324.4851227588427},"point_estimate":253.15897249826176,"standard_error":34.797850238168564},"slope":{"confidence_interval":{"confidence_level":0.95,"lower_bound":9545.74284959386,"upper_bound":9619.36519123975},"point_estimate":9578.593484655928,"standard_error":18.787057580486234},"std_dev":{"confidence_interval":{"confidence_level":0.95,"lower_bound":692.0529738756825,"upper_bound":923.6852571957932},"point_estimate":825.6691750050085,"standard_error":59.13725364232582}}