{"mean":{"confidence_interval":{"confidence_level":0.95,"lower_bound":8423.685932367378,"upper_bound":8509.378912988459},"point_estimate":8461.292125177533,"standard_error":22.073803938136244},"median":{"confidence_interval":{"confidence_level":0.95,"lower_bound":8431.473505434782,"upper_bound":8462.628571428571},"point_estimate":8449.766222222222,"standard_error":7.973105650516216},"median_abs_dev":{"confidence_interval":{"confidence_level":0.95,"lower_bound":56.94657085566283,"upper_bound":108.80871806825877},"point_estimate":81.9662489067124,"standard_error":13.41014283824832},"slope":{"confidence_interval":{"confidence_level":0.95,"lower_bound":8452.635454781159,"upper_bound":8554.332799253241},"point_estimate":8494.772645288409,"standard_error":26.50159189349813},"std_dev":{"confidence_interval":{"confidence_level":0.95,"lower_bound":91.0552980479574,"upper_bound":332.7695561016339},"point_estimate":221.92899563691932,"standard_error":65.24071673258152}}