{"mean":{"confidence_interval":{"confidence_level":0.95,"lower_bound":8360.336352913608,"upper_bound":8444.189518639298},"point_estimate":8398.844717557376,"standard_error":21.430799271889562},"median":{"confidence_interval":{"confidence_level":0.95,"lower_bound":8354.941913746632,"upper_bound":8403.044444444444},"point_estimate":8370.069817140338,"standard_error":12.70438757639026},"median_abs_dev":{"confidence_interval":{"confidence_level":0.95,"lower_bound":66.99025552707904,"upper_bound":130.5689688603893},"point_estimate":98.00609741159349,"standard_error":16.853759167545512},"slope":{"confidence_interval":{"confidence_level":0.95,"lower_bound":8379.916117808223,"upper_bound":8434.077433978919},"point_estimate":8404.727817742969,"standard_error":13.803285031608487},"std_dev":{"confidence_interval":{"confidence_level":0.95,"lower_bound":121.62855176415938,"upper_bound":309.2095999255814},"point_estimate":215.30309679320496,"standard_error":50.48274810889353}}