{"mean":{"confidence_interval":{"confidence_level":0.95,"lower_bound":10382.016013485802,"upper_bound":10458.056608816267},"point_estimate":10419.32824079817,"standard_error":19.443625774662245},"median":{"confidence_interval":{"confidence_level":0.95,"lower_bound":10319.932234432234,"upper_bound":10381.16643074913},"point_estimate":10345.114471243043,"standard_error":13.241557898140671},"median_abs_dev":{"confidence_interval":{"confidence_level":0.95,"lower_bound":75.81001928385479,"upper_bound":172.12195098165813},"point_estimate":110.87714440484382,"standard_error":23.525504367146514},"slope":{"confidence_interval":{"confidence_level":0.95,"lower_bound":10304.97729709944,"upper_bound":10337.038298002937},"point_estimate":10320.28973400325,"standard_error":8.154208593859268},"std_dev":{"confidence_interval":{"confidence_level":0.95,"lower_bound":168.2017214456941,"upper_bound":218.92487099563982},"point_estimate":196.05463999390875,"standard_error":12.881957848942804}}