{"mean":{"confidence_interval":{"confidence_level":0.95,"lower_bound":9206.524007469792,"upper_bound":9359.56633713741},"point_estimate":9270.74803689221,"standard_error":39.72665565169409},"median":{"confidence_interval":{"confidence_level":0.95,"lower_bound":9168.30358974359,"upper_bound":9250.561813186812},"point_estimate":9193.286611938787,"standard_error":20.11319123038263},"median_abs_dev":{"confidence_interval":{"confidence_level":0.95,"lower_bound":136.13932191855298,"upper_bound":235.6791190387458},"point_estimate":172.8675716328808,"standard_error":23.74213766115074},"slope":{"confidence_interval":{"confidence_level":0.95,"lower_bound":9119.874412708781,"upper_bound":9172.254310462851},"point_estimate":9143.802258016847,"standard_error":13.359476097653003},"std_dev":{"confidence_interval":{"confidence_level":0.95,"lower_bound":178.54058670530677,"upper_bound":633.6784373627479},"point_estimate":400.7166379854901,"standard_error":148.6955128497198}}