{"mean":{"confidence_interval":{"confidence_level":0.95,"lower_bound":9233.326001447384,"upper_bound":9328.705670539563},"point_estimate":9279.840736576372,"standard_error":24.26962874339411},"median":{"confidence_interval":{"confidence_level":0.95,"lower_bound":9157.305616605616,"upper_bound":9215.1499704142},"point_estimate":9184.949018723211,"standard_error":14.6478252651154},"median_abs_dev":{"confidence_interval":{"confidence_level":0.95,"lower_bound":93.82102408401911,"upper_bound":199.25416942189585},"point_estimate":133.7573363452996,"standard_error":27.386451558049092},"slope":{"confidence_interval":{"confidence_level":0.95,"lower_bound":9126.184193790137,"upper_bound":9163.907835631768},"point_estimate":9144.29313319162,"standard_error":9.593519176548782},"std_dev":{"confidence_interval":{"confidence_level":0.95,"lower_bound":206.56691811785242,"upper_bound":273.3554008711708},"point_estimate":243.30428938023533,"standard_error":17.03575066221029}}