{"mean":{"confidence_interval":{"confidence_level":0.95,"lower_bound":10502.221692506553,"upper_bound":10625.77169829531},"point_estimate":10561.717728800275,"standard_error":31.436619239515448},"median":{"confidence_interval":{"confidence_level":0.95,"lower_bound":10441.334183673469,"upper_bound":10527.993922569029},"point_estimate":10481.616725820764,"standard_error":20.142350212608818},"median_abs_dev":{"confidence_interval":{"confidence_level":0.95,"lower_bound":144.16996360237474,"upper_bound":323.51280582564937},"point_estimate":208.7305698720454,"standard_error":47.23514836300153},"slope":{"confidence_interval":{"confidence_level":0.95,"lower_bound":10348.377190899208,"upper_bound":10414.579933336336},"point_estimate":10380.022889442462,"standard_error":16.92296876128309},"std_dev":{"confidence_interval":{"confidence_level":0.95,"lower_bound":250.3868027396157,"upper_bound":379.3121005127591},"point_estimate":316.18547288922207,"standard_error":33.184346832374196}}