{"mean":{"confidence_interval":{"confidence_level":0.95,"lower_bound":9181.115674517612,"upper_bound":9381.53276981726},"point_estimate":9265.534308507698,"standard_error":51.826296561687506},"median":{"confidence_interval":{"confidence_level":0.95,"lower_bound":9079.94254658385,"upper_bound":9133.212355212356},"point_estimate":9099.821389411027,"standard_error":13.738143117183617},"median_abs_dev":{"confidence_interval":{"confidence_level":0.95,"lower_bound":72.85945794761211,"upper_bound":165.35583826551098},"point_estimate":108.402401024218,"standard_error":24.51067909215134},"slope":{"confidence_interval":{"confidence_level":0.95,"lower_bound":9081.905326697868,"upper_bound":9333.518830648141},"point_estimate":9164.345832084275,"standard_error":72.11573338887938},"std_dev":{"confidence_interval":{"confidence_level":0.95,"lower_bound":234.36481121425453,"upper_bound":821.5858928075859},"point_estimate":523.7567423331268,"standard_error":190.5488125477591}}