{"mean":{"confidence_interval":{"confidence_level":0.95,"lower_bound":9688.531364495788,"upper_bound":9780.512766472048},"point_estimate":9731.192457671943,"standard_error":23.52282272681961},"median":{"confidence_interval":{"confidence_level":0.95,"lower_bound":9639.764079502555,"upper_bound":9700.934137363169},"point_estimate":9671.131170309654,"standard_error":16.381977353986517},"median_abs_dev":{"confidence_interval":{"confidence_level":0.95,"lower_bound":71.47472268522058,"upper_bound":147.60773251044904},"point_estimate":112.76858683118034,"standard_error":19.884363173342287},"slope":{"confidence_interval":{"confidence_level":0.95,"lower_bound":9660.81212377959,"upper_bound":9847.545149891313},"point_estimate":9741.721128220284,"standard_error":48.41449239300043},"std_dev":{"confidence_interval":{"confidence_level":0.95,"lower_bound":146.2404383459621,"upper_bound":319.9058960169113},"point_estimate":236.91602049098273,"standard_error":44.86001184142441}}