{"mean":{"confidence_interval":{"confidence_level":0.95,"lower_bound":9966.133984651275,"upper_bound":10244.858667331546},"point_estimate":10100.271895748623,"standard_error":71.02535572380435},"median":{"confidence_interval":{"confidence_level":0.95,"lower_bound":9715.932671957671,"upper_bound":9801.350666666667},"point_estimate":9737.652134954027,"standard_error":19.763834930928173},"median_abs_dev":{"confidence_interval":{"confidence_level":0.95,"lower_bound":88.87947180000066,"upper_bound":227.06225713423473},"point_estimate":142.77131304391756,"standard_error":36.83672608412129},"slope":{"confidence_interval":{"confidence_level":0.95,"lower_bound":9704.653152053505,"upper_bound":9747.767467274076},"point_estimate":9724.410341953599,"standard_error":10.968112245734426},"std_dev":{"confidence_interval":{"confidence_level":0.95,"lower_bound":588.4950309305455,"upper_bound":813.2471744297092},"point_estimate":712.3053752790554,"standard_error":57.49139809161207}}