{"mean":{"confidence_interval":{"confidence_level":0.95,"lower_bound":7636.736435206357,"upper_bound":7672.1239543547235},"point_estimate":7654.093990475733,"standard_error":8.997508721372972},"median":{"confidence_interval":{"confidence_level":0.95,"lower_bound":7633.8596967963385,"upper_bound":7665.625},"point_estimate":7647.105515252976,"standard_error":7.65493612753397},"median_abs_dev":{"confidence_interval":{"confidence_level":0.95,"lower_bound":54.74921475984462,"upper_bound":93.09026369880861},"point_estimate":74.36504908425043,"standard_error":9.597333914219309},"slope":{"confidence_interval":{"confidence_level":0.95,"lower_bound":7643.221817106545,"upper_bound":7666.085435024634},"point_estimate":7654.864584934239,"standard_error":5.825250648622127},"std_dev":{"confidence_interval":{"confidence_level":0.95,"lower_bound":69.15692457146709,"upper_bound":112.56885378363084},"point_estimate":90.05211799284812,"standard_error":11.389523453071574}}