{"mean":{"confidence_interval":{"confidence_level":0.95,"lower_bound":10294.184246060062,"upper_bound":10394.16960154288},"point_estimate":10343.69439916127,"standard_error":25.54080984002606},"median":{"confidence_interval":{"confidence_level":0.95,"lower_bound":10249.610806451612,"upper_bound":10418.34836309524},"point_estimate":10326.557142857142,"standard_error":42.50542792829276},"median_abs_dev":{"confidence_interval":{"confidence_level":0.95,"lower_bound":242.39320039604945,"upper_bound":345.82583286412324},"point_estimate":310.88989594455415,"standard_error":26.116131023094177},"slope":{"confidence_interval":{"confidence_level":0.95,"lower_bound":10355.71484164652,"upper_bound":10465.027499715034},"point_estimate":10414.505192214318,"standard_error":27.95954745739259},"std_dev":{"confidence_interval":{"confidence_level":0.95,"lower_bound":222.95642840221257,"upper_bound":291.4307160452907},"point_estimate":257.77566862001055,"standard_error":17.471718751432707}}