{"mean":{"confidence_interval":{"confidence_level":0.95,"lower_bound":10353.63153106025,"upper_bound":10442.546911943436},"point_estimate":10397.092747133407,"standard_error":22.677357816541665},"median":{"confidence_interval":{"confidence_level":0.95,"lower_bound":10274.693016729034,"upper_bound":10319.558163265307},"point_estimate":10291.604321938627,"standard_error":12.318175326341695},"median_abs_dev":{"confidence_interval":{"confidence_level":0.95,"lower_bound":62.95828346526294,"upper_bound":135.45801222201925},"point_estimate":88.69703319034409,"standard_error":18.935091631922923},"slope":{"confidence_interval":{"confidence_level":0.95,"lower_bound":10266.290706323478,"upper_bound":10289.268758988599},"point_estimate":10277.346499187232,"standard_error":5.860077842578396},"std_dev":{"confidence_interval":{"confidence_level":0.95,"lower_bound":197.01094412698842,"upper_bound":251.55347848941867},"point_estimate":228.2229802612455,"standard_error":13.977752505815422}}