{"mean":{"confidence_interval":{"confidence_level":0.95,"lower_bound":14712.405423618538,"upper_bound":15028.491533273971},"point_estimate":14862.741453318513,"standard_error":80.5378176389764},"median":{"confidence_interval":{"confidence_level":0.95,"lower_bound":14635.1905982906,"upper_bound":15164.306431273644},"point_estimate":14865.388541823473,"standard_error":184.90147048247667},"median_abs_dev":{"confidence_interval":{"confidence_level":0.95,"lower_bound":562.2611255931316,"upper_bound":945.8831738598952},"point_estimate":736.3704422157797,"standard_error":106.99181255124691},"slope":{"confidence_interval":{"confidence_level":0.95,"lower_bound":14868.460328777832,"upper_bound":15436.417250440338},"point_estimate":15103.640624296644,"standard_error":148.21292883031734},"std_dev":{"confidence_interval":{"confidence_level":0.95,"lower_bound":583.9755460090765,"upper_bound":1080.824483757458},"point_estimate":805.1563922118053,"standard_error":141.8614063072008}}