{"mean":{"confidence_interval":{"confidence_level":0.95,"lower_bound":9616.290592526191,"upper_bound":9712.568778781548},"point_estimate":9663.296652259038,"standard_error":24.545925854208814},"median":{"confidence_interval":{"confidence_level":0.95,"lower_bound":9536.161803713529,"upper_bound":9600.923999538692},"point_estimate":9565.447336377474,"standard_error":18.300899730492105},"median_abs_dev":{"confidence_interval":{"confidence_level":0.95,"lower_bound":75.30705474532294,"upper_bound":199.41502314018322},"point_estimate":114.21779448228946,"standard_error":33.74220945590422},"slope":{"confidence_interval":{"confidence_level":0.95,"lower_bound":9530.886546643529,"upper_bound":9570.091159813648},"point_estimate":9549.304826135885,"standard_error":9.986251942244555},"std_dev":{"confidence_interval":{"confidence_level":0.95,"lower_bound":208.62639401540682,"upper_bound":280.269919790861},"point_estimate":247.10207918242588,"standard_error":18.283687957680964}}