{"mean":{"confidence_interval":{"confidence_level":0.95,"lower_bound":9755.053989100927,"upper_bound":9836.853337238224},"point_estimate":9794.909495659844,"standard_error":20.900473915413396},"median":{"confidence_interval":{"confidence_level":0.95,"lower_bound":9698.83448275862,"upper_bound":9760.527179487179},"point_estimate":9724.658943439565,"standard_error":15.870288908499534},"median_abs_dev":{"confidence_interval":{"confidence_level":0.95,"lower_bound":90.89289516288449,"upper_bound":194.33953700908424},"point_estimate":126.20756743062925,"standard_error":27.27901814233742},"slope":{"confidence_interval":{"confidence_level":0.95,"lower_bound":9668.649335384318,"upper_bound":9704.666946909754},"point_estimate":9685.71788995616,"standard_error":9.150098686170981},"std_dev":{"confidence_interval":{"confidence_level":0.95,"lower_bound":175.2722525318454,"upper_bound":238.94090612956327},"point_estimate":209.61637484037215,"standard_error":16.277806118285852}}