{"mean":{"confidence_interval":{"confidence_level":0.95,"lower_bound":9194.66817434409,"upper_bound":9301.827967674944},"point_estimate":9247.197150224803,"standard_error":27.402834836299668},"median":{"confidence_interval":{"confidence_level":0.95,"lower_bound":9112.206045349882,"upper_bound":9159.29106029106},"point_estimate":9129.623837700761,"standard_error":11.784915358144993},"median_abs_dev":{"confidence_interval":{"confidence_level":0.95,"lower_bound":84.08631683927652,"upper_bound":179.07004064644653},"point_estimate":123.97817397442671,"standard_error":26.358961871049644},"slope":{"confidence_interval":{"confidence_level":0.95,"lower_bound":9103.916032632265,"upper_bound":9137.093847232614},"point_estimate":9120.389349217356,"standard_error":8.443063636563531},"std_dev":{"confidence_interval":{"confidence_level":0.95,"lower_bound":238.1237040622157,"upper_bound":304.00226885365225},"point_estimate":274.88691378597576,"standard_error":16.792967584514187}}