{"mean":{"confidence_interval":{"confidence_level":0.95,"lower_bound":7702.666026188567,"upper_bound":7818.996720988936},"point_estimate":7758.742987169161,"standard_error":29.69633985223303},"median":{"confidence_interval":{"confidence_level":0.95,"lower_bound":7614.8191639610395,"upper_bound":7654.3267857142855},"point_estimate":7631.055598958334,"standard_error":10.108422034628637},"median_abs_dev":{"confidence_interval":{"confidence_level":0.95,"lower_bound":69.06220349024575,"upper_bound":136.46969399736588},"point_estimate":101.16565358768504,"standard_error":16.298092963180206},"slope":{"confidence_interval":{"confidence_level":0.95,"lower_bound":7596.543937667188,"upper_bound":7629.401649672241},"point_estimate":7611.831888761637,"standard_error":8.36113290953227},"std_dev":{"confidence_interval":{"confidence_level":0.95,"lower_bound":243.37415819996926,"upper_bound":339.5259001416774},"point_estimate":297.471295412463,"standard_error":24.547972783342185}}