{"mean":{"confidence_interval":{"confidence_level":0.95,"lower_bound":0.032435870560612375,"upper_bound":0.09150701639269193},"point_estimate":0.05948007356246188,"standard_error":0.015378016060417641},"median":{"confidence_interval":{"confidence_level":0.95,"lower_bound":0.007781336879004064,"upper_bound":0.02296802259024644},"point_estimate":0.01538490781220303,"standard_error":0.0038715084392207466}}