{"mean":{"confidence_interval":{"confidence_level":0.95,"lower_bound":0.002887934665619148,"upper_bound":0.020098605333783576},"point_estimate":0.011797828619654283,"standard_error":0.0044130814201542795},"median":{"confidence_interval":{"confidence_level":0.95,"lower_bound":0.001773465721331302,"upper_bound":0.013597367902169921},"point_estimate":0.009821765989773468,"standard_error":0.0031783217690361464}}