{"mean":{"confidence_interval":{"confidence_level":0.95,"lower_bound":-0.5020951001890123,"upper_bound":-0.4919946057210158},"point_estimate":-0.4968110768800732,"standard_error":0.0026650070021072697},"median":{"confidence_interval":{"confidence_level":0.95,"lower_bound":-0.505511357308943,"upper_bound":-0.5015910297165669},"point_estimate":-0.5032907792243746,"standard_error":0.0010494069004111206}}