{"mean":{"confidence_interval":{"confidence_level":0.95,"lower_bound":-0.02002589367015764,"upper_bound":0.00731266029847475},"point_estimate":-0.006648716968362778,"standard_error":0.006957813729042828},"median":{"confidence_interval":{"confidence_level":0.95,"lower_bound":-0.009341871046756878,"upper_bound":-0.0011260576052276594},"point_estimate":-0.004065320258029526,"standard_error":0.002120481662513076}}