{"mean":{"confidence_interval":{"confidence_level":0.95,"lower_bound":-0.013422035055074994,"upper_bound":0.008264437021975829},"point_estimate":-0.003029639913165627,"standard_error":0.005523187308671632},"median":{"confidence_interval":{"confidence_level":0.95,"lower_bound":-0.003733271934990818,"upper_bound":0.007497017402735914},"point_estimate":0.0023622135816032674,"standard_error":0.003132563543853349}}