{"mean":{"confidence_interval":{"confidence_level":0.95,"lower_bound":-0.0030389355239586794,"upper_bound":0.01705558973987537},"point_estimate":0.007366581190429988,"standard_error":0.0051638328267466635},"median":{"confidence_interval":{"confidence_level":0.95,"lower_bound":-0.0009322587615909832,"upper_bound":0.005209248724764137},"point_estimate":0.0022037685722178235,"standard_error":0.0014637695354408023}}