{"mean":{"confidence_interval":{"confidence_level":0.95,"lower_bound":-0.04427181744561509,"upper_bound":-0.02598988575295661},"point_estimate":-0.035257771646055036,"standard_error":0.004677533858541196},"median":{"confidence_interval":{"confidence_level":0.95,"lower_bound":-0.0481717602286702,"upper_bound":-0.025356923236499074},"point_estimate":-0.037147756184928715,"standard_error":0.006452100743367527}}