{"mean":{"confidence_interval":{"confidence_level":0.95,"lower_bound":-0.00873324164876083,"upper_bound":0.017675264539152157},"point_estimate":0.004162846467574033,"standard_error":0.00679535779251838},"median":{"confidence_interval":{"confidence_level":0.95,"lower_bound":-0.005019738366300874,"upper_bound":0.004125543140408583},"point_estimate":0.00012882932152313842,"standard_error":0.0023199308521749734}}