{"mean":{"confidence_interval":{"confidence_level":0.95,"lower_bound":-0.043351202015324615,"upper_bound":-0.03052142613905018},"point_estimate":-0.036647928969737675,"standard_error":0.0032816464225302686},"median":{"confidence_interval":{"confidence_level":0.95,"lower_bound":-0.040185434672249,"upper_bound":-0.02788918369484461},"point_estimate":-0.033067321054001675,"standard_error":0.0031343397718641367}}