{"mean":{"confidence_interval":{"confidence_level":0.95,"lower_bound":-0.09422920541706108,"upper_bound":-0.05401540824952536},"point_estimate":-0.0720514424587303,"standard_error":0.010301870381596369},"median":{"confidence_interval":{"confidence_level":0.95,"lower_bound":-0.08163485538820314,"upper_bound":-0.06624497027702803},"point_estimate":-0.07413925938491772,"standard_error":0.003681479140373378}}