{"mean":{"confidence_interval":{"confidence_level":0.95,"lower_bound":0.025889278997154683,"upper_bound":0.055542291105200106},"point_estimate":0.04031854218253472,"standard_error":0.007523305112153476},"median":{"confidence_interval":{"confidence_level":0.95,"lower_bound":0.031834072356995646,"upper_bound":0.039632676574232084},"point_estimate":0.03625596551161192,"standard_error":0.002016167711809243}}