{"mean":{"confidence_interval":{"confidence_level":0.95,"lower_bound":-0.04075555988443979,"upper_bound":-0.007833923941443457},"point_estimate":-0.02439861542114452,"standard_error":0.008377686305755442},"median":{"confidence_interval":{"confidence_level":0.95,"lower_bound":-0.017864837809071776,"upper_bound":-0.010462229596868395},"point_estimate":-0.014008498898973487,"standard_error":0.0018429860752754088}}