{"mean":{"confidence_interval":{"confidence_level":0.95,"lower_bound":0.0034669097380193364,"upper_bound":0.03293120625979032},"point_estimate":0.01672337885359676,"standard_error":0.0074491258678598665},"median":{"confidence_interval":{"confidence_level":0.95,"lower_bound":0.009627351245090177,"upper_bound":0.020448185610089098},"point_estimate":0.013614371976146789,"standard_error":0.0028065992027838296}}