{"mean":{"confidence_interval":{"confidence_level":0.95,"lower_bound":0.03368808064062927,"upper_bound":0.06122677697595989},"point_estimate":0.04748496316801254,"standard_error":0.006928665868284038},"median":{"confidence_interval":{"confidence_level":0.95,"lower_bound":0.02370602171329872,"upper_bound":0.0742619687247914},"point_estimate":0.05013411957702463,"standard_error":0.013552269118327949}}