{"mean":{"confidence_interval":{"confidence_level":0.95,"lower_bound":-0.6280087690602216,"upper_bound":-0.607573363498475},"point_estimate":-0.6178565105897378,"standard_error":0.005208124090112321},"median":{"confidence_interval":{"confidence_level":0.95,"lower_bound":-0.6274975863973798,"upper_bound":-0.6017669712185035},"point_estimate":-0.6120551001708039,"standard_error":0.00735230659622682}}