{"mean":{"confidence_interval":{"confidence_level":0.95,"lower_bound":-0.35880102915186857,"upper_bound":-0.3479647905140648},"point_estimate":-0.3533758757911185,"standard_error":0.0028092436189685165},"median":{"confidence_interval":{"confidence_level":0.95,"lower_bound":-0.3566888440118223,"upper_bound":-0.35325603706013786},"point_estimate":-0.35526253945182085,"standard_error":0.0009043950570188925}}