{"mean":{"confidence_interval":{"confidence_level":0.95,"lower_bound":-0.017397971225132664,"upper_bound":-0.0004135383621443088},"point_estimate":-0.008944637150757107,"standard_error":0.004330406117028516},"median":{"confidence_interval":{"confidence_level":0.95,"lower_bound":-0.011557792414800466,"upper_bound":-0.006573826435375407},"point_estimate":-0.009431452185384215,"standard_error":0.0012594266099531844}}