{"mean":{"confidence_interval":{"confidence_level":0.95,"lower_bound":0.020353180723578612,"upper_bound":0.058009613788178344},"point_estimate":0.04154301047635456,"standard_error":0.009710518403406664},"median":{"confidence_interval":{"confidence_level":0.95,"lower_bound":0.04686824234606779,"upper_bound":0.06627406706740291},"point_estimate":0.057602526547052335,"standard_error":0.004945492639190758}}