{"mean":{"confidence_interval":{"confidence_level":0.95,"lower_bound":-0.05448602671952091,"upper_bound":-0.012859290117742964},"point_estimate":-0.03387122570041512,"standard_error":0.010588717910826134},"median":{"confidence_interval":{"confidence_level":0.95,"lower_bound":-0.03949875748262066,"upper_bound":-0.0300753199678786},"point_estimate":-0.03385171109215657,"standard_error":0.002427679841454491}}