{"mean":{"confidence_interval":{"confidence_level":0.95,"lower_bound":-0.057402106172556755,"upper_bound":-0.019508744816181724},"point_estimate":-0.037962326356175136,"standard_error":0.009661834238552682},"median":{"confidence_interval":{"confidence_level":0.95,"lower_bound":-0.020514358655999265,"upper_bound":0.0030489981774735816},"point_estimate":-0.006694019329683831,"standard_error":0.006641468353128805}}