{"mean":{"confidence_interval":{"confidence_level":0.95,"lower_bound":1.327851300523481,"upper_bound":1.4115270675513327},"point_estimate":1.3693429156565515,"standard_error":0.0212756304191175},"median":{"confidence_interval":{"confidence_level":0.95,"lower_bound":1.3379201874421063,"upper_bound":1.4467730996506336},"point_estimate":1.3908973240108131,"standard_error":0.023072570460967286}}