{"mean":{"confidence_interval":{"confidence_level":0.95,"lower_bound":0.02664805736281895,"upper_bound":0.04538030626905524},"point_estimate":0.035722239348660256,"standard_error":0.004769056577308937},"median":{"confidence_interval":{"confidence_level":0.95,"lower_bound":0.026424778665424142,"upper_bound":0.05282634986804705},"point_estimate":0.035992685312959294,"standard_error":0.006880921955475488}}