{"mean":{"confidence_interval":{"confidence_level":0.95,"lower_bound":-0.2020934017137732,"upper_bound":-0.19095554493386088},"point_estimate":-0.1965955867760003,"standard_error":0.002824480427149476},"median":{"confidence_interval":{"confidence_level":0.95,"lower_bound":-0.19782145392002903,"upper_bound":-0.19301333649467922},"point_estimate":-0.19505600027725267,"standard_error":0.001144078858682611}}