{"mean":{"confidence_interval":{"confidence_level":0.95,"lower_bound":-0.42017566408261403,"upper_bound":-0.40184779332705434},"point_estimate":-0.41168889593592517,"standard_error":0.004614785140398556},"median":{"confidence_interval":{"confidence_level":0.95,"lower_bound":-0.43162034714285924,"upper_bound":-0.4262407513803631},"point_estimate":-0.42899289915678596,"standard_error":0.0013626050810909623}}