{"mean":{"confidence_interval":{"confidence_level":0.95,"lower_bound":-0.011380718490633096,"upper_bound":0.013557157333950312},"point_estimate":0.0010784471218987512,"standard_error":0.006362024573779233},"median":{"confidence_interval":{"confidence_level":0.95,"lower_bound":0.0012053836325050613,"upper_bound":0.009450957644712377},"point_estimate":0.004935167781384919,"standard_error":0.0020507547705097048}}