{"mean":{"confidence_interval":{"confidence_level":0.95,"lower_bound":-0.03605496813831374,"upper_bound":-0.015542298131352248},"point_estimate":-0.025447474527500513,"standard_error":0.005226941833873501},"median":{"confidence_interval":{"confidence_level":0.95,"lower_bound":-0.025375290488790947,"upper_bound":-0.010479683586734345},"point_estimate":-0.019148731121256368,"standard_error":0.0037141671907455222}}