{"mean":{"confidence_interval":{"confidence_level":0.95,"lower_bound":0.5762937576284421,"upper_bound":0.5901114894899009},"point_estimate":0.5831963155943196,"standard_error":0.003525521954156047},"median":{"confidence_interval":{"confidence_level":0.95,"lower_bound":0.5740241308053607,"upper_bound":0.5887996715298753},"point_estimate":0.5804696225753405,"standard_error":0.0033707758246291257}}