{"mean":{"confidence_interval":{"confidence_level":0.95,"lower_bound":-0.008514227368297454,"upper_bound":0.014211567058086351},"point_estimate":0.0021668585579033284,"standard_error":0.005707181892867346},"median":{"confidence_interval":{"confidence_level":0.95,"lower_bound":-0.003098474380304972,"upper_bound":0.010326200037572293},"point_estimate":0.002895278006859403,"standard_error":0.0032938307008342745}}