{"mean":{"confidence_interval":{"confidence_level":0.95,"lower_bound":0.010272417197187304,"upper_bound":0.04567560821409332},"point_estimate":0.027248061170113358,"standard_error":0.00920552120762378},"median":{"confidence_interval":{"confidence_level":0.95,"lower_bound":0.014817826473267903,"upper_bound":0.02452520101046285},"point_estimate":0.02008928136939625,"standard_error":0.0023590620400285238}}