{"mean":{"confidence_interval":{"confidence_level":0.95,"lower_bound":-0.03252581466729938,"upper_bound":-0.005231139425792354},"point_estimate":-0.018286417284564593,"standard_error":0.006971317179148063},"median":{"confidence_interval":{"confidence_level":0.95,"lower_bound":-0.019061640522668233,"upper_bound":-0.0017559041829299238},"point_estimate":-0.008244149543378931,"standard_error":0.004324491341553289}}