{"mean":{"confidence_interval":{"confidence_level":0.95,"lower_bound":-0.004127741567961457,"upper_bound":0.008721728929321606},"point_estimate":0.002492753604518949,"standard_error":0.003305540072068681},"median":{"confidence_interval":{"confidence_level":0.95,"lower_bound":-0.0040235779752958445,"upper_bound":0.0010133814790360262},"point_estimate":-0.0022855485649539986,"standard_error":0.0013183808047787674}}