{"mean":{"confidence_interval":{"confidence_level":0.95,"lower_bound":-0.007664344376566147,"upper_bound":0.011908678122379831},"point_estimate":0.0016815363696092156,"standard_error":0.004974292799732726},"median":{"confidence_interval":{"confidence_level":0.95,"lower_bound":-0.00590194944875909,"upper_bound":0.001368213852193323},"point_estimate":-0.002829801141216337,"standard_error":0.002002541016362374}}