{"mean":{"confidence_interval":{"confidence_level":0.95,"lower_bound":-0.01262880775975836,"upper_bound":0.009373431717542458},"point_estimate":-0.0017994531152030202,"standard_error":0.005600608467555316},"median":{"confidence_interval":{"confidence_level":0.95,"lower_bound":-0.01329779238070683,"upper_bound":0.002792828228044525},"point_estimate":-0.004477286513955403,"standard_error":0.004279843491218682}}