{"mean":{"confidence_interval":{"confidence_level":0.95,"lower_bound":-0.03505872005945126,"upper_bound":-0.008142627441547258},"point_estimate":-0.021068525675716265,"standard_error":0.006845372231630512},"median":{"confidence_interval":{"confidence_level":0.95,"lower_bound":-0.028214039564178228,"upper_bound":-0.002287234837725749},"point_estimate":-0.01177874636778753,"standard_error":0.00669805607065463}}