{"mean":{"confidence_interval":{"confidence_level":0.95,"lower_bound":-0.009908989274801105,"upper_bound":0.010514900717680046},"point_estimate":0.000517408104673045,"standard_error":0.005202193170660498},"median":{"confidence_interval":{"confidence_level":0.95,"lower_bound":-0.003163177904338288,"upper_bound":0.012320718721259949},"point_estimate":0.004874009316958361,"standard_error":0.00411374159229947}}