{"mean":{"confidence_interval":{"confidence_level":0.95,"lower_bound":-0.023791142574839327,"upper_bound":-0.01345177766220209},"point_estimate":-0.01854257680893845,"standard_error":0.0026433362992593096},"median":{"confidence_interval":{"confidence_level":0.95,"lower_bound":-0.024051945880067427,"upper_bound":-0.012499931645580229},"point_estimate":-0.01960493459486612,"standard_error":0.0030472081136011845}}