{"mean":{"confidence_interval":{"confidence_level":0.95,"lower_bound":83097.94229215253,"upper_bound":85435.68073605813},"point_estimate":83946.61466388362,"standard_error":651.9629315486741},"median":{"confidence_interval":{"confidence_level":0.95,"lower_bound":83043.08206451613,"upper_bound":83200.59418181819},"point_estimate":83119.71925287356,"standard_error":45.15410573791334},"median_abs_dev":{"confidence_interval":{"confidence_level":0.95,"lower_bound":247.29297845812937,"upper_bound":461.08327768765434},"point_estimate":354.4654312049373,"standard_error":53.63403305632921},"slope":{"confidence_interval":{"confidence_level":0.95,"lower_bound":83261.37831102089,"upper_bound":84500.70534840539},"point_estimate":83703.62559066057,"standard_error":334.69231205083577},"std_dev":{"confidence_interval":{"confidence_level":0.95,"lower_bound":553.3969935573429,"upper_bound":11009.384906274894},"point_estimate":6518.560259140331,"standard_error":3366.205873420904}}