{"mean":{"confidence_interval":{"confidence_level":0.95,"lower_bound":62181.84168404569,"upper_bound":62409.41223906172},"point_estimate":62286.25026251219,"standard_error":57.851362287278654},"median":{"confidence_interval":{"confidence_level":0.95,"lower_bound":62184.90579710145,"upper_bound":62358.50869565217},"point_estimate":62254.996031746035,"standard_error":51.354401489806435},"median_abs_dev":{"confidence_interval":{"confidence_level":0.95,"lower_bound":253.620559658174,"upper_bound":421.9456544103455},"point_estimate":352.069446527299,"standard_error":42.493998773357625},"slope":{"confidence_interval":{"confidence_level":0.95,"lower_bound":62375.74547514617,"upper_bound":62589.34719218454},"point_estimate":62464.66161716171,"standard_error":55.48815767573643},"std_dev":{"confidence_interval":{"confidence_level":0.95,"lower_bound":345.57924443750204,"upper_bound":834.516628820591},"point_estimate":581.9550086563315,"standard_error":136.7245508044483}}