{"mean":{"confidence_interval":{"confidence_level":0.95,"lower_bound":82743.15747452651,"upper_bound":83139.6899950306},"point_estimate":82922.28560822927,"standard_error":101.67090846955332},"median":{"confidence_interval":{"confidence_level":0.95,"lower_bound":82672.83137254902,"upper_bound":82856.88756805808},"point_estimate":82741.47906732117,"standard_error":44.72840167737592},"median_abs_dev":{"confidence_interval":{"confidence_level":0.95,"lower_bound":242.25355429068784,"upper_bound":427.3572579467516},"point_estimate":331.32269805735706,"standard_error":47.65981077360216},"slope":{"confidence_interval":{"confidence_level":0.95,"lower_bound":82779.01114840187,"upper_bound":82998.00291089514},"point_estimate":82877.58485887395,"standard_error":56.05408440761207},"std_dev":{"confidence_interval":{"confidence_level":0.95,"lower_bound":499.9376696323022,"upper_bound":1455.0242761441543},"point_estimate":1020.638542243049,"standard_error":247.88720614327664}}