{"mean":{"confidence_interval":{"confidence_level":0.95,"lower_bound":79840.39012599604,"upper_bound":80065.2715837801},"point_estimate":79947.29652675852,"standard_error":57.2464543633161},"median":{"confidence_interval":{"confidence_level":0.95,"lower_bound":79797.60243664717,"upper_bound":79995.16235294117},"point_estimate":79873.195,"standard_error":46.469329627169955},"median_abs_dev":{"confidence_interval":{"confidence_level":0.95,"lower_bound":264.3726817235653,"upper_bound":425.9756300715314},"point_estimate":339.85374446639065,"standard_error":39.71140482981459},"slope":{"confidence_interval":{"confidence_level":0.95,"lower_bound":79932.48416725974,"upper_bound":80081.46672481502},"point_estimate":80005.95747066647,"standard_error":37.95519302299808},"std_dev":{"confidence_interval":{"confidence_level":0.95,"lower_bound":396.69047683599376,"upper_bound":757.9206818287831},"point_estimate":576.2468175538318,"standard_error":94.68143331853719}}