{"mean":{"confidence_interval":{"confidence_level":0.95,"lower_bound":57975.42760592709,"upper_bound":58121.99107522444},"point_estimate":58048.00211332448,"standard_error":37.37927917719242},"median":{"confidence_interval":{"confidence_level":0.95,"lower_bound":58036.753685897434,"upper_bound":58149.38038548753},"point_estimate":58088.18318602693,"standard_error":28.650139616209046},"median_abs_dev":{"confidence_interval":{"confidence_level":0.95,"lower_bound":251.6340621361257,"upper_bound":461.6187885151536},"point_estimate":380.29102148959936,"standard_error":55.30539258837905},"slope":{"confidence_interval":{"confidence_level":0.95,"lower_bound":58160.17531648969,"upper_bound":58296.67836247981},"point_estimate":58226.02664991872,"standard_error":34.91455160573575},"std_dev":{"confidence_interval":{"confidence_level":0.95,"lower_bound":314.715884413133,"upper_bound":431.4007532328781},"point_estimate":374.748256351485,"standard_error":29.872192653819013}}