{"mean":{"confidence_interval":{"confidence_level":0.95,"lower_bound":76525.79995584732,"upper_bound":76748.37102500824},"point_estimate":76625.80895637661,"standard_error":56.99554487898985},"median":{"confidence_interval":{"confidence_level":0.95,"lower_bound":76516.43809523809,"upper_bound":76606.09495614035},"point_estimate":76571.04985131812,"standard_error":24.46418176748065},"median_abs_dev":{"confidence_interval":{"confidence_level":0.95,"lower_bound":152.19064629127206,"upper_bound":299.09271342553745},"point_estimate":209.090371705812,"standard_error":38.202002509295454},"slope":{"confidence_interval":{"confidence_level":0.95,"lower_bound":76586.40678455243,"upper_bound":76709.16955357256},"point_estimate":76642.83513422984,"standard_error":31.305457243102346},"std_dev":{"confidence_interval":{"confidence_level":0.95,"lower_bound":302.43827153379016,"upper_bound":851.6950711486246},"point_estimate":572.5580083785019,"standard_error":156.79381408333063}}