{"mean":{"confidence_interval":{"confidence_level":0.95,"lower_bound":76948.86202221662,"upper_bound":77262.36936084129},"point_estimate":77084.99220284692,"standard_error":80.7273101997985},"median":{"confidence_interval":{"confidence_level":0.95,"lower_bound":76973.07199379071,"upper_bound":77074.67916666667},"point_estimate":77026.968995459,"standard_error":26.899781684261654},"median_abs_dev":{"confidence_interval":{"confidence_level":0.95,"lower_bound":169.60284146263143,"upper_bound":318.68106234639544},"point_estimate":241.65614340118537,"standard_error":37.410319772177274},"slope":{"confidence_interval":{"confidence_level":0.95,"lower_bound":77044.31375381415,"upper_bound":77146.20901199718},"point_estimate":77092.36558740948,"standard_error":25.956731262602567},"std_dev":{"confidence_interval":{"confidence_level":0.95,"lower_bound":342.6842360954073,"upper_bound":1237.0818322506975},"point_estimate":811.1981670711458,"standard_error":241.59845307606503}}