{"mean":{"confidence_interval":{"confidence_level":0.95,"lower_bound":80001.76152697063,"upper_bound":80180.90123187547},"point_estimate":80091.90049214225,"standard_error":45.92439325512345},"median":{"confidence_interval":{"confidence_level":0.95,"lower_bound":80069.88172348485,"upper_bound":80202.31428571428},"point_estimate":80143.98698412698,"standard_error":38.1323043440101},"median_abs_dev":{"confidence_interval":{"confidence_level":0.95,"lower_bound":232.01624081176612,"upper_bound":451.48613820219765},"point_estimate":328.6003855444397,"standard_error":57.18332959719345},"slope":{"confidence_interval":{"confidence_level":0.95,"lower_bound":80192.76296202306,"upper_bound":80339.87517186046},"point_estimate":80263.58468646865,"standard_error":37.70444903156541},"std_dev":{"confidence_interval":{"confidence_level":0.95,"lower_bound":369.43469622777917,"upper_bound":548.342370890281},"point_estimate":461.8170942930277,"standard_error":45.816524546221686}}