{"mean":{"confidence_interval":{"confidence_level":0.95,"lower_bound":62523.95311420042,"upper_bound":62682.95837950257},"point_estimate":62605.00867743487,"standard_error":40.61979140570358},"median":{"confidence_interval":{"confidence_level":0.95,"lower_bound":62538.37373737374,"upper_bound":62749.60135135135},"point_estimate":62617.94512038934,"standard_error":47.934971974500094},"median_abs_dev":{"confidence_interval":{"confidence_level":0.95,"lower_bound":296.90322740913314,"upper_bound":453.4350867268408},"point_estimate":383.6020383820091,"standard_error":39.556747743540626},"slope":{"confidence_interval":{"confidence_level":0.95,"lower_bound":62735.22106506324,"upper_bound":62844.02812357009},"point_estimate":62791.40222944682,"standard_error":27.702063128258906},"std_dev":{"confidence_interval":{"confidence_level":0.95,"lower_bound":327.1604365704767,"upper_bound":494.55105474620046},"point_estimate":406.98827180253784,"standard_error":43.66263695300016}}