{"mean":{"confidence_interval":{"confidence_level":0.95,"lower_bound":91307.23334169948,"upper_bound":92754.84647396572},"point_estimate":91989.6026298485,"standard_error":369.3309259010143},"median":{"confidence_interval":{"confidence_level":0.95,"lower_bound":91209.79411764706,"upper_bound":92383.77142857143},"point_estimate":91939.08164954338,"standard_error":276.6607840648517},"median_abs_dev":{"confidence_interval":{"confidence_level":0.95,"lower_bound":1615.7880592948052,"upper_bound":2639.0286986857454},"point_estimate":2192.437974551221,"standard_error":258.7812955861253},"slope":{"confidence_interval":{"confidence_level":0.95,"lower_bound":91639.21367560787,"upper_bound":92654.81237392986},"point_estimate":92103.33186641052,"standard_error":258.6066367236614},"std_dev":{"confidence_interval":{"confidence_level":0.95,"lower_bound":2454.062205864593,"upper_bound":5124.490261954032},"point_estimate":3712.96490531601,"standard_error":731.6545591494921}}