{"mean":{"confidence_interval":{"confidence_level":0.95,"lower_bound":79873.12480955264,"upper_bound":80035.36194536173},"point_estimate":79953.5676744575,"standard_error":41.31294437337209},"median":{"confidence_interval":{"confidence_level":0.95,"lower_bound":79900.45833333333,"upper_bound":79997.48263888889},"point_estimate":79934.66408268733,"standard_error":23.964155640501982},"median_abs_dev":{"confidence_interval":{"confidence_level":0.95,"lower_bound":188.589157145702,"upper_bound":355.85613677171796},"point_estimate":269.663684641318,"standard_error":43.97739683060993},"slope":{"confidence_interval":{"confidence_level":0.95,"lower_bound":80023.27410016945,"upper_bound":80244.27036188608},"point_estimate":80123.52707846904,"standard_error":56.72870686475862},"std_dev":{"confidence_interval":{"confidence_level":0.95,"lower_bound":307.583324946784,"upper_bound":512.1397857904877},"point_estimate":413.47521592556086,"standard_error":52.45719574262341}}