{"mean":{"confidence_interval":{"confidence_level":0.95,"lower_bound":58075.56159863072,"upper_bound":58211.69305946829},"point_estimate":58144.5542681281,"standard_error":34.63655408737908},"median":{"confidence_interval":{"confidence_level":0.95,"lower_bound":58134.2734375,"upper_bound":58265.31168831169},"point_estimate":58223.40341659052,"standard_error":30.7035875351879},"median_abs_dev":{"confidence_interval":{"confidence_level":0.95,"lower_bound":223.88621913059478,"upper_bound":410.9988024655364},"point_estimate":304.64611600311105,"standard_error":48.797515068538225},"slope":{"confidence_interval":{"confidence_level":0.95,"lower_bound":58283.19998277187,"upper_bound":58375.53262884805},"point_estimate":58329.794288458696,"standard_error":23.58657431137762},"std_dev":{"confidence_interval":{"confidence_level":0.95,"lower_bound":291.7410916724999,"upper_bound":405.3315390432635},"point_estimate":349.4748371676932,"standard_error":29.110739321453018}}