{"mean":{"confidence_interval":{"confidence_level":0.95,"lower_bound":66115.27016457182,"upper_bound":66324.11930250005},"point_estimate":66212.89922291074,"standard_error":53.12197423076109},"median":{"confidence_interval":{"confidence_level":0.95,"lower_bound":66102.80396270397,"upper_bound":66225.1450617284},"point_estimate":66182.86248870823,"standard_error":38.252605711805316},"median_abs_dev":{"confidence_interval":{"confidence_level":0.95,"lower_bound":240.38986946857685,"upper_bound":414.79115632019494},"point_estimate":337.96688938735105,"standard_error":45.74765694657958},"slope":{"confidence_interval":{"confidence_level":0.95,"lower_bound":66145.64231181743,"upper_bound":66511.4894463053},"point_estimate":66303.94732082164,"standard_error":94.60394248714606},"std_dev":{"confidence_interval":{"confidence_level":0.95,"lower_bound":356.04906222019866,"upper_bound":738.1425137620208},"point_estimate":534.6467807955341,"standard_error":108.42995396351674}}