{"mean":{"confidence_interval":{"confidence_level":0.95,"lower_bound":80298.90775858534,"upper_bound":80503.1762032016},"point_estimate":80399.38500807906,"standard_error":52.181106360279266},"median":{"confidence_interval":{"confidence_level":0.95,"lower_bound":80288.96474953619,"upper_bound":80452.32105263158},"point_estimate":80372.29000000001,"standard_error":45.69473196628528},"median_abs_dev":{"confidence_interval":{"confidence_level":0.95,"lower_bound":241.0442920202238,"upper_bound":541.6226466052107},"point_estimate":322.1324708719205,"standard_error":82.14313340300346},"slope":{"confidence_interval":{"confidence_level":0.95,"lower_bound":80434.96846628316,"upper_bound":80649.8583272313},"point_estimate":80536.80065080538,"standard_error":54.72397949086806},"std_dev":{"confidence_interval":{"confidence_level":0.95,"lower_bound":409.6569768424768,"upper_bound":637.4873227224426},"point_estimate":524.2852483336236,"standard_error":58.64653530367753}}