{"mean":{"confidence_interval":{"confidence_level":0.95,"lower_bound":89239.07653149437,"upper_bound":89651.04838895288},"point_estimate":89439.27147759225,"standard_error":104.63204445925368},"median":{"confidence_interval":{"confidence_level":0.95,"lower_bound":89070.74837209302,"upper_bound":89732.04727272727},"point_estimate":89396.59315476191,"standard_error":156.61887660783898},"median_abs_dev":{"confidence_interval":{"confidence_level":0.95,"lower_bound":824.1679474765298,"upper_bound":1302.620297939786},"point_estimate":1103.0840936105687,"standard_error":120.30178267705655},"slope":{"confidence_interval":{"confidence_level":0.95,"lower_bound":89162.09869369537,"upper_bound":89589.33964144225},"point_estimate":89373.06249150287,"standard_error":108.78050044399704},"std_dev":{"confidence_interval":{"confidence_level":0.95,"lower_bound":836.3821457604541,"upper_bound":1275.740058777078},"point_estimate":1053.9421832303892,"standard_error":114.08602486189119}}