{"mean":{"confidence_interval":{"confidence_level":0.95,"lower_bound":79808.2858775268,"upper_bound":80109.66716143537},"point_estimate":79944.17542166238,"standard_error":76.9597559637597},"median":{"confidence_interval":{"confidence_level":0.95,"lower_bound":79826.7303030303,"upper_bound":79952.9409090909},"point_estimate":79888.19807692309,"standard_error":29.920455677052512},"median_abs_dev":{"confidence_interval":{"confidence_level":0.95,"lower_bound":240.34752933297682,"upper_bound":405.3473255309193},"point_estimate":311.2780419737043,"standard_error":41.62577727847015},"slope":{"confidence_interval":{"confidence_level":0.95,"lower_bound":79968.64827981472,"upper_bound":80216.40235525207},"point_estimate":80081.00484409634,"standard_error":63.54306314408253},"std_dev":{"confidence_interval":{"confidence_level":0.95,"lower_bound":428.6147556403955,"upper_bound":1142.1649357689028},"point_estimate":776.306682050086,"standard_error":205.22241481763874}}