{"mean":{"confidence_interval":{"confidence_level":0.95,"lower_bound":76970.25663826361,"upper_bound":77172.41232390192},"point_estimate":77065.99116458719,"standard_error":51.40526475757006},"median":{"confidence_interval":{"confidence_level":0.95,"lower_bound":76936.30422077922,"upper_bound":77013.39176245211},"point_estimate":76971.78656291834,"standard_error":20.87585978793013},"median_abs_dev":{"confidence_interval":{"confidence_level":0.95,"lower_bound":157.40118434841392,"upper_bound":314.4674664473911},"point_estimate":244.59321566436626,"standard_error":43.23081839243299},"slope":{"confidence_interval":{"confidence_level":0.95,"lower_bound":77059.59070584632,"upper_bound":77306.4383170088},"point_estimate":77172.60815230777,"standard_error":63.62360150087438},"std_dev":{"confidence_interval":{"confidence_level":0.95,"lower_bound":361.7082657765746,"upper_bound":661.1502558574768},"point_estimate":515.6136472168646,"standard_error":77.10567116873547}}