{"mean":{"confidence_interval":{"confidence_level":0.95,"lower_bound":58315.84942930945,"upper_bound":58450.099827161954},"point_estimate":58382.681254251605,"standard_error":34.32898910074771},"median":{"confidence_interval":{"confidence_level":0.95,"lower_bound":58311.3626705653,"upper_bound":58494.67123489537},"point_estimate":58427.57774424324,"standard_error":42.13222192489565},"median_abs_dev":{"confidence_interval":{"confidence_level":0.95,"lower_bound":227.87232530746144,"upper_bound":397.4004064863992},"point_estimate":307.7963367312852,"standard_error":43.62692092075089},"slope":{"confidence_interval":{"confidence_level":0.95,"lower_bound":58496.9423952996,"upper_bound":58644.613968345526},"point_estimate":58565.84684843111,"standard_error":37.7561424596073},"std_dev":{"confidence_interval":{"confidence_level":0.95,"lower_bound":291.70501944579235,"upper_bound":394.39943708701713},"point_estimate":344.58142173038885,"standard_error":26.249416066469553}}