{"mean":{"confidence_interval":{"confidence_level":0.95,"lower_bound":82777.28069534372,"upper_bound":83291.75005870538},"point_estimate":83002.39005975457,"standard_error":132.29517594446253},"median":{"confidence_interval":{"confidence_level":0.95,"lower_bound":82738.935,"upper_bound":82841.48008411677},"point_estimate":82788.90863402063,"standard_error":28.060512078088447},"median_abs_dev":{"confidence_interval":{"confidence_level":0.95,"lower_bound":187.2089849614023,"upper_bound":373.64302234544994},"point_estimate":245.80085595310334,"standard_error":48.000796225840695},"slope":{"confidence_interval":{"confidence_level":0.95,"lower_bound":82909.7834411412,"upper_bound":83799.15611666974},"point_estimate":83272.13846076548,"standard_error":234.2392429031413},"std_dev":{"confidence_interval":{"confidence_level":0.95,"lower_bound":451.6091786315524,"upper_bound":1945.0478687652292},"point_estimate":1330.4716413735644,"standard_error":374.3945540134331}}