{"mean":{"confidence_interval":{"confidence_level":0.95,"lower_bound":79705.95157658972,"upper_bound":79916.19612123126},"point_estimate":79809.49757634159,"standard_error":53.796981205867795},"median":{"confidence_interval":{"confidence_level":0.95,"lower_bound":79710.53403361345,"upper_bound":79871.9303508772},"point_estimate":79779.49008547008,"standard_error":43.72229885119284},"median_abs_dev":{"confidence_interval":{"confidence_level":0.95,"lower_bound":282.6140403194651,"upper_bound":532.8257700053362},"point_estimate":411.15763425176766,"standard_error":64.1181898286576},"slope":{"confidence_interval":{"confidence_level":0.95,"lower_bound":79909.95288177303,"upper_bound":80079.29788139091},"point_estimate":79992.79774552978,"standard_error":43.24214650476486},"std_dev":{"confidence_interval":{"confidence_level":0.95,"lower_bound":401.2276778778206,"upper_bound":687.588907206933},"point_estimate":540.5083954091771,"standard_error":74.53662234277614}}