{"mean":{"confidence_interval":{"confidence_level":0.95,"lower_bound":82320.18722017521,"upper_bound":82561.23690142114},"point_estimate":82431.42546289024,"standard_error":61.542508792053106},"median":{"confidence_interval":{"confidence_level":0.95,"lower_bound":82304.44230769231,"upper_bound":82446.28},"point_estimate":82377.2014423077,"standard_error":34.09442446477106},"median_abs_dev":{"confidence_interval":{"confidence_level":0.95,"lower_bound":205.8777078343038,"upper_bound":365.01070037575096},"point_estimate":271.16732021788397,"standard_error":41.42058928866973},"slope":{"confidence_interval":{"confidence_level":0.95,"lower_bound":82443.80600436612,"upper_bound":82704.60520536645},"point_estimate":82554.57944613566,"standard_error":67.57726209356136},"std_dev":{"confidence_interval":{"confidence_level":0.95,"lower_bound":369.1639308464743,"upper_bound":835.3983166511862},"point_estimate":618.6955932417486,"standard_error":119.52299954453224}}