{"mean":{"confidence_interval":{"confidence_level":0.95,"lower_bound":68145.84806148743,"upper_bound":68302.38222647784},"point_estimate":68219.80900388402,"standard_error":39.93711176027503},"median":{"confidence_interval":{"confidence_level":0.95,"lower_bound":68155.54081632652,"upper_bound":68268.62418300654},"point_estimate":68207.75771604938,"standard_error":29.00279880878983},"median_abs_dev":{"confidence_interval":{"confidence_level":0.95,"lower_bound":197.57248047847244,"upper_bound":346.2331326452194},"point_estimate":270.19042430806195,"standard_error":38.11668804643387},"slope":{"confidence_interval":{"confidence_level":0.95,"lower_bound":68265.44557950954,"upper_bound":68393.00716276071},"point_estimate":68326.02955076104,"standard_error":32.61677026984969},"std_dev":{"confidence_interval":{"confidence_level":0.95,"lower_bound":268.0083234480686,"upper_bound":553.0851566983831},"point_estimate":400.8581785742418,"standard_error":79.1127091731368}}