{"mean":{"confidence_interval":{"confidence_level":0.95,"lower_bound":59398.57762693433,"upper_bound":62659.66347501205},"point_estimate":60824.668069068306,"standard_error":839.822995221794},"median":{"confidence_interval":{"confidence_level":0.95,"lower_bound":58590.36981566821,"upper_bound":58676.51100870456},"point_estimate":58624.856379310346,"standard_error":24.83730068027736},"median_abs_dev":{"confidence_interval":{"confidence_level":0.95,"lower_bound":139.099176863831,"upper_bound":299.28053401255335},"point_estimate":198.9821558892809,"standard_error":41.09602209748182},"slope":{"confidence_interval":{"confidence_level":0.95,"lower_bound":58678.14963750529,"upper_bound":58951.97193792147},"point_estimate":58796.94246342545,"standard_error":70.07012022906427},"std_dev":{"confidence_interval":{"confidence_level":0.95,"lower_bound":3189.935540036618,"upper_bound":12421.887081080831},"point_estimate":8445.2248669412,"standard_error":2358.6009710670755}}