{"mean":{"confidence_interval":{"confidence_level":0.95,"lower_bound":80046.65772477972,"upper_bound":80560.07450277061},"point_estimate":80255.64501274787,"standard_error":133.89439892784125},"median":{"confidence_interval":{"confidence_level":0.95,"lower_bound":80020.21857923498,"upper_bound":80184.16880085367},"point_estimate":80117.8054365565,"standard_error":42.91510108833324},"median_abs_dev":{"confidence_interval":{"confidence_level":0.95,"lower_bound":252.09413720559476,"upper_bound":430.0777754778006},"point_estimate":354.3546437801715,"standard_error":46.24896164999401},"slope":{"confidence_interval":{"confidence_level":0.95,"lower_bound":80246.80691335593,"upper_bound":81379.01923351927},"point_estimate":80657.55732722527,"standard_error":318.92612851916186},"std_dev":{"confidence_interval":{"confidence_level":0.95,"lower_bound":464.1428119572901,"upper_bound":2174.1499377122545},"point_estimate":1347.164604658124,"standard_error":541.3353997393613}}