{"mean":{"confidence_interval":{"confidence_level":0.95,"lower_bound":82649.23002568116,"upper_bound":82973.58978385654},"point_estimate":82791.55807813234,"standard_error":83.09925717751358},"median":{"confidence_interval":{"confidence_level":0.95,"lower_bound":82636.94200220628,"upper_bound":82764.51698113208},"point_estimate":82718.36536092634,"standard_error":33.381203920988156},"median_abs_dev":{"confidence_interval":{"confidence_level":0.95,"lower_bound":203.58967221316504,"upper_bound":397.13911294937424},"point_estimate":288.63256769250876,"standard_error":50.65976216121077},"slope":{"confidence_interval":{"confidence_level":0.95,"lower_bound":82764.05670000253,"upper_bound":83023.13615190296},"point_estimate":82872.88154514556,"standard_error":67.08108584406351},"std_dev":{"confidence_interval":{"confidence_level":0.95,"lower_bound":383.03527305367754,"upper_bound":1274.8500020424385},"point_estimate":835.4557828676737,"standard_error":253.95977099800527}}