{"mean":{"confidence_interval":{"confidence_level":0.95,"lower_bound":61343.438225652055,"upper_bound":61804.34512491298},"point_estimate":61517.344188422074,"standard_error":125.23903444700909},"median":{"confidence_interval":{"confidence_level":0.95,"lower_bound":61369.312290033595,"upper_bound":61489.62195767196},"point_estimate":61443.22146118722,"standard_error":31.071987174795765},"median_abs_dev":{"confidence_interval":{"confidence_level":0.95,"lower_bound":192.10752068361472,"upper_bound":425.12635540121926},"point_estimate":256.9220085176226,"standard_error":60.41622043641026},"slope":{"confidence_interval":{"confidence_level":0.95,"lower_bound":61470.42924176596,"upper_bound":61603.919663189976},"point_estimate":61531.51220235456,"standard_error":34.121701598371985},"std_dev":{"confidence_interval":{"confidence_level":0.95,"lower_bound":296.4529855019321,"upper_bound":2100.114954799408},"point_estimate":1255.4872404500136,"standard_error":612.0205490632843}}