{"mean":{"confidence_interval":{"confidence_level":0.95,"lower_bound":81786.03971706373,"upper_bound":82749.03374524381},"point_estimate":82255.0720540174,"standard_error":245.4105919484065},"median":{"confidence_interval":{"confidence_level":0.95,"lower_bound":81090.53529411765,"upper_bound":82205.2375},"point_estimate":81726.19166666667,"standard_error":271.4970921416454},"median_abs_dev":{"confidence_interval":{"confidence_level":0.95,"lower_bound":1636.5498367454304,"upper_bound":2816.8951797048962},"point_estimate":2261.481242638039,"standard_error":296.2329713003636},"slope":{"confidence_interval":{"confidence_level":0.95,"lower_bound":81370.68174652604,"upper_bound":82609.09498989684},"point_estimate":81943.3777490764,"standard_error":317.1937242790183},"std_dev":{"confidence_interval":{"confidence_level":0.95,"lower_bound":2050.0161474675797,"upper_bound":2830.0137820439095},"point_estimate":2473.4250157934152,"standard_error":199.40163005183686}}