{"mean":{"confidence_interval":{"confidence_level":0.95,"lower_bound":62824.909913496405,"upper_bound":63005.58552277128},"point_estimate":62913.46415553134,"standard_error":46.10070603488758},"median":{"confidence_interval":{"confidence_level":0.95,"lower_bound":62861.39357429719,"upper_bound":63010.26234567901},"point_estimate":62969.55921338548,"standard_error":36.45194282116832},"median_abs_dev":{"confidence_interval":{"confidence_level":0.95,"lower_bound":229.0640836411655,"upper_bound":418.04217193049533},"point_estimate":329.03190937185826,"standard_error":49.49557552557124},"slope":{"confidence_interval":{"confidence_level":0.95,"lower_bound":63041.826098030135,"upper_bound":63163.77496000079},"point_estimate":63099.818530121665,"standard_error":31.06436403612746},"std_dev":{"confidence_interval":{"confidence_level":0.95,"lower_bound":329.46066865214897,"upper_bound":593.7330967056679},"point_estimate":463.9453470011401,"standard_error":67.90152198888438}}