{"mean":{"confidence_interval":{"confidence_level":0.95,"lower_bound":6525178.52403125,"upper_bound":6529238.58546875},"point_estimate":6526992.49625,"standard_error":1041.0452509473541},"median":{"confidence_interval":{"confidence_level":0.95,"lower_bound":6523700.909375,"upper_bound":6525331.25},"point_estimate":6524222.3125,"standard_error":428.35683276817286},"median_abs_dev":{"confidence_interval":{"confidence_level":0.95,"lower_bound":3034.048183634877,"upper_bound":5120.900309085846},"point_estimate":4021.737753599882,"standard_error":507.85983713771407},"slope":null,"std_dev":{"confidence_interval":{"confidence_level":0.95,"lower_bound":5125.615962651321,"upper_bound":14823.748939760724},"point_estimate":10485.904825914453,"standard_error":2456.5307546740396}}