{"mean":{"confidence_interval":{"confidence_level":0.95,"lower_bound":6528270.06759375,"upper_bound":6539834.19375},"point_estimate":6532986.5475,"standard_error":3011.1687946462234},"median":{"confidence_interval":{"confidence_level":0.95,"lower_bound":6525436.625,"upper_bound":6526851.625},"point_estimate":6526260.8125,"standard_error":330.89684917362916},"median_abs_dev":{"confidence_interval":{"confidence_level":0.95,"lower_bound":2735.5822764337063,"upper_bound":5122.674795929339},"point_estimate":4094.6631398051977,"standard_error":617.176123316652},"slope":null,"std_dev":{"confidence_interval":{"confidence_level":0.95,"lower_bound":9052.123175469476,"upper_bound":48422.621179501235},"point_estimate":30146.642410823788,"standard_error":11796.702226542457}}