{"mean":{"confidence_interval":{"confidence_level":0.95,"lower_bound":6526341.82175,"upper_bound":6530228.87184375},"point_estimate":6528065.73875,"standard_error":998.1295542755853},"median":{"confidence_interval":{"confidence_level":0.95,"lower_bound":6524369.3125,"upper_bound":6527320.5},"point_estimate":6525525.8125,"standard_error":730.2220219424308},"median_abs_dev":{"confidence_interval":{"confidence_level":0.95,"lower_bound":3648.581239599735,"upper_bound":5940.222119539976},"point_estimate":4633.402905240655,"standard_error":589.7139293068134},"slope":null,"std_dev":{"confidence_interval":{"confidence_level":0.95,"lower_bound":5364.259631500131,"upper_bound":14729.95170136423},"point_estimate":10057.782591844123,"standard_error":2624.3960615627575}}