{"mean":{"confidence_interval":{"confidence_level":0.95,"lower_bound":7406691.884749999,"upper_bound":7459102.239857145},"point_estimate":7430760.80428571,"standard_error":13455.352515563058},"median":{"confidence_interval":{"confidence_level":0.95,"lower_bound":7379254.571428572,"upper_bound":7384442.142857143},"point_estimate":7380996.928571429,"standard_error":1387.1999615975635},"median_abs_dev":{"confidence_interval":{"confidence_level":0.95,"lower_bound":5785.740497283362,"upper_bound":12237.70053023643},"point_estimate":7713.1204630655275,"standard_error":1640.7443416037404},"slope":null,"std_dev":{"confidence_interval":{"confidence_level":0.95,"lower_bound":79598.13431483677,"upper_bound":179790.79246670174},"point_estimate":134972.53732289615,"standard_error":25519.03007340741}}