{"mean":{"confidence_interval":{"confidence_level":0.95,"lower_bound":6525146.453375,"upper_bound":6531605.2407812495},"point_estimate":6527994.35375,"standard_error":1659.867972681629},"median":{"confidence_interval":{"confidence_level":0.95,"lower_bound":6523042.875,"upper_bound":6525272.0},"point_estimate":6524007.3125,"standard_error":588.217399127782},"median_abs_dev":{"confidence_interval":{"confidence_level":0.95,"lower_bound":2957.69428499043,"upper_bound":5032.68561065197},"point_estimate":3916.1951679736376,"standard_error":532.9293692014794},"slope":null,"std_dev":{"confidence_interval":{"confidence_level":0.95,"lower_bound":5498.860474006782,"upper_bound":23937.40047090009},"point_estimate":16634.99064833769,"standard_error":4357.7571516657445}}