{"mean":{"confidence_interval":{"confidence_level":0.95,"lower_bound":6529335.99484375,"upper_bound":6583840.715031249},"point_estimate":6551862.08375,"standard_error":14257.647697726077},"median":{"confidence_interval":{"confidence_level":0.95,"lower_bound":6523240.625,"upper_bound":6525652.625},"point_estimate":6523967.5625,"standard_error":719.8438690452051},"median_abs_dev":{"confidence_interval":{"confidence_level":0.95,"lower_bound":2793.1998179107923,"upper_bound":5172.698645666242},"point_estimate":3643.674760311842,"standard_error":668.5942725381665},"slope":null,"std_dev":{"confidence_interval":{"confidence_level":0.95,"lower_bound":22081.048440090475,"upper_bound":226374.14734642298},"point_estimate":143663.19369689957,"standard_error":54662.21896557422}}