{"mean":{"confidence_interval":{"confidence_level":0.95,"lower_bound":6526591.788437501,"upper_bound":6539561.88046875},"point_estimate":6532285.05375,"standard_error":3341.491541081609},"median":{"confidence_interval":{"confidence_level":0.95,"lower_bound":6524390.6875,"upper_bound":6526298.625},"point_estimate":6525333.625,"standard_error":501.4846669748981},"median_abs_dev":{"confidence_interval":{"confidence_level":0.95,"lower_bound":3675.4579972475767,"upper_bound":6398.255165470763},"point_estimate":4876.641963422298,"standard_error":660.2054919857835},"slope":null,"std_dev":{"confidence_interval":{"confidence_level":0.95,"lower_bound":8783.606052630625,"upper_bound":48983.32228693811},"point_estimate":33608.64230163103,"standard_error":9371.921145210958}}