{"mean":{"confidence_interval":{"confidence_level":0.95,"lower_bound":6524006.91390625,"upper_bound":6527399.8179375},"point_estimate":6525556.07875,"standard_error":868.0948984653924},"median":{"confidence_interval":{"confidence_level":0.95,"lower_bound":6522180.0,"upper_bound":6523821.125},"point_estimate":6522917.125,"standard_error":385.270378825828},"median_abs_dev":{"confidence_interval":{"confidence_level":0.95,"lower_bound":2399.673770209775,"upper_bound":4047.5905906409025},"point_estimate":3346.8767780810595,"standard_error":453.19023386074497},"slope":null,"std_dev":{"confidence_interval":{"confidence_level":0.95,"lower_bound":5294.019583791735,"upper_bound":12016.533922081016},"point_estimate":8724.116452066035,"standard_error":1762.3549551519802}}