{"mean":{"confidence_interval":{"confidence_level":0.95,"lower_bound":6532018.45340625,"upper_bound":6613870.23896875},"point_estimate":6560907.78625,"standard_error":24594.741343648635},"median":{"confidence_interval":{"confidence_level":0.95,"lower_bound":6528070.75,"upper_bound":6530848.375},"point_estimate":6528960.625,"standard_error":653.5670762422939},"median_abs_dev":{"confidence_interval":{"confidence_level":0.95,"lower_bound":3578.8110114634037,"upper_bound":6542.991671338677},"point_estimate":4812.704839557409,"standard_error":785.0839890103733},"slope":null,"std_dev":{"confidence_interval":{"confidence_level":0.95,"lower_bound":14705.009383503795,"upper_bound":421905.4380107642},"point_estimate":247268.30453371292,"standard_error":141382.18392681086}}