{"mean":{"confidence_interval":{"confidence_level":0.95,"lower_bound":6529947.26615625,"upper_bound":6540877.5833125},"point_estimate":6534802.6825,"standard_error":2815.9534092507383},"median":{"confidence_interval":{"confidence_level":0.95,"lower_bound":6525575.5,"upper_bound":6530015.125},"point_estimate":6527750.1875,"standard_error":1054.4025330476218},"median_abs_dev":{"confidence_interval":{"confidence_level":0.95,"lower_bound":5302.796793356538,"upper_bound":8963.984765857458},"point_estimate":6890.105390176177,"standard_error":951.6193454528179},"slope":null,"std_dev":{"confidence_interval":{"confidence_level":0.95,"lower_bound":13444.686483337262,"upper_bound":40977.50533067323},"point_estimate":28308.05317624157,"standard_error":7160.527550450229}}