{"mean":{"confidence_interval":{"confidence_level":0.95,"lower_bound":6525012.97584375,"upper_bound":6527735.912375},"point_estimate":6526284.5625,"standard_error":697.1480946394263},"median":{"confidence_interval":{"confidence_level":0.95,"lower_bound":6523164.25,"upper_bound":6525556.25},"point_estimate":6524563.125,"standard_error":576.1781015951406},"median_abs_dev":{"confidence_interval":{"confidence_level":0.95,"lower_bound":2553.03715467453,"upper_bound":4447.707258537412},"point_estimate":3549.159011989832,"standard_error":507.2325161330822},"slope":null,"std_dev":{"confidence_interval":{"confidence_level":0.95,"lower_bound":4686.0429559447075,"upper_bound":8929.192435816452},"point_estimate":6998.799553147138,"standard_error":1079.8512256405138}}