{"mean":{"confidence_interval":{"confidence_level":0.95,"lower_bound":7387501.691642854,"upper_bound":7454189.604678572},"point_estimate":7415606.342857144,"standard_error":17365.626402100683},"median":{"confidence_interval":{"confidence_level":0.95,"lower_bound":7377029.857142857,"upper_bound":7379857.0},"point_estimate":7378227.357142857,"standard_error":701.1800783507553},"median_abs_dev":{"confidence_interval":{"confidence_level":0.95,"lower_bound":3701.7344342806823,"upper_bound":6661.533481733943},"point_estimate":4938.1169123306045,"standard_error":763.7081986437155},"slope":null,"std_dev":{"confidence_interval":{"confidence_level":0.95,"lower_bound":35120.92610043608,"upper_bound":267822.54067371244},"point_estimate":174518.8522064484,"standard_error":61973.36799831475}}