{"mean":{"confidence_interval":{"confidence_level":0.95,"lower_bound":6526210.257281249,"upper_bound":6538392.80690625},"point_estimate":6531185.03,"standard_error":3175.7613368068073},"median":{"confidence_interval":{"confidence_level":0.95,"lower_bound":6523486.5,"upper_bound":6525151.0},"point_estimate":6524258.0625,"standard_error":423.4098315220326},"median_abs_dev":{"confidence_interval":{"confidence_level":0.95,"lower_bound":2976.597434654832,"upper_bound":4796.952214837074},"point_estimate":3970.0320795178413,"standard_error":460.5214786577078},"slope":null,"std_dev":{"confidence_interval":{"confidence_level":0.95,"lower_bound":9708.383300140798,"upper_bound":50997.17140614149},"point_estimate":31831.069613422835,"standard_error":12164.301104654061}}