{"mean":{"confidence_interval":{"confidence_level":0.95,"lower_bound":6529230.901374999,"upper_bound":6532751.477875},"point_estimate":6530855.88375,"standard_error":901.6474640360935},"median":{"confidence_interval":{"confidence_level":0.95,"lower_bound":6527577.875,"upper_bound":6529916.0},"point_estimate":6528934.125,"standard_error":477.7024819794272},"median_abs_dev":{"confidence_interval":{"confidence_level":0.95,"lower_bound":3606.702423468232,"upper_bound":5806.880784407258},"point_estimate":4483.011670410633,"standard_error":571.1280257752862},"slope":null,"std_dev":{"confidence_interval":{"confidence_level":0.95,"lower_bound":5801.637891544365,"upper_bound":11860.378322362718},"point_estimate":9064.445170507322,"standard_error":1548.7615849725032}}