{"mean":{"confidence_interval":{"confidence_level":0.95,"lower_bound":6526098.00153125,"upper_bound":6528388.357281251},"point_estimate":6527153.86625,"standard_error":584.8654990807071},"median":{"confidence_interval":{"confidence_level":0.95,"lower_bound":6525270.25,"upper_bound":6526743.5625},"point_estimate":6526038.5,"standard_error":372.04923595409343},"median_abs_dev":{"confidence_interval":{"confidence_level":0.95,"lower_bound":2636.4334031939507,"upper_bound":4656.661192327738},"point_estimate":3607.5363859534264,"standard_error":530.2483214302753},"slope":null,"std_dev":{"confidence_interval":{"confidence_level":0.95,"lower_bound":3710.5726417371206,"upper_bound":8088.402266363295},"point_estimate":5883.912172659693,"standard_error":1158.9068839396223}}