{"mean":{"confidence_interval":{"confidence_level":0.95,"lower_bound":6526327.68303125,"upper_bound":6528767.78690625},"point_estimate":6527474.78875,"standard_error":625.9851465826107},"median":{"confidence_interval":{"confidence_level":0.95,"lower_bound":6525243.75,"upper_bound":6527021.125},"point_estimate":6526258.4375,"standard_error":425.76838568321546},"median_abs_dev":{"confidence_interval":{"confidence_level":0.95,"lower_bound":2550.4426047205925,"upper_bound":4448.819208517671},"point_estimate":3725.0324338674545,"standard_error":502.86751399760647},"slope":null,"std_dev":{"confidence_interval":{"confidence_level":0.95,"lower_bound":4348.286258185801,"upper_bound":7927.399191607306},"point_estimate":6279.416860443886,"standard_error":914.4816022703201}}