{"mean":{"confidence_interval":{"confidence_level":0.95,"lower_bound":6524865.412843751,"upper_bound":6529734.66371875},"point_estimate":6526917.9625,"standard_error":1261.903658734425},"median":{"confidence_interval":{"confidence_level":0.95,"lower_bound":6522744.9375,"upper_bound":6524347.3125},"point_estimate":6523619.0,"standard_error":437.0517346760319},"median_abs_dev":{"confidence_interval":{"confidence_level":0.95,"lower_bound":2169.50707398355,"upper_bound":4260.15836186707},"point_estimate":3156.362681463361,"standard_error":522.1146593588643},"slope":null,"std_dev":{"confidence_interval":{"confidence_level":0.95,"lower_bound":5370.192725930561,"upper_bound":19892.03002654268},"point_estimate":12695.990700814089,"standard_error":4528.143799832695}}