{"mean":{"confidence_interval":{"confidence_level":0.95,"lower_bound":14341203.667750001,"upper_bound":14366019.506749999},"point_estimate":14353720.715,"standard_error":6327.654786409012},"median":{"confidence_interval":{"confidence_level":0.95,"lower_bound":14346187.5,"upper_bound":14363957.25},"point_estimate":14356758.625,"standard_error":4900.172807908732},"median_abs_dev":{"confidence_interval":{"confidence_level":0.95,"lower_bound":35518.091594427824,"upper_bound":87224.13632646203},"point_estimate":57644.042951613665,"standard_error":13627.930252487702},"slope":null,"std_dev":{"confidence_interval":{"confidence_level":0.95,"lower_bound":54657.08581561082,"upper_bound":71230.45738149263},"point_estimate":63425.70024669902,"standard_error":4235.94182138444}}