{"mean":{"confidence_interval":{"confidence_level":0.95,"lower_bound":6529070.1029375,"upper_bound":6542206.073406249},"point_estimate":6534962.19625,"standard_error":3371.9214220519634},"median":{"confidence_interval":{"confidence_level":0.95,"lower_bound":6524938.25,"upper_bound":6527058.5},"point_estimate":6526050.3125,"standard_error":540.368869286977},"median_abs_dev":{"confidence_interval":{"confidence_level":0.95,"lower_bound":2812.8628000617027,"upper_bound":5040.932573005557},"point_estimate":3704.0907092392445,"standard_error":597.387027776937},"slope":null,"std_dev":{"confidence_interval":{"confidence_level":0.95,"lower_bound":16302.880741100182,"upper_bound":47255.02055081363},"point_estimate":33959.135139396596,"standard_error":7959.498729180519}}