{"mean":{"confidence_interval":{"confidence_level":0.95,"lower_bound":6524694.78334375,"upper_bound":6534763.635},"point_estimate":6528641.93625,"standard_error":2677.514064672211},"median":{"confidence_interval":{"confidence_level":0.95,"lower_bound":6522792.375,"upper_bound":6524172.5},"point_estimate":6523357.1875,"standard_error":353.31585805536366},"median_abs_dev":{"confidence_interval":{"confidence_level":0.95,"lower_bound":2154.681074246764,"upper_bound":3672.6781222969294},"point_estimate":2935.362622886896,"standard_error":394.5982657920296},"slope":null,"std_dev":{"confidence_interval":{"confidence_level":0.95,"lower_bound":5513.522199996324,"upper_bound":44177.06316361109},"point_estimate":26866.578914081296,"standard_error":11777.325102576271}}