{"mean":{"confidence_interval":{"confidence_level":0.95,"lower_bound":6309701.6436250005,"upper_bound":6363561.051375},"point_estimate":6336311.57375,"standard_error":13710.995050143121},"median":{"confidence_interval":{"confidence_level":0.95,"lower_bound":6278942.0625,"upper_bound":6362988.0625},"point_estimate":6309750.6875,"standard_error":19314.284681226232},"median_abs_dev":{"confidence_interval":{"confidence_level":0.95,"lower_bound":118580.9033797682,"upper_bound":188433.26523807828},"point_estimate":156348.87749925256,"standard_error":18232.29168297063},"slope":null,"std_dev":{"confidence_interval":{"confidence_level":0.95,"lower_bound":119273.27531309587,"upper_bound":155104.6557863048},"point_estimate":137326.8594930762,"standard_error":9188.109452685887}}