{"mean":{"confidence_interval":{"confidence_level":0.95,"lower_bound":14487871.2575,"upper_bound":14503371.6704375},"point_estimate":14495614.415,"standard_error":3950.0773905738424},"median":{"confidence_interval":{"confidence_level":0.95,"lower_bound":14491314.75,"upper_bound":14503700.75},"point_estimate":14497539.0,"standard_error":3274.4720652302003},"median_abs_dev":{"confidence_interval":{"confidence_level":0.95,"lower_bound":28152.534925192595,"upper_bound":42095.090402662754},"point_estimate":35460.27019545436,"standard_error":3328.503238022424},"slope":null,"std_dev":{"confidence_interval":{"confidence_level":0.95,"lower_bound":33621.15351961387,"upper_bound":45188.21454473047},"point_estimate":39713.17048322663,"standard_error":2945.758823225088}}