{"mean":{"confidence_interval":{"confidence_level":0.95,"lower_bound":6524721.181812501,"upper_bound":6530715.15},"point_estimate":6527286.0525,"standard_error":1553.3880201155193},"median":{"confidence_interval":{"confidence_level":0.95,"lower_bound":6522056.875,"upper_bound":6524088.125},"point_estimate":6522923.75,"standard_error":587.7363428053667},"median_abs_dev":{"confidence_interval":{"confidence_level":0.95,"lower_bound":2628.3578664623215,"upper_bound":4967.451211810112},"point_estimate":3416.2809893488884,"standard_error":621.1793846834161},"slope":null,"std_dev":{"confidence_interval":{"confidence_level":0.95,"lower_bound":7068.942597781762,"upper_bound":24138.955477915722},"point_estimate":15647.143521859844,"standard_error":5244.311516660439}}