{"mean":{"confidence_interval":{"confidence_level":0.95,"lower_bound":6710698.07659375,"upper_bound":6773048.6941875005},"point_estimate":6741769.74875,"standard_error":15884.920177092776},"median":{"confidence_interval":{"confidence_level":0.95,"lower_bound":6661508.0625,"upper_bound":6778484.0625},"point_estimate":6739278.5,"standard_error":33323.35740552519},"median_abs_dev":{"confidence_interval":{"confidence_level":0.95,"lower_bound":152317.4101833254,"upper_bound":247331.59008398652},"point_estimate":221138.58901150525,"standard_error":25483.585396451283},"slope":null,"std_dev":{"confidence_interval":{"confidence_level":0.95,"lower_bound":143582.66397266768,"upper_bound":172413.51774011672},"point_estimate":159304.37096573942,"standard_error":7335.016865649475}}