{"mean":{"confidence_interval":{"confidence_level":0.95,"lower_bound":6523505.918,"upper_bound":6525422.86653125},"point_estimate":6524417.38,"standard_error":490.25691946455686},"median":{"confidence_interval":{"confidence_level":0.95,"lower_bound":6522194.0,"upper_bound":6524092.4375},"point_estimate":6522904.625,"standard_error":492.75009581762356},"median_abs_dev":{"confidence_interval":{"confidence_level":0.95,"lower_bound":2331.295796111226,"upper_bound":3970.6089035700957},"point_estimate":2970.7596972584724,"standard_error":423.1688266198722},"slope":null,"std_dev":{"confidence_interval":{"confidence_level":0.95,"lower_bound":3595.7091339222607,"upper_bound":6090.46327470054},"point_estimate":4931.844317539789,"standard_error":639.5206863169608}}