{"mean":{"confidence_interval":{"confidence_level":0.95,"lower_bound":33518.78156958546,"upper_bound":33774.93343191601},"point_estimate":33653.90813364517,"standard_error":64.82832394252782},"median":{"confidence_interval":{"confidence_level":0.95,"lower_bound":33716.2220338983,"upper_bound":33751.571779597914},"point_estimate":33730.377844885435,"standard_error":9.930633607442084},"median_abs_dev":{"confidence_interval":{"confidence_level":0.95,"lower_bound":73.80848145080283,"upper_bound":144.68165676226914},"point_estimate":106.32611974465969,"standard_error":17.508714551470476},"slope":{"confidence_interval":{"confidence_level":0.95,"lower_bound":33788.30139468682,"upper_bound":34023.70212989928},"point_estimate":33880.14716437614,"standard_error":62.67444881108865},"std_dev":{"confidence_interval":{"confidence_level":0.95,"lower_bound":293.59141787681943,"upper_bound":949.0847576508788},"point_estimate":648.5409790953003,"standard_error":168.0476711495478}}