{"mean":{"confidence_interval":{"confidence_level":0.95,"lower_bound":-0.04311925094991647,"upper_bound":-0.017631107063745446},"point_estimate":-0.030336440611161142,"standard_error":0.006470741698954214},"median":{"confidence_interval":{"confidence_level":0.95,"lower_bound":-0.017168988742849556,"upper_bound":-0.009119998746698554},"point_estimate":-0.013641767993016085,"standard_error":0.0020475846248923534}}