{"mean":{"confidence_interval":{"confidence_level":0.95,"lower_bound":-0.008245823104150606,"upper_bound":0.023783485853195917},"point_estimate":0.008258950738541992,"standard_error":0.008010036220615404},"median":{"confidence_interval":{"confidence_level":0.95,"lower_bound":0.0002856146762910683,"upper_bound":0.006203303454236142},"point_estimate":0.0037616696408036,"standard_error":0.0014320147894640502}}