{"mean":{"confidence_interval":{"confidence_level":0.95,"lower_bound":-0.022878986706746172,"upper_bound":0.005856314829392627},"point_estimate":-0.00966799328241097,"standard_error":0.00741850756695675},"median":{"confidence_interval":{"confidence_level":0.95,"lower_bound":-0.016706986015342595,"upper_bound":-0.0065229580550836275},"point_estimate":-0.013861880166984197,"standard_error":0.00263141486720674}}