{"mean":{"confidence_interval":{"confidence_level":0.95,"lower_bound":-0.012796283272226115,"upper_bound":0.015127079829646893},"point_estimate":0.0005940132647208607,"standard_error":0.007079661846200615},"median":{"confidence_interval":{"confidence_level":0.95,"lower_bound":-0.0009916240166906176,"upper_bound":0.009168479668606455},"point_estimate":0.0044281183195378215,"standard_error":0.0026831914912971073}}