{"mean":{"confidence_interval":{"confidence_level":0.95,"lower_bound":-0.021999240840291524,"upper_bound":0.008549629998092905},"point_estimate":-0.006508386754334516,"standard_error":0.007847618112270983},"median":{"confidence_interval":{"confidence_level":0.95,"lower_bound":-0.014070999822027863,"upper_bound":-0.006363777382606739},"point_estimate":-0.00980294109992963,"standard_error":0.0019410186647646729}}