{"mean":{"confidence_interval":{"confidence_level":0.95,"lower_bound":-0.018241919190471224,"upper_bound":0.006671981497138454},"point_estimate":-0.005919089411289602,"standard_error":0.006251574205701527},"median":{"confidence_interval":{"confidence_level":0.95,"lower_bound":-0.008654522433891173,"upper_bound":-0.0020991009539443883},"point_estimate":-0.006144433078818845,"standard_error":0.0015417222527971703}}