{"mean":{"confidence_interval":{"confidence_level":0.95,"lower_bound":0.013960865105358811,"upper_bound":0.04710214859826119},"point_estimate":0.030653873976962398,"standard_error":0.008501229138385332},"median":{"confidence_interval":{"confidence_level":0.95,"lower_bound":0.013275709222659629,"upper_bound":0.04645914137658491},"point_estimate":0.015747984748346378,"standard_error":0.009327422250399994}}