{"mean":{"confidence_interval":{"confidence_level":0.95,"lower_bound":-0.008588933328024469,"upper_bound":0.014822490916138052},"point_estimate":0.002984599319802106,"standard_error":0.005876367285310341},"median":{"confidence_interval":{"confidence_level":0.95,"lower_bound":0.0013304223509216229,"upper_bound":0.005827792370281193},"point_estimate":0.0033823603237592703,"standard_error":0.0011470698980614743}}