{"mean":{"confidence_interval":{"confidence_level":0.95,"lower_bound":-0.2281192345363919,"upper_bound":-0.21152149624589794},"point_estimate":-0.220417462142095,"standard_error":0.004244419827817881},"median":{"confidence_interval":{"confidence_level":0.95,"lower_bound":-0.22486724682062043,"upper_bound":-0.2201652173903923},"point_estimate":-0.22209867168301,"standard_error":0.001216341453287765}}