{"mean":{"confidence_interval":{"confidence_level":0.95,"lower_bound":0.054510380869290845,"upper_bound":0.0928292251566741},"point_estimate":0.07451127348069919,"standard_error":0.009707782116675353},"median":{"confidence_interval":{"confidence_level":0.95,"lower_bound":0.0767324651437522,"upper_bound":0.09829291546317998},"point_estimate":0.08913540957071464,"standard_error":0.005174694759577561}}