{"mean":{"confidence_interval":{"confidence_level":0.95,"lower_bound":-0.00620364971591806,"upper_bound":0.028499221418961804},"point_estimate":0.010842054014660096,"standard_error":0.00884953655273628},"median":{"confidence_interval":{"confidence_level":0.95,"lower_bound":0.009570707572479744,"upper_bound":0.01623637923481347},"point_estimate":0.012675788766667084,"standard_error":0.001648375584413639}}