{"mean":{"confidence_interval":{"confidence_level":0.95,"lower_bound":-0.004398496035964977,"upper_bound":0.028274831853414846},"point_estimate":0.012109935312248687,"standard_error":0.00827260998957989},"median":{"confidence_interval":{"confidence_level":0.95,"lower_bound":0.014326254985234321,"upper_bound":0.022036358920382693},"point_estimate":0.0188241539667926,"standard_error":0.002007680374581034}}