{"mean":{"confidence_interval":{"confidence_level":0.95,"lower_bound":0.0092966865916092,"upper_bound":0.04106646145615784},"point_estimate":0.025302481877315763,"standard_error":0.008047991388592062},"median":{"confidence_interval":{"confidence_level":0.95,"lower_bound":0.019952205662025293,"upper_bound":0.026301207081596223},"point_estimate":0.02280581018113459,"standard_error":0.0017175413972555338}}