{"mean":{"confidence_interval":{"confidence_level":0.95,"lower_bound":-0.01977307992328021,"upper_bound":0.009330174153764009},"point_estimate":-0.004792800661848617,"standard_error":0.007381772666725296},"median":{"confidence_interval":{"confidence_level":0.95,"lower_bound":-0.0017708808834220324,"upper_bound":0.009943383975645093},"point_estimate":0.004998935233103685,"standard_error":0.0029524355808869113}}