{"mean":{"confidence_interval":{"confidence_level":0.95,"lower_bound":0.007891737027522635,"upper_bound":0.03842658477381366},"point_estimate":0.024581285523497254,"standard_error":0.007726856230028159},"median":{"confidence_interval":{"confidence_level":0.95,"lower_bound":0.017433960351917133,"upper_bound":0.023577602510780116},"point_estimate":0.020852196549861146,"standard_error":0.0016193561222218092}}