{"mean":{"confidence_interval":{"confidence_level":0.95,"lower_bound":0.009509631781220381,"upper_bound":0.03963850327317842},"point_estimate":0.02482165685932136,"standard_error":0.007732770389514765},"median":{"confidence_interval":{"confidence_level":0.95,"lower_bound":0.013077364437423739,"upper_bound":0.019667332993591025},"point_estimate":0.01631606910854977,"standard_error":0.0017155950177016575}}