{"mean":{"confidence_interval":{"confidence_level":0.95,"lower_bound":-0.06024895487022581,"upper_bound":-0.03263247696770832},"point_estimate":-0.04617994663765179,"standard_error":0.006989013296763494},"median":{"confidence_interval":{"confidence_level":0.95,"lower_bound":-0.04743097762096482,"upper_bound":-0.03887450228269699},"point_estimate":-0.043967171626510426,"standard_error":0.0022189754997990027}}