{"mean":{"confidence_interval":{"confidence_level":0.95,"lower_bound":-0.16409312160123757,"upper_bound":-0.1417368654321141},"point_estimate":-0.153285427769147,"standard_error":0.005674828963379199},"median":{"confidence_interval":{"confidence_level":0.95,"lower_bound":-0.15419807297992646,"upper_bound":-0.1491253314492943},"point_estimate":-0.15250292234059404,"standard_error":0.0013295830170533356}}