{"mean":{"confidence_interval":{"confidence_level":0.95,"lower_bound":-0.014319738870531836,"upper_bound":0.01916101243758069},"point_estimate":0.001732219790907541,"standard_error":0.008522033936712995},"median":{"confidence_interval":{"confidence_level":0.95,"lower_bound":-0.009262447758700502,"upper_bound":0.001704376723352219},"point_estimate":-0.004862839616440184,"standard_error":0.0029392264420001236}}