{"mean":{"confidence_interval":{"confidence_level":0.95,"lower_bound":-0.19799812071664888,"upper_bound":-0.17544225804528651},"point_estimate":-0.1869286893514167,"standard_error":0.005752618683826093},"median":{"confidence_interval":{"confidence_level":0.95,"lower_bound":-0.18127783109657036,"upper_bound":-0.17534232601629685},"point_estimate":-0.17869337337811642,"standard_error":0.001562489595019979}}