{"mean":{"confidence_interval":{"confidence_level":0.95,"lower_bound":-0.029823612655326116,"upper_bound":0.0026398951058009823},"point_estimate":-0.013812940929336825,"standard_error":0.008270546347205672},"median":{"confidence_interval":{"confidence_level":0.95,"lower_bound":-0.006754468602255259,"upper_bound":0.002201593429134988},"point_estimate":-0.0018849158430233048,"standard_error":0.0022202929582740057}}