{"mean":{"confidence_interval":{"confidence_level":0.95,"lower_bound":-0.02743337793082746,"upper_bound":-0.0039703036249014575},"point_estimate":-0.01595376215868749,"standard_error":0.005974494907815704},"median":{"confidence_interval":{"confidence_level":0.95,"lower_bound":-0.011706772063968973,"upper_bound":-0.0071262998698427005},"point_estimate":-0.009555887480908964,"standard_error":0.0011714264001383586}}