{"mean":{"confidence_interval":{"confidence_level":0.95,"lower_bound":0.13571981216299006,"upper_bound":0.15964209464268544},"point_estimate":0.14793273943448204,"standard_error":0.0060134842990344495},"median":{"confidence_interval":{"confidence_level":0.95,"lower_bound":0.14374955868669115,"upper_bound":0.15233172894547176},"point_estimate":0.14704231644903154,"standard_error":0.0022200304131316487}}