{"mean":{"confidence_interval":{"confidence_level":0.95,"lower_bound":0.02132022502721481,"upper_bound":0.05284402482175279},"point_estimate":0.03654121003176147,"standard_error":0.008016096904404977},"median":{"confidence_interval":{"confidence_level":0.95,"lower_bound":0.03208151177183649,"upper_bound":0.0403591790680875},"point_estimate":0.036028317130294196,"standard_error":0.002065237309787813}}