{"mean":{"confidence_interval":{"confidence_level":0.95,"lower_bound":-0.02575017312177378,"upper_bound":0.00548147926931365},"point_estimate":-0.010788796658952937,"standard_error":0.007956457167073923},"median":{"confidence_interval":{"confidence_level":0.95,"lower_bound":-0.03364458152126315,"upper_bound":-0.0027439107085565073},"point_estimate":-0.018471700164232163,"standard_error":0.00840763296890665}}