{"mean":{"confidence_interval":{"confidence_level":0.95,"lower_bound":-0.021299739604257233,"upper_bound":0.00682322249418296},"point_estimate":-0.007200691394188219,"standard_error":0.0070629871385706425},"median":{"confidence_interval":{"confidence_level":0.95,"lower_bound":0.0006113341484608191,"upper_bound":0.00998009566573499},"point_estimate":0.005586580397152208,"standard_error":0.0023187811030609155}}