{"mean":{"confidence_interval":{"confidence_level":0.95,"lower_bound":-0.01696152831148043,"upper_bound":0.017367970142557646},"point_estimate":-0.00011380817947581612,"standard_error":0.008817257898624021},"median":{"confidence_interval":{"confidence_level":0.95,"lower_bound":-0.008516871986221641,"upper_bound":0.0008774994028704075},"point_estimate":-0.005322360250427538,"standard_error":0.002432097030516512}}