{"mean":{"confidence_interval":{"confidence_level":0.95,"lower_bound":-0.025013365163154673,"upper_bound":0.0053540832833649},"point_estimate":-0.010004284010818654,"standard_error":0.00775809167824885},"median":{"confidence_interval":{"confidence_level":0.95,"lower_bound":-0.018587746006469064,"upper_bound":-0.009769294132856987},"point_estimate":-0.015190476894375471,"standard_error":0.0023905644759935362}}