{"mean":{"confidence_interval":{"confidence_level":0.95,"lower_bound":-0.000296954143512105,"upper_bound":0.029433545518675826},"point_estimate":0.014635741843172179,"standard_error":0.007576291444897585},"median":{"confidence_interval":{"confidence_level":0.95,"lower_bound":0.0015644059299178004,"upper_bound":0.006724157447632884},"point_estimate":0.0037682731400043856,"standard_error":0.0012204726577578447}}