{"mean":{"confidence_interval":{"confidence_level":0.95,"lower_bound":-0.03129310543056894,"upper_bound":-0.003556224782952072},"point_estimate":-0.016979720952701727,"standard_error":0.0070243288496749596},"median":{"confidence_interval":{"confidence_level":0.95,"lower_bound":-0.009347076782756147,"upper_bound":-0.001172987393750935},"point_estimate":-0.004978245992640407,"standard_error":0.00209665305798817}}