{"mean":{"confidence_interval":{"confidence_level":0.95,"lower_bound":-0.008027665002167754,"upper_bound":0.018833221999820373},"point_estimate":0.005285368876539298,"standard_error":0.00677404107337918},"median":{"confidence_interval":{"confidence_level":0.95,"lower_bound":-0.0018461411610994904,"upper_bound":0.004432165211438965},"point_estimate":0.0020398604988971503,"standard_error":0.0016288329017065434}}