{"mean":{"confidence_interval":{"confidence_level":0.95,"lower_bound":0.020517979304738063,"upper_bound":0.049437979611426035},"point_estimate":0.03498915738673447,"standard_error":0.007358902586639235},"median":{"confidence_interval":{"confidence_level":0.95,"lower_bound":0.028507124688686325,"upper_bound":0.03750885058057353},"point_estimate":0.03372583283563535,"standard_error":0.002223818533269851}}