{"mean":{"confidence_interval":{"confidence_level":0.95,"lower_bound":-0.04750128334837318,"upper_bound":-0.02224883374488681},"point_estimate":-0.03491330207153387,"standard_error":0.006418247223816172},"median":{"confidence_interval":{"confidence_level":0.95,"lower_bound":-0.0393668935960223,"upper_bound":-0.03364383540389828},"point_estimate":-0.037114720295220116,"standard_error":0.0015182563740650462}}