{"mean":{"confidence_interval":{"confidence_level":0.95,"lower_bound":-0.051156171694446015,"upper_bound":-0.023308739609698325},"point_estimate":-0.03759775951484412,"standard_error":0.007026987964498433},"median":{"confidence_interval":{"confidence_level":0.95,"lower_bound":-0.05038424023487531,"upper_bound":-0.031876117435116536},"point_estimate":-0.04240895294391611,"standard_error":0.0047691511029752335}}