{"mean":{"confidence_interval":{"confidence_level":0.95,"lower_bound":0.0034166737270386583,"upper_bound":0.03565887318342652},"point_estimate":0.019376811917156234,"standard_error":0.008181497060426946},"median":{"confidence_interval":{"confidence_level":0.95,"lower_bound":0.020285558008512616,"upper_bound":0.02629783251439144},"point_estimate":0.023075665378957222,"standard_error":0.0014849687735942402}}