{"mean":{"confidence_interval":{"confidence_level":0.95,"lower_bound":-0.046986294829894894,"upper_bound":-0.019160265175845584},"point_estimate":-0.03314613715597403,"standard_error":0.007051354659859857},"median":{"confidence_interval":{"confidence_level":0.95,"lower_bound":-0.028037512781978635,"upper_bound":-0.02223051105370155},"point_estimate":-0.024966682695170328,"standard_error":0.001400529809188074}}