{"mean":{"confidence_interval":{"confidence_level":0.95,"lower_bound":-0.010145773498170823,"upper_bound":0.025540611961136335},"point_estimate":0.008238173056910991,"standard_error":0.009036492407834176},"median":{"confidence_interval":{"confidence_level":0.95,"lower_bound":-0.004729162096313577,"upper_bound":0.02396092356647106},"point_estimate":0.01896205312192567,"standard_error":0.006624059569604808}}