{"mean":{"confidence_interval":{"confidence_level":0.95,"lower_bound":-0.006387288052876817,"upper_bound":0.021987907026780378},"point_estimate":0.007463101162951347,"standard_error":0.00719154517479895},"median":{"confidence_interval":{"confidence_level":0.95,"lower_bound":-0.001568540684734665,"upper_bound":0.00977081952870185},"point_estimate":0.0030295418521324446,"standard_error":0.002715482534015795}}