{"mean":{"confidence_interval":{"confidence_level":0.95,"lower_bound":-0.028804316472437648,"upper_bound":0.0044274722116353325},"point_estimate":-0.012117053175698556,"standard_error":0.008448800602791053},"median":{"confidence_interval":{"confidence_level":0.95,"lower_bound":-0.010905571472161979,"upper_bound":-0.0038426958206954076},"point_estimate":-0.006880095420417565,"standard_error":0.0018551816983577384}}