{"mean":{"confidence_interval":{"confidence_level":0.95,"lower_bound":-0.005140276017879333,"upper_bound":0.02430545135933892},"point_estimate":0.009377740011340174,"standard_error":0.0074949429496848395},"median":{"confidence_interval":{"confidence_level":0.95,"lower_bound":0.0072135634693488715,"upper_bound":0.015089734487199635},"point_estimate":0.0108503089006029,"standard_error":0.0019530255678582547}}