{"mean":{"confidence_interval":{"confidence_level":0.95,"lower_bound":0.005372180573147064,"upper_bound":0.03128031203307939},"point_estimate":0.018164810565263645,"standard_error":0.006559991176572608},"median":{"confidence_interval":{"confidence_level":0.95,"lower_bound":0.005634875564802133,"upper_bound":0.011199857007105685},"point_estimate":0.007968068066363854,"standard_error":0.001463786721982122}}