{"mean":{"confidence_interval":{"confidence_level":0.95,"lower_bound":0.00174008254106835,"upper_bound":0.010529953186696311},"point_estimate":0.006187477775295047,"standard_error":0.002238079754573015},"median":{"confidence_interval":{"confidence_level":0.95,"lower_bound":-0.0015417413962424131,"upper_bound":0.002401539242169731},"point_estimate":0.0006418164626933454,"standard_error":0.0016127595715329786}}