{"mean":{"confidence_interval":{"confidence_level":0.95,"lower_bound":-0.043712357641662224,"upper_bound":-0.025025959693163055},"point_estimate":-0.035336253385965244,"standard_error":0.004594782679805561},"median":{"confidence_interval":{"confidence_level":0.95,"lower_bound":-0.047601757035221515,"upper_bound":-0.04545965210097935},"point_estimate":-0.04677608180167303,"standard_error":0.0005319656220545808}}