{"mean":{"confidence_interval":{"confidence_level":0.95,"lower_bound":-0.00401928374478175,"upper_bound":0.0014416112048716858},"point_estimate":-0.0016492772692346946,"standard_error":0.0013909343552528188},"median":{"confidence_interval":{"confidence_level":0.95,"lower_bound":-0.0037003543353146817,"upper_bound":-0.0015545081136557615},"point_estimate":-0.0026534028688668387,"standard_error":0.000536193378186052}}