{"mean":{"confidence_interval":{"confidence_level":0.95,"lower_bound":-0.045728367123082564,"upper_bound":-0.036204496392245114},"point_estimate":-0.040376342371444496,"standard_error":0.00245547179492959},"median":{"confidence_interval":{"confidence_level":0.95,"lower_bound":-0.03553058471946491,"upper_bound":-0.03351525530775257},"point_estimate":-0.03465299146877232,"standard_error":0.0005270986917961352}}