{"mean":{"confidence_interval":{"confidence_level":0.95,"lower_bound":0.003914650220874223,"upper_bound":0.015733379923920616},"point_estimate":0.008941963761617489,"standard_error":0.0030281711524762947},"median":{"confidence_interval":{"confidence_level":0.95,"lower_bound":0.0029240195209103703,"upper_bound":0.004940175551526371},"point_estimate":0.003857540335533649,"standard_error":0.0005109869311947325}}