{"mean":{"confidence_interval":{"confidence_level":0.95,"lower_bound":0.003738412091103273,"upper_bound":0.00891421941169816},"point_estimate":0.0063047881340776435,"standard_error":0.001311791860306837},"median":{"confidence_interval":{"confidence_level":0.95,"lower_bound":0.0045972448270681365,"upper_bound":0.006181250039121178},"point_estimate":0.005223069344331588,"standard_error":0.00042016387655390236}}