{"mean":{"confidence_interval":{"confidence_level":0.95,"lower_bound":-0.020712500642544707,"upper_bound":-0.00868377036195711},"point_estimate":-0.014187713243094313,"standard_error":0.003079884619971011},"median":{"confidence_interval":{"confidence_level":0.95,"lower_bound":-0.01523994675561946,"upper_bound":0.0024444814774573498},"point_estimate":-0.0014550376526806241,"standard_error":0.006728969441372624}}