{"mean":{"confidence_interval":{"confidence_level":0.95,"lower_bound":0.03292802317030754,"upper_bound":0.03848987406820977},"point_estimate":0.035971245471803526,"standard_error":0.0014215990086132188},"median":{"confidence_interval":{"confidence_level":0.95,"lower_bound":0.03566891730884825,"upper_bound":0.03851296164190865},"point_estimate":0.03709942115938536,"standard_error":0.0007262356663138721}}