{"mean":{"confidence_interval":{"confidence_level":0.95,"lower_bound":-0.03150989163982637,"upper_bound":-0.024968272744137977},"point_estimate":-0.028049155588685593,"standard_error":0.001673947791497706},"median":{"confidence_interval":{"confidence_level":0.95,"lower_bound":-0.029465522581843318,"upper_bound":-0.022105016726447824},"point_estimate":-0.02388865871406398,"standard_error":0.001663004348208688}}