{"mean":{"confidence_interval":{"confidence_level":0.95,"lower_bound":0.016721044006198865,"upper_bound":0.024894616077855657},"point_estimate":0.02058003486345128,"standard_error":0.0020963126887477905},"median":{"confidence_interval":{"confidence_level":0.95,"lower_bound":0.02486021350149592,"upper_bound":0.02655788807977455},"point_estimate":0.025781506212224414,"standard_error":0.0004434201510810845}}