{"mean":{"confidence_interval":{"confidence_level":0.95,"lower_bound":-0.0046432772456373225,"upper_bound":0.001846226577161769},"point_estimate":-0.0013106116068799523,"standard_error":0.0016198615686337343},"median":{"confidence_interval":{"confidence_level":0.95,"lower_bound":-0.002542774619696986,"upper_bound":-0.0006583808724153206},"point_estimate":-0.0016084926731622096,"standard_error":0.0004773295164888674}}