{"mean":{"confidence_interval":{"confidence_level":0.95,"lower_bound":-0.004071597574496708,"upper_bound":0.00272943574551614},"point_estimate":-0.0006356018992216272,"standard_error":0.0017253638673248354},"median":{"confidence_interval":{"confidence_level":0.95,"lower_bound":-0.002347885951318185,"upper_bound":-0.0001481158904448332},"point_estimate":-0.0009251659782995025,"standard_error":0.0005765462380340276}}