{"mean":{"confidence_interval":{"confidence_level":0.95,"lower_bound":0.00532963696084291,"upper_bound":0.018422836996614327},"point_estimate":0.011290739193670518,"standard_error":0.003369502012237406},"median":{"confidence_interval":{"confidence_level":0.95,"lower_bound":0.005854149711835044,"upper_bound":0.007906053453630824},"point_estimate":0.007071562780951446,"standard_error":0.0005277124306222625}}