{"mean":{"confidence_interval":{"confidence_level":0.95,"lower_bound":-0.0036602800677933887,"upper_bound":0.0037231111114047807},"point_estimate":0.00010927386943238027,"standard_error":0.0018586890787897696},"median":{"confidence_interval":{"confidence_level":0.95,"lower_bound":-0.0003743303320524749,"upper_bound":0.0018248495551558275},"point_estimate":0.0009569854438649106,"standard_error":0.0005729990700983758}}