{"mean":{"confidence_interval":{"confidence_level":0.95,"lower_bound":0.0022149089119358092,"upper_bound":0.007951265956170203},"point_estimate":0.005123379895986657,"standard_error":0.0014681408109388824},"median":{"confidence_interval":{"confidence_level":0.95,"lower_bound":0.00288302764713122,"upper_bound":0.0045638194345352465},"point_estimate":0.003654368386965645,"standard_error":0.00044037399469659157}}