{"mean":{"confidence_interval":{"confidence_level":0.95,"lower_bound":-0.011653082596228811,"upper_bound":-0.000467549954843186},"point_estimate":-0.006563331161050345,"standard_error":0.002874587069931095},"median":{"confidence_interval":{"confidence_level":0.95,"lower_bound":-0.012820583897336648,"upper_bound":-0.0040971216218981255},"point_estimate":-0.008540381871109615,"standard_error":0.00218670860147056}}