{"mean":{"confidence_interval":{"confidence_level":0.95,"lower_bound":-0.006512835306435982,"upper_bound":-0.0016468232690739527},"point_estimate":-0.003922908692114091,"standard_error":0.0012384059847360726},"median":{"confidence_interval":{"confidence_level":0.95,"lower_bound":-0.005636968413848198,"upper_bound":-0.0021618888514626233},"point_estimate":-0.00378559018126301,"standard_error":0.0007931112330361592}}