{"mean":{"confidence_interval":{"confidence_level":0.95,"lower_bound":-0.029128021730559082,"upper_bound":-0.024605207724691616},"point_estimate":-0.026935464118733266,"standard_error":0.0011586623681537987},"median":{"confidence_interval":{"confidence_level":0.95,"lower_bound":-0.02894915010578103,"upper_bound":-0.026402066562398078},"point_estimate":-0.027463542716954836,"standard_error":0.0006369776091968424}}