{"mean":{"confidence_interval":{"confidence_level":0.95,"lower_bound":-0.004523060047697835,"upper_bound":0.003176503139676159},"point_estimate":-0.0008417086111937033,"standard_error":0.0019459520945738365},"median":{"confidence_interval":{"confidence_level":0.95,"lower_bound":-0.002634412016211063,"upper_bound":-0.0008348112685218068},"point_estimate":-0.0016947772878922462,"standard_error":0.0004784892101873959}}