{"mean":{"confidence_interval":{"confidence_level":0.95,"lower_bound":-0.026424032663666504,"upper_bound":-0.018403379205915404},"point_estimate":-0.022532938223399746,"standard_error":0.002053973762926553},"median":{"confidence_interval":{"confidence_level":0.95,"lower_bound":-0.025999312526329477,"upper_bound":-0.02272902258675613},"point_estimate":-0.024627361246471358,"standard_error":0.0008390014692351902}}