{"mean":{"confidence_interval":{"confidence_level":0.95,"lower_bound":-0.011909558135902897,"upper_bound":-0.006005975062136071},"point_estimate":-0.008992669082594107,"standard_error":0.0014819784948150903},"median":{"confidence_interval":{"confidence_level":0.95,"lower_bound":-0.01015561774245044,"upper_bound":-0.008049850895086252},"point_estimate":-0.009175629184825063,"standard_error":0.00050374276464516}}