{"mean":{"confidence_interval":{"confidence_level":0.95,"lower_bound":-0.007539490971604043,"upper_bound":-0.0016921713983837072},"point_estimate":-0.004218557616471275,"standard_error":0.0015136028463556283},"median":{"confidence_interval":{"confidence_level":0.95,"lower_bound":-0.0036565897250335766,"upper_bound":-0.0013898374990960471},"point_estimate":-0.002631661302886501,"standard_error":0.0005665998601912964}}