{"mean":{"confidence_interval":{"confidence_level":0.95,"lower_bound":0.002807655297744892,"upper_bound":0.010185551788436541},"point_estimate":0.007037356449004051,"standard_error":0.0019084032602768332},"median":{"confidence_interval":{"confidence_level":0.95,"lower_bound":0.008278196537192084,"upper_bound":0.009639169552478677},"point_estimate":0.008844084543833342,"standard_error":0.0003456047783304842}}