{"mean":{"confidence_interval":{"confidence_level":0.95,"lower_bound":0.007117116916508748,"upper_bound":0.01172691684657704},"point_estimate":0.00955488467858756,"standard_error":0.0011750835535835424},"median":{"confidence_interval":{"confidence_level":0.95,"lower_bound":0.00885899219716828,"upper_bound":0.01122823404913631},"point_estimate":0.010205017116695858,"standard_error":0.0005720953257015544}}