{"mean":{"confidence_interval":{"confidence_level":0.95,"lower_bound":-0.01270874451436636,"upper_bound":-0.004984814782838659},"point_estimate":-0.009371375199412224,"standard_error":0.0019444553020195488},"median":{"confidence_interval":{"confidence_level":0.95,"lower_bound":-0.013993109657328917,"upper_bound":-0.01217357353823001},"point_estimate":-0.013250015475791188,"standard_error":0.00047260634237997147}}