{"mean":{"confidence_interval":{"confidence_level":0.95,"lower_bound":0.005698622304018297,"upper_bound":0.010363622886820165},"point_estimate":0.00824791170344108,"standard_error":0.0011948404552527716},"median":{"confidence_interval":{"confidence_level":0.95,"lower_bound":0.006857556481681515,"upper_bound":0.009968393152734345},"point_estimate":0.00847351869482571,"standard_error":0.0007715045106356787}}