{"mean":{"confidence_interval":{"confidence_level":0.95,"lower_bound":-0.00045376268378315084,"upper_bound":0.00549658580581605},"point_estimate":0.002867389841384682,"standard_error":0.001521136417323188},"median":{"confidence_interval":{"confidence_level":0.95,"lower_bound":0.0014872595648958153,"upper_bound":0.0038499507893485774},"point_estimate":0.0024968753641310126,"standard_error":0.0005834653379065809}}