{"mean":{"confidence_interval":{"confidence_level":0.95,"lower_bound":-0.006423739936827335,"upper_bound":-0.0019051304949424424},"point_estimate":-0.0040699868884270796,"standard_error":0.0011461555493053593},"median":{"confidence_interval":{"confidence_level":0.95,"lower_bound":-0.004165691790737544,"upper_bound":-0.002452427661761236},"point_estimate":-0.003498136521116302,"standard_error":0.0004661430311352389}}