{"mean":{"confidence_interval":{"confidence_level":0.95,"lower_bound":-0.01081875106203832,"upper_bound":-0.0041998710048956455},"point_estimate":-0.007364779207140737,"standard_error":0.0017300920478835612},"median":{"confidence_interval":{"confidence_level":0.95,"lower_bound":-0.0015976944310710506,"upper_bound":0.000992060849819974},"point_estimate":-0.00009771409127135033,"standard_error":0.0006522364643430983}}