{"mean":{"confidence_interval":{"confidence_level":0.95,"lower_bound":0.001862675707225598,"upper_bound":0.007412748960582239},"point_estimate":0.004377579758681582,"standard_error":0.0014058164840505987},"median":{"confidence_interval":{"confidence_level":0.95,"lower_bound":0.0035929731452607415,"upper_bound":0.0049009799889876415},"point_estimate":0.004221267670048157,"standard_error":0.00034257443946753593}}