{"mean":{"confidence_interval":{"confidence_level":0.95,"lower_bound":-0.012519819142107893,"upper_bound":-0.006791854422456131},"point_estimate":-0.009921832868274194,"standard_error":0.0014755463432885021},"median":{"confidence_interval":{"confidence_level":0.95,"lower_bound":-0.011799752647018158,"upper_bound":-0.010034584101038302},"point_estimate":-0.011018689060859899,"standard_error":0.0004605017182464501}}