{"mean":{"confidence_interval":{"confidence_level":0.95,"lower_bound":-0.0056005820159736415,"upper_bound":-0.0007724562446727296},"point_estimate":-0.0029524794226853945,"standard_error":0.0012284128801693154},"median":{"confidence_interval":{"confidence_level":0.95,"lower_bound":-0.0026630541351055914,"upper_bound":-0.0010726074108977635},"point_estimate":-0.001712054956802267,"standard_error":0.0004015763373918235}}