{"mean":{"confidence_interval":{"confidence_level":0.95,"lower_bound":-0.03684063314056282,"upper_bound":-0.02908296370100788},"point_estimate":-0.0331875064445325,"standard_error":0.0019729418714804635},"median":{"confidence_interval":{"confidence_level":0.95,"lower_bound":-0.03786520599925092,"upper_bound":-0.034949407781112884},"point_estimate":-0.036612595563051076,"standard_error":0.0007034714673386102}}