{"mean":{"confidence_interval":{"confidence_level":0.95,"lower_bound":-0.007572848480554101,"upper_bound":-0.002299335035371487},"point_estimate":-0.0047123741502932415,"standard_error":0.0013475075019445293},"median":{"confidence_interval":{"confidence_level":0.95,"lower_bound":-0.004703368619131343,"upper_bound":-0.003110160815232077},"point_estimate":-0.0039010290798987546,"standard_error":0.00041228495519061054}}