{"mean":{"confidence_interval":{"confidence_level":0.95,"lower_bound":-0.0009912873048354219,"upper_bound":0.003249373797981607},"point_estimate":0.0007884970211793352,"standard_error":0.0011194881266173703},"median":{"confidence_interval":{"confidence_level":0.95,"lower_bound":-0.0013475086881165827,"upper_bound":0.0003453777011509663},"point_estimate":-0.0005243983067336755,"standard_error":0.0004366128437951468}}