{"mean":{"confidence_interval":{"confidence_level":0.95,"lower_bound":-0.002491061909424641,"upper_bound":0.0007386978770676279},"point_estimate":-0.0009491052313614912,"standard_error":0.0008318338735538703},"median":{"confidence_interval":{"confidence_level":0.95,"lower_bound":-0.002866718723159689,"upper_bound":-0.00047128512086568627},"point_estimate":-0.0013983698650126275,"standard_error":0.0006235339808230393}}