{"mean":{"confidence_interval":{"confidence_level":0.95,"lower_bound":0.03135059961538504,"upper_bound":0.038996712527181426},"point_estimate":0.03522419478233263,"standard_error":0.0019429614085187679},"median":{"confidence_interval":{"confidence_level":0.95,"lower_bound":0.03349900260918637,"upper_bound":0.036000627698084875},"point_estimate":0.03460469987679016,"standard_error":0.0006040675148004895}}