{"mean":{"confidence_interval":{"confidence_level":0.95,"lower_bound":0.00014156015174141598,"upper_bound":0.007379909178676444},"point_estimate":0.003780819431190352,"standard_error":0.0018434694860658882},"median":{"confidence_interval":{"confidence_level":0.95,"lower_bound":0.003613796385510293,"upper_bound":0.006596638355533813},"point_estimate":0.005569831079290877,"standard_error":0.0007143186760972911}}