{"mean":{"confidence_interval":{"confidence_level":0.95,"lower_bound":-0.007879498108210389,"upper_bound":-0.002728064574407816},"point_estimate":-0.0051854787861623786,"standard_error":0.0013271952213633124},"median":{"confidence_interval":{"confidence_level":0.95,"lower_bound":-0.007346992285067744,"upper_bound":-0.005419670319965561},"point_estimate":-0.006516679833638794,"standard_error":0.0004971438433479585}}