{"mean":{"confidence_interval":{"confidence_level":0.95,"lower_bound":-0.0065464528006086205,"upper_bound":-0.0005110089967889865},"point_estimate":-0.0034994987056863325,"standard_error":0.0015341977046116108},"median":{"confidence_interval":{"confidence_level":0.95,"lower_bound":-0.003226841335041808,"upper_bound":-0.0016649038486690193},"point_estimate":-0.002475820762417591,"standard_error":0.0003771976910299295}}