{"mean":{"confidence_interval":{"confidence_level":0.95,"lower_bound":-0.003962371090619823,"upper_bound":0.0009659809264423998},"point_estimate":-0.001126105825773771,"standard_error":0.0012678863863831986},"median":{"confidence_interval":{"confidence_level":0.95,"lower_bound":-0.0007299980075574641,"upper_bound":0.0007308091341922118},"point_estimate":-0.000023820430840149065,"standard_error":0.00036514487048154944}}