{"mean":{"confidence_interval":{"confidence_level":0.95,"lower_bound":0.008775791579179683,"upper_bound":0.0149980289337453},"point_estimate":0.011927785869880747,"standard_error":0.0015830120196635798},"median":{"confidence_interval":{"confidence_level":0.95,"lower_bound":0.009132636107620495,"upper_bound":0.012826191976007983},"point_estimate":0.010949291517126758,"standard_error":0.0009580867605369309}}