{"mean":{"confidence_interval":{"confidence_level":0.95,"lower_bound":-0.02584861793367038,"upper_bound":-0.01553241989160463},"point_estimate":-0.020143009593696526,"standard_error":0.002663088431783765},"median":{"confidence_interval":{"confidence_level":0.95,"lower_bound":-0.01681788311097554,"upper_bound":-0.014164919379373808},"point_estimate":-0.015424667382369917,"standard_error":0.0006231401181498689}}