{"mean":{"confidence_interval":{"confidence_level":0.95,"lower_bound":-0.021404878650146678,"upper_bound":-0.015163322345496163},"point_estimate":-0.018182226199801255,"standard_error":0.00158722338751408},"median":{"confidence_interval":{"confidence_level":0.95,"lower_bound":-0.018513640679186705,"upper_bound":-0.014747270232149723},"point_estimate":-0.01646317623115645,"standard_error":0.0009497209789714718}}