{"mean":{"confidence_interval":{"confidence_level":0.95,"lower_bound":-0.024123079497345712,"upper_bound":-0.011743068896789},"point_estimate":-0.017528739046817288,"standard_error":0.003162822276152124},"median":{"confidence_interval":{"confidence_level":0.95,"lower_bound":-0.008376854198146887,"upper_bound":-0.006187443587933772},"point_estimate":-0.007046159803811958,"standard_error":0.0010141819139500023}}