{"mean":{"confidence_interval":{"confidence_level":0.95,"lower_bound":-0.001816652353134125,"upper_bound":0.002661996321981783},"point_estimate":0.0002987168327377443,"standard_error":0.0011309916806871837},"median":{"confidence_interval":{"confidence_level":0.95,"lower_bound":-0.0023980267177349246,"upper_bound":0.00046540860455812627},"point_estimate":-0.0012013940239709031,"standard_error":0.0007571324277972838}}