{"mean":{"confidence_interval":{"confidence_level":0.95,"lower_bound":0.010806575490546349,"upper_bound":0.01569839918969212},"point_estimate":0.013215082562167746,"standard_error":0.0012731688272945223},"median":{"confidence_interval":{"confidence_level":0.95,"lower_bound":0.011667625070534537,"upper_bound":0.01351076756759495},"point_estimate":0.012592863506143415,"standard_error":0.00045038684274518103}}