{"mean":{"confidence_interval":{"confidence_level":0.95,"lower_bound":0.010109779310061281,"upper_bound":0.018310353012683536},"point_estimate":0.013514472902198982,"standard_error":0.002106604587460108},"median":{"confidence_interval":{"confidence_level":0.95,"lower_bound":0.009513724803148937,"upper_bound":0.011632810379568648},"point_estimate":0.010476199067981362,"standard_error":0.000549963611937533}}