{"mean":{"confidence_interval":{"confidence_level":0.95,"lower_bound":1.5867057338793247,"upper_bound":1.6116145096071037},"point_estimate":1.6006218375592964,"standard_error":0.006398595304743666},"median":{"confidence_interval":{"confidence_level":0.95,"lower_bound":1.5832492546228871,"upper_bound":1.6256795917299138},"point_estimate":1.6140947715318075,"standard_error":0.013133955222965753}}