{"mean":{"confidence_interval":{"confidence_level":0.95,"lower_bound":-0.024813368734948663,"upper_bound":0.01795564110651269},"point_estimate":-0.0030332072936549714,"standard_error":0.01089439765953151},"median":{"confidence_interval":{"confidence_level":0.95,"lower_bound":-0.1343040304913674,"upper_bound":0.14813672671024825},"point_estimate":0.001112454391793971,"standard_error":0.06984913490806455}}