{"mean":{"confidence_interval":{"confidence_level":0.95,"lower_bound":7494.9965037784505,"upper_bound":7507.919354027294},"point_estimate":7501.292578723061,"standard_error":3.300205608579549},"median":{"confidence_interval":{"confidence_level":0.95,"lower_bound":7493.5459183673465,"upper_bound":7505.3253588516745},"point_estimate":7499.113339511714,"standard_error":2.994186820283284},"median_abs_dev":{"confidence_interval":{"confidence_level":0.95,"lower_bound":20.27511454786401,"upper_bound":34.2490139825899},"point_estimate":27.96647353884052,"standard_error":3.5220581255376304},"slope":{"confidence_interval":{"confidence_level":0.95,"lower_bound":7495.376669469406,"upper_bound":7505.181364171242},"point_estimate":7500.232799011244,"standard_error":2.49758335356893},"std_dev":{"confidence_interval":{"confidence_level":0.95,"lower_bound":26.065920456365234,"upper_bound":40.02198855938923},"point_estimate":33.15100113424815,"standard_error":3.577927595465237}}