{"mean":{"confidence_interval":{"confidence_level":0.95,"lower_bound":7122.201320840931,"upper_bound":7154.683811452751},"point_estimate":7138.2293157835165,"standard_error":8.276539507298947},"median":{"confidence_interval":{"confidence_level":0.95,"lower_bound":7112.40162037037,"upper_bound":7153.678240740741},"point_estimate":7138.036265432098,"standard_error":10.011559014889556},"median_abs_dev":{"confidence_interval":{"confidence_level":0.95,"lower_bound":55.58658180210984,"upper_bound":91.68738903487365},"point_estimate":67.61919805045537,"standard_error":9.588164835227092},"slope":{"confidence_interval":{"confidence_level":0.95,"lower_bound":7101.897374223652,"upper_bound":7139.541120532643},"point_estimate":7120.164995566721,"standard_error":9.581241104390829},"std_dev":{"confidence_interval":{"confidence_level":0.95,"lower_bound":69.24669740333339,"upper_bound":96.87377021526854},"point_estimate":83.44273835568724,"standard_error":7.0702753250181525}}