{"mean":{"confidence_interval":{"confidence_level":0.95,"lower_bound":7050.177760983014,"upper_bound":7080.217760061669},"point_estimate":7064.579288776144,"standard_error":7.677764597651538},"median":{"confidence_interval":{"confidence_level":0.95,"lower_bound":7042.8697421981005,"upper_bound":7066.134255355035},"point_estimate":7056.864701390564,"standard_error":4.900982135384211},"median_abs_dev":{"confidence_interval":{"confidence_level":0.95,"lower_bound":47.117741159207135,"upper_bound":75.09389288169291},"point_estimate":61.06192796617918,"standard_error":7.332277996985728},"slope":{"confidence_interval":{"confidence_level":0.95,"lower_bound":7053.567646028053,"upper_bound":7080.036360597859},"point_estimate":7066.447752596155,"standard_error":6.759438796471044},"std_dev":{"confidence_interval":{"confidence_level":0.95,"lower_bound":56.766316643028794,"upper_bound":100.03424416982249},"point_estimate":77.25002523508674,"standard_error":11.48608339321549}}