{"mean":{"confidence_interval":{"confidence_level":0.95,"lower_bound":8192.833052813716,"upper_bound":8242.168628704772},"point_estimate":8217.474639249143,"standard_error":12.62541864780592},"median":{"confidence_interval":{"confidence_level":0.95,"lower_bound":8205.521428571428,"upper_bound":8240.353260869564},"point_estimate":8218.712820512821,"standard_error":9.88677723455326},"median_abs_dev":{"confidence_interval":{"confidence_level":0.95,"lower_bound":72.89779646896302,"upper_bound":114.1180439579816},"point_estimate":92.0849745591946,"standard_error":11.05272437693379},"slope":{"confidence_interval":{"confidence_level":0.95,"lower_bound":8123.159693585982,"upper_bound":8193.231941143988},"point_estimate":8157.343044480567,"standard_error":17.81876094520434},"std_dev":{"confidence_interval":{"confidence_level":0.95,"lower_bound":101.7664184090163,"upper_bound":150.30085197488617},"point_estimate":126.7788520116967,"standard_error":12.44769929947471}}