{"mean":{"confidence_interval":{"confidence_level":0.95,"lower_bound":7002.348219546136,"upper_bound":7051.993676892238},"point_estimate":7022.214750714148,"standard_error":13.033979216304067},"median":{"confidence_interval":{"confidence_level":0.95,"lower_bound":6998.376551546724,"upper_bound":7016.538043478261},"point_estimate":7005.854885057472,"standard_error":4.002586097485323},"median_abs_dev":{"confidence_interval":{"confidence_level":0.95,"lower_bound":29.1136744831287,"upper_bound":52.178093483375584},"point_estimate":44.46028642621246,"standard_error":6.315183401961064},"slope":{"confidence_interval":{"confidence_level":0.95,"lower_bound":7011.256972562884,"upper_bound":7062.108449913426},"point_estimate":7032.493669523668,"standard_error":13.208979726309884},"std_dev":{"confidence_interval":{"confidence_level":0.95,"lower_bound":41.30229767404436,"upper_bound":212.80721778892237},"point_estimate":130.8593341153251,"standard_error":54.42862449599186}}