{"mean":{"confidence_interval":{"confidence_level":0.95,"lower_bound":7147.006177754123,"upper_bound":7179.878360917234},"point_estimate":7162.822277771264,"standard_error":8.38326509864385},"median":{"confidence_interval":{"confidence_level":0.95,"lower_bound":7130.484068627451,"upper_bound":7157.272357723577},"point_estimate":7140.773320765256,"standard_error":6.193190089708273},"median_abs_dev":{"confidence_interval":{"confidence_level":0.95,"lower_bound":34.94572892065239,"upper_bound":68.92728153387225},"point_estimate":47.944595974008266,"standard_error":9.470249496204877},"slope":{"confidence_interval":{"confidence_level":0.95,"lower_bound":7139.400760541978,"upper_bound":7158.926636238748},"point_estimate":7148.495624846067,"standard_error":4.98666038593864},"std_dev":{"confidence_interval":{"confidence_level":0.95,"lower_bound":65.33591675871415,"upper_bound":100.87642971750839},"point_estimate":84.16703835514406,"standard_error":9.092131128705418}}