{"mean":{"confidence_interval":{"confidence_level":0.95,"lower_bound":7197.732116969225,"upper_bound":7233.280080634005},"point_estimate":7214.359064659546,"standard_error":9.059026728890485},"median":{"confidence_interval":{"confidence_level":0.95,"lower_bound":7189.957172995781,"upper_bound":7211.0434920634925},"point_estimate":7198.94019376475,"standard_error":5.613305002930079},"median_abs_dev":{"confidence_interval":{"confidence_level":0.95,"lower_bound":47.696954150316856,"upper_bound":78.61754841045337},"point_estimate":61.68600279899196,"standard_error":7.517897469023622},"slope":{"confidence_interval":{"confidence_level":0.95,"lower_bound":7192.931334670559,"upper_bound":7214.8105746906185},"point_estimate":7203.725308851781,"standard_error":5.5869315811265805},"std_dev":{"confidence_interval":{"confidence_level":0.95,"lower_bound":61.77271981989641,"upper_bound":124.4602406934865},"point_estimate":91.0815027523333,"standard_error":17.62642357487043}}