{"mean":{"confidence_interval":{"confidence_level":0.95,"lower_bound":7295.009134120999,"upper_bound":7328.667697136741},"point_estimate":7310.938713500676,"standard_error":8.566991227636027},"median":{"confidence_interval":{"confidence_level":0.95,"lower_bound":7282.63140090747,"upper_bound":7308.662337662337},"point_estimate":7291.274064171123,"standard_error":7.8140200498437915},"median_abs_dev":{"confidence_interval":{"confidence_level":0.95,"lower_bound":37.120255875074406,"upper_bound":66.30844143642645},"point_estimate":47.4042621887094,"standard_error":7.455889601423568},"slope":{"confidence_interval":{"confidence_level":0.95,"lower_bound":7286.32776847832,"upper_bound":7307.282305104746},"point_estimate":7296.263435388315,"standard_error":5.340039063818511},"std_dev":{"confidence_interval":{"confidence_level":0.95,"lower_bound":58.11230713373205,"upper_bound":112.60825341830214},"point_estimate":86.49313835675414,"standard_error":14.019967437086974}}