{"mean":{"confidence_interval":{"confidence_level":0.95,"lower_bound":7061.08815777247,"upper_bound":7106.222617241013},"point_estimate":7080.406107047028,"standard_error":11.672545593830685},"median":{"confidence_interval":{"confidence_level":0.95,"lower_bound":7051.451432129514,"upper_bound":7075.597802473261},"point_estimate":7061.830994274543,"standard_error":6.563690048256438},"median_abs_dev":{"confidence_interval":{"confidence_level":0.95,"lower_bound":35.27391824867023,"upper_bound":60.75428829897747},"point_estimate":45.75129857586426,"standard_error":6.686020898087716},"slope":{"confidence_interval":{"confidence_level":0.95,"lower_bound":7053.401257700812,"upper_bound":7072.52409614899},"point_estimate":7062.81667665274,"standard_error":4.865527186297139},"std_dev":{"confidence_interval":{"confidence_level":0.95,"lower_bound":54.35481093131406,"upper_bound":183.64134297629295},"point_estimate":117.72084764979014,"standard_error":41.17734504934193}}