{"mean":{"confidence_interval":{"confidence_level":0.95,"lower_bound":7023.200126574852,"upper_bound":7084.966902851926},"point_estimate":7048.329230142953,"standard_error":16.15711316445149},"median":{"confidence_interval":{"confidence_level":0.95,"lower_bound":7009.9349781234805,"upper_bound":7030.937967914439},"point_estimate":7023.37205762987,"standard_error":5.773843993005875},"median_abs_dev":{"confidence_interval":{"confidence_level":0.95,"lower_bound":35.137655127327164,"upper_bound":59.60407468318711},"point_estimate":50.69380477734474,"standard_error":6.372045196280322},"slope":{"confidence_interval":{"confidence_level":0.95,"lower_bound":7024.655543785954,"upper_bound":7057.802516162273},"point_estimate":7039.550169405,"standard_error":8.47431767941571},"std_dev":{"confidence_interval":{"confidence_level":0.95,"lower_bound":55.70171074908652,"upper_bound":260.79074564351015},"point_estimate":161.6982650057087,"standard_error":64.70054497850154}}