{"mean":{"confidence_interval":{"confidence_level":0.95,"lower_bound":7222.399249241147,"upper_bound":7253.124604653123},"point_estimate":7237.32461365023,"standard_error":7.846916787238383},"median":{"confidence_interval":{"confidence_level":0.95,"lower_bound":7214.820075757576,"upper_bound":7239.770949937811},"point_estimate":7226.62821969697,"standard_error":6.602013448350438},"median_abs_dev":{"confidence_interval":{"confidence_level":0.95,"lower_bound":45.25425768496594,"upper_bound":78.18496577103019},"point_estimate":58.93843170679816,"standard_error":8.268317963700396},"slope":{"confidence_interval":{"confidence_level":0.95,"lower_bound":7230.862220362362,"upper_bound":7255.954026085396},"point_estimate":7243.324332298902,"standard_error":6.4013329717063145},"std_dev":{"confidence_interval":{"confidence_level":0.95,"lower_bound":63.040063902939806,"upper_bound":93.51367127974697},"point_estimate":78.99187687787892,"standard_error":7.801359876803632}}