{"mean":{"confidence_interval":{"confidence_level":0.95,"lower_bound":6983.337697387875,"upper_bound":7024.699015879752},"point_estimate":7002.127001854037,"standard_error":10.563376193543489},"median":{"confidence_interval":{"confidence_level":0.95,"lower_bound":6972.4013638316155,"upper_bound":7002.848401245048},"point_estimate":6993.30936945922,"standard_error":7.955424416244473},"median_abs_dev":{"confidence_interval":{"confidence_level":0.95,"lower_bound":55.62722407962429,"upper_bound":84.68966255895748},"point_estimate":71.06769683280837,"standard_error":7.544889130029521},"slope":{"confidence_interval":{"confidence_level":0.95,"lower_bound":6982.655258208541,"upper_bound":7017.009821164233},"point_estimate":6998.465574355943,"standard_error":8.763202449446045},"std_dev":{"confidence_interval":{"confidence_level":0.95,"lower_bound":64.33964079218319,"upper_bound":153.6385946126741},"point_estimate":106.62301703928222,"standard_error":26.41695668701401}}