{"mean":{"confidence_interval":{"confidence_level":0.95,"lower_bound":7529.121741157274,"upper_bound":7594.57701315765},"point_estimate":7561.821961990787,"standard_error":16.714110529817763},"median":{"confidence_interval":{"confidence_level":0.95,"lower_bound":7530.632727272728,"upper_bound":7619.064935064935},"point_estimate":7581.742355371901,"standard_error":21.6655757749891},"median_abs_dev":{"confidence_interval":{"confidence_level":0.95,"lower_bound":130.49547976560424,"upper_bound":213.73527795861318},"point_estimate":175.5317959229439,"standard_error":21.46345639058983},"slope":{"confidence_interval":{"confidence_level":0.95,"lower_bound":7487.9102226414025,"upper_bound":7561.821820112105},"point_estimate":7525.626109327351,"standard_error":18.90300131422133},"std_dev":{"confidence_interval":{"confidence_level":0.95,"lower_bound":146.51402736570057,"upper_bound":185.21810152711421},"point_estimate":167.25865718108605,"standard_error":9.853366255840811}}