{"mean":{"confidence_interval":{"confidence_level":0.95,"lower_bound":7218.837587347198,"upper_bound":7310.517039554245},"point_estimate":7258.692393269773,"standard_error":23.710841400649027},"median":{"confidence_interval":{"confidence_level":0.95,"lower_bound":7203.310181159421,"upper_bound":7229.231481481482},"point_estimate":7215.578824739772,"standard_error":6.7704687781696755},"median_abs_dev":{"confidence_interval":{"confidence_level":0.95,"lower_bound":37.684123105323025,"upper_bound":76.44064271014201},"point_estimate":52.06396907567996,"standard_error":9.782031227362632},"slope":{"confidence_interval":{"confidence_level":0.95,"lower_bound":7219.52156775743,"upper_bound":7261.483479509803},"point_estimate":7237.1804512093,"standard_error":10.837803851215572},"std_dev":{"confidence_interval":{"confidence_level":0.95,"lower_bound":79.78888843740279,"upper_bound":360.6296423937962},"point_estimate":238.3250624678935,"standard_error":72.7257428269947}}