{"mean":{"confidence_interval":{"confidence_level":0.95,"lower_bound":7276.436791418184,"upper_bound":7325.099154996878},"point_estimate":7298.565624745475,"standard_error":12.453968184164362},"median":{"confidence_interval":{"confidence_level":0.95,"lower_bound":7261.583662714097,"upper_bound":7296.902097902098},"point_estimate":7280.096873911529,"standard_error":7.265984518820855},"median_abs_dev":{"confidence_interval":{"confidence_level":0.95,"lower_bound":48.45740633170368,"upper_bound":87.53248583235148},"point_estimate":68.49631861039755,"standard_error":10.033404457018763},"slope":{"confidence_interval":{"confidence_level":0.95,"lower_bound":7272.055826211043,"upper_bound":7296.7916896272945},"point_estimate":7284.018740411355,"standard_error":6.321301068058381},"std_dev":{"confidence_interval":{"confidence_level":0.95,"lower_bound":75.03194038690047,"upper_bound":178.50681652582915},"point_estimate":124.75821486158397,"standard_error":29.23423760572133}}