{"mean":{"confidence_interval":{"confidence_level":0.95,"lower_bound":6977.247867982772,"upper_bound":7000.31011378848},"point_estimate":6988.603309432639,"standard_error":5.8734565996357935},"median":{"confidence_interval":{"confidence_level":0.95,"lower_bound":6975.142417767418,"upper_bound":6992.789772727273},"point_estimate":6985.874715391621,"standard_error":5.395349334064126},"median_abs_dev":{"confidence_interval":{"confidence_level":0.95,"lower_bound":35.965217164519515,"upper_bound":63.038748299045665},"point_estimate":46.936600470864434,"standard_error":7.246402284554849},"slope":{"confidence_interval":{"confidence_level":0.95,"lower_bound":6986.83196542253,"upper_bound":7011.616865225186},"point_estimate":6998.487062706271,"standard_error":6.322712971666163},"std_dev":{"confidence_interval":{"confidence_level":0.95,"lower_bound":48.985380559552965,"upper_bound":67.93897108895749},"point_estimate":59.07937858645316,"standard_error":4.83966038996967}}