{"mean":{"confidence_interval":{"confidence_level":0.95,"lower_bound":7112.685344558005,"upper_bound":7136.989074858876},"point_estimate":7124.671278143622,"standard_error":6.18320587471698},"median":{"confidence_interval":{"confidence_level":0.95,"lower_bound":7104.0016025641025,"upper_bound":7138.073888888888},"point_estimate":7114.5612551510985,"standard_error":10.00127934132782},"median_abs_dev":{"confidence_interval":{"confidence_level":0.95,"lower_bound":49.21381479148147,"upper_bound":76.22669281804365},"point_estimate":61.042662288009694,"standard_error":6.756271315056467},"slope":{"confidence_interval":{"confidence_level":0.95,"lower_bound":7113.097733096551,"upper_bound":7137.127226761641},"point_estimate":7124.762939510369,"standard_error":6.126028176519872},"std_dev":{"confidence_interval":{"confidence_level":0.95,"lower_bound":53.11506659878205,"upper_bound":70.83670736997973},"point_estimate":62.342131476177215,"standard_error":4.512880264861593}}