{"mean":{"confidence_interval":{"confidence_level":0.95,"lower_bound":7019.40414818481,"upper_bound":7042.196264113621},"point_estimate":7030.626016869864,"standard_error":5.823497260815112},"median":{"confidence_interval":{"confidence_level":0.95,"lower_bound":7020.659722222223,"upper_bound":7040.468637992832},"point_estimate":7030.061291544151,"standard_error":4.637939053143758},"median_abs_dev":{"confidence_interval":{"confidence_level":0.95,"lower_bound":33.04327308760803,"upper_bound":60.58180451259832},"point_estimate":44.85810265057941,"standard_error":7.102846145866035},"slope":{"confidence_interval":{"confidence_level":0.95,"lower_bound":7026.246239655399,"upper_bound":7042.826304285147},"point_estimate":7034.360413772721,"standard_error":4.230901579762588},"std_dev":{"confidence_interval":{"confidence_level":0.95,"lower_bound":47.502897392637166,"upper_bound":68.3967098751832},"point_estimate":58.21415028902375,"standard_error":5.37033426020644}}