{"mean":{"confidence_interval":{"confidence_level":0.95,"lower_bound":7227.94837168727,"upper_bound":7252.80485854547},"point_estimate":7239.803860414785,"standard_error":6.31920164542568},"median":{"confidence_interval":{"confidence_level":0.95,"lower_bound":7216.350427350428,"upper_bound":7236.934659090909},"point_estimate":7230.241290741616,"standard_error":6.0424197365502526},"median_abs_dev":{"confidence_interval":{"confidence_level":0.95,"lower_bound":31.52767820661162,"upper_bound":58.13301049205609},"point_estimate":45.94136483497307,"standard_error":7.154545506466372},"slope":{"confidence_interval":{"confidence_level":0.95,"lower_bound":7221.088299976298,"upper_bound":7239.585926315339},"point_estimate":7229.918654746071,"standard_error":4.729922496590436},"std_dev":{"confidence_interval":{"confidence_level":0.95,"lower_bound":46.719414119868574,"upper_bound":80.66445977412378},"point_estimate":63.1897570797017,"standard_error":8.88685483645789}}