{"mean":{"confidence_interval":{"confidence_level":0.95,"lower_bound":7011.795641157878,"upper_bound":7031.249199831648},"point_estimate":7021.478118224237,"standard_error":4.957781525687515},"median":{"confidence_interval":{"confidence_level":0.95,"lower_bound":7010.744708994709,"upper_bound":7031.596919144002},"point_estimate":7018.398792478045,"standard_error":5.693881639348178},"median_abs_dev":{"confidence_interval":{"confidence_level":0.95,"lower_bound":30.88428813224977,"upper_bound":55.827526645226705},"point_estimate":42.07729495519296,"standard_error":6.446500696062094},"slope":{"confidence_interval":{"confidence_level":0.95,"lower_bound":7023.962261339039,"upper_bound":7039.082967324175},"point_estimate":7031.402512191517,"standard_error":3.8559571031296698},"std_dev":{"confidence_interval":{"confidence_level":0.95,"lower_bound":41.13193132119812,"upper_bound":58.22765518825858},"point_estimate":49.80684998067996,"standard_error":4.391919561233195}}