{"mean":{"confidence_interval":{"confidence_level":0.95,"lower_bound":6997.242312445775,"upper_bound":7020.049319957916},"point_estimate":7008.231838093023,"standard_error":5.823259846207684},"median":{"confidence_interval":{"confidence_level":0.95,"lower_bound":6991.4083196496995,"upper_bound":7009.349470866009},"point_estimate":7002.034838381554,"standard_error":5.234352146740609},"median_abs_dev":{"confidence_interval":{"confidence_level":0.95,"lower_bound":25.219502263451325,"upper_bound":43.95873003399258},"point_estimate":33.55849596671756,"standard_error":4.820247121172306},"slope":{"confidence_interval":{"confidence_level":0.95,"lower_bound":7005.8483585500635,"upper_bound":7030.003332548163},"point_estimate":7016.9067718339,"standard_error":6.185213411610039},"std_dev":{"confidence_interval":{"confidence_level":0.95,"lower_bound":43.48632737774835,"upper_bound":72.28126842500248},"point_estimate":58.47137041163914,"standard_error":7.365941814854514}}