{"mean":{"confidence_interval":{"confidence_level":0.95,"lower_bound":7027.009770315787,"upper_bound":7067.748894560464},"point_estimate":7046.260378472003,"standard_error":10.431569895921971},"median":{"confidence_interval":{"confidence_level":0.95,"lower_bound":7021.58269441402,"upper_bound":7042.199743918054},"point_estimate":7031.840541037909,"standard_error":5.402896196612969},"median_abs_dev":{"confidence_interval":{"confidence_level":0.95,"lower_bound":35.16457573934005,"upper_bound":64.26131497483559},"point_estimate":46.93425326410002,"standard_error":7.6921194535977016},"slope":{"confidence_interval":{"confidence_level":0.95,"lower_bound":7030.393853452916,"upper_bound":7051.928505232759},"point_estimate":7040.449097357497,"standard_error":5.475730933672676},"std_dev":{"confidence_interval":{"confidence_level":0.95,"lower_bound":73.79237811571788,"upper_bound":131.7407704828777},"point_estimate":105.1255315506357,"standard_error":14.813157509032502}}