{"mean":{"confidence_interval":{"confidence_level":0.95,"lower_bound":7023.28812053151,"upper_bound":7052.9889214175555},"point_estimate":7037.577287994992,"standard_error":7.597030301560988},"median":{"confidence_interval":{"confidence_level":0.95,"lower_bound":7017.275731452455,"upper_bound":7038.520202020202},"point_estimate":7022.092555299834,"standard_error":5.320230661834777},"median_abs_dev":{"confidence_interval":{"confidence_level":0.95,"lower_bound":36.08654282190227,"upper_bound":63.529045583175304},"point_estimate":45.24078230019074,"standard_error":7.11822950988128},"slope":{"confidence_interval":{"confidence_level":0.95,"lower_bound":7023.837292246782,"upper_bound":7041.094576200344},"point_estimate":7032.373206872926,"standard_error":4.405426175108218},"std_dev":{"confidence_interval":{"confidence_level":0.95,"lower_bound":56.831739425978384,"upper_bound":93.74064024512144},"point_estimate":76.33186361978022,"standard_error":9.45846937375695}}