{"mean":{"confidence_interval":{"confidence_level":0.95,"lower_bound":7318.680428572033,"upper_bound":7348.795959914764},"point_estimate":7333.3079179226725,"standard_error":7.702837236543668},"median":{"confidence_interval":{"confidence_level":0.95,"lower_bound":7303.210871602624,"upper_bound":7338.501391465677},"point_estimate":7325.837691219085,"standard_error":10.663798901875053},"median_abs_dev":{"confidence_interval":{"confidence_level":0.95,"lower_bound":52.881900605517465,"upper_bound":87.47995041024998},"point_estimate":73.06134828769207,"standard_error":9.219287363230961},"slope":{"confidence_interval":{"confidence_level":0.95,"lower_bound":7315.344820279477,"upper_bound":7347.2517746722515},"point_estimate":7330.541678735038,"standard_error":8.11620758733449},"std_dev":{"confidence_interval":{"confidence_level":0.95,"lower_bound":62.3613968301649,"upper_bound":91.26041214101159},"point_estimate":77.32030032506299,"standard_error":7.400283930927071}}