{"mean":{"confidence_interval":{"confidence_level":0.95,"lower_bound":7220.724542530462,"upper_bound":7268.945243688614},"point_estimate":7241.850575518956,"standard_error":12.411382091300185},"median":{"confidence_interval":{"confidence_level":0.95,"lower_bound":7214.813749999999,"upper_bound":7237.62570621469},"point_estimate":7226.124251745926,"standard_error":5.030046875869227},"median_abs_dev":{"confidence_interval":{"confidence_level":0.95,"lower_bound":35.304902150990465,"upper_bound":64.84804324216043},"point_estimate":45.90199213379486,"standard_error":7.567210977328544},"slope":{"confidence_interval":{"confidence_level":0.95,"lower_bound":7230.550761559596,"upper_bound":7304.481421302689},"point_estimate":7257.648809664549,"standard_error":20.38799987584503},"std_dev":{"confidence_interval":{"confidence_level":0.95,"lower_bound":59.47067799974746,"upper_bound":186.75280748592888},"point_estimate":124.25901745505166,"standard_error":35.171713013995955}}