{"mean":{"confidence_interval":{"confidence_level":0.95,"lower_bound":7065.9859357725245,"upper_bound":7095.246155453644},"point_estimate":7079.802508482276,"standard_error":7.4968681578308125},"median":{"confidence_interval":{"confidence_level":0.95,"lower_bound":7062.249366575454,"upper_bound":7091.459595959596},"point_estimate":7075.6260570824525,"standard_error":7.848259158318012},"median_abs_dev":{"confidence_interval":{"confidence_level":0.95,"lower_bound":37.23155583681841,"upper_bound":65.00055579504547},"point_estimate":46.387706267578714,"standard_error":7.232625759586833},"slope":{"confidence_interval":{"confidence_level":0.95,"lower_bound":7068.945696604672,"upper_bound":7091.683803156586},"point_estimate":7080.1825172965055,"standard_error":5.799866561327229},"std_dev":{"confidence_interval":{"confidence_level":0.95,"lower_bound":51.938531136485516,"upper_bound":101.01393786683838},"point_estimate":75.32443229842413,"standard_error":13.24551384140181}}