{"mean":{"confidence_interval":{"confidence_level":0.95,"lower_bound":7220.565439472202,"upper_bound":7247.667554556573},"point_estimate":7233.934265436106,"standard_error":6.921723273166645},"median":{"confidence_interval":{"confidence_level":0.95,"lower_bound":7209.965657349896,"upper_bound":7244.697916666667},"point_estimate":7229.754640416279,"standard_error":9.129673580575808},"median_abs_dev":{"confidence_interval":{"confidence_level":0.95,"lower_bound":47.59677866887728,"upper_bound":78.67861883852777},"point_estimate":60.729637440409924,"standard_error":8.254183460612975},"slope":{"confidence_interval":{"confidence_level":0.95,"lower_bound":7225.388049288979,"upper_bound":7252.214135606032},"point_estimate":7238.389112851583,"standard_error":6.851267615287421},"std_dev":{"confidence_interval":{"confidence_level":0.95,"lower_bound":58.762625653890076,"upper_bound":79.78198334332994},"point_estimate":69.65076114123153,"standard_error":5.365448394990692}}