{"mean":{"confidence_interval":{"confidence_level":0.95,"lower_bound":7024.210212758576,"upper_bound":7063.889837493033},"point_estimate":7042.186459361006,"standard_error":10.20664644756237},"median":{"confidence_interval":{"confidence_level":0.95,"lower_bound":7012.017045454545,"upper_bound":7048.566390858944},"point_estimate":7028.043661562318,"standard_error":8.0867402920714},"median_abs_dev":{"confidence_interval":{"confidence_level":0.95,"lower_bound":41.82443884591987,"upper_bound":66.9704374341432},"point_estimate":52.35038043423175,"standard_error":6.520578882911747},"slope":{"confidence_interval":{"confidence_level":0.95,"lower_bound":7027.004474578958,"upper_bound":7072.0270524051375},"point_estimate":7047.097883579403,"standard_error":11.559002646969846},"std_dev":{"confidence_interval":{"confidence_level":0.95,"lower_bound":57.23196066686371,"upper_bound":148.59795885196473},"point_estimate":102.67585021501986,"standard_error":25.070619424070593}}