{"mean":{"confidence_interval":{"confidence_level":0.95,"lower_bound":7261.267650042744,"upper_bound":7287.473586287607},"point_estimate":7273.776098751404,"standard_error":6.683914248260325},"median":{"confidence_interval":{"confidence_level":0.95,"lower_bound":7255.815963203464,"upper_bound":7275.903131042689},"point_estimate":7261.124890350877,"standard_error":5.410688111508135},"median_abs_dev":{"confidence_interval":{"confidence_level":0.95,"lower_bound":33.75624519381103,"upper_bound":63.644770379103925},"point_estimate":45.15471624379823,"standard_error":7.724696412682732},"slope":{"confidence_interval":{"confidence_level":0.95,"lower_bound":7257.308274786106,"upper_bound":7275.400727718791},"point_estimate":7266.041376040589,"standard_error":4.612432045970295},"std_dev":{"confidence_interval":{"confidence_level":0.95,"lower_bound":48.82360012608951,"upper_bound":87.06065882418171},"point_estimate":67.1784218074234,"standard_error":10.141215508839966}}