{"mean":{"confidence_interval":{"confidence_level":0.95,"lower_bound":3018.3395160472037,"upper_bound":3040.946389782644},"point_estimate":3028.0224327421206,"standard_error":5.835457840863428},"median":{"confidence_interval":{"confidence_level":0.95,"lower_bound":3007.599104859335,"upper_bound":3019.612082670906},"point_estimate":3012.9660633484164,"standard_error":3.4889462757806355},"median_abs_dev":{"confidence_interval":{"confidence_level":0.95,"lower_bound":15.321729522002824,"upper_bound":31.33203848432396},"point_estimate":21.815388964132364,"standard_error":4.153508683817035},"slope":{"confidence_interval":{"confidence_level":0.95,"lower_bound":3011.1945468927174,"upper_bound":3027.5133982340444},"point_estimate":3018.966082111284,"standard_error":4.1750077798619305},"std_dev":{"confidence_interval":{"confidence_level":0.95,"lower_bound":26.274885667582186,"upper_bound":90.92807602243283},"point_estimate":58.68686318273275,"standard_error":19.65664515977448}}