{"mean":{"confidence_interval":{"confidence_level":0.95,"lower_bound":7003.967478509179,"upper_bound":7035.733708700729},"point_estimate":7019.179934025951,"standard_error":8.071622297385664},"median":{"confidence_interval":{"confidence_level":0.95,"lower_bound":6987.079303675048,"upper_bound":7011.005741626795},"point_estimate":7000.4694055944055,"standard_error":6.194182214659691},"median_abs_dev":{"confidence_interval":{"confidence_level":0.95,"lower_bound":38.80283390110512,"upper_bound":81.17447469458884},"point_estimate":54.91588380448161,"standard_error":11.188248471202481},"slope":{"confidence_interval":{"confidence_level":0.95,"lower_bound":7003.469520061048,"upper_bound":7025.674216578014},"point_estimate":7014.371181804748,"standard_error":5.6702455230685205},"std_dev":{"confidence_interval":{"confidence_level":0.95,"lower_bound":61.971978342982005,"upper_bound":99.38325106028512},"point_estimate":81.41576239296269,"standard_error":9.617147274836283}}