{"mean":{"confidence_interval":{"confidence_level":0.95,"lower_bound":7139.1495172869245,"upper_bound":7195.208877030667},"point_estimate":7164.154308746738,"standard_error":14.408897023565078},"median":{"confidence_interval":{"confidence_level":0.95,"lower_bound":7118.679166666667,"upper_bound":7153.696787148594},"point_estimate":7127.599985827665,"standard_error":8.659484107552144},"median_abs_dev":{"confidence_interval":{"confidence_level":0.95,"lower_bound":44.926897535721,"upper_bound":74.53599770449878},"point_estimate":57.232972852643414,"standard_error":7.335460053060307},"slope":{"confidence_interval":{"confidence_level":0.95,"lower_bound":7126.3197143117395,"upper_bound":7152.086296870924},"point_estimate":7138.614107925718,"standard_error":6.561586887888858},"std_dev":{"confidence_interval":{"confidence_level":0.95,"lower_bound":66.84095112435851,"upper_bound":207.67535769065282},"point_estimate":144.33587463301433,"standard_error":36.69904788289549}}