{"mean":{"confidence_interval":{"confidence_level":0.95,"lower_bound":7068.378540702835,"upper_bound":7131.921388152768},"point_estimate":7095.474139545067,"standard_error":16.40561822903563},"median":{"confidence_interval":{"confidence_level":0.95,"lower_bound":7060.464646464647,"upper_bound":7094.015118577076},"point_estimate":7085.173850574713,"standard_error":7.372583882052911},"median_abs_dev":{"confidence_interval":{"confidence_level":0.95,"lower_bound":43.3827971969334,"upper_bound":67.94848277495326},"point_estimate":53.55661290770668,"standard_error":6.669243223470173},"slope":{"confidence_interval":{"confidence_level":0.95,"lower_bound":7057.864619405775,"upper_bound":7100.546254361734},"point_estimate":7078.7116689280865,"standard_error":10.852278244039102},"std_dev":{"confidence_interval":{"confidence_level":0.95,"lower_bound":68.46549975374349,"upper_bound":258.169133120547},"point_estimate":165.67928213942528,"standard_error":56.38341704340149}}