{"mean":{"confidence_interval":{"confidence_level":0.95,"lower_bound":7213.274446344177,"upper_bound":7238.472606860717},"point_estimate":7225.305485082002,"standard_error":6.408985060099668},"median":{"confidence_interval":{"confidence_level":0.95,"lower_bound":7210.39403292181,"upper_bound":7233.960884353742},"point_estimate":7223.077680281883,"standard_error":5.520899116807343},"median_abs_dev":{"confidence_interval":{"confidence_level":0.95,"lower_bound":37.31154079328428,"upper_bound":57.16622345629922},"point_estimate":45.11608934858453,"standard_error":5.045386565074615},"slope":{"confidence_interval":{"confidence_level":0.95,"lower_bound":7218.42198529533,"upper_bound":7234.491204973549},"point_estimate":7226.49915151963,"standard_error":4.112288077642579},"std_dev":{"confidence_interval":{"confidence_level":0.95,"lower_bound":44.6794750780633,"upper_bound":87.89710189795919},"point_estimate":64.5135188653357,"standard_error":12.271565200372821}}