{"mean":{"confidence_interval":{"confidence_level":0.95,"lower_bound":7251.97518746274,"upper_bound":7343.725082864337},"point_estimate":7292.354992688205,"standard_error":23.578321333782505},"median":{"confidence_interval":{"confidence_level":0.95,"lower_bound":7223.154166666666,"upper_bound":7272.500875190259},"point_estimate":7254.2310867013675,"standard_error":13.92976315682612},"median_abs_dev":{"confidence_interval":{"confidence_level":0.95,"lower_bound":72.04933485038694,"upper_bound":112.45554192243449},"point_estimate":85.66671281486661,"standard_error":10.171579106354859},"slope":{"confidence_interval":{"confidence_level":0.95,"lower_bound":7249.47069295196,"upper_bound":7384.894345906323},"point_estimate":7302.4029419733015,"standard_error":36.1682048384278},"std_dev":{"confidence_interval":{"confidence_level":0.95,"lower_bound":115.20456578471307,"upper_bound":355.6084239475697},"point_estimate":237.92014665511923,"standard_error":66.98228706351854}}