{"mean":{"confidence_interval":{"confidence_level":0.95,"lower_bound":7461.051179851649,"upper_bound":7483.7069768955425},"point_estimate":7472.020224183186,"standard_error":5.790989495313533},"median":{"confidence_interval":{"confidence_level":0.95,"lower_bound":7453.076446280991,"upper_bound":7479.695247933884},"point_estimate":7465.014143895024,"standard_error":7.418724116520773},"median_abs_dev":{"confidence_interval":{"confidence_level":0.95,"lower_bound":34.32983024410924,"upper_bound":58.862002138903996},"point_estimate":42.49308439131239,"standard_error":6.441970375425588},"slope":{"confidence_interval":{"confidence_level":0.95,"lower_bound":7467.435829486539,"upper_bound":7484.85409148126},"point_estimate":7476.271156279807,"standard_error":4.451353772715821},"std_dev":{"confidence_interval":{"confidence_level":0.95,"lower_bound":43.532083963264874,"upper_bound":74.7514889235248},"point_estimate":58.24179468053417,"standard_error":8.321403064187662}}