{"mean":{"confidence_interval":{"confidence_level":0.95,"lower_bound":7189.033341625164,"upper_bound":7652.670506687449},"point_estimate":7381.567874925107,"standard_error":120.42478099963587},"median":{"confidence_interval":{"confidence_level":0.95,"lower_bound":7030.9530492115955,"upper_bound":7073.85},"point_estimate":7040.710704888519,"standard_error":10.977925413336118},"median_abs_dev":{"confidence_interval":{"confidence_level":0.95,"lower_bound":54.96504115339673,"upper_bound":146.79611504383067},"point_estimate":85.53907122373721,"standard_error":22.736879192340524},"slope":{"confidence_interval":{"confidence_level":0.95,"lower_bound":7087.744850364351,"upper_bound":7343.226646846345},"point_estimate":7185.87944006341,"standard_error":67.50289304235166},"std_dev":{"confidence_interval":{"confidence_level":0.95,"lower_bound":379.4577075187099,"upper_bound":1918.346147623168},"point_estimate":1209.7034116435846,"standard_error":433.04552850294755}}