{"mean":{"confidence_interval":{"confidence_level":0.95,"lower_bound":6988.753784908937,"upper_bound":7033.505498465281},"point_estimate":7009.1038973775785,"standard_error":11.483624672735907},"median":{"confidence_interval":{"confidence_level":0.95,"lower_bound":6968.846230158731,"upper_bound":7019.027153558052},"point_estimate":6992.689275271512,"standard_error":12.536506437813886},"median_abs_dev":{"confidence_interval":{"confidence_level":0.95,"lower_bound":57.52709156242257,"upper_bound":94.32213452797833},"point_estimate":73.8603157739247,"standard_error":9.232932745220506},"slope":{"confidence_interval":{"confidence_level":0.95,"lower_bound":6988.723905055048,"upper_bound":7032.085106426583},"point_estimate":7008.358888724693,"standard_error":11.073340256230304},"std_dev":{"confidence_interval":{"confidence_level":0.95,"lower_bound":71.24909349872976,"upper_bound":166.1344915813784},"point_estimate":115.64871699449577,"standard_error":28.305489639554942}}