{"mean":{"confidence_interval":{"confidence_level":0.95,"lower_bound":7260.523589144628,"upper_bound":7323.734041393686},"point_estimate":7288.340284823554,"standard_error":16.249902079110846},"median":{"confidence_interval":{"confidence_level":0.95,"lower_bound":7241.6562889165625,"upper_bound":7262.810795454546},"point_estimate":7252.272944689239,"standard_error":4.736536818550151},"median_abs_dev":{"confidence_interval":{"confidence_level":0.95,"lower_bound":30.387070048757447,"upper_bound":49.714011822833896},"point_estimate":39.13726486354806,"standard_error":5.138044014943896},"slope":{"confidence_interval":{"confidence_level":0.95,"lower_bound":7247.004184760081,"upper_bound":7263.018618858813},"point_estimate":7254.75037548531,"standard_error":4.083624986745313},"std_dev":{"confidence_interval":{"confidence_level":0.95,"lower_bound":61.731914512200156,"upper_bound":237.43099614885548},"point_estimate":163.88047222148555,"standard_error":44.02723205645442}}