{"mean":{"confidence_interval":{"confidence_level":0.95,"lower_bound":7099.072053347671,"upper_bound":7154.117046117636},"point_estimate":7121.832850337125,"standard_error":14.274338690301446},"median":{"confidence_interval":{"confidence_level":0.95,"lower_bound":7089.4921875,"upper_bound":7107.6875},"point_estimate":7103.055196078431,"standard_error":5.0663208760315115},"median_abs_dev":{"confidence_interval":{"confidence_level":0.95,"lower_bound":33.77299592604769,"upper_bound":65.96111523718393},"point_estimate":51.07538115341553,"standard_error":8.438878017841434},"slope":{"confidence_interval":{"confidence_level":0.95,"lower_bound":7101.693814898177,"upper_bound":7204.016122221324},"point_estimate":7138.986471602384,"standard_error":28.40466968816889},"std_dev":{"confidence_interval":{"confidence_level":0.95,"lower_bound":56.04499040525751,"upper_bound":227.1206525927558},"point_estimate":143.46342946008699,"standard_error":53.01859345648284}}