{"mean":{"confidence_interval":{"confidence_level":0.95,"lower_bound":7021.197474600906,"upper_bound":7061.793961588863},"point_estimate":7039.888225735719,"standard_error":10.346272881594084},"median":{"confidence_interval":{"confidence_level":0.95,"lower_bound":7015.37249484074,"upper_bound":7046.291589861751},"point_estimate":7031.935357142857,"standard_error":7.796516904673668},"median_abs_dev":{"confidence_interval":{"confidence_level":0.95,"lower_bound":52.820871807878106,"upper_bound":84.22831854712653},"point_estimate":72.93081464347205,"standard_error":8.233669870298508},"slope":{"confidence_interval":{"confidence_level":0.95,"lower_bound":7001.834605320479,"upper_bound":7036.521791521234},"point_estimate":7018.912598147875,"standard_error":8.849826819806237},"std_dev":{"confidence_interval":{"confidence_level":0.95,"lower_bound":63.63543355763804,"upper_bound":142.8193352957267},"point_estimate":103.94186901544721,"standard_error":20.875628869266073}}