{"mean":{"confidence_interval":{"confidence_level":0.95,"lower_bound":7189.816634291569,"upper_bound":7228.789651306119},"point_estimate":7206.473411236614,"standard_error":10.016286080859077},"median":{"confidence_interval":{"confidence_level":0.95,"lower_bound":7180.754901960784,"upper_bound":7205.170833333334},"point_estimate":7193.276688453159,"standard_error":7.218284554611956},"median_abs_dev":{"confidence_interval":{"confidence_level":0.95,"lower_bound":36.05807181159181,"upper_bound":59.60756880803438},"point_estimate":46.46626457085469,"standard_error":5.658893463305551},"slope":{"confidence_interval":{"confidence_level":0.95,"lower_bound":7185.099206001188,"upper_bound":7206.310711750993},"point_estimate":7195.6063282596915,"standard_error":5.41280232680398},"std_dev":{"confidence_interval":{"confidence_level":0.95,"lower_bound":47.77151713798993,"upper_bound":156.13800014518063},"point_estimate":100.8882617835409,"standard_error":34.16343032328417}}