{"mean":{"confidence_interval":{"confidence_level":0.95,"lower_bound":7072.212546565285,"upper_bound":7096.162871924317},"point_estimate":7083.331820047282,"standard_error":6.10343332721722},"median":{"confidence_interval":{"confidence_level":0.95,"lower_bound":7068.303703703704,"upper_bound":7093.01897665895},"point_estimate":7081.01598173516,"standard_error":6.728344328875904},"median_abs_dev":{"confidence_interval":{"confidence_level":0.95,"lower_bound":35.42631086064052,"upper_bound":54.748051739493846},"point_estimate":46.551536626855025,"standard_error":4.8827420527025645},"slope":{"confidence_interval":{"confidence_level":0.95,"lower_bound":7064.416952854045,"upper_bound":7081.204362529486},"point_estimate":7072.673153046648,"standard_error":4.276812845198338},"std_dev":{"confidence_interval":{"confidence_level":0.95,"lower_bound":39.73688794446051,"upper_bound":85.73041044578447},"point_estimate":61.33026591342255,"standard_error":13.062477493595733}}