{"mean":{"confidence_interval":{"confidence_level":0.95,"lower_bound":5206577.74195,"upper_bound":5250602.314475001},"point_estimate":5224306.560999998,"standard_error":11550.869525931976},"median":{"confidence_interval":{"confidence_level":0.95,"lower_bound":5197801.9,"upper_bound":5207181.2},"point_estimate":5204244.5,"standard_error":2799.863860002663},"median_abs_dev":{"confidence_interval":{"confidence_level":0.95,"lower_bound":16970.580598711967,"upper_bound":27211.417526900215},"point_estimate":22268.79986464991,"standard_error":2505.469884241706},"slope":null,"std_dev":{"confidence_interval":{"confidence_level":0.95,"lower_bound":29555.597070840347,"upper_bound":188064.16547287407},"point_estimate":116198.83266511385,"standard_error":46563.67099414002}}