{"mean":{"confidence_interval":{"confidence_level":0.95,"lower_bound":5257116.420175004,"upper_bound":5280645.173400001},"point_estimate":5268579.65,"standard_error":6014.294180766811},"median":{"confidence_interval":{"confidence_level":0.95,"lower_bound":5235983.199999999,"upper_bound":5263633.6},"point_estimate":5245759.95,"standard_error":8483.623554823977},"median_abs_dev":{"confidence_interval":{"confidence_level":0.95,"lower_bound":34359.03200000469,"upper_bound":66314.47292268276},"point_estimate":46716.28039061982,"standard_error":8769.90222388835},"slope":null,"std_dev":{"confidence_interval":{"confidence_level":0.95,"lower_bound":50170.046399778126,"upper_bound":69065.77896642913},"point_estimate":60300.77543468522,"standard_error":4829.335128523662}}