{"mean":{"confidence_interval":{"confidence_level":0.95,"lower_bound":5271812.787150001,"upper_bound":5290367.020825002},"point_estimate":5280749.829999997,"standard_error":4717.460421642785},"median":{"confidence_interval":{"confidence_level":0.95,"lower_bound":5259790.0,"upper_bound":5276807.300000001},"point_estimate":5266431.3,"standard_error":4193.1359940024595},"median_abs_dev":{"confidence_interval":{"confidence_level":0.95,"lower_bound":25358.83472979041,"upper_bound":48534.91164833252},"point_estimate":38239.95982110431,"standard_error":5963.163732600921},"slope":null,"std_dev":{"confidence_interval":{"confidence_level":0.95,"lower_bound":37418.567180639875,"upper_bound":56828.575050148946},"point_estimate":47427.252353721036,"standard_error":4989.475435918164}}