{"mean":{"confidence_interval":{"confidence_level":0.95,"lower_bound":5244308.364175002,"upper_bound":5254397.315349997},"point_estimate":5249271.87,"standard_error":2576.5389809717526},"median":{"confidence_interval":{"confidence_level":0.95,"lower_bound":5243388.8,"upper_bound":5253726.7},"point_estimate":5247882.449999999,"standard_error":2783.2694006131624},"median_abs_dev":{"confidence_interval":{"confidence_level":0.95,"lower_bound":18339.90993440096,"upper_bound":31544.01942998226},"point_estimate":26509.332309363617,"standard_error":3210.8106947650226},"slope":null,"std_dev":{"confidence_interval":{"confidence_level":0.95,"lower_bound":21203.676944251984,"upper_bound":30139.114111743944},"point_estimate":25824.750156052294,"standard_error":2285.4113165908248}}