{"mean":{"confidence_interval":{"confidence_level":0.95,"lower_bound":5559326.818000001,"upper_bound":5572146.618999997},"point_estimate":5565486.563999999,"standard_error":3272.4737818609337},"median":{"confidence_interval":{"confidence_level":0.95,"lower_bound":5549922.15,"upper_bound":5561594.4},"point_estimate":5556732.449999999,"standard_error":3012.3503794249423},"median_abs_dev":{"confidence_interval":{"confidence_level":0.95,"lower_bound":17913.291791976328,"upper_bound":32281.316396892347},"point_estimate":23702.251649201193,"standard_error":3695.7072458256316},"slope":null,"std_dev":{"confidence_interval":{"confidence_level":0.95,"lower_bound":25694.033286799975,"upper_bound":39742.170481417255},"point_estimate":32832.34983026145,"standard_error":3611.1949558552856}}