{"mean":{"confidence_interval":{"confidence_level":0.95,"lower_bound":5274539.8497750005,"upper_bound":5288588.11345},"point_estimate":5281046.636,"standard_error":3591.6792121570697},"median":{"confidence_interval":{"confidence_level":0.95,"lower_bound":5269379.6,"upper_bound":5281633.699999999},"point_estimate":5275415.8,"standard_error":3330.498378902225},"median_abs_dev":{"confidence_interval":{"confidence_level":0.95,"lower_bound":18231.4577463272,"upper_bound":29431.462727487087},"point_estimate":23764.59497809341,"standard_error":2846.178437286031},"slope":null,"std_dev":{"confidence_interval":{"confidence_level":0.95,"lower_bound":23368.25109025374,"upper_bound":49555.22595823911},"point_estimate":36070.27671561888,"standard_error":7179.346353167293}}