{"mean":{"confidence_interval":{"confidence_level":0.95,"lower_bound":5386846.436472222,"upper_bound":5432920.932083335},"point_estimate":5408341.378888891,"standard_error":11772.588916331048},"median":{"confidence_interval":{"confidence_level":0.95,"lower_bound":5365612.222222222,"upper_bound":5409411.555555556},"point_estimate":5386271.333333334,"standard_error":9660.917347181137},"median_abs_dev":{"confidence_interval":{"confidence_level":0.95,"lower_bound":58322.18829790782,"upper_bound":94589.0546540413},"point_estimate":74990.89506864663,"standard_error":8824.24575510346},"slope":null,"std_dev":{"confidence_interval":{"confidence_level":0.95,"lower_bound":75133.68633487028,"upper_bound":157977.13179974616},"point_estimate":117754.25443035575,"standard_error":21446.3960357283}}