{"mean":{"confidence_interval":{"confidence_level":0.95,"lower_bound":5516163.82894444,"upper_bound":5605082.57208333},"point_estimate":5556410.041111109,"standard_error":22800.547799895383},"median":{"confidence_interval":{"confidence_level":0.95,"lower_bound":5455254.222222222,"upper_bound":5518490.666666667},"point_estimate":5495100.944444444,"standard_error":15865.432249392397},"median_abs_dev":{"confidence_interval":{"confidence_level":0.95,"lower_bound":64705.19301791978,"upper_bound":133405.25166491722},"point_estimate":107514.19649124099,"standard_error":17122.0185545325},"slope":null,"std_dev":{"confidence_interval":{"confidence_level":0.95,"lower_bound":130282.4056546947,"upper_bound":330818.96274064074},"point_estimate":229393.5869207992,"standard_error":56642.68805371982}}