{"mean":{"confidence_interval":{"confidence_level":0.95,"lower_bound":5076334.0641875,"upper_bound":29620625.212375},"point_estimate":14837386.5675,"standard_error":6572072.341262762},"median":{"confidence_interval":{"confidence_level":0.95,"lower_bound":4986648.25,"upper_bound":4998757.5},"point_estimate":4992386.875,"standard_error":3210.878171381034},"median_abs_dev":{"confidence_interval":{"confidence_level":0.95,"lower_bound":18166.48280248046,"upper_bound":36376.70230418444},"point_estimate":26624.34500232339,"standard_error":4696.1275393827955},"slope":null,"std_dev":{"confidence_interval":{"confidence_level":0.95,"lower_bound":263133.9094662428,"upper_bound":108018982.64636539},"point_estimate":66112960.32174346,"standard_error":29120625.926448155}}