{"mean":{"confidence_interval":{"confidence_level":0.95,"lower_bound":5005932.052125,"upper_bound":5023545.194825},"point_estimate":5014471.016,"standard_error":4480.246404613596},"median":{"confidence_interval":{"confidence_level":0.95,"lower_bound":5001646.6,"upper_bound":5017129.8},"point_estimate":5004722.199999999,"standard_error":4495.526290872543},"median_abs_dev":{"confidence_interval":{"confidence_level":0.95,"lower_bound":27681.624108552933,"upper_bound":45412.4078437686},"point_estimate":35065.78740745686,"standard_error":4604.541893939562},"slope":null,"std_dev":{"confidence_interval":{"confidence_level":0.95,"lower_bound":34627.813079960215,"upper_bound":54897.2141693808},"point_estimate":44942.25051965083,"standard_error":5221.537360948686}}