{"mean":{"confidence_interval":{"confidence_level":0.95,"lower_bound":5266108.663275001,"upper_bound":5275934.440675001},"point_estimate":5270935.256,"standard_error":2503.935472116277},"median":{"confidence_interval":{"confidence_level":0.95,"lower_bound":5263533.449999999,"upper_bound":5273167.7},"point_estimate":5269681.35,"standard_error":2865.4725856631926},"median_abs_dev":{"confidence_interval":{"confidence_level":0.95,"lower_bound":17914.92265194544,"upper_bound":29660.005513430195},"point_estimate":25038.44487547902,"standard_error":2981.3404979743505},"slope":null,"std_dev":{"confidence_interval":{"confidence_level":0.95,"lower_bound":20523.225748841225,"upper_bound":29504.687472927697},"point_estimate":25016.804974992938,"standard_error":2302.2305909449665}}