{"mean":{"confidence_interval":{"confidence_level":0.95,"lower_bound":5345299.271999998,"upper_bound":5354048.58795},"point_estimate":5349489.853,"standard_error":2236.700001495715},"median":{"confidence_interval":{"confidence_level":0.95,"lower_bound":5343061.9,"upper_bound":5351498.7},"point_estimate":5346853.4,"standard_error":2145.8893016726784},"median_abs_dev":{"confidence_interval":{"confidence_level":0.95,"lower_bound":13980.991881788881,"upper_bound":23381.19462490137},"point_estimate":18965.3447332981,"standard_error":2395.658170212788},"slope":null,"std_dev":{"confidence_interval":{"confidence_level":0.95,"lower_bound":16815.47047585734,"upper_bound":28606.866130585033},"point_estimate":22496.941265633992,"standard_error":3107.8308116191783}}