{"mean":{"confidence_interval":{"confidence_level":0.95,"lower_bound":5283492.483799997,"upper_bound":5323573.901299999},"point_estimate":5299950.2799999975,"standard_error":10415.634780067525},"median":{"confidence_interval":{"confidence_level":0.95,"lower_bound":5272096.8,"upper_bound":5287319.6},"point_estimate":5282781.800000001,"standard_error":4158.184193641508},"median_abs_dev":{"confidence_interval":{"confidence_level":0.95,"lower_bound":31448.391731679993,"upper_bound":55244.062005221975},"point_estimate":42274.11434948306,"standard_error":6323.297723956569},"slope":null,"std_dev":{"confidence_interval":{"confidence_level":0.95,"lower_bound":41174.5683556516,"upper_bound":166466.39244291597},"point_estimate":104384.18523491753,"standard_error":40154.224181952275}}