{"mean":{"confidence_interval":{"confidence_level":0.95,"lower_bound":5269704.052775,"upper_bound":5293287.401175001},"point_estimate":5281021.938999999,"standard_error":6030.67629115679},"median":{"confidence_interval":{"confidence_level":0.95,"lower_bound":5252092.8,"upper_bound":5282776.699999999},"point_estimate":5262005.35,"standard_error":6996.649477913411},"median_abs_dev":{"confidence_interval":{"confidence_level":0.95,"lower_bound":34356.65984004874,"upper_bound":59565.010672509394},"point_estimate":42549.28490459933,"standard_error":6145.4478644762485},"slope":null,"std_dev":{"confidence_interval":{"confidence_level":0.95,"lower_bound":46758.237807499325,"upper_bound":72113.03238515326},"point_estimate":60338.161253496204,"standard_error":6478.598335087203}}