{"mean":{"confidence_interval":{"confidence_level":0.95,"lower_bound":5162367.575800001,"upper_bound":5180121.694149999},"point_estimate":5170994.245999999,"standard_error":4519.44189790552},"median":{"confidence_interval":{"confidence_level":0.95,"lower_bound":5160737.25,"upper_bound":5177600.0},"point_estimate":5168708.05,"standard_error":4267.210401865914},"median_abs_dev":{"confidence_interval":{"confidence_level":0.95,"lower_bound":29440.951367318492,"upper_bound":49967.91865289128},"point_estimate":37438.688665330825,"standard_error":5242.6872385889665},"slope":null,"std_dev":{"confidence_interval":{"confidence_level":0.95,"lower_bound":34672.644123820595,"upper_bound":58054.78429962065},"point_estimate":45496.49339285332,"standard_error":6222.380745233126}}