{"mean":{"confidence_interval":{"confidence_level":0.95,"lower_bound":5340309.854924996,"upper_bound":5394794.4629500015},"point_estimate":5366444.518000001,"standard_error":13943.550208779276},"median":{"confidence_interval":{"confidence_level":0.95,"lower_bound":5308669.3,"upper_bound":5340279.0},"point_estimate":5328805.7,"standard_error":7514.3298372166955},"median_abs_dev":{"confidence_interval":{"confidence_level":0.95,"lower_bound":60112.46071279021,"upper_bound":116616.42134964494},"point_estimate":87022.98457503278,"standard_error":13828.468410796291},"slope":null,"std_dev":{"confidence_interval":{"confidence_level":0.95,"lower_bound":109332.86658785956,"upper_bound":164518.42595029602},"point_estimate":139015.02057477942,"standard_error":14065.462500551848}}