{"mean":{"confidence_interval":{"confidence_level":0.95,"lower_bound":5284274.836250001,"upper_bound":5339579.164300001},"point_estimate":5307696.38,"standard_error":14377.271804292153},"median":{"confidence_interval":{"confidence_level":0.95,"lower_bound":5269597.25,"upper_bound":5295095.15},"point_estimate":5278063.15,"standard_error":6959.541900026659},"median_abs_dev":{"confidence_interval":{"confidence_level":0.95,"lower_bound":30662.24309563623,"upper_bound":47639.447209730206},"point_estimate":38662.426683604994,"standard_error":4342.791786614822},"slope":null,"std_dev":{"confidence_interval":{"confidence_level":0.95,"lower_bound":37684.24666542618,"upper_bound":224086.1527348716},"point_estimate":145267.64213512168,"standard_error":50155.335629174515}}