{"mean":{"confidence_interval":{"confidence_level":0.95,"lower_bound":5264817.126075003,"upper_bound":5289228.045000001},"point_estimate":5276367.51,"standard_error":6243.161077930714},"median":{"confidence_interval":{"confidence_level":0.95,"lower_bound":5248287.0,"upper_bound":5259068.0},"point_estimate":5255030.95,"standard_error":2543.050289753607},"median_abs_dev":{"confidence_interval":{"confidence_level":0.95,"lower_bound":15060.991832613945,"upper_bound":32931.955395341334},"point_estimate":20867.075719535904,"standard_error":4602.004895871365},"slope":null,"std_dev":{"confidence_interval":{"confidence_level":0.95,"lower_bound":44663.347948664894,"upper_bound":78198.4478359274},"point_estimate":62861.77831977992,"standard_error":8558.41139265591}}