{"mean":{"confidence_interval":{"confidence_level":0.95,"lower_bound":5864982.307805556,"upper_bound":5957264.761166667},"point_estimate":5910196.633333333,"standard_error":23543.527628865948},"median":{"confidence_interval":{"confidence_level":0.95,"lower_bound":5795815.333333334,"upper_bound":5947439.111111111},"point_estimate":5898180.888888889,"standard_error":41545.34499612442},"median_abs_dev":{"confidence_interval":{"confidence_level":0.95,"lower_bound":181944.50403650547,"upper_bound":279474.92996166076},"point_estimate":234583.63953530788,"standard_error":25091.06958295053},"slope":null,"std_dev":{"confidence_interval":{"confidence_level":0.95,"lower_bound":195944.02610170306,"upper_bound":275989.9933188742},"point_estimate":236602.93649438382,"standard_error":20555.845714799292}}