{"mean":{"confidence_interval":{"confidence_level":0.95,"lower_bound":5273269.144025,"upper_bound":5287424.658},"point_estimate":5279599.847,"standard_error":3647.0125718703757},"median":{"confidence_interval":{"confidence_level":0.95,"lower_bound":5268395.6,"upper_bound":5273571.15},"point_estimate":5271964.75,"standard_error":1187.8153263931683},"median_abs_dev":{"confidence_interval":{"confidence_level":0.95,"lower_bound":9357.133213878766,"upper_bound":15682.6460015771},"point_estimate":12120.77369481339,"standard_error":1540.2660940654516},"slope":null,"std_dev":{"confidence_interval":{"confidence_level":0.95,"lower_bound":18901.865484408125,"upper_bound":53102.98657488865},"point_estimate":36764.664352648695,"standard_error":9040.24522944848}}