{"mean":{"confidence_interval":{"confidence_level":0.95,"lower_bound":5230875.077650001,"upper_bound":5240009.52865},"point_estimate":5235304.322,"standard_error":2322.1517135008908},"median":{"confidence_interval":{"confidence_level":0.95,"lower_bound":5227105.95,"upper_bound":5238679.550000001},"point_estimate":5232240.45,"standard_error":2613.3850471027736},"median_abs_dev":{"confidence_interval":{"confidence_level":0.95,"lower_bound":15271.66928887381,"upper_bound":25128.746333375046},"point_estimate":19561.794702709412,"standard_error":2678.413609614698},"slope":null,"std_dev":{"confidence_interval":{"confidence_level":0.95,"lower_bound":18712.426239882298,"upper_bound":28191.677593719185},"point_estimate":23339.994174834992,"standard_error":2452.9664895078754}}