{"mean":{"confidence_interval":{"confidence_level":0.95,"lower_bound":216758.55990840093,"upper_bound":220452.40381201982},"point_estimate":218288.45929341755,"standard_error":955.081922537684},"median":{"confidence_interval":{"confidence_level":0.95,"lower_bound":216168.51111111112,"upper_bound":216279.94573479728},"point_estimate":216234.89164835162,"standard_error":27.32815262571953},"median_abs_dev":{"confidence_interval":{"confidence_level":0.95,"lower_bound":230.24658377881164,"upper_bound":436.8592795919083},"point_estimate":340.0382055420656,"standard_error":53.09878985470316},"slope":{"confidence_interval":{"confidence_level":0.95,"lower_bound":216495.7466398108,"upper_bound":217370.37015616058},"point_estimate":216867.3715265258,"standard_error":225.3190626829659},"std_dev":{"confidence_interval":{"confidence_level":0.95,"lower_bound":2912.006576989998,"upper_bound":15257.831512706336},"point_estimate":9591.248394802222,"standard_error":3543.992379125234}}