{"mean":{"confidence_interval":{"confidence_level":0.95,"lower_bound":311268.86259886017,"upper_bound":311485.1792449571},"point_estimate":311370.74291337933,"standard_error":55.43717291798734},"median":{"confidence_interval":{"confidence_level":0.95,"lower_bound":311119.76085069444,"upper_bound":311230.32905982906},"point_estimate":311178.0364168877,"standard_error":30.719756139953343},"median_abs_dev":{"confidence_interval":{"confidence_level":0.95,"lower_bound":189.62230959507906,"upper_bound":347.3694190858057},"point_estimate":261.9530720539523,"standard_error":38.376800196378625},"slope":{"confidence_interval":{"confidence_level":0.95,"lower_bound":311146.7069981559,"upper_bound":311269.41757689876},"point_estimate":311204.16940372396,"standard_error":31.26258664102485},"std_dev":{"confidence_interval":{"confidence_level":0.95,"lower_bound":390.75515907526267,"upper_bound":701.2087047520113},"point_estimate":557.0029884989574,"standard_error":79.69314227756428}}