{"mean":{"confidence_interval":{"confidence_level":0.95,"lower_bound":310755.31081086455,"upper_bound":311359.11427271715},"point_estimate":310979.6962626552,"standard_error":167.4179410133146},"median":{"confidence_interval":{"confidence_level":0.95,"lower_bound":310646.8938356164,"upper_bound":310725.2912087912},"point_estimate":310693.7933114035,"standard_error":22.369390961758647},"median_abs_dev":{"confidence_interval":{"confidence_level":0.95,"lower_bound":150.51560774699564,"upper_bound":263.0246720300193},"point_estimate":203.05641413697603,"standard_error":27.895275786303174},"slope":{"confidence_interval":{"confidence_level":0.95,"lower_bound":310801.33119533124,"upper_bound":311253.6069356094},"point_estimate":310977.8131069898,"standard_error":118.78212138281388},"std_dev":{"confidence_interval":{"confidence_level":0.95,"lower_bound":314.6048192324443,"upper_bound":2829.8567284400856},"point_estimate":1683.212073329034,"standard_error":851.763205415552}}