{"mean":{"confidence_interval":{"confidence_level":0.95,"lower_bound":310641.45472865197,"upper_bound":311794.38674340415},"point_estimate":311078.0058120993,"standard_error":311.14665906012533},"median":{"confidence_interval":{"confidence_level":0.95,"lower_bound":310571.9747474748,"upper_bound":310640.8045977011},"point_estimate":310605.7577378479,"standard_error":16.039084255417855},"median_abs_dev":{"confidence_interval":{"confidence_level":0.95,"lower_bound":128.70008192566885,"upper_bound":201.50623090788383},"point_estimate":173.3650695965543,"standard_error":17.888415048758276},"slope":{"confidence_interval":{"confidence_level":0.95,"lower_bound":310640.3442808959,"upper_bound":311754.2300886988},"point_estimate":311023.87309664546,"standard_error":322.37431129915706},"std_dev":{"confidence_interval":{"confidence_level":0.95,"lower_bound":246.92369801132793,"upper_bound":5203.6446108133105},"point_estimate":3134.50410661125,"standard_error":1475.6788314279904}}