{"mean":{"confidence_interval":{"confidence_level":0.95,"lower_bound":310871.2362769419,"upper_bound":311111.0405957702},"point_estimate":310980.067684953,"standard_error":61.198476786771515},"median":{"confidence_interval":{"confidence_level":0.95,"lower_bound":310751.17647058825,"upper_bound":310886.3035714286},"point_estimate":310820.76490863785,"standard_error":30.414329044494764},"median_abs_dev":{"confidence_interval":{"confidence_level":0.95,"lower_bound":198.5727795181121,"upper_bound":352.98675623324266},"point_estimate":263.6729569439641,"standard_error":39.16967540147709},"slope":{"confidence_interval":{"confidence_level":0.95,"lower_bound":310924.83521209855,"upper_bound":311390.72290918155},"point_estimate":311129.73148736515,"standard_error":120.4178405361069},"std_dev":{"confidence_interval":{"confidence_level":0.95,"lower_bound":334.12340994817527,"upper_bound":841.4913691086077},"point_estimate":616.8398763660392,"standard_error":126.38065343345096}}