{"mean":{"confidence_interval":{"confidence_level":0.95,"lower_bound":310727.2485753957,"upper_bound":310934.4158295029},"point_estimate":310817.51676707866,"standard_error":53.36197785120925},"median":{"confidence_interval":{"confidence_level":0.95,"lower_bound":310667.95753222343,"upper_bound":310747.1552261678},"point_estimate":310715.1814236111,"standard_error":19.912263242231326},"median_abs_dev":{"confidence_interval":{"confidence_level":0.95,"lower_bound":148.63996029633344,"upper_bound":237.3275893350488},"point_estimate":209.3207228463287,"standard_error":23.227826642243105},"slope":{"confidence_interval":{"confidence_level":0.95,"lower_bound":310707.0633101696,"upper_bound":310864.8648797239},"point_estimate":310768.24158268067,"standard_error":41.62127528611246},"std_dev":{"confidence_interval":{"confidence_level":0.95,"lower_bound":217.11216499534714,"upper_bound":789.3866049190615},"point_estimate":531.994714929945,"standard_error":149.3258150363918}}