{"mean":{"confidence_interval":{"confidence_level":0.95,"lower_bound":311185.88945269195,"upper_bound":311574.4263191706},"point_estimate":311356.70173458755,"standard_error":99.99634444065927},"median":{"confidence_interval":{"confidence_level":0.95,"lower_bound":311044.3604651163,"upper_bound":311210.18823529413},"point_estimate":311139.1517857143,"standard_error":34.07375640725554},"median_abs_dev":{"confidence_interval":{"confidence_level":0.95,"lower_bound":216.1402062691438,"upper_bound":364.0486813974109},"point_estimate":302.36488753739326,"standard_error":39.734597409975535},"slope":{"confidence_interval":{"confidence_level":0.95,"lower_bound":311204.9663987342,"upper_bound":311634.445481023},"point_estimate":311388.2822484114,"standard_error":111.19828103252298},"std_dev":{"confidence_interval":{"confidence_level":0.95,"lower_bound":367.90876933279947,"upper_bound":1458.9359184577677},"point_estimate":1005.8527808195461,"standard_error":271.05165964885487}}