{"mean":{"confidence_interval":{"confidence_level":0.95,"lower_bound":351653.62338149094,"upper_bound":352533.2178930045},"point_estimate":352022.8244969286,"standard_error":228.83657785848473},"median":{"confidence_interval":{"confidence_level":0.95,"lower_bound":351419.02040816325,"upper_bound":351603.28310502286},"point_estimate":351525.79589371977,"standard_error":43.30661412110845},"median_abs_dev":{"confidence_interval":{"confidence_level":0.95,"lower_bound":279.5564107903104,"upper_bound":560.750450424745},"point_estimate":391.13818528093793,"standard_error":65.00209444889325},"slope":{"confidence_interval":{"confidence_level":0.95,"lower_bound":351731.1425221026,"upper_bound":353276.38568699965},"point_estimate":352290.92486577015,"standard_error":431.77107176410374},"std_dev":{"confidence_interval":{"confidence_level":0.95,"lower_bound":552.6347459526438,"upper_bound":3495.49640056748},"point_estimate":2290.3815849757457,"standard_error":805.0694231718641}}