{"mean":{"confidence_interval":{"confidence_level":0.95,"lower_bound":310910.69623718,"upper_bound":313384.29098495113},"point_estimate":311927.8036168034,"standard_error":648.5233878097246},"median":{"confidence_interval":{"confidence_level":0.95,"lower_bound":310670.0616809992,"upper_bound":310767.5106382979},"point_estimate":310716.30442774936,"standard_error":25.488380787864592},"median_abs_dev":{"confidence_interval":{"confidence_level":0.95,"lower_bound":132.69566405086368,"upper_bound":233.1770624779035},"point_estimate":181.09026321799487,"standard_error":25.00047447246312},"slope":{"confidence_interval":{"confidence_level":0.95,"lower_bound":311000.8315345523,"upper_bound":315145.7878480252},"point_estimate":312724.33368848823,"standard_error":1077.8393905852763},"std_dev":{"confidence_interval":{"confidence_level":0.95,"lower_bound":920.806454880196,"upper_bound":10292.77301243822},"point_estimate":6516.618429900254,"standard_error":2527.7672961183994}}