{"mean":{"confidence_interval":{"confidence_level":0.95,"lower_bound":311789.6627113776,"upper_bound":314060.42057291657},"point_estimate":312841.60647463263,"standard_error":581.1120087206297},"median":{"confidence_interval":{"confidence_level":0.95,"lower_bound":310658.5227272727,"upper_bound":310800.8367346939},"point_estimate":310723.6151515151,"standard_error":32.93742725728694},"median_abs_dev":{"confidence_interval":{"confidence_level":0.95,"lower_bound":191.73845248953765,"upper_bound":363.4290245403224},"point_estimate":246.48910951279728,"standard_error":42.922542047493},"slope":{"confidence_interval":{"confidence_level":0.95,"lower_bound":313390.7549614811,"upper_bound":318067.26088071615},"point_estimate":315667.9309989656,"standard_error":1200.1948351747553},"std_dev":{"confidence_interval":{"confidence_level":0.95,"lower_bound":3819.9259854635216,"upper_bound":7534.912524912655},"point_estimate":5874.744827374981,"standard_error":948.0049818765609}}