{"mean":{"confidence_interval":{"confidence_level":0.95,"lower_bound":310768.58076588355,"upper_bound":311378.2382640151},"point_estimate":310991.2128597947,"standard_error":172.76480058999394},"median":{"confidence_interval":{"confidence_level":0.95,"lower_bound":310686.4655172414,"upper_bound":310802.22142857144},"point_estimate":310741.69507575757,"standard_error":32.68685861701937},"median_abs_dev":{"confidence_interval":{"confidence_level":0.95,"lower_bound":164.06415337908805,"upper_bound":279.5464879180864},"point_estimate":212.8084032438332,"standard_error":30.943850115631214},"slope":{"confidence_interval":{"confidence_level":0.95,"lower_bound":310766.1225027283,"upper_bound":312092.03494660347},"point_estimate":311222.94270799466,"standard_error":379.9972466116788},"std_dev":{"confidence_interval":{"confidence_level":0.95,"lower_bound":296.66863452723015,"upper_bound":2914.0451916723478},"point_estimate":1723.692892110511,"standard_error":907.9570166988323}}