{"mean":{"confidence_interval":{"confidence_level":0.95,"lower_bound":312431.467316167,"upper_bound":315761.63889697817},"point_estimate":313855.277722226,"standard_error":860.7009329713779},"median":{"confidence_interval":{"confidence_level":0.95,"lower_bound":310820.8830645161,"upper_bound":311032.55303030304},"point_estimate":310882.7457317073,"standard_error":56.1801631679929},"median_abs_dev":{"confidence_interval":{"confidence_level":0.95,"lower_bound":265.03668492935867,"upper_bound":573.0997686133405},"point_estimate":379.39226867324317,"standard_error":81.32745180818205},"slope":{"confidence_interval":{"confidence_level":0.95,"lower_bound":312734.7077580044,"upper_bound":316543.885101345},"point_estimate":314398.9238170533,"standard_error":976.9739654491201},"std_dev":{"confidence_interval":{"confidence_level":0.95,"lower_bound":3732.4879195050557,"upper_bound":13342.289298351314},"point_estimate":8628.667153564127,"standard_error":2806.667395415827}}