{"mean":{"confidence_interval":{"confidence_level":0.95,"lower_bound":310794.7168222725,"upper_bound":311120.34068323695},"point_estimate":310935.4572916733,"standard_error":84.07469539146506},"median":{"confidence_interval":{"confidence_level":0.95,"lower_bound":310668.346875,"upper_bound":310769.11805555556},"point_estimate":310719.8710784314,"standard_error":22.30682665085018},"median_abs_dev":{"confidence_interval":{"confidence_level":0.95,"lower_bound":124.86878991794322,"upper_bound":279.5188987044639},"point_estimate":200.17701498061354,"standard_error":40.96921809811252},"slope":{"confidence_interval":{"confidence_level":0.95,"lower_bound":310724.2934689756,"upper_bound":310874.1147885239},"point_estimate":310790.1854839663,"standard_error":38.39900571109569},"std_dev":{"confidence_interval":{"confidence_level":0.95,"lower_bound":328.8676171249115,"upper_bound":1256.4919285574244},"point_estimate":844.3708420496188,"standard_error":247.38118521721128}}