{"mean":{"confidence_interval":{"confidence_level":0.95,"lower_bound":310654.93549006927,"upper_bound":310894.79633589205},"point_estimate":310754.40390031564,"standard_error":61.81809867131144},"median":{"confidence_interval":{"confidence_level":0.95,"lower_bound":310563.07216494845,"upper_bound":310668.5441849817},"point_estimate":310617.07465277775,"standard_error":27.206758785764787},"median_abs_dev":{"confidence_interval":{"confidence_level":0.95,"lower_bound":141.55067335918423,"upper_bound":256.3199141993975},"point_estimate":208.10385608802858,"standard_error":31.155373959093225},"slope":{"confidence_interval":{"confidence_level":0.95,"lower_bound":310682.7094752176,"upper_bound":310871.78814808605},"point_estimate":310766.3945418945,"standard_error":48.359900866528655},"std_dev":{"confidence_interval":{"confidence_level":0.95,"lower_bound":256.30661560781573,"upper_bound":965.6510509300803},"point_estimate":615.8313449514427,"standard_error":216.39648527479739}}