{"mean":{"confidence_interval":{"confidence_level":0.95,"lower_bound":310727.29653435946,"upper_bound":312090.97443265916},"point_estimate":311251.03354350815,"standard_error":369.05765572754854},"median":{"confidence_interval":{"confidence_level":0.95,"lower_bound":310662.2972383721,"upper_bound":310756.35284391535},"point_estimate":310710.2511740096,"standard_error":24.82266244026761},"median_abs_dev":{"confidence_interval":{"confidence_level":0.95,"lower_bound":130.2713617829485,"upper_bound":251.797145419839},"point_estimate":175.74499490625402,"standard_error":30.68028997572133},"slope":{"confidence_interval":{"confidence_level":0.95,"lower_bound":310744.8187357923,"upper_bound":313929.20429049677},"point_estimate":311973.68740505393,"standard_error":861.5043495160822},"std_dev":{"confidence_interval":{"confidence_level":0.95,"lower_bound":234.30559140404725,"upper_bound":6081.521730427497},"point_estimate":3698.196138466819,"standard_error":1680.9408564746684}}