{"mean":{"confidence_interval":{"confidence_level":0.95,"lower_bound":312885.1195804463,"upper_bound":319724.0994458205},"point_estimate":315910.4313404904,"standard_error":1757.8419350599631},"median":{"confidence_interval":{"confidence_level":0.95,"lower_bound":311058.2869791667,"upper_bound":311343.03659909905},"point_estimate":311154.4548701298,"standard_error":72.62528691283926},"median_abs_dev":{"confidence_interval":{"confidence_level":0.95,"lower_bound":323.4649142413932,"upper_bound":664.7577497834963},"point_estimate":457.7362290078679,"standard_error":84.21604030023609},"slope":{"confidence_interval":{"confidence_level":0.95,"lower_bound":312201.23652263713,"upper_bound":316854.440692416},"point_estimate":314354.8649335008,"standard_error":1200.020999174681},"std_dev":{"confidence_interval":{"confidence_level":0.95,"lower_bound":7601.58863894804,"upper_bound":25143.988846900957},"point_estimate":17699.22470672071,"standard_error":4434.047574210836}}