{"mean":{"confidence_interval":{"confidence_level":0.95,"lower_bound":311899.2160310995,"upper_bound":314027.1444370004},"point_estimate":312875.9678839011,"standard_error":545.7182307335341},"median":{"confidence_interval":{"confidence_level":0.95,"lower_bound":310955.25290697673,"upper_bound":311216.6285714286},"point_estimate":311119.745,"standard_error":70.03268628351631},"median_abs_dev":{"confidence_interval":{"confidence_level":0.95,"lower_bound":303.2124669122064,"upper_bound":627.6522556580177},"point_estimate":471.28471794879425,"standard_error":88.21475204479808},"slope":{"confidence_interval":{"confidence_level":0.95,"lower_bound":312889.876933245,"upper_bound":317518.8875666897},"point_estimate":315107.77425816463,"standard_error":1185.3693765285952},"std_dev":{"confidence_interval":{"confidence_level":0.95,"lower_bound":3143.112911495387,"upper_bound":7369.787052616448},"point_estimate":5497.693554524334,"standard_error":1077.1955445389724}}