{"mean":{"confidence_interval":{"confidence_level":0.95,"lower_bound":310719.74195307447,"upper_bound":310944.3627384407},"point_estimate":310817.3263729135,"standard_error":57.7613570444242},"median":{"confidence_interval":{"confidence_level":0.95,"lower_bound":310650.2573529412,"upper_bound":310742.26470588235},"point_estimate":310705.7491134752,"standard_error":20.466291185887755},"median_abs_dev":{"confidence_interval":{"confidence_level":0.95,"lower_bound":141.55520373688043,"upper_bound":269.4625452160835},"point_estimate":208.65959542270724,"standard_error":32.63643783299541},"slope":{"confidence_interval":{"confidence_level":0.95,"lower_bound":310746.86870118807,"upper_bound":310912.61673436593},"point_estimate":310820.4933463869,"standard_error":42.30245542461049},"std_dev":{"confidence_interval":{"confidence_level":0.95,"lower_bound":257.20360032649927,"upper_bound":892.2362005340863},"point_estimate":582.7254476689496,"standard_error":182.54985467117496}}