{"mean":{"confidence_interval":{"confidence_level":0.95,"lower_bound":310709.3399842766,"upper_bound":311672.29600138584},"point_estimate":311059.34070079983,"standard_error":276.8485647677077},"median":{"confidence_interval":{"confidence_level":0.95,"lower_bound":310633.2925457102,"upper_bound":310724.078125},"point_estimate":310686.9209752322,"standard_error":24.13841384424752},"median_abs_dev":{"confidence_interval":{"confidence_level":0.95,"lower_bound":146.70869816462633,"upper_bound":235.6439217036038},"point_estimate":175.1265633625209,"standard_error":23.357765899053096},"slope":{"confidence_interval":{"confidence_level":0.95,"lower_bound":310746.27422277944,"upper_bound":312087.3351289082},"point_estimate":311205.90727205557,"standard_error":376.73555188077074},"std_dev":{"confidence_interval":{"confidence_level":0.95,"lower_bound":326.03509805610975,"upper_bound":4696.45606724907},"point_estimate":2770.2378609022367,"standard_error":1489.226073244283}}