{"mean":{"confidence_interval":{"confidence_level":0.95,"lower_bound":310692.16961722425,"upper_bound":310779.6443311784},"point_estimate":310733.8566704276,"standard_error":22.383888073253328},"median":{"confidence_interval":{"confidence_level":0.95,"lower_bound":310639.8,"upper_bound":310723.44},"point_estimate":310675.6204667153,"standard_error":18.196767189505977},"median_abs_dev":{"confidence_interval":{"confidence_level":0.95,"lower_bound":107.82305710019799,"upper_bound":205.96095313650497},"point_estimate":151.85915058266477,"standard_error":25.87390025574617},"slope":{"confidence_interval":{"confidence_level":0.95,"lower_bound":310707.50068808795,"upper_bound":310840.0380903771},"point_estimate":310768.0769358652,"standard_error":33.882513653906194},"std_dev":{"confidence_interval":{"confidence_level":0.95,"lower_bound":164.35993099643073,"upper_bound":281.32499047919987},"point_estimate":225.610162878193,"standard_error":29.881556319749137}}