{"mean":{"confidence_interval":{"confidence_level":0.95,"lower_bound":311961.25116699975,"upper_bound":315663.28419578465},"point_estimate":313608.1390273673,"standard_error":947.4197928280712},"median":{"confidence_interval":{"confidence_level":0.95,"lower_bound":310694.6865671642,"upper_bound":310791.1276041667},"point_estimate":310744.94999999995,"standard_error":25.103241201514816},"median_abs_dev":{"confidence_interval":{"confidence_level":0.95,"lower_bound":221.48535969344144,"upper_bound":407.0364493237191},"point_estimate":307.27501032267617,"standard_error":44.36083374465313},"slope":{"confidence_interval":{"confidence_level":0.95,"lower_bound":312726.43921264936,"upper_bound":318296.12798477313},"point_estimate":315237.2978446875,"standard_error":1431.2325574825686},"std_dev":{"confidence_interval":{"confidence_level":0.95,"lower_bound":4889.552323386215,"upper_bound":13567.768205446537},"point_estimate":9516.280496668569,"standard_error":2226.168728129277}}