{"mean":{"confidence_interval":{"confidence_level":0.95,"lower_bound":311457.7588483128,"upper_bound":312950.17518815515},"point_estimate":312079.7851441869,"standard_error":389.406321079778},"median":{"confidence_interval":{"confidence_level":0.95,"lower_bound":310878.6,"upper_bound":311282.6931818182},"point_estimate":311063.78882135305,"standard_error":90.92521309969686},"median_abs_dev":{"confidence_interval":{"confidence_level":0.95,"lower_bound":406.71758735818196,"upper_bound":790.8875662835306},"point_estimate":546.4573774622021,"standard_error":94.13679375921717},"slope":{"confidence_interval":{"confidence_level":0.95,"lower_bound":311253.3142271466,"upper_bound":312653.3985035738},"point_estimate":311819.9924545589,"standard_error":365.388250263516},"std_dev":{"confidence_interval":{"confidence_level":0.95,"lower_bound":1353.4654974797234,"upper_bound":6189.493355929099},"point_estimate":3905.9799905664563,"standard_error":1439.6861944185657}}