{"mean":{"confidence_interval":{"confidence_level":0.95,"lower_bound":216130.74838862958,"upper_bound":217710.50425721332},"point_estimate":216674.80880154425,"standard_error":495.0993803813092},"median":{"confidence_interval":{"confidence_level":0.95,"lower_bound":216054.5017077517,"upper_bound":216136.33506493506},"point_estimate":216091.4941880342,"standard_error":22.62865510487169},"median_abs_dev":{"confidence_interval":{"confidence_level":0.95,"lower_bound":145.72545988756133,"upper_bound":313.1328468217271},"point_estimate":247.91316277818723,"standard_error":42.74290345476756},"slope":{"confidence_interval":{"confidence_level":0.95,"lower_bound":216151.86518803315,"upper_bound":217459.6253433544},"point_estimate":216576.44809457663,"standard_error":375.39229365523033},"std_dev":{"confidence_interval":{"confidence_level":0.95,"lower_bound":273.0590274487381,"upper_bound":8530.640249161637},"point_estimate":4979.785532026725,"standard_error":2970.536616091481}}