{"mean":{"confidence_interval":{"confidence_level":0.95,"lower_bound":312295.1197415482,"upper_bound":315771.69506554125},"point_estimate":313814.53920535895,"standard_error":889.0697063776465},"median":{"confidence_interval":{"confidence_level":0.95,"lower_bound":310700.265625,"upper_bound":310846.32460171566},"point_estimate":310765.159929078,"standard_error":36.95626388154189},"median_abs_dev":{"confidence_interval":{"confidence_level":0.95,"lower_bound":182.73087848378543,"upper_bound":427.99712840177403},"point_estimate":276.0037144737427,"standard_error":65.23073547857992},"slope":{"confidence_interval":{"confidence_level":0.95,"lower_bound":312481.5460264623,"upper_bound":316783.5817827571},"point_estimate":314323.06251071376,"standard_error":1112.9609176768488},"std_dev":{"confidence_interval":{"confidence_level":0.95,"lower_bound":4091.6072752267287,"upper_bound":13302.987714288016},"point_estimate":8913.133815102101,"standard_error":2431.095049658197}}