{"mean":{"confidence_interval":{"confidence_level":0.95,"lower_bound":310766.7787635648,"upper_bound":310875.6581358236},"point_estimate":310819.10641587427,"standard_error":27.695297539537314},"median":{"confidence_interval":{"confidence_level":0.95,"lower_bound":310708.8173076923,"upper_bound":310834.1804123711},"point_estimate":310765.13257575757,"standard_error":23.724128208134843},"median_abs_dev":{"confidence_interval":{"confidence_level":0.95,"lower_bound":134.98775425729593,"upper_bound":207.63680778622327},"point_estimate":165.3908136130249,"standard_error":17.960156543007564},"slope":{"confidence_interval":{"confidence_level":0.95,"lower_bound":310770.12187585805,"upper_bound":310923.3493837648},"point_estimate":310841.4371915177,"standard_error":39.42099288668331},"std_dev":{"confidence_interval":{"confidence_level":0.95,"lower_bound":205.56427974374807,"upper_bound":340.90156065995575},"point_estimate":277.96889825579314,"standard_error":34.50016194807195}}