{"mean":{"confidence_interval":{"confidence_level":0.95,"lower_bound":312057.754952118,"upper_bound":314076.63641017396},"point_estimate":312999.9117817004,"standard_error":515.7920839680605},"median":{"confidence_interval":{"confidence_level":0.95,"lower_bound":310712.00641025644,"upper_bound":310933.9978062478},"point_estimate":310820.68900150154,"standard_error":58.48897581207003},"median_abs_dev":{"confidence_interval":{"confidence_level":0.95,"lower_bound":270.061976644795,"upper_bound":663.5617003790866},"point_estimate":438.2097089314367,"standard_error":103.09096835361511},"slope":{"confidence_interval":{"confidence_level":0.95,"lower_bound":312472.794155481,"upper_bound":315178.0038008305},"point_estimate":313695.18842470815,"standard_error":692.1270138724519},"std_dev":{"confidence_interval":{"confidence_level":0.95,"lower_bound":3532.2859922477705,"upper_bound":6596.343741449195},"point_estimate":5184.443588625751,"standard_error":780.6354210319056}}