{"mean":{"confidence_interval":{"confidence_level":0.95,"lower_bound":351933.70217017166,"upper_bound":352942.03462407726},"point_estimate":352355.1627871802,"standard_error":261.06670880290375},"median":{"confidence_interval":{"confidence_level":0.95,"lower_bound":351574.6782945736,"upper_bound":351806.6865079365},"point_estimate":351676.04068819305,"standard_error":68.29031500850185},"median_abs_dev":{"confidence_interval":{"confidence_level":0.95,"lower_bound":323.85942401224077,"upper_bound":750.1857342094448},"point_estimate":489.22723752658703,"standard_error":116.78813026334029},"slope":{"confidence_interval":{"confidence_level":0.95,"lower_bound":351784.60233353754,"upper_bound":353156.73125861475},"point_estimate":352326.25693118566,"standard_error":362.2961973233042},"std_dev":{"confidence_interval":{"confidence_level":0.95,"lower_bound":846.1760760892727,"upper_bound":4106.38407339487},"point_estimate":2614.127830184557,"standard_error":905.4395890663043}}