{"mean":{"confidence_interval":{"confidence_level":0.95,"lower_bound":3969.518043794796,"upper_bound":4000.3447672099164},"point_estimate":3984.502085741146,"standard_error":7.879122217384965},"median":{"confidence_interval":{"confidence_level":0.95,"lower_bound":3949.662393162393,"upper_bound":3993.6564102564103},"point_estimate":3973.1263736263736,"standard_error":11.241150916363562},"median_abs_dev":{"confidence_interval":{"confidence_level":0.95,"lower_bound":59.32069671030698,"upper_bound":97.62507252716354},"point_estimate":78.05300528094871,"standard_error":10.016504613178883},"slope":{"confidence_interval":{"confidence_level":0.95,"lower_bound":3996.5875223540775,"upper_bound":4035.967095692768},"point_estimate":4016.606221595753,"standard_error":10.027664206190643},"std_dev":{"confidence_interval":{"confidence_level":0.95,"lower_bound":63.62860071095924,"upper_bound":95.09506342229442},"point_estimate":79.40818082908599,"standard_error":8.094253993531893}}