{"mean":{"confidence_interval":{"confidence_level":0.95,"lower_bound":4127.645566550799,"upper_bound":4166.676172586243},"point_estimate":4145.484108350643,"standard_error":9.989292314801858},"median":{"confidence_interval":{"confidence_level":0.95,"lower_bound":4114.940828402367,"upper_bound":4141.473504273505},"point_estimate":4123.535295062081,"standard_error":7.5208428721848515},"median_abs_dev":{"confidence_interval":{"confidence_level":0.95,"lower_bound":49.14221162431358,"upper_bound":78.54792937472602},"point_estimate":67.08981980663438,"standard_error":7.314590468574405},"slope":{"confidence_interval":{"confidence_level":0.95,"lower_bound":4100.790422179731,"upper_bound":4129.686086501927},"point_estimate":4114.28758613634,"standard_error":7.365326106249141},"std_dev":{"confidence_interval":{"confidence_level":0.95,"lower_bound":58.72478539946601,"upper_bound":140.62200157034388},"point_estimate":100.4603034608874,"standard_error":21.540559563620494}}