{"mean":{"confidence_interval":{"confidence_level":0.95,"lower_bound":9623.77742077003,"upper_bound":9696.399354577128},"point_estimate":9657.321780699898,"standard_error":18.637720789003716},"median":{"confidence_interval":{"confidence_level":0.95,"lower_bound":9591.358823529412,"upper_bound":9624.64180871212},"point_estimate":9608.837606837607,"standard_error":7.723108204671052},"median_abs_dev":{"confidence_interval":{"confidence_level":0.95,"lower_bound":44.61219387028951,"upper_bound":81.74914654415986},"point_estimate":64.96290206867515,"standard_error":9.78422435913097},"slope":{"confidence_interval":{"confidence_level":0.95,"lower_bound":9625.978048210241,"upper_bound":9698.580287613833},"point_estimate":9658.884774641643,"standard_error":18.632628806681748},"std_dev":{"confidence_interval":{"confidence_level":0.95,"lower_bound":112.77444100096245,"upper_bound":248.31276729852962},"point_estimate":187.55717180079526,"standard_error":34.67947123591485}}