{"mean":{"confidence_interval":{"confidence_level":0.95,"lower_bound":4341.094731598084,"upper_bound":4417.85241166863},"point_estimate":4378.5718428896,"standard_error":19.539625929018737},"median":{"confidence_interval":{"confidence_level":0.95,"lower_bound":4275.6461538461535,"upper_bound":4307.241515837104},"point_estimate":4296.616178433438,"standard_error":8.421886657181453},"median_abs_dev":{"confidence_interval":{"confidence_level":0.95,"lower_bound":64.89141768083756,"upper_bound":130.24370305948045},"point_estimate":100.85567788219699,"standard_error":17.18812816392444},"slope":{"confidence_interval":{"confidence_level":0.95,"lower_bound":4455.969247158069,"upper_bound":4564.28278855134},"point_estimate":4514.545432017369,"standard_error":27.62865907164168},"std_dev":{"confidence_interval":{"confidence_level":0.95,"lower_bound":167.23056916802193,"upper_bound":216.0196980244101},"point_estimate":195.28455768384362,"standard_error":12.44394601098986}}