{"mean":{"confidence_interval":{"confidence_level":0.95,"lower_bound":6629.351681824644,"upper_bound":6660.284707232333},"point_estimate":6644.063912151979,"standard_error":7.892950938694488},"median":{"confidence_interval":{"confidence_level":0.95,"lower_bound":6620.667307692308,"upper_bound":6640.275797373359},"point_estimate":6624.76282051282,"standard_error":5.311399659025921},"median_abs_dev":{"confidence_interval":{"confidence_level":0.95,"lower_bound":33.92217837514214,"upper_bound":64.2459735411344},"point_estimate":47.148550139555326,"standard_error":7.950679804693373},"slope":{"confidence_interval":{"confidence_level":0.95,"lower_bound":6615.447649017275,"upper_bound":6643.442239658734},"point_estimate":6628.081844926169,"standard_error":7.182333480245584},"std_dev":{"confidence_interval":{"confidence_level":0.95,"lower_bound":57.807456937688436,"upper_bound":99.67591630872337},"point_estimate":79.18201637640003,"standard_error":10.808788397413027}}