{"mean":{"confidence_interval":{"confidence_level":0.95,"lower_bound":4045.541667661308,"upper_bound":4092.919448571177},"point_estimate":4068.6618466126984,"standard_error":12.105728133418136},"median":{"confidence_interval":{"confidence_level":0.95,"lower_bound":4006.0846153846155,"upper_bound":4065.712715855573},"point_estimate":4043.158822537112,"standard_error":15.207437628623058},"median_abs_dev":{"confidence_interval":{"confidence_level":0.95,"lower_bound":74.7947937947958,"upper_bound":144.59618747355518},"point_estimate":106.00067030800179,"standard_error":18.506744681593183},"slope":{"confidence_interval":{"confidence_level":0.95,"lower_bound":4107.888899954043,"upper_bound":4169.876659331642},"point_estimate":4138.649821191074,"standard_error":15.726435081313184},"std_dev":{"confidence_interval":{"confidence_level":0.95,"lower_bound":99.02104291951446,"upper_bound":144.80548427558367},"point_estimate":121.57727716723429,"standard_error":11.859597504276627}}