{"mean":{"confidence_interval":{"confidence_level":0.95,"lower_bound":4253.743650518715,"upper_bound":4282.197056090152},"point_estimate":4267.631274354603,"standard_error":7.240314370519906},"median":{"confidence_interval":{"confidence_level":0.95,"lower_bound":4253.3205539358605,"upper_bound":4279.953745039683},"point_estimate":4264.896138583639,"standard_error":6.884964813493098},"median_abs_dev":{"confidence_interval":{"confidence_level":0.95,"lower_bound":36.19972947840761,"upper_bound":59.25770918098015},"point_estimate":47.097453766416386,"standard_error":5.692249530632647},"slope":{"confidence_interval":{"confidence_level":0.95,"lower_bound":4262.268517401752,"upper_bound":4289.802636058879},"point_estimate":4274.60957461631,"standard_error":7.060118329951905},"std_dev":{"confidence_interval":{"confidence_level":0.95,"lower_bound":50.328601522590084,"upper_bound":94.84199742800882},"point_estimate":72.96222000780325,"standard_error":11.473045061381889}}