{"mean":{"confidence_interval":{"confidence_level":0.95,"lower_bound":4451.801502135504,"upper_bound":4470.915156513686},"point_estimate":4460.124350366693,"standard_error":4.91005997901952},"median":{"confidence_interval":{"confidence_level":0.95,"lower_bound":4446.098290598291,"upper_bound":4455.550961538462},"point_estimate":4447.608677332008,"standard_error":2.9648697662098584},"median_abs_dev":{"confidence_interval":{"confidence_level":0.95,"lower_bound":17.260229506757355,"upper_bound":31.785847498018953},"point_estimate":22.39534145088556,"standard_error":3.9423626245195043},"slope":{"confidence_interval":{"confidence_level":0.95,"lower_bound":4446.1858185620695,"upper_bound":4485.718981359173},"point_estimate":4460.9284771117755,"standard_error":10.7644774275166},"std_dev":{"confidence_interval":{"confidence_level":0.95,"lower_bound":25.620089317491743,"upper_bound":74.50106330554625},"point_estimate":49.30839190350082,"standard_error":14.960931379236271}}