{"mean":{"confidence_interval":{"confidence_level":0.95,"lower_bound":6668.090453384929,"upper_bound":6698.572177670319},"point_estimate":6683.0174842786955,"standard_error":7.789062005886534},"median":{"confidence_interval":{"confidence_level":0.95,"lower_bound":6657.156695156696,"upper_bound":6683.894419306184},"point_estimate":6674.011593669488,"standard_error":7.5904611354960245},"median_abs_dev":{"confidence_interval":{"confidence_level":0.95,"lower_bound":43.48236949127471,"upper_bound":85.63032075498911},"point_estimate":58.07697269826015,"standard_error":10.940480703302908},"slope":{"confidence_interval":{"confidence_level":0.95,"lower_bound":6681.243178980675,"upper_bound":6706.201463013453},"point_estimate":6693.659477327756,"standard_error":6.379766991029992},"std_dev":{"confidence_interval":{"confidence_level":0.95,"lower_bound":63.172071358511815,"upper_bound":92.05024447470322},"point_estimate":78.03926768819343,"standard_error":7.391620603765108}}