{"mean":{"confidence_interval":{"confidence_level":0.95,"lower_bound":6675.869569315295,"upper_bound":6736.1488892442585},"point_estimate":6700.017713575569,"standard_error":15.85524864353268},"median":{"confidence_interval":{"confidence_level":0.95,"lower_bound":6668.706896551724,"upper_bound":6691.063492063492},"point_estimate":6675.551101101101,"standard_error":5.451371271480824},"median_abs_dev":{"confidence_interval":{"confidence_level":0.95,"lower_bound":38.75133962367926,"upper_bound":65.37508489299954},"point_estimate":50.63709648046641,"standard_error":6.747128054202214},"slope":{"confidence_interval":{"confidence_level":0.95,"lower_bound":6661.268937557174,"upper_bound":6778.7200191163665},"point_estimate":6703.6950758583325,"standard_error":32.41426306927768},"std_dev":{"confidence_interval":{"confidence_level":0.95,"lower_bound":52.660373458243676,"upper_bound":259.3343014726926},"point_estimate":159.48947849286083,"standard_error":66.68016132974658}}