{"mean":{"confidence_interval":{"confidence_level":0.95,"lower_bound":9460.005225737656,"upper_bound":9493.101777865102},"point_estimate":9475.493277485128,"standard_error":8.463229116221044},"median":{"confidence_interval":{"confidence_level":0.95,"lower_bound":9445.347701149425,"upper_bound":9467.434375},"point_estimate":9452.269907407408,"standard_error":4.872200350053738},"median_abs_dev":{"confidence_interval":{"confidence_level":0.95,"lower_bound":36.715408588836986,"upper_bound":60.09926803622219},"point_estimate":53.417857296490276,"standard_error":6.217250525226791},"slope":{"confidence_interval":{"confidence_level":0.95,"lower_bound":9466.226286535788,"upper_bound":9528.3931665038},"point_estimate":9494.489199793114,"standard_error":16.039647849729032},"std_dev":{"confidence_interval":{"confidence_level":0.95,"lower_bound":55.727762766766105,"upper_bound":110.73235641532087},"point_estimate":85.32758364534013,"standard_error":14.075654600296483}}