{"mean":{"confidence_interval":{"confidence_level":0.95,"lower_bound":4128.604985474917,"upper_bound":4167.250311918774},"point_estimate":4144.209279101732,"standard_error":10.13520236066525},"median":{"confidence_interval":{"confidence_level":0.95,"lower_bound":4125.767558528428,"upper_bound":4144.993796526054},"point_estimate":4138.554985337243,"standard_error":5.136838234396516},"median_abs_dev":{"confidence_interval":{"confidence_level":0.95,"lower_bound":32.64656836943872,"upper_bound":54.31552291000323},"point_estimate":45.02394930342802,"standard_error":5.35975750256908},"slope":{"confidence_interval":{"confidence_level":0.95,"lower_bound":4119.93761687914,"upper_bound":4142.017386099267},"point_estimate":4130.894693023837,"standard_error":5.6267367082737385},"std_dev":{"confidence_interval":{"confidence_level":0.95,"lower_bound":37.99898531845248,"upper_bound":165.93617534621154},"point_estimate":102.21806659260179,"standard_error":42.740646410731095}}