{"mean":{"confidence_interval":{"confidence_level":0.95,"lower_bound":4466.434616293064,"upper_bound":4476.723281231557},"point_estimate":4471.376155770868,"standard_error":2.620565238991072},"median":{"confidence_interval":{"confidence_level":0.95,"lower_bound":4463.48547008547,"upper_bound":4478.446949602122},"point_estimate":4470.929547375701,"standard_error":3.8082943680970542},"median_abs_dev":{"confidence_interval":{"confidence_level":0.95,"lower_bound":18.511242767110232,"upper_bound":28.44372672994952},"point_estimate":22.64961227405879,"standard_error":2.5418189881258444},"slope":{"confidence_interval":{"confidence_level":0.95,"lower_bound":4460.0718936153735,"upper_bound":4470.756225848769},"point_estimate":4465.214878312171,"standard_error":2.718166562568547},"std_dev":{"confidence_interval":{"confidence_level":0.95,"lower_bound":19.962662547374617,"upper_bound":33.76916137875616},"point_estimate":26.278582518555417,"standard_error":3.736125845206634}}