{"mean":{"confidence_interval":{"confidence_level":0.95,"lower_bound":6467.250143773302,"upper_bound":6500.781595088095},"point_estimate":6483.490335433431,"standard_error":8.555500048603465},"median":{"confidence_interval":{"confidence_level":0.95,"lower_bound":6457.7032967032965,"upper_bound":6490.079737335835},"point_estimate":6478.5935409699,"standard_error":8.307649198986956},"median_abs_dev":{"confidence_interval":{"confidence_level":0.95,"lower_bound":47.14164434958855,"upper_bound":77.56506680759742},"point_estimate":62.24017050994183,"standard_error":7.677585048269861},"slope":{"confidence_interval":{"confidence_level":0.95,"lower_bound":6472.719721304216,"upper_bound":6505.9504453346035},"point_estimate":6488.617037660138,"standard_error":8.50412442705457},"std_dev":{"confidence_interval":{"confidence_level":0.95,"lower_bound":67.00933431796926,"upper_bound":104.15167883937178},"point_estimate":86.03391165457,"standard_error":9.534406486096284}}