{"mean":{"confidence_interval":{"confidence_level":0.95,"lower_bound":4202.441902651959,"upper_bound":4228.620560936611},"point_estimate":4215.140119718266,"standard_error":6.7083461525676125},"median":{"confidence_interval":{"confidence_level":0.95,"lower_bound":4181.301003344482,"upper_bound":4217.5432692307695},"point_estimate":4194.800396398084,"standard_error":9.185035812585664},"median_abs_dev":{"confidence_interval":{"confidence_level":0.95,"lower_bound":37.888782038629344,"upper_bound":67.55221916269986},"point_estimate":52.03338701893688,"standard_error":7.065630662611151},"slope":{"confidence_interval":{"confidence_level":0.95,"lower_bound":4197.869108763847,"upper_bound":4224.305466224604},"point_estimate":4210.166334587535,"standard_error":6.7577714388454755},"std_dev":{"confidence_interval":{"confidence_level":0.95,"lower_bound":55.68153224192092,"upper_bound":77.03816528627775},"point_estimate":67.26227021279585,"standard_error":5.464278400310074}}