{"mean":{"confidence_interval":{"confidence_level":0.95,"lower_bound":4142.97794912567,"upper_bound":4166.303056730756},"point_estimate":4154.011121032676,"standard_error":5.952180915564711},"median":{"confidence_interval":{"confidence_level":0.95,"lower_bound":4131.0817307692305,"upper_bound":4156.112880275477},"point_estimate":4148.647074028122,"standard_error":5.813750319139059},"median_abs_dev":{"confidence_interval":{"confidence_level":0.95,"lower_bound":36.84641088430747,"upper_bound":59.45575484990021},"point_estimate":48.75906311788584,"standard_error":5.682659327008298},"slope":{"confidence_interval":{"confidence_level":0.95,"lower_bound":4138.040388901253,"upper_bound":4158.758515831867},"point_estimate":4148.241214263791,"standard_error":5.288534284153251},"std_dev":{"confidence_interval":{"confidence_level":0.95,"lower_bound":42.130011337537894,"upper_bound":77.05840265757443},"point_estimate":59.98393381372112,"standard_error":9.062760091817}}