{"mean":{"confidence_interval":{"confidence_level":0.95,"lower_bound":4320.280632215472,"upper_bound":4361.035111417708},"point_estimate":4340.583013206521,"standard_error":10.392893630620819},"median":{"confidence_interval":{"confidence_level":0.95,"lower_bound":4337.200854700855,"upper_bound":4376.721538461538},"point_estimate":4361.836374251934,"standard_error":8.78698163661434},"median_abs_dev":{"confidence_interval":{"confidence_level":0.95,"lower_bound":58.056070862790044,"upper_bound":107.88121906469084},"point_estimate":78.86433070690185,"standard_error":13.001126699329738},"slope":{"confidence_interval":{"confidence_level":0.95,"lower_bound":4250.843866658231,"upper_bound":4303.755505850455},"point_estimate":4275.242491048186,"standard_error":13.489273862338068},"std_dev":{"confidence_interval":{"confidence_level":0.95,"lower_bound":88.23732208104732,"upper_bound":119.31548209618164},"point_estimate":104.33495645710515,"standard_error":7.896298545341957}}