{"mean":{"confidence_interval":{"confidence_level":0.95,"lower_bound":4840.4293217890945,"upper_bound":4880.8038166313445},"point_estimate":4860.360173566845,"standard_error":10.279345297394528},"median":{"confidence_interval":{"confidence_level":0.95,"lower_bound":4836.714511958629,"upper_bound":4900.8905502000125},"point_estimate":4858.139423076923,"standard_error":18.30261049801292},"median_abs_dev":{"confidence_interval":{"confidence_level":0.95,"lower_bound":81.84816644412396,"upper_bound":133.16380040976298},"point_estimate":113.24453433884506,"standard_error":13.701744512222362},"slope":{"confidence_interval":{"confidence_level":0.95,"lower_bound":4793.658387792358,"upper_bound":4846.116676121357},"point_estimate":4818.271937797684,"standard_error":13.426450857591034},"std_dev":{"confidence_interval":{"confidence_level":0.95,"lower_bound":83.99487719014395,"upper_bound":126.0659425246264},"point_estimate":103.34373581615571,"standard_error":11.130240453345492}}