{"mean":{"confidence_interval":{"confidence_level":0.95,"lower_bound":6727.956239022927,"upper_bound":6787.331403945836},"point_estimate":6756.289665657389,"standard_error":15.165293349661969},"median":{"confidence_interval":{"confidence_level":0.95,"lower_bound":6684.596153846154,"upper_bound":6737.950549450549},"point_estimate":6702.00525030525,"standard_error":14.100443236465669},"median_abs_dev":{"confidence_interval":{"confidence_level":0.95,"lower_bound":63.96169872817871,"upper_bound":113.33802472804588},"point_estimate":85.28879817397095,"standard_error":12.691139674317965},"slope":{"confidence_interval":{"confidence_level":0.95,"lower_bound":6698.691211759698,"upper_bound":6737.754181959079},"point_estimate":6716.083417717202,"standard_error":9.982928377420262},"std_dev":{"confidence_interval":{"confidence_level":0.95,"lower_bound":115.89021164450311,"upper_bound":186.29678296619306},"point_estimate":151.99015591172747,"standard_error":18.100552406074026}}