{"mean":{"confidence_interval":{"confidence_level":0.95,"lower_bound":4169.8685373713315,"upper_bound":4211.7880303345755},"point_estimate":4187.66707577475,"standard_error":10.815036987990784},"median":{"confidence_interval":{"confidence_level":0.95,"lower_bound":4159.3317307692305,"upper_bound":4183.364975450082},"point_estimate":4171.921953046953,"standard_error":5.584689164387986},"median_abs_dev":{"confidence_interval":{"confidence_level":0.95,"lower_bound":34.35516360412037,"upper_bound":64.60210430948156},"point_estimate":54.761303481233846,"standard_error":8.33530116322489},"slope":{"confidence_interval":{"confidence_level":0.95,"lower_bound":4143.0909872213415,"upper_bound":4171.706749598197},"point_estimate":4156.628663764195,"standard_error":7.292857822347825},"std_dev":{"confidence_interval":{"confidence_level":0.95,"lower_bound":49.74582819614139,"upper_bound":169.74306941345034},"point_estimate":108.57781908008256,"standard_error":38.428276580190214}}