{"mean":{"confidence_interval":{"confidence_level":0.95,"lower_bound":4153.217273172373,"upper_bound":4219.318415535901},"point_estimate":4181.862952767103,"standard_error":17.08678518975428},"median":{"confidence_interval":{"confidence_level":0.95,"lower_bound":4137.888687782805,"upper_bound":4156.563490675991},"point_estimate":4148.036954980504,"standard_error":5.111444482931689},"median_abs_dev":{"confidence_interval":{"confidence_level":0.95,"lower_bound":28.649598289445645,"upper_bound":51.927320402856},"point_estimate":36.061363034996276,"standard_error":5.712991143294227},"slope":{"confidence_interval":{"confidence_level":0.95,"lower_bound":4138.345454518418,"upper_bound":4155.786903280189},"point_estimate":4146.51713223676,"standard_error":4.466006950827662},"std_dev":{"confidence_interval":{"confidence_level":0.95,"lower_bound":64.69321963117692,"upper_bound":262.5917516796791},"point_estimate":171.40985704609457,"standard_error":52.41938670103791}}