{"mean":{"confidence_interval":{"confidence_level":0.95,"lower_bound":6584.160006347308,"upper_bound":6609.874167875062},"point_estimate":6596.7357851374345,"standard_error":6.564576823013216},"median":{"confidence_interval":{"confidence_level":0.95,"lower_bound":6577.153846153846,"upper_bound":6609.51775147929},"point_estimate":6593.148076923077,"standard_error":8.20515110561536},"median_abs_dev":{"confidence_interval":{"confidence_level":0.95,"lower_bound":42.6696662296415,"upper_bound":67.42044783368198},"point_estimate":56.181168302101355,"standard_error":6.3788577612671595},"slope":{"confidence_interval":{"confidence_level":0.95,"lower_bound":6604.628789785113,"upper_bound":6633.21947563344},"point_estimate":6618.6086644462375,"standard_error":7.269138805704621},"std_dev":{"confidence_interval":{"confidence_level":0.95,"lower_bound":52.13482793556781,"upper_bound":78.99781024377991},"point_estimate":65.96976009481772,"standard_error":6.911828156802961}}