{"mean":{"confidence_interval":{"confidence_level":0.95,"lower_bound":4130.3890726057825,"upper_bound":4152.18519192678},"point_estimate":4141.038690173998,"standard_error":5.557778574784432},"median":{"confidence_interval":{"confidence_level":0.95,"lower_bound":4126.76,"upper_bound":4150.554376657825},"point_estimate":4136.290662278898,"standard_error":6.629142385675679},"median_abs_dev":{"confidence_interval":{"confidence_level":0.95,"lower_bound":39.088722922609506,"upper_bound":63.97789861874751},"point_estimate":54.093856721115664,"standard_error":6.427779024179717},"slope":{"confidence_interval":{"confidence_level":0.95,"lower_bound":4105.169092791509,"upper_bound":4126.246066281126},"point_estimate":4115.0118864171145,"standard_error":5.366152762718524},"std_dev":{"confidence_interval":{"confidence_level":0.95,"lower_bound":44.64346076720847,"upper_bound":66.96156976264876},"point_estimate":55.90372351116679,"standard_error":5.736846726099772}}