{"mean":{"confidence_interval":{"confidence_level":0.95,"lower_bound":9599.475225567277,"upper_bound":9707.905101197208},"point_estimate":9648.36773852104,"standard_error":27.841837319871534},"median":{"confidence_interval":{"confidence_level":0.95,"lower_bound":9567.654444444444,"upper_bound":9599.644790294247},"point_estimate":9580.918621050936,"standard_error":9.479385702965883},"median_abs_dev":{"confidence_interval":{"confidence_level":0.95,"lower_bound":40.87150965543945,"upper_bound":80.76046256877301},"point_estimate":55.2842680890207,"standard_error":10.175136721285277},"slope":{"confidence_interval":{"confidence_level":0.95,"lower_bound":9621.348352052511,"upper_bound":9820.43121157408},"point_estimate":9708.10280922122,"standard_error":51.255363045646575},"std_dev":{"confidence_interval":{"confidence_level":0.95,"lower_bound":141.11573430205084,"upper_bound":400.35065819386347},"point_estimate":281.1469911269155,"standard_error":67.03355049788217}}