{"mean":{"confidence_interval":{"confidence_level":0.95,"lower_bound":4002.1784841649383,"upper_bound":4123.864636875014},"point_estimate":4047.5759057316354,"standard_error":33.91996859998502},"median":{"confidence_interval":{"confidence_level":0.95,"lower_bound":3988.3061237717457,"upper_bound":4019.945640210346},"point_estimate":3997.868437118437,"standard_error":8.996000538435354},"median_abs_dev":{"confidence_interval":{"confidence_level":0.95,"lower_bound":48.79777041697743,"upper_bound":83.87497713346204},"point_estimate":65.42054411098871,"standard_error":9.217712038686429},"slope":{"confidence_interval":{"confidence_level":0.95,"lower_bound":4016.6153582616084,"upper_bound":4057.9511614986704},"point_estimate":4035.944418501552,"standard_error":10.536962855704225},"std_dev":{"confidence_interval":{"confidence_level":0.95,"lower_bound":66.34646299865639,"upper_bound":574.44845161493},"point_estimate":341.09949937359306,"standard_error":174.58243243579267}}