{"mean":{"confidence_interval":{"confidence_level":0.95,"lower_bound":3840.1431415830443,"upper_bound":3859.748870686892},"point_estimate":3848.7540042634237,"standard_error":5.054126291300628},"median":{"confidence_interval":{"confidence_level":0.95,"lower_bound":3834.3007150423728,"upper_bound":3838.6162928151307},"point_estimate":3836.794380606493,"standard_error":1.001277565045711},"median_abs_dev":{"confidence_interval":{"confidence_level":0.95,"lower_bound":7.614362605202761,"upper_bound":14.371117877714658},"point_estimate":10.730613543832625,"standard_error":1.8710775090017306},"slope":{"confidence_interval":{"confidence_level":0.95,"lower_bound":3837.0114087533498,"upper_bound":3851.3229224350807},"point_estimate":3843.1538534858078,"standard_error":3.681518856307461},"std_dev":{"confidence_interval":{"confidence_level":0.95,"lower_bound":19.745806056403357,"upper_bound":74.62960199436463},"point_estimate":50.71735603631333,"standard_error":13.88893336189451}}