{"mean":{"confidence_interval":{"confidence_level":0.95,"lower_bound":-0.0009476155530495634,"upper_bound":0.000037716296653089696},"point_estimate":-0.0003726813671688367,"standard_error":0.00025462015499902094},"median":{"confidence_interval":{"confidence_level":0.95,"lower_bound":-0.00043799382004672504,"upper_bound":0.00002767651175037919},"point_estimate":-0.00014714126567871855,"standard_error":0.00011879650806955586}}