{"mean":{"confidence_interval":{"confidence_level":0.95,"lower_bound":67203542.33600001,"upper_bound":67693950.87224999},"point_estimate":67438340.5,"standard_error":124870.75067510133},"median":{"confidence_interval":{"confidence_level":0.95,"lower_bound":66764395.0,"upper_bound":67597726.0},"point_estimate":67015741.0,"standard_error":184410.80125319926},"median_abs_dev":{"confidence_interval":{"confidence_level":0.95,"lower_bound":666431.653368473,"upper_bound":1403850.193476677},"point_estimate":1134098.541265726,"standard_error":198459.09083474518},"slope":null,"std_dev":{"confidence_interval":{"confidence_level":0.95,"lower_bound":952598.1977619679,"upper_bound":1612385.0996213872},"point_estimate":1265466.45231137,"standard_error":174912.0810938944}}