{"mean":{"confidence_interval":{"confidence_level":0.95,"lower_bound":66901197.69,"upper_bound":67217898.81},"point_estimate":67052788.44,"standard_error":80548.71012329208},"median":{"confidence_interval":{"confidence_level":0.95,"lower_bound":66733241.0,"upper_bound":67007297.5},"point_estimate":66873057.5,"standard_error":65634.09821031165},"median_abs_dev":{"confidence_interval":{"confidence_level":0.95,"lower_bound":428559.60709154606,"upper_bound":682425.9418845177},"point_estimate":530739.6559774876,"standard_error":61394.106002842775},"slope":null,"std_dev":{"confidence_interval":{"confidence_level":0.95,"lower_bound":606647.0352362759,"upper_bound":977453.9192271378},"point_estimate":806933.6398974753,"standard_error":94868.84562055084}}