{"mean":{"confidence_interval":{"confidence_level":0.95,"lower_bound":69480730.3835,"upper_bound":69667594.2065},"point_estimate":69571976.78,"standard_error":47744.49910837654},"median":{"confidence_interval":{"confidence_level":0.95,"lower_bound":69399443.0,"upper_bound":69613208.0},"point_estimate":69501626.5,"standard_error":66886.01359902015},"median_abs_dev":{"confidence_interval":{"confidence_level":0.95,"lower_bound":307236.2273454666,"upper_bound":552115.0410979986},"point_estimate":405910.6685936451,"standard_error":65603.77250080484},"slope":null,"std_dev":{"confidence_interval":{"confidence_level":0.95,"lower_bound":386670.60123022733,"upper_bound":569161.2603476554},"point_estimate":478177.4336360925,"standard_error":47081.945325726025}}