{"mean":{"confidence_interval":{"confidence_level":0.95,"lower_bound":64491695.25775,"upper_bound":64709135.91675},"point_estimate":64598933.69,"standard_error":55439.81193105633},"median":{"confidence_interval":{"confidence_level":0.95,"lower_bound":64499634.0,"upper_bound":64706696.0},"point_estimate":64605895.0,"standard_error":49342.62299095447},"median_abs_dev":{"confidence_interval":{"confidence_level":0.95,"lower_bound":357176.86615884304,"upper_bound":604529.3979674578},"point_estimate":466118.31222474575,"standard_error":60487.50909284653},"slope":null,"std_dev":{"confidence_interval":{"confidence_level":0.95,"lower_bound":457885.0392771157,"upper_bound":653506.7346101495},"point_estimate":558676.3882669862,"standard_error":49977.22323859317}}