{"mean":{"confidence_interval":{"confidence_level":0.95,"lower_bound":66075524.03,"upper_bound":66347461.82},"point_estimate":66210781.57,"standard_error":68861.18193139583},"median":{"confidence_interval":{"confidence_level":0.95,"lower_bound":66223745.0,"upper_bound":66408849.0},"point_estimate":66352814.5,"standard_error":48187.386045753265},"median_abs_dev":{"confidence_interval":{"confidence_level":0.95,"lower_bound":381547.60360367637,"upper_bound":642605.5304914713},"point_estimate":516478.5268306732,"standard_error":65725.38086025979},"slope":null,"std_dev":{"confidence_interval":{"confidence_level":0.95,"lower_bound":534753.0218378261,"upper_bound":862317.0210037305},"point_estimate":691729.991658263,"standard_error":85358.99284130431}}