{"mean":{"confidence_interval":{"confidence_level":0.95,"lower_bound":64830945.16325,"upper_bound":65093820.17475},"point_estimate":64959643.07,"standard_error":67125.49809450442},"median":{"confidence_interval":{"confidence_level":0.95,"lower_bound":64803047.5,"upper_bound":65007055.0},"point_estimate":64895494.5,"standard_error":56758.70875909317},"median_abs_dev":{"confidence_interval":{"confidence_level":0.95,"lower_bound":487364.1922375563,"upper_bound":765122.4217488614},"point_estimate":615013.6036813259,"standard_error":69181.04546989546},"slope":null,"std_dev":{"confidence_interval":{"confidence_level":0.95,"lower_bound":538688.3539242105,"upper_bound":804869.6563635066},"point_estimate":673700.5482462653,"standard_error":67994.30494495598}}