{"mean":{"confidence_interval":{"confidence_level":0.95,"lower_bound":66894517.65,"upper_bound":67062090.28},"point_estimate":66976569.06,"standard_error":42725.10209634064},"median":{"confidence_interval":{"confidence_level":0.95,"lower_bound":66844260.0,"upper_bound":66953142.0},"point_estimate":66893586.5,"standard_error":27433.816758743258},"median_abs_dev":{"confidence_interval":{"confidence_level":0.95,"lower_bound":257129.2037500442,"upper_bound":442940.82683622837},"point_estimate":327075.63889324665,"standard_error":46672.20107290712},"slope":null,"std_dev":{"confidence_interval":{"confidence_level":0.95,"lower_bound":351653.85940746847,"upper_bound":501617.5184542917},"point_estimate":429999.7320085803,"standard_error":38427.9947194173}}