{"mean":{"confidence_interval":{"confidence_level":0.95,"lower_bound":69687092.77425,"upper_bound":69953758.4},"point_estimate":69818258.24,"standard_error":68417.29520865108},"median":{"confidence_interval":{"confidence_level":0.95,"lower_bound":69402462.0,"upper_bound":70005669.0},"point_estimate":69683254.0,"standard_error":168368.81539070836},"median_abs_dev":{"confidence_interval":{"confidence_level":0.95,"lower_bound":503505.77706098557,"upper_bound":946171.9707845894},"point_estimate":800082.1105957031,"standard_error":117043.00323976162},"slope":null,"std_dev":{"confidence_interval":{"confidence_level":0.95,"lower_bound":597375.3815493911,"upper_bound":779951.785141935},"point_estimate":691361.0309410278,"standard_error":46716.42825301224}}