{"mean":{"confidence_interval":{"confidence_level":0.95,"lower_bound":64963853.6485,"upper_bound":65130152.62},"point_estimate":65046528.81,"standard_error":42585.311162066486},"median":{"confidence_interval":{"confidence_level":0.95,"lower_bound":64900372.0,"upper_bound":65184073.5},"point_estimate":65013393.0,"standard_error":80446.5138544267},"median_abs_dev":{"confidence_interval":{"confidence_level":0.95,"lower_bound":342238.9301240444,"upper_bound":537537.5436492997},"point_estimate":439542.70769655704,"standard_error":50495.26436997742},"slope":null,"std_dev":{"confidence_interval":{"confidence_level":0.95,"lower_bound":368912.98439340404,"upper_bound":478345.4229449856},"point_estimate":426335.7530884418,"standard_error":28012.68505044618}}