{"mean":{"confidence_interval":{"confidence_level":0.95,"lower_bound":66651111.146,"upper_bound":66978969.24},"point_estimate":66809909.32,"standard_error":83539.23947875742},"median":{"confidence_interval":{"confidence_level":0.95,"lower_bound":66541680.0,"upper_bound":66949284.0},"point_estimate":66767072.0,"standard_error":84653.67463797187},"median_abs_dev":{"confidence_interval":{"confidence_level":0.95,"lower_bound":649273.5238730907,"upper_bound":990944.6182072138},"point_estimate":828133.6433976889,"standard_error":85339.74549194274},"slope":null,"std_dev":{"confidence_interval":{"confidence_level":0.95,"lower_bound":647367.2304829614,"upper_bound":1065547.1923387488},"point_estimate":841213.1873570285,"standard_error":112340.38697730273}}