{"mean":{"confidence_interval":{"confidence_level":0.95,"lower_bound":14866.22543615472,"upper_bound":15014.503479130883},"point_estimate":14939.429779381111,"standard_error":37.773208793377975},"median":{"confidence_interval":{"confidence_level":0.95,"lower_bound":14772.075,"upper_bound":15080.970430107527},"point_estimate":14905.375961538462,"standard_error":83.48933129204879},"median_abs_dev":{"confidence_interval":{"confidence_level":0.95,"lower_bound":334.8022679300596,"upper_bound":486.0465744375243},"point_estimate":436.5074458601989,"standard_error":38.45338990198002},"slope":{"confidence_interval":{"confidence_level":0.95,"lower_bound":14881.436932095823,"upper_bound":15096.138403888235},"point_estimate":14982.195275602187,"standard_error":55.009875203019604},"std_dev":{"confidence_interval":{"confidence_level":0.95,"lower_bound":316.9011750429899,"upper_bound":440.39561637686614},"point_estimate":377.81531140243743,"standard_error":31.695880668526947}}