{"mean":{"confidence_interval":{"confidence_level":0.95,"lower_bound":17386.914962692157,"upper_bound":17462.560743696315},"point_estimate":17422.56946801402,"standard_error":19.20700050171821},"median":{"confidence_interval":{"confidence_level":0.95,"lower_bound":17366.192448979593,"upper_bound":17416.39},"point_estimate":17376.661562499998,"standard_error":12.384618964212674},"median_abs_dev":{"confidence_interval":{"confidence_level":0.95,"lower_bound":74.96272566914803,"upper_bound":154.01818809743236},"point_estimate":124.2865936627252,"standard_error":20.385528905954818},"slope":{"confidence_interval":{"confidence_level":0.95,"lower_bound":17372.424139699415,"upper_bound":17424.145647943667},"point_estimate":17396.527204817496,"standard_error":13.224773107593917},"std_dev":{"confidence_interval":{"confidence_level":0.95,"lower_bound":133.5571244811612,"upper_bound":259.322512906592},"point_estimate":193.99973975623098,"standard_error":33.64266999140628}}