{"mean":{"confidence_interval":{"confidence_level":0.95,"lower_bound":15217.85964253794,"upper_bound":15401.551379106251},"point_estimate":15295.230040320323,"standard_error":47.58155057853592},"median":{"confidence_interval":{"confidence_level":0.95,"lower_bound":15181.1628257722,"upper_bound":15213.38937600321},"point_estimate":15200.060872709739,"standard_error":8.525720669682315},"median_abs_dev":{"confidence_interval":{"confidence_level":0.95,"lower_bound":78.73458450746585,"upper_bound":141.16819044728715},"point_estimate":119.89258679985241,"standard_error":16.431923883783575},"slope":{"confidence_interval":{"confidence_level":0.95,"lower_bound":15215.81259916825,"upper_bound":15395.87880451103},"point_estimate":15281.03495012561,"standard_error":48.84776930938716},"std_dev":{"confidence_interval":{"confidence_level":0.95,"lower_bound":188.25439042695882,"upper_bound":744.1729844921341},"point_estimate":477.9698678342992,"standard_error":162.98885245942432}}