{"mean":{"confidence_interval":{"confidence_level":0.95,"lower_bound":17320.31803090829,"upper_bound":17427.089729883974},"point_estimate":17373.155412175074,"standard_error":27.11710962026476},"median":{"confidence_interval":{"confidence_level":0.95,"lower_bound":17288.163980509744,"upper_bound":17388.330263157895},"point_estimate":17330.01607142857,"standard_error":25.531187958123773},"median_abs_dev":{"confidence_interval":{"confidence_level":0.95,"lower_bound":155.6626215019575,"upper_bound":263.5006521846735},"point_estimate":204.9495619465279,"standard_error":26.239978357349102},"slope":{"confidence_interval":{"confidence_level":0.95,"lower_bound":17333.953160253943,"upper_bound":17435.577036950886},"point_estimate":17382.97802349638,"standard_error":25.98053622061934},"std_dev":{"confidence_interval":{"confidence_level":0.95,"lower_bound":228.04328634933134,"upper_bound":311.14968004686943},"point_estimate":272.47226884529704,"standard_error":21.204935925969906}}