{"mean":{"confidence_interval":{"confidence_level":0.95,"lower_bound":47949.823508159825,"upper_bound":48014.44068066993},"point_estimate":47984.10944758126,"standard_error":16.48871971468068},"median":{"confidence_interval":{"confidence_level":0.95,"lower_bound":47972.55357142857,"upper_bound":48010.243902439026},"point_estimate":47988.42433805419,"standard_error":11.069327301887506},"median_abs_dev":{"confidence_interval":{"confidence_level":0.95,"lower_bound":72.75422765572112,"upper_bound":133.83657051858137},"point_estimate":100.6610437513698,"standard_error":15.420588761034825},"slope":{"confidence_interval":{"confidence_level":0.95,"lower_bound":47978.65426228208,"upper_bound":48017.49317672546},"point_estimate":47998.15060355929,"standard_error":9.911584912843024},"std_dev":{"confidence_interval":{"confidence_level":0.95,"lower_bound":97.44088494287026,"upper_bound":239.0893347263024},"point_estimate":165.39720707717115,"standard_error":39.18285782259561}}