{"mean":{"confidence_interval":{"confidence_level":0.95,"lower_bound":15204.01361535148,"upper_bound":15259.393001559149},"point_estimate":15230.024204963825,"standard_error":14.151311524886067},"median":{"confidence_interval":{"confidence_level":0.95,"lower_bound":15200.918367346938,"upper_bound":15236.435546875},"point_estimate":15214.40645109395,"standard_error":9.192604659721578},"median_abs_dev":{"confidence_interval":{"confidence_level":0.95,"lower_bound":55.05614042880799,"upper_bound":105.52109379756664},"point_estimate":80.29853182131781,"standard_error":12.864215090469258},"slope":{"confidence_interval":{"confidence_level":0.95,"lower_bound":15213.896343921298,"upper_bound":15281.064546111722},"point_estimate":15243.130867075513,"standard_error":17.32115669023841},"std_dev":{"confidence_interval":{"confidence_level":0.95,"lower_bound":92.79149723259404,"upper_bound":191.33757491864077},"point_estimate":141.87372941292585,"standard_error":25.964110344412305}}