{"mean":{"confidence_interval":{"confidence_level":0.95,"lower_bound":17149.194641486658,"upper_bound":17225.112381797793},"point_estimate":17184.317895302465,"standard_error":19.479379083304096},"median":{"confidence_interval":{"confidence_level":0.95,"lower_bound":17116.045554577464,"upper_bound":17157.701133879782},"point_estimate":17140.56125290988,"standard_error":11.776215409417638},"median_abs_dev":{"confidence_interval":{"confidence_level":0.95,"lower_bound":58.873780204783,"upper_bound":101.64442387114816},"point_estimate":78.53956268812304,"standard_error":10.538646616716292},"slope":{"confidence_interval":{"confidence_level":0.95,"lower_bound":17149.09694404006,"upper_bound":17254.024036594292},"point_estimate":17193.315183242205,"standard_error":27.227546164265014},"std_dev":{"confidence_interval":{"confidence_level":0.95,"lower_bound":121.75788078190783,"upper_bound":258.13444292237006},"point_estimate":196.22935594404197,"standard_error":34.83052265457029}}