{"mean":{"confidence_interval":{"confidence_level":0.95,"lower_bound":18287.822840598066,"upper_bound":18368.969973791256},"point_estimate":18323.936299859608,"standard_error":20.907629689107722},"median":{"confidence_interval":{"confidence_level":0.95,"lower_bound":18268.236328125,"upper_bound":18307.7},"point_estimate":18278.165277777778,"standard_error":9.16460736019901},"median_abs_dev":{"confidence_interval":{"confidence_level":0.95,"lower_bound":58.80254710821834,"upper_bound":97.30147620144537},"point_estimate":74.79379912668999,"standard_error":9.685228517194963},"slope":{"confidence_interval":{"confidence_level":0.95,"lower_bound":18307.012336884367,"upper_bound":18371.45133166813},"point_estimate":18336.744543372246,"standard_error":16.50715852995396},"std_dev":{"confidence_interval":{"confidence_level":0.95,"lower_bound":92.26088062068592,"upper_bound":302.47989975281837},"point_estimate":209.66255187142772,"standard_error":55.251893888736596}}