{"mean":{"confidence_interval":{"confidence_level":0.95,"lower_bound":47584.963228588465,"upper_bound":47657.20849705789},"point_estimate":47618.71358291584,"standard_error":18.419449193807456},"median":{"confidence_interval":{"confidence_level":0.95,"lower_bound":47578.3295111709,"upper_bound":47640.739067055394},"point_estimate":47605.697226313205,"standard_error":17.384793208503098},"median_abs_dev":{"confidence_interval":{"confidence_level":0.95,"lower_bound":95.04603586307273,"upper_bound":157.6051192288029},"point_estimate":113.85112551746208,"standard_error":15.969136506934925},"slope":{"confidence_interval":{"confidence_level":0.95,"lower_bound":47571.670695319444,"upper_bound":47614.709673643236},"point_estimate":47593.034113871945,"standard_error":10.974352359491826},"std_dev":{"confidence_interval":{"confidence_level":0.95,"lower_bound":118.26467800594887,"upper_bound":262.5430375690742},"point_estimate":185.82170808664992,"standard_error":40.969770665791}}