{"mean":{"confidence_interval":{"confidence_level":0.95,"lower_bound":15157.517636399707,"upper_bound":15213.64097651395},"point_estimate":15183.855607176194,"standard_error":14.299370153293903},"median":{"confidence_interval":{"confidence_level":0.95,"lower_bound":15144.142572944296,"upper_bound":15184.171052631578},"point_estimate":15158.317512485311,"standard_error":8.6622464714526},"median_abs_dev":{"confidence_interval":{"confidence_level":0.95,"lower_bound":54.74898618429878,"upper_bound":82.67758161407535},"point_estimate":68.8828087820634,"standard_error":6.78128874075036},"slope":{"confidence_interval":{"confidence_level":0.95,"lower_bound":15162.395232684337,"upper_bound":15205.587443669756},"point_estimate":15182.7180246047,"standard_error":10.999642262065047},"std_dev":{"confidence_interval":{"confidence_level":0.95,"lower_bound":95.59420573547612,"upper_bound":185.19558661529297},"point_estimate":143.54985991585878,"standard_error":22.97556917118205}}