{"mean":{"confidence_interval":{"confidence_level":0.95,"lower_bound":17163.90777061138,"upper_bound":17318.821204088264},"point_estimate":17230.621201464815,"standard_error":40.01699353892287},"median":{"confidence_interval":{"confidence_level":0.95,"lower_bound":17130.811538461538,"upper_bound":17167.397808441558},"point_estimate":17145.126994680853,"standard_error":8.679150110305429},"median_abs_dev":{"confidence_interval":{"confidence_level":0.95,"lower_bound":49.41486707242041,"upper_bound":85.6495367516173},"point_estimate":61.90218570927656,"standard_error":9.492634015499387},"slope":{"confidence_interval":{"confidence_level":0.95,"lower_bound":17162.34073666408,"upper_bound":17257.242907269665},"point_estimate":17205.221176666175,"standard_error":24.41802849335852},"std_dev":{"confidence_interval":{"confidence_level":0.95,"lower_bound":133.72765896762868,"upper_bound":603.7413271880117},"point_estimate":399.84678430910463,"standard_error":123.6694007187355}}