{"mean":{"confidence_interval":{"confidence_level":0.95,"lower_bound":14671.637447722911,"upper_bound":14707.938082512928},"point_estimate":14689.360804131344,"standard_error":9.271403812182422},"median":{"confidence_interval":{"confidence_level":0.95,"lower_bound":14658.676470588236,"upper_bound":14698.189984101748},"point_estimate":14679.111174242425,"standard_error":9.519390711024974},"median_abs_dev":{"confidence_interval":{"confidence_level":0.95,"lower_bound":54.80986777693033,"upper_bound":93.92944742332826},"point_estimate":75.44722391268881,"standard_error":9.92253826391702},"slope":{"confidence_interval":{"confidence_level":0.95,"lower_bound":14677.653516624569,"upper_bound":14711.035805207492},"point_estimate":14694.577022905276,"standard_error":8.500728160092219},"std_dev":{"confidence_interval":{"confidence_level":0.95,"lower_bound":76.70834823507316,"upper_bound":106.7647737845792},"point_estimate":92.48191551726718,"standard_error":7.691366560529138}}