{"mean":{"confidence_interval":{"confidence_level":0.95,"lower_bound":15469.540150425943,"upper_bound":15614.800180003265},"point_estimate":15536.092479235107,"standard_error":37.123825758295915},"median":{"confidence_interval":{"confidence_level":0.95,"lower_bound":15440.217105263158,"upper_bound":15555.0},"point_estimate":15491.450358669108,"standard_error":30.522840034357642},"median_abs_dev":{"confidence_interval":{"confidence_level":0.95,"lower_bound":197.61720884617807,"upper_bound":330.5769875240193},"point_estimate":251.7339176276032,"standard_error":34.00880856938433},"slope":{"confidence_interval":{"confidence_level":0.95,"lower_bound":15549.817889167001,"upper_bound":15689.488095043278},"point_estimate":15615.549441776267,"standard_error":35.660830925842056},"std_dev":{"confidence_interval":{"confidence_level":0.95,"lower_bound":230.6289230225115,"upper_bound":527.4389114531172},"point_estimate":371.81320865677435,"standard_error":81.37949859134292}}