{"mean":{"confidence_interval":{"confidence_level":0.95,"lower_bound":15238.911383564637,"upper_bound":15439.94016398583},"point_estimate":15317.427333948419,"standard_error":53.862979028387564},"median":{"confidence_interval":{"confidence_level":0.95,"lower_bound":15218.086805555555,"upper_bound":15246.807692307691},"point_estimate":15233.700810185186,"standard_error":7.874640378101873},"median_abs_dev":{"confidence_interval":{"confidence_level":0.95,"lower_bound":58.96040023365284,"upper_bound":113.8717614344275},"point_estimate":83.1933474165642,"standard_error":13.918733381372057},"slope":{"confidence_interval":{"confidence_level":0.95,"lower_bound":15266.632922207184,"upper_bound":15392.33966360395},"point_estimate":15324.771889685237,"standard_error":32.17257842714246},"std_dev":{"confidence_interval":{"confidence_level":0.95,"lower_bound":141.35875570911858,"upper_bound":888.0049628313325},"point_estimate":538.7070014594,"standard_error":244.27588017228337}}