{"mean":{"confidence_interval":{"confidence_level":0.95,"lower_bound":18900.54145456634,"upper_bound":18946.573043000997},"point_estimate":18922.579955569516,"standard_error":11.77878424493393},"median":{"confidence_interval":{"confidence_level":0.95,"lower_bound":18889.20394736842,"upper_bound":18922.89385792779},"point_estimate":18908.631944444445,"standard_error":8.451062295751553},"median_abs_dev":{"confidence_interval":{"confidence_level":0.95,"lower_bound":48.475439461968286,"upper_bound":81.28224757793544},"point_estimate":60.056563786724105,"standard_error":8.315820224777154},"slope":{"confidence_interval":{"confidence_level":0.95,"lower_bound":18920.408809969973,"upper_bound":18995.964044963326},"point_estimate":18954.16827360721,"standard_error":19.42147976829815},"std_dev":{"confidence_interval":{"confidence_level":0.95,"lower_bound":81.28587789983419,"upper_bound":153.02676587153053},"point_estimate":118.2281985812111,"standard_error":18.500725064339424}}