{"mean":{"confidence_interval":{"confidence_level":0.95,"lower_bound":17247.637113197132,"upper_bound":17436.193625625918},"point_estimate":17331.203792333723,"standard_error":48.3418194448165},"median":{"confidence_interval":{"confidence_level":0.95,"lower_bound":17203.19154033181,"upper_bound":17245.28369815668},"point_estimate":17214.60597826087,"standard_error":12.98974924944317},"median_abs_dev":{"confidence_interval":{"confidence_level":0.95,"lower_bound":59.16353962710772,"upper_bound":130.56404611225852},"point_estimate":85.66413901644765,"standard_error":18.060436352317506},"slope":{"confidence_interval":{"confidence_level":0.95,"lower_bound":17251.73862646055,"upper_bound":17551.909359005418},"point_estimate":17379.749334269247,"standard_error":78.11445878064411},"std_dev":{"confidence_interval":{"confidence_level":0.95,"lower_bound":218.3455449662406,"upper_bound":691.2037182705861},"point_estimate":487.43381756865904,"standard_error":120.53325112388191}}