{"mean":{"confidence_interval":{"confidence_level":0.95,"lower_bound":18364.814575043052,"upper_bound":18670.03393097725},"point_estimate":18514.914318585208,"standard_error":78.15820548284638},"median":{"confidence_interval":{"confidence_level":0.95,"lower_bound":18437.064380055614,"upper_bound":18691.743686868685},"point_estimate":18567.279674258476,"standard_error":68.68324474128221},"median_abs_dev":{"confidence_interval":{"confidence_level":0.95,"lower_bound":482.6252300836042,"upper_bound":929.9233839038104},"point_estimate":655.1264861486147,"standard_error":115.43387937210451},"slope":{"confidence_interval":{"confidence_level":0.95,"lower_bound":18484.496085264593,"upper_bound":18699.949658237383},"point_estimate":18594.863765701197,"standard_error":54.769309028692255},"std_dev":{"confidence_interval":{"confidence_level":0.95,"lower_bound":647.26735049617,"upper_bound":921.2106612087707},"point_estimate":787.0022912167791,"standard_error":69.91393334318396}}