{"mean":{"confidence_interval":{"confidence_level":0.95,"lower_bound":17313.12730027231,"upper_bound":17470.95375091162},"point_estimate":17384.337790980106,"standard_error":40.56273638311425},"median":{"confidence_interval":{"confidence_level":0.95,"lower_bound":17268.449494949495,"upper_bound":17334.507104295204},"point_estimate":17317.197418164025,"standard_error":18.01901620919778},"median_abs_dev":{"confidence_interval":{"confidence_level":0.95,"lower_bound":91.205474907925,"upper_bound":138.38205371321047},"point_estimate":120.7907291074052,"standard_error":12.259049641301853},"slope":{"confidence_interval":{"confidence_level":0.95,"lower_bound":17316.139189792062,"upper_bound":17456.262298101785},"point_estimate":17377.08687897148,"standard_error":35.926806532171106},"std_dev":{"confidence_interval":{"confidence_level":0.95,"lower_bound":198.53663137935916,"upper_bound":565.5783557511241},"point_estimate":407.89245317862674,"standard_error":94.49787392064094}}