{"mean":{"confidence_interval":{"confidence_level":0.95,"lower_bound":16138.305604268291,"upper_bound":16310.738318604303},"point_estimate":16225.140765074102,"standard_error":44.030183145009914},"median":{"confidence_interval":{"confidence_level":0.95,"lower_bound":16192.153846153846,"upper_bound":16333.257246376812},"point_estimate":16260.022905969192,"standard_error":36.9861162081228},"median_abs_dev":{"confidence_interval":{"confidence_level":0.95,"lower_bound":291.29163791645004,"upper_bound":536.4039101272738},"point_estimate":382.6843991251115,"standard_error":61.57411627019843},"slope":{"confidence_interval":{"confidence_level":0.95,"lower_bound":16282.043347000914,"upper_bound":16480.521087522542},"point_estimate":16378.676170755136,"standard_error":50.49626179045642},"std_dev":{"confidence_interval":{"confidence_level":0.95,"lower_bound":373.2810678216055,"upper_bound":508.85290267655967},"point_estimate":444.25274593195553,"standard_error":34.608792204514664}}