{"mean":{"confidence_interval":{"confidence_level":0.95,"lower_bound":17507.97800811366,"upper_bound":17602.71357724407},"point_estimate":17551.54249835561,"standard_error":24.25632800220263},"median":{"confidence_interval":{"confidence_level":0.95,"lower_bound":17489.704545454544,"upper_bound":17546.322916666668},"point_estimate":17520.538645382396,"standard_error":13.804219808114167},"median_abs_dev":{"confidence_interval":{"confidence_level":0.95,"lower_bound":77.34606735439846,"upper_bound":136.8930199338939},"point_estimate":99.23700333329889,"standard_error":15.2749926817345},"slope":{"confidence_interval":{"confidence_level":0.95,"lower_bound":17529.232168882845,"upper_bound":17604.07630336971},"point_estimate":17563.36103184572,"standard_error":19.177812217893685},"std_dev":{"confidence_interval":{"confidence_level":0.95,"lower_bound":143.16447085044197,"upper_bound":335.6714075576904},"point_estimate":242.79032585577679,"standard_error":50.35864731428073}}