{"mean":{"confidence_interval":{"confidence_level":0.95,"lower_bound":17200.657244458904,"upper_bound":17348.868893760333},"point_estimate":17264.70077932738,"standard_error":38.46706843017737},"median":{"confidence_interval":{"confidence_level":0.95,"lower_bound":17186.35075136612,"upper_bound":17240.078125},"point_estimate":17213.161574074074,"standard_error":14.382988905908414},"median_abs_dev":{"confidence_interval":{"confidence_level":0.95,"lower_bound":74.05272030692416,"upper_bound":137.33793003127664},"point_estimate":90.297727583404,"standard_error":16.668013840075538},"slope":{"confidence_interval":{"confidence_level":0.95,"lower_bound":17206.260655642676,"upper_bound":17292.618583637166},"point_estimate":17246.47875572632,"standard_error":22.189552563701476},"std_dev":{"confidence_interval":{"confidence_level":0.95,"lower_bound":135.1101277869978,"upper_bound":585.8686869859615},"point_estimate":384.80421763662656,"standard_error":121.1501496790645}}