{"mean":{"confidence_interval":{"confidence_level":0.95,"lower_bound":17426.855333782798,"upper_bound":17519.268715555732},"point_estimate":17470.432818996094,"standard_error":23.55961008782492},"median":{"confidence_interval":{"confidence_level":0.95,"lower_bound":17389.623863636363,"upper_bound":17454.033203125},"point_estimate":17423.08605263158,"standard_error":18.46281119847105},"median_abs_dev":{"confidence_interval":{"confidence_level":0.95,"lower_bound":108.41994931659106,"upper_bound":190.87147373741948},"point_estimate":151.5744103002482,"standard_error":21.254957491020647},"slope":{"confidence_interval":{"confidence_level":0.95,"lower_bound":17428.15771333819,"upper_bound":17505.336948657703},"point_estimate":17464.81942293483,"standard_error":19.64968097693868},"std_dev":{"confidence_interval":{"confidence_level":0.95,"lower_bound":168.9246186199297,"upper_bound":309.1963053395147},"point_estimate":236.5883417511914,"standard_error":37.20342162329597}}