{"mean":{"confidence_interval":{"confidence_level":0.95,"lower_bound":5872709.386666667,"upper_bound":5884564.007777781},"point_estimate":5878645.773333333,"standard_error":3032.1494770167974},"median":{"confidence_interval":{"confidence_level":0.95,"lower_bound":5871442.555555556,"upper_bound":5884799.777777778},"point_estimate":5876153.611111111,"standard_error":3558.276371388752},"median_abs_dev":{"confidence_interval":{"confidence_level":0.95,"lower_bound":20197.788908083927,"upper_bound":35800.094464422196},"point_estimate":26745.032758513702,"standard_error":3912.92291419089},"slope":null,"std_dev":{"confidence_interval":{"confidence_level":0.95,"lower_bound":25701.327503903052,"upper_bound":34862.49953828671},"point_estimate":30471.88415009479,"standard_error":2341.382729317792}}