{"mean":{"confidence_interval":{"confidence_level":0.95,"lower_bound":4222166.670833333,"upper_bound":4246688.106666668},"point_estimate":4232917.452500001,"standard_error":6339.096357531043},"median":{"confidence_interval":{"confidence_level":0.95,"lower_bound":4218858.75,"upper_bound":4223201.583333334},"point_estimate":4221255.416666666,"standard_error":1156.2946199462222},"median_abs_dev":{"confidence_interval":{"confidence_level":0.95,"lower_bound":7728.423012793064,"upper_bound":14763.915862888098},"point_estimate":11634.085543453924,"standard_error":1770.260606912333},"slope":null,"std_dev":{"confidence_interval":{"confidence_level":0.95,"lower_bound":12028.463991100318,"upper_bound":95621.77395269356},"point_estimate":63974.28654372185,"standard_error":20104.04178071381}}