{"mean":{"confidence_interval":{"confidence_level":0.95,"lower_bound":3576259.1775333323,"upper_bound":3610183.774266667},"point_estimate":3590144.706666666,"standard_error":8804.80301241426},"median":{"confidence_interval":{"confidence_level":0.95,"lower_bound":3594612.2,"upper_bound":3601945.8},"point_estimate":3598304.666666667,"standard_error":1784.7858467186222},"median_abs_dev":{"confidence_interval":{"confidence_level":0.95,"lower_bound":12306.716441512015,"upper_bound":36934.234024286336},"point_estimate":19112.591620683233,"standard_error":6304.425164491453},"slope":null,"std_dev":{"confidence_interval":{"confidence_level":0.95,"lower_bound":36068.98340597621,"upper_bound":143185.8651589471},"point_estimate":88918.5948412804,"standard_error":35698.675194448355}}