{"mean":{"confidence_interval":{"confidence_level":0.95,"lower_bound":3543952.5517666675,"upper_bound":3548432.9011666668},"point_estimate":3546086.929333334,"standard_error":1138.7709997184488},"median":{"confidence_interval":{"confidence_level":0.95,"lower_bound":3541683.0666666664,"upper_bound":3544621.1333333333},"point_estimate":3543439.5999999996,"standard_error":745.4073592625784},"median_abs_dev":{"confidence_interval":{"confidence_level":0.95,"lower_bound":5278.500686287259,"upper_bound":8762.85772442836},"point_estimate":6767.82177984703,"standard_error":912.439929488036},"slope":null,"std_dev":{"confidence_interval":{"confidence_level":0.95,"lower_bound":8346.647692623565,"upper_bound":14407.546620974537},"point_estimate":11477.724454520625,"standard_error":1563.3380753058975}}