{"mean":{"confidence_interval":{"confidence_level":0.95,"lower_bound":3472058.8007166684,"upper_bound":3486617.26945},"point_estimate":3479288.112000002,"standard_error":3720.1104390859264},"median":{"confidence_interval":{"confidence_level":0.95,"lower_bound":3494061.3666666667,"upper_bound":3497339.4},"point_estimate":3495913.833333333,"standard_error":1754.6584779986292},"median_abs_dev":{"confidence_interval":{"confidence_level":0.95,"lower_bound":9471.787611842454,"upper_bound":35740.59278547688},"point_estimate":20925.46544849923,"standard_error":6935.423577568348},"slope":null,"std_dev":{"confidence_interval":{"confidence_level":0.95,"lower_bound":31729.49251319355,"upper_bound":44685.90954154758},"point_estimate":37477.2307564817,"standard_error":3456.9695034603005}}