{"mean":{"confidence_interval":{"confidence_level":0.95,"lower_bound":6044429.7,"upper_bound":6054714.5077777775},"point_estimate":6049520.572222221,"standard_error":2598.99869503332},"median":{"confidence_interval":{"confidence_level":0.95,"lower_bound":6043231.111111111,"upper_bound":6052153.333333333},"point_estimate":6047510.666666666,"standard_error":2485.596798615308},"median_abs_dev":{"confidence_interval":{"confidence_level":0.95,"lower_bound":20299.75883960724,"upper_bound":37818.160128593445},"point_estimate":29104.508249959432,"standard_error":4491.972245059894},"slope":null,"std_dev":{"confidence_interval":{"confidence_level":0.95,"lower_bound":22716.57553919494,"upper_bound":29243.922317314267},"point_estimate":26171.272319923406,"standard_error":1670.6973078025653}}