{"mean":{"confidence_interval":{"confidence_level":0.95,"lower_bound":6261380.467777777,"upper_bound":6290922.631305556},"point_estimate":6274216.668888888,"standard_error":7612.860695596898},"median":{"confidence_interval":{"confidence_level":0.95,"lower_bound":6256616.277777778,"upper_bound":6276439.666666667},"point_estimate":6265766.611111111,"standard_error":5266.44412735624},"median_abs_dev":{"confidence_interval":{"confidence_level":0.95,"lower_bound":36367.188954353565,"upper_bound":61544.70170736336},"point_estimate":45047.4823335805,"standard_error":6521.439121582682},"slope":null,"std_dev":{"confidence_interval":{"confidence_level":0.95,"lower_bound":40179.36274995822,"upper_bound":116918.66162332639},"point_estimate":76498.92178854925,"standard_error":24598.08169346733}}