{"mean":{"confidence_interval":{"confidence_level":0.95,"lower_bound":8295775.878785715,"upper_bound":8314415.561428572},"point_estimate":8304233.64714286,"standard_error":4780.074231838547},"median":{"confidence_interval":{"confidence_level":0.95,"lower_bound":8293139.214285715,"upper_bound":8309637.785714285},"point_estimate":8303542.071428571,"standard_error":4157.568395910016},"median_abs_dev":{"confidence_interval":{"confidence_level":0.95,"lower_bound":24676.81756189921,"upper_bound":44590.20555336539},"point_estimate":31772.01153593414,"standard_error":5295.424708347106},"slope":null,"std_dev":{"confidence_interval":{"confidence_level":0.95,"lower_bound":29188.890203009152,"upper_bound":70301.74894230207},"point_estimate":48105.17715005312,"standard_error":12608.89405552031}}