{"mean":{"confidence_interval":{"confidence_level":0.95,"lower_bound":6340534.5075,"upper_bound":6352885.27278125},"point_estimate":6346548.27,"standard_error":3139.914460910379},"median":{"confidence_interval":{"confidence_level":0.95,"lower_bound":6334543.75,"upper_bound":6349516.6875},"point_estimate":6341487.3125,"standard_error":4150.001217849655},"median_abs_dev":{"confidence_interval":{"confidence_level":0.95,"lower_bound":20623.5216088593,"upper_bound":37633.76175686717},"point_estimate":28358.523659035563,"standard_error":4516.980102602093},"slope":null,"std_dev":{"confidence_interval":{"confidence_level":0.95,"lower_bound":26155.389722293174,"upper_bound":36765.4399191133},"point_estimate":31560.014253619633,"standard_error":2735.1645098948206}}