{"mean":{"confidence_interval":{"confidence_level":0.95,"lower_bound":6057067.357777779,"upper_bound":6079816.594750002},"point_estimate":6067394.993333335,"standard_error":5815.513771400246},"median":{"confidence_interval":{"confidence_level":0.95,"lower_bound":6049203.7805555565,"upper_bound":6069154.111111112},"point_estimate":6057743.722222222,"standard_error":5490.507686579916},"median_abs_dev":{"confidence_interval":{"confidence_level":0.95,"lower_bound":28567.230492829814,"upper_bound":49065.24589558435},"point_estimate":41220.23286819435,"standard_error":4998.930866117554},"slope":null,"std_dev":{"confidence_interval":{"confidence_level":0.95,"lower_bound":34906.4904253574,"upper_bound":83433.55514872653},"point_estimate":57771.52687912603,"standard_error":14357.353442423257}}