{"mean":{"confidence_interval":{"confidence_level":0.95,"lower_bound":6379406.717187501,"upper_bound":6394037.09625},"point_estimate":6386606.14,"standard_error":3743.220954949746},"median":{"confidence_interval":{"confidence_level":0.95,"lower_bound":6374321.625,"upper_bound":6394247.5},"point_estimate":6385890.25,"standard_error":4482.730124489707},"median_abs_dev":{"confidence_interval":{"confidence_level":0.95,"lower_bound":31088.26819807291,"upper_bound":48397.595092020805},"point_estimate":38817.432510852814,"standard_error":4414.157347429194},"slope":null,"std_dev":{"confidence_interval":{"confidence_level":0.95,"lower_bound":32226.789179146286,"upper_bound":42676.54486202955},"point_estimate":37720.040150243876,"standard_error":2672.69440328871}}