{"mean":{"confidence_interval":{"confidence_level":0.95,"lower_bound":4081717.949999999,"upper_bound":4089673.1230769227},"point_estimate":4085411.033076921,"standard_error":2039.616404933391},"median":{"confidence_interval":{"confidence_level":0.95,"lower_bound":4077672.3846153845,"upper_bound":4086988.153846154},"point_estimate":4081833.230769231,"standard_error":2092.984445501406},"median_abs_dev":{"confidence_interval":{"confidence_level":0.95,"lower_bound":11869.182181587454,"upper_bound":17962.896165710656},"point_estimate":15169.2786537681,"standard_error":1544.2339464419902},"slope":null,"std_dev":{"confidence_interval":{"confidence_level":0.95,"lower_bound":13449.138180723085,"upper_bound":28756.869034450738},"point_estimate":20638.056750858268,"standard_error":4382.780283741762}}