{"mean":{"confidence_interval":{"confidence_level":0.95,"lower_bound":6537029.956406251,"upper_bound":6553215.7525625},"point_estimate":6544950.59,"standard_error":4128.540094629699},"median":{"confidence_interval":{"confidence_level":0.95,"lower_bound":6531366.625,"upper_bound":6548978.25},"point_estimate":6538561.375,"standard_error":4438.537666848678},"median_abs_dev":{"confidence_interval":{"confidence_level":0.95,"lower_bound":28792.091488838196,"upper_bound":45635.26115231216},"point_estimate":37374.77007396519,"standard_error":4235.52982243552},"slope":null,"std_dev":{"confidence_interval":{"confidence_level":0.95,"lower_bound":32938.49944825247,"upper_bound":49513.91544208755},"point_estimate":41551.0418473141,"standard_error":4270.183309163245}}