{"mean":{"confidence_interval":{"confidence_level":0.95,"lower_bound":5964734.633749999,"upper_bound":5980514.446666666},"point_estimate":5972453.73111111,"standard_error":4021.9031810306424},"median":{"confidence_interval":{"confidence_level":0.95,"lower_bound":5960198.666666666,"upper_bound":5972893.777777778},"point_estimate":5967315.888888888,"standard_error":3704.373162595915},"median_abs_dev":{"confidence_interval":{"confidence_level":0.95,"lower_bound":28330.50869703339,"upper_bound":49041.68902933574},"point_estimate":38723.205045858405,"standard_error":5005.824099291457},"slope":null,"std_dev":{"confidence_interval":{"confidence_level":0.95,"lower_bound":32844.717521035716,"upper_bound":47718.66875182168},"point_estimate":40420.56454298799,"standard_error":3812.4632576313134}}