{"mean":{"confidence_interval":{"confidence_level":0.95,"lower_bound":8163736.446178572,"upper_bound":8188683.531964285},"point_estimate":8175588.544285712,"standard_error":6371.708823119734},"median":{"confidence_interval":{"confidence_level":0.95,"lower_bound":8154662.714285715,"upper_bound":8175560.071428571},"point_estimate":8168260.285714285,"standard_error":5287.449929536181},"median_abs_dev":{"confidence_interval":{"confidence_level":0.95,"lower_bound":35131.053576298335,"upper_bound":56375.01679914417},"point_estimate":43457.01732848323,"standard_error":5470.699096811138},"slope":null,"std_dev":{"confidence_interval":{"confidence_level":0.95,"lower_bound":42845.832687305716,"upper_bound":84430.63453120456},"point_estimate":64136.51935438143,"standard_error":10727.526825991885}}