{"mean":{"confidence_interval":{"confidence_level":0.95,"lower_bound":6119194.725638889,"upper_bound":6129845.734444445},"point_estimate":6124476.480000002,"standard_error":2713.5144682194405},"median":{"confidence_interval":{"confidence_level":0.95,"lower_bound":6118220.111111111,"upper_bound":6126791.777777778},"point_estimate":6121468.888888889,"standard_error":2287.337325355993},"median_abs_dev":{"confidence_interval":{"confidence_level":0.95,"lower_bound":18918.881697455887,"upper_bound":32837.03605035903},"point_estimate":27367.3952807982,"standard_error":3523.1491909872702},"slope":null,"std_dev":{"confidence_interval":{"confidence_level":0.95,"lower_bound":23195.553211130777,"upper_bound":31034.719194841666},"point_estimate":27304.931979977475,"standard_error":2008.5980503515482}}