{"mean":{"confidence_interval":{"confidence_level":0.95,"lower_bound":3512595.3056071415,"upper_bound":3526491.4799285717},"point_estimate":3519240.675,"standard_error":3571.283551090028},"median":{"confidence_interval":{"confidence_level":0.95,"lower_bound":3500513.9285714286,"upper_bound":3506239.6428571427},"point_estimate":3504036.5714285714,"standard_error":1577.1838835990882},"median_abs_dev":{"confidence_interval":{"confidence_level":0.95,"lower_bound":8177.015404828859,"upper_bound":16613.47256755178},"point_estimate":11840.04338979721,"standard_error":2155.9482426687746},"slope":null,"std_dev":{"confidence_interval":{"confidence_level":0.95,"lower_bound":28700.52884014555,"upper_bound":42796.877731607936},"point_estimate":35884.868046987125,"standard_error":3609.840159507917}}