{"mean":{"confidence_interval":{"confidence_level":0.95,"lower_bound":8525844.378416669,"upper_bound":8562499.176583337},"point_estimate":8542124.148333333,"standard_error":9333.800789525425},"median":{"confidence_interval":{"confidence_level":0.95,"lower_bound":8524428.5,"upper_bound":8550653.916666666},"point_estimate":8535823.583333334,"standard_error":7327.141745958425},"median_abs_dev":{"confidence_interval":{"confidence_level":0.95,"lower_bound":36293.30605566778,"upper_bound":53521.649014800285},"point_estimate":46331.125627458554,"standard_error":4257.097856108258},"slope":null,"std_dev":{"confidence_interval":{"confidence_level":0.95,"lower_bound":39931.92883015795,"upper_bound":147222.96419784668},"point_estimate":93987.5199024923,"standard_error":30449.92171734174}}