{"mean":{"confidence_interval":{"confidence_level":0.95,"lower_bound":4058107.5728461524,"upper_bound":4101188.087},"point_estimate":4073344.6292307694,"standard_error":12688.436557345709},"median":{"confidence_interval":{"confidence_level":0.95,"lower_bound":4054790.4615384615,"upper_bound":4058732.730769231},"point_estimate":4056311.384615385,"standard_error":920.0574748250697},"median_abs_dev":{"confidence_interval":{"confidence_level":0.95,"lower_bound":5765.375113028322,"upper_bound":9277.768496825516},"point_estimate":7310.81451636174,"standard_error":896.4516749813517},"slope":null,"std_dev":{"confidence_interval":{"confidence_level":0.95,"lower_bound":10466.389515476369,"upper_bound":215757.60518647192},"point_estimate":126671.72250498319,"standard_error":70900.17891003357}}