{"mean":{"confidence_interval":{"confidence_level":0.95,"lower_bound":3536526.2193666673,"upper_bound":3556407.0201333333},"point_estimate":3544663.2246666653,"standard_error":5221.916615295665},"median":{"confidence_interval":{"confidence_level":0.95,"lower_bound":3531651.9333333336,"upper_bound":3537261.6666666665},"point_estimate":3533145.033333333,"standard_error":1396.2484108364915},"median_abs_dev":{"confidence_interval":{"confidence_level":0.95,"lower_bound":6303.916248083137,"upper_bound":10574.298372268584},"point_estimate":7653.527004122481,"standard_error":1034.8167315445503},"slope":null,"std_dev":{"confidence_interval":{"confidence_level":0.95,"lower_bound":15100.651229462786,"upper_bound":84285.53854568374},"point_estimate":52387.071085216354,"standard_error":20572.948311069456}}