{"mean":{"confidence_interval":{"confidence_level":0.95,"lower_bound":6165708.033333334,"upper_bound":6186515.768333333},"point_estimate":6175848.022222224,"standard_error":5305.872894583786},"median":{"confidence_interval":{"confidence_level":0.95,"lower_bound":6152701.666666667,"upper_bound":6176937.888888889},"point_estimate":6161374.388888888,"standard_error":6146.868733858827},"median_abs_dev":{"confidence_interval":{"confidence_level":0.95,"lower_bound":34601.57711903331,"upper_bound":63040.727447470184},"point_estimate":50236.66460811931,"standard_error":7453.113601767948},"slope":null,"std_dev":{"confidence_interval":{"confidence_level":0.95,"lower_bound":44195.60580157784,"upper_bound":62053.546653055586},"point_estimate":53326.89991690378,"standard_error":4555.964361253704}}