{"mean":{"confidence_interval":{"confidence_level":0.95,"lower_bound":-0.00019049100043122216,"upper_bound":0.002335001688447363},"point_estimate":0.0010114004498484874,"standard_error":0.0006476931268519779},"median":{"confidence_interval":{"confidence_level":0.95,"lower_bound":0.00010562433411287512,"upper_bound":0.001635491807398859},"point_estimate":0.0008303860550740172,"standard_error":0.0003896258477280802}}