{"mean":{"confidence_interval":{"confidence_level":0.95,"lower_bound":0.11874278818517627,"upper_bound":0.12274995174805932},"point_estimate":0.12107467505368197,"standard_error":0.0010430827994609324},"median":{"confidence_interval":{"confidence_level":0.95,"lower_bound":0.12192420538439253,"upper_bound":0.12328098513092645},"point_estimate":0.12261007204866448,"standard_error":0.00033891110804698266}}