{"mean":{"confidence_interval":{"confidence_level":0.95,"lower_bound":-0.009386319351390669,"upper_bound":0.004356751830584543},"point_estimate":-0.0018346469320460468,"standard_error":0.0035326095244238207},"median":{"confidence_interval":{"confidence_level":0.95,"lower_bound":0.0008524137712015989,"upper_bound":0.0019045955926355607},"point_estimate":0.0013004016483957326,"standard_error":0.0002720555749960135}}