{"mean":{"confidence_interval":{"confidence_level":0.95,"lower_bound":-0.2976433723738631,"upper_bound":-0.28877351566836923},"point_estimate":-0.29269620690025433,"standard_error":0.0022792804280172604},"median":{"confidence_interval":{"confidence_level":0.95,"lower_bound":-0.2933877487675365,"upper_bound":-0.29229652632010394},"point_estimate":-0.29285460400195285,"standard_error":0.00027516990023175396}}