{"mean":{"confidence_interval":{"confidence_level":0.95,"lower_bound":0.0030644771504806717,"upper_bound":0.008603455566530204},"point_estimate":0.005686946952414562,"standard_error":0.0013650085646111335},"median":{"confidence_interval":{"confidence_level":0.95,"lower_bound":0.0024648056760272485,"upper_bound":0.0039641250322850485},"point_estimate":0.0032576442674048245,"standard_error":0.0003748838731224177}}