{"mean":{"confidence_interval":{"confidence_level":0.95,"lower_bound":-0.0003766149018130548,"upper_bound":0.0015215146345574247},"point_estimate":0.0005236211968251414,"standard_error":0.0004835876616575293},"median":{"confidence_interval":{"confidence_level":0.95,"lower_bound":-0.000613009597422387,"upper_bound":0.0003603385730881481},"point_estimate":-0.00022040166148140639,"standard_error":0.00024893138003065054}}