{"mean":{"confidence_interval":{"confidence_level":0.95,"lower_bound":0.07223848544980348,"upper_bound":0.07383218657099885},"point_estimate":0.0730788236266342,"standard_error":0.00040697848498766435},"median":{"confidence_interval":{"confidence_level":0.95,"lower_bound":0.07298552629352684,"upper_bound":0.07419787051560955},"point_estimate":0.07365973592684005,"standard_error":0.00030627364288414536}}