{"mean":{"confidence_interval":{"confidence_level":0.95,"lower_bound":-0.1870185736276206,"upper_bound":-0.18499838457063153},"point_estimate":-0.1860891468784781,"standard_error":0.0005131305436562502},"median":{"confidence_interval":{"confidence_level":0.95,"lower_bound":-0.18699773634881867,"upper_bound":-0.18605588805253526},"point_estimate":-0.18653231782415236,"standard_error":0.00023602751683630147}}