{"mean":{"confidence_interval":{"confidence_level":0.95,"lower_bound":-0.0012131765450674097,"upper_bound":0.0009259588363268179},"point_estimate":-0.00014313987829805974,"standard_error":0.000542847561054737},"median":{"confidence_interval":{"confidence_level":0.95,"lower_bound":-0.0011388117137739462,"upper_bound":0.0002587348831251113},"point_estimate":-0.00027362224157367887,"standard_error":0.00035356345598367285}}