{"mean":{"confidence_interval":{"confidence_level":0.95,"lower_bound":0.2516009589015778,"upper_bound":0.25480455499079896},"point_estimate":0.25305602035737595,"standard_error":0.0008005373955691332},"median":{"confidence_interval":{"confidence_level":0.95,"lower_bound":0.25178947698961984,"upper_bound":0.25345926172648725},"point_estimate":0.252527536589791,"standard_error":0.00040910156084139837}}