{"mean":{"confidence_interval":{"confidence_level":0.95,"lower_bound":-0.001197077010828626,"upper_bound":0.0007105565600222783},"point_estimate":-0.00017971608762978875,"standard_error":0.00048090734828019264},"median":{"confidence_interval":{"confidence_level":0.95,"lower_bound":-0.00026538461058567275,"upper_bound":0.0005074657601407129},"point_estimate":0.000021943171904847958,"standard_error":0.00019264791370471218}}