{"mean":{"confidence_interval":{"confidence_level":0.95,"lower_bound":0.12330060855002514,"upper_bound":0.1298386433296745},"point_estimate":0.12668612935424162,"standard_error":0.001660144127300458},"median":{"confidence_interval":{"confidence_level":0.95,"lower_bound":0.13173198401466357,"upper_bound":0.13339749917081825},"point_estimate":0.13253086266834457,"standard_error":0.00042004729099937683}}