{"mean":{"confidence_interval":{"confidence_level":0.95,"lower_bound":0.0007825578837433512,"upper_bound":0.009408024976743111},"point_estimate":0.004555217949108847,"standard_error":0.0022678231888092785},"median":{"confidence_interval":{"confidence_level":0.95,"lower_bound":0.0012506649491645927,"upper_bound":0.0034949558601709008},"point_estimate":0.0021784026128923717,"standard_error":0.0006209627363026027}}