{"mean":{"confidence_interval":{"confidence_level":0.95,"lower_bound":-0.00008963966478818515,"upper_bound":0.0021545612679206793},"point_estimate":0.001136750273892595,"standard_error":0.0005753451448055462},"median":{"confidence_interval":{"confidence_level":0.95,"lower_bound":0.0014181364583045752,"upper_bound":0.0026241837413460978},"point_estimate":0.0021117777563384177,"standard_error":0.00030518909146589685}}