{"mean":{"confidence_interval":{"confidence_level":0.95,"lower_bound":-0.21161057846789047,"upper_bound":-0.21053892388268927},"point_estimate":-0.2111161535401217,"standard_error":0.0002765269034300606},"median":{"confidence_interval":{"confidence_level":0.95,"lower_bound":-0.2117915411972341,"upper_bound":-0.21085232493819714},"point_estimate":-0.21135234197431263,"standard_error":0.00024252491552585663}}