{"mean":{"confidence_interval":{"confidence_level":0.95,"lower_bound":0.1992576176050528,"upper_bound":0.20248255688993944},"point_estimate":0.20080183865149603,"standard_error":0.000821924477978307},"median":{"confidence_interval":{"confidence_level":0.95,"lower_bound":0.20012236793615878,"upper_bound":0.20208002889584176},"point_estimate":0.20125196416943525,"standard_error":0.0004928433854882877}}