{"mean":{"confidence_interval":{"confidence_level":0.95,"lower_bound":-0.020248332427299138,"upper_bound":-0.01351305310397006},"point_estimate":-0.01662921141876761,"standard_error":0.0016896884213041744},"median":{"confidence_interval":{"confidence_level":0.95,"lower_bound":-0.016148056284112866,"upper_bound":-0.014743951334524663},"point_estimate":-0.015532222592484102,"standard_error":0.000379003510966986}}