{"mean":{"confidence_interval":{"confidence_level":0.95,"lower_bound":-0.0013199940201476107,"upper_bound":0.00026961062514192487},"point_estimate":-0.0005066641935311811,"standard_error":0.0004043632801842874},"median":{"confidence_interval":{"confidence_level":0.95,"lower_bound":-0.0009084481466531402,"upper_bound":0.00014856837657495348},"point_estimate":-0.0004254950874457153,"standard_error":0.00026880884003083617}}