{"mean":{"confidence_interval":{"confidence_level":0.95,"lower_bound":-0.1965294516415008,"upper_bound":-0.19239892590101149},"point_estimate":-0.1946661800942283,"standard_error":0.0010579785000303951},"median":{"confidence_interval":{"confidence_level":0.95,"lower_bound":-0.1967749829916875,"upper_bound":-0.19563381776158717},"point_estimate":-0.19613411124891422,"standard_error":0.0002868336211263933}}