{"mean":{"confidence_interval":{"confidence_level":0.95,"lower_bound":-0.2118720097627902,"upper_bound":-0.20636530715454532},"point_estimate":-0.20947034716569934,"standard_error":0.0013886740031899987},"median":{"confidence_interval":{"confidence_level":0.95,"lower_bound":-0.21162210472604703,"upper_bound":-0.21067510720091376},"point_estimate":-0.21113114253949783,"standard_error":0.00023453584350721404}}