{"mean":{"confidence_interval":{"confidence_level":0.95,"lower_bound":0.0005885665721534483,"upper_bound":0.002231229734713164},"point_estimate":0.0013932310119673108,"standard_error":0.00041876573990258823},"median":{"confidence_interval":{"confidence_level":0.95,"lower_bound":0.000855427097702588,"upper_bound":0.0019191364016863943},"point_estimate":0.0014175801274565192,"standard_error":0.0002690263525019511}}