{"mean":{"confidence_interval":{"confidence_level":0.95,"lower_bound":-0.002630881694825532,"upper_bound":-0.0005387620986490383},"point_estimate":-0.0015201054912009626,"standard_error":0.0005353040304434476},"median":{"confidence_interval":{"confidence_level":0.95,"lower_bound":-0.0010215296641673532,"upper_bound":-0.00015026929937288292},"point_estimate":-0.0006105403834707479,"standard_error":0.00021269563695611903}}