{"mean":{"confidence_interval":{"confidence_level":0.95,"lower_bound":-0.025698989309933445,"upper_bound":-0.006657250453453158},"point_estimate":-0.016012336228469648,"standard_error":0.004898351682372973},"median":{"confidence_interval":{"confidence_level":0.95,"lower_bound":-0.01819367769196112,"upper_bound":-0.016847237062169455},"point_estimate":-0.017504629478948264,"standard_error":0.00035355535149019207}}