{"mean":{"confidence_interval":{"confidence_level":0.95,"lower_bound":-0.011731052919070888,"upper_bound":-0.004923626144344397},"point_estimate":-0.008256318729406131,"standard_error":0.001726115940414432},"median":{"confidence_interval":{"confidence_level":0.95,"lower_bound":-0.0033298868909021643,"upper_bound":0.0004980503892595411},"point_estimate":-0.0002139023697717013,"standard_error":0.0010296152421677824}}