{"mean":{"confidence_interval":{"confidence_level":0.95,"lower_bound":1.1466392136875654,"upper_bound":1.166179290435655},"point_estimate":1.156996973755708,"standard_error":0.004940627618717337},"median":{"confidence_interval":{"confidence_level":0.95,"lower_bound":1.167968512798391,"upper_bound":1.1725051823291373},"point_estimate":1.1708602823234875,"standard_error":0.0012225901033273018}}