{"mean":{"confidence_interval":{"confidence_level":0.95,"lower_bound":-0.005172306972772417,"upper_bound":0.0001809951728772907},"point_estimate":-0.0017048146414624377,"standard_error":0.0016542823322675745},"median":{"confidence_interval":{"confidence_level":0.95,"lower_bound":-0.0002685094603150917,"upper_bound":-0.00003507419533588241},"point_estimate":-0.00016254096311041355,"standard_error":0.0000645677504889348}}