{"mean":{"confidence_interval":{"confidence_level":0.95,"lower_bound":-0.5512188824967932,"upper_bound":-0.5456586461210572},"point_estimate":-0.5492098723559782,"standard_error":0.0015378254999484045},"median":{"confidence_interval":{"confidence_level":0.95,"lower_bound":-0.5516296917970872,"upper_bound":-0.5510574550181735},"point_estimate":-0.5513817712874098,"standard_error":0.00015896545493264438}}