{"mean":{"confidence_interval":{"confidence_level":0.95,"lower_bound":-0.5486383829091582,"upper_bound":-0.5480928451547048},"point_estimate":-0.54835904248637,"standard_error":0.00013878364544274695},"median":{"confidence_interval":{"confidence_level":0.95,"lower_bound":-0.5484365061885431,"upper_bound":-0.5480000289947263},"point_estimate":-0.5481872114323634,"standard_error":0.00012340055340942402}}