{"mean":{"confidence_interval":{"confidence_level":0.95,"lower_bound":-0.0013540344560930338,"upper_bound":0.0015127494931564509},"point_estimate":1.1927310625825527e-6,"standard_error":0.0007331448015035146},"median":{"confidence_interval":{"confidence_level":0.95,"lower_bound":-0.00007017574777112845,"upper_bound":0.0004306383291337035},"point_estimate":0.00014977530877735568,"standard_error":0.00012334444640993292}}