{"mean":{"confidence_interval":{"confidence_level":0.95,"lower_bound":-0.000185316784511505,"upper_bound":0.0032457362508241543},"point_estimate":0.001474110050572186,"standard_error":0.0008728021807887182},"median":{"confidence_interval":{"confidence_level":0.95,"lower_bound":-0.00009957907470292682,"upper_bound":0.0004922226402626073},"point_estimate":0.000210000430338253,"standard_error":0.00015550663831859294}}