{"mean":{"confidence_interval":{"confidence_level":0.95,"lower_bound":-0.0029937086522301114,"upper_bound":-0.00025915077643647055},"point_estimate":-0.0014965709400156513,"standard_error":0.0007013722253028984},"median":{"confidence_interval":{"confidence_level":0.95,"lower_bound":-0.00036990879910298025,"upper_bound":0.000055349582136487996},"point_estimate":-0.00013027937507281706,"standard_error":0.00010548422986795228}}