{"mean":{"confidence_interval":{"confidence_level":0.95,"lower_bound":-0.0009846292010860624,"upper_bound":-0.00012647256809076053},"point_estimate":-0.0005137368333031356,"standard_error":0.00021953976762142534},"median":{"confidence_interval":{"confidence_level":0.95,"lower_bound":-0.0004276501143838374,"upper_bound":-0.00012933064904385727},"point_estimate":-0.0002737161259772636,"standard_error":0.00006995361770755977}}