{"mean":{"confidence_interval":{"confidence_level":0.95,"lower_bound":0.0011953409793156956,"upper_bound":0.005185085905780733},"point_estimate":0.0032479929285700315,"standard_error":0.0010898789241325468},"median":{"confidence_interval":{"confidence_level":0.95,"lower_bound":0.00046307866200812065,"upper_bound":0.0008533114518847196},"point_estimate":0.0006638494580497589,"standard_error":0.00009967258225520838}}