{"mean":{"confidence_interval":{"confidence_level":0.95,"lower_bound":-0.0005713483483042069,"upper_bound":0.0004834912138357514},"point_estimate":-0.00008660210281352665,"standard_error":0.00026616560681876186},"median":{"confidence_interval":{"confidence_level":0.95,"lower_bound":-0.00018501301497608758,"upper_bound":0.00011579416291684907},"point_estimate":-0.000012422332050676665,"standard_error":0.00007905033618063327}}