{"mean":{"confidence_interval":{"confidence_level":0.95,"lower_bound":0.14157198124971312,"upper_bound":0.1440109012187878},"point_estimate":0.1426072371611602,"standard_error":0.0006320037137610181},"median":{"confidence_interval":{"confidence_level":0.95,"lower_bound":0.14179413777168803,"upper_bound":0.14244022092048514},"point_estimate":0.14214074505467145,"standard_error":0.00016619310380956194}}