{"mean":{"confidence_interval":{"confidence_level":0.95,"lower_bound":-0.00028172616146753253,"upper_bound":0.00032021392760745403},"point_estimate":0.00003544913047170972,"standard_error":0.00015396384178903815},"median":{"confidence_interval":{"confidence_level":0.95,"lower_bound":-0.00024355983203505627,"upper_bound":0.00011028528922807368},"point_estimate":-0.00006825675299260148,"standard_error":0.00008822912534944031}}