{"mean":{"confidence_interval":{"confidence_level":0.95,"lower_bound":-0.0006502483062617526,"upper_bound":0.00010680010154473495},"point_estimate":-0.0002601516658270464,"standard_error":0.00019347335359123889},"median":{"confidence_interval":{"confidence_level":0.95,"lower_bound":-0.00037032760105171203,"upper_bound":0.00008625260502074227},"point_estimate":-0.0002098253678946005,"standard_error":0.00012609085663568327}}