{"mean":{"confidence_interval":{"confidence_level":0.95,"lower_bound":0.004660086580141311,"upper_bound":0.011945601501443723},"point_estimate":0.00834110999113058,"standard_error":0.0018741801585600518},"median":{"confidence_interval":{"confidence_level":0.95,"lower_bound":0.0001666376229783051,"upper_bound":0.0006016878065735476},"point_estimate":0.00037130608632796047,"standard_error":0.00011803269886656877}}