{"mean":{"confidence_interval":{"confidence_level":0.95,"lower_bound":-0.007318799652693172,"upper_bound":-0.002440104114916531},"point_estimate":-0.004640721726212105,"standard_error":0.00127296185186779},"median":{"confidence_interval":{"confidence_level":0.95,"lower_bound":-0.000511105774027687,"upper_bound":-0.00003783514595523396},"point_estimate":-0.00031749493564348086,"standard_error":0.00012391545986576498}}