{"mean":{"confidence_interval":{"confidence_level":0.95,"lower_bound":-0.0005275069782481405,"upper_bound":0.001192405313867927},"point_estimate":0.00020823984085116543,"standard_error":0.0004809789837529603},"median":{"confidence_interval":{"confidence_level":0.95,"lower_bound":-0.0006114383183547512,"upper_bound":-0.00021928606372700887},"point_estimate":-0.0004285521769770151,"standard_error":0.00009964242298263903}}