{"mean":{"confidence_interval":{"confidence_level":0.95,"lower_bound":-0.00007648948986209141,"upper_bound":0.0018404146209048617},"point_estimate":0.0006802339504416999,"standard_error":0.0004905760713029574},"median":{"confidence_interval":{"confidence_level":0.95,"lower_bound":-0.0004081461203975174,"upper_bound":-0.00009552650360522552},"point_estimate":-0.00024028566957867703,"standard_error":0.00007718623404054667}}