{"mean":{"confidence_interval":{"confidence_level":0.95,"lower_bound":-0.11608434755206676,"upper_bound":-0.11445872156845166},"point_estimate":-0.11514965578463054,"standard_error":0.00042101935253252137},"median":{"confidence_interval":{"confidence_level":0.95,"lower_bound":-0.11471328668289504,"upper_bound":-0.11437201399814156},"point_estimate":-0.11450871389707662,"standard_error":0.00008948038639162805}}