{"mean":{"confidence_interval":{"confidence_level":0.95,"lower_bound":-0.0006214530487857805,"upper_bound":0.0005032399291312715},"point_estimate":-0.00004440724746268554,"standard_error":0.00028416851454331156},"median":{"confidence_interval":{"confidence_level":0.95,"lower_bound":-0.0002356626080778495,"upper_bound":0.00012288259308590455},"point_estimate":6.416930029562451e-7,"standard_error":0.0000958172889127883}}