{"mean":{"confidence_interval":{"confidence_level":0.95,"lower_bound":-0.00041479049009624213,"upper_bound":0.004686756782884275},"point_estimate":0.0017283160721277557,"standard_error":0.001315320668912381},"median":{"confidence_interval":{"confidence_level":0.95,"lower_bound":-0.0005629003250170461,"upper_bound":-0.0000536182326664747},"point_estimate":-0.0003431349262279504,"standard_error":0.00012972200293866329}}