{"mean":{"confidence_interval":{"confidence_level":0.95,"lower_bound":-0.006744240664027669,"upper_bound":0.008334723642758472},"point_estimate":0.0003569824247833253,"standard_error":0.0036563947962769557},"median":{"confidence_interval":{"confidence_level":0.95,"lower_bound":-0.0004994854442044172,"upper_bound":-0.00015141192191736597},"point_estimate":-0.00032518727760433297,"standard_error":0.00008802529030386223}}