{"mean":{"confidence_interval":{"confidence_level":0.95,"lower_bound":1.2051522913990804,"upper_bound":1.2160428303969064},"point_estimate":1.2098212990538446,"standard_error":0.0028210094962713757},"median":{"confidence_interval":{"confidence_level":0.95,"lower_bound":1.2049964227309014,"upper_bound":1.211619047921963},"point_estimate":1.2069827866893603,"standard_error":0.0017401805979117676}}