{"mean":{"confidence_interval":{"confidence_level":0.95,"lower_bound":-0.5454325558647803,"upper_bound":-0.5445580545931723},"point_estimate":-0.5449645679601672,"standard_error":0.0002219692340240476},"median":{"confidence_interval":{"confidence_level":0.95,"lower_bound":-0.5454178548864128,"upper_bound":-0.5446174904598204},"point_estimate":-0.5449843743172345,"standard_error":0.00020287063964020329}}