{"mean":{"confidence_interval":{"confidence_level":0.95,"lower_bound":-0.5405939421881009,"upper_bound":-0.5398375985541113},"point_estimate":-0.5402244327010521,"standard_error":0.00019222827354408614},"median":{"confidence_interval":{"confidence_level":0.95,"lower_bound":-0.5408499413716148,"upper_bound":-0.5399030015107652},"point_estimate":-0.5404620328707486,"standard_error":0.0002311065433652174}}