{"mean":{"confidence_interval":{"confidence_level":0.95,"lower_bound":0.11583596843878849,"upper_bound":0.12890527454893153},"point_estimate":0.12334988101860245,"standard_error":0.00336674377275657},"median":{"confidence_interval":{"confidence_level":0.95,"lower_bound":0.12920327281514754,"upper_bound":0.12967055041856068},"point_estimate":0.12945557168966149,"standard_error":0.00011553090113660342}}