{"mean":{"confidence_interval":{"confidence_level":0.95,"lower_bound":0.0005425330413576688,"upper_bound":0.011262848051777545},"point_estimate":0.0056565098025167515,"standard_error":0.002584142513698707},"median":{"confidence_interval":{"confidence_level":0.95,"lower_bound":-0.000013363031044852348,"upper_bound":0.0003070086443202058},"point_estimate":0.0001158700074361807,"standard_error":0.00007897476469703746}}