{"mean":{"confidence_interval":{"confidence_level":0.95,"lower_bound":-0.00023415947445506725,"upper_bound":0.0009365367633844043},"point_estimate":0.0002970848841943319,"standard_error":0.00029615956204463967},"median":{"confidence_interval":{"confidence_level":0.95,"lower_bound":-0.0003931975451694214,"upper_bound":0.0002502965603641272},"point_estimate":-0.00006689074097709913,"standard_error":0.00016784649915967147}}