{"mean":{"confidence_interval":{"confidence_level":0.95,"lower_bound":-0.5460964691650616,"upper_bound":-0.5451990836429046},"point_estimate":-0.5456184913378757,"standard_error":0.00022998513297207483},"median":{"confidence_interval":{"confidence_level":0.95,"lower_bound":-0.5457392704334785,"upper_bound":-0.5449892426061265},"point_estimate":-0.5454092346590305,"standard_error":0.00018380482428248556}}