{"mean":{"confidence_interval":{"confidence_level":0.95,"lower_bound":0.00005720177580837984,"upper_bound":0.004185908364199953},"point_estimate":0.0017528866496900886,"standard_error":0.0012064191715749266},"median":{"confidence_interval":{"confidence_level":0.95,"lower_bound":-0.0003195656180027262,"upper_bound":0.00024223114564803083},"point_estimate":-0.00010081181008203544,"standard_error":0.0001505254020836906}}