{"mean":{"confidence_interval":{"confidence_level":0.95,"lower_bound":-0.007173083327447237,"upper_bound":1.3376895516168278e-6},"point_estimate":-0.0030901171896109414,"standard_error":0.0018362121737096888},"median":{"confidence_interval":{"confidence_level":0.95,"lower_bound":-0.00028324748175245773,"upper_bound":0.00016236378097406147},"point_estimate":-0.00011936855080774134,"standard_error":0.0001149654747130966}}