{"mean":{"confidence_interval":{"confidence_level":0.95,"lower_bound":-0.0030729329229940545,"upper_bound":0.005867010465385508},"point_estimate":0.0012721520428400357,"standard_error":0.0022248256799756523},"median":{"confidence_interval":{"confidence_level":0.95,"lower_bound":-0.00009849206570955449,"upper_bound":0.0005304248301616354},"point_estimate":0.00020240133406290717,"standard_error":0.00016132942983813152}}