{"mean":{"confidence_interval":{"confidence_level":0.95,"lower_bound":0.1289460722885351,"upper_bound":0.13036475336885076},"point_estimate":0.12960678902374312,"standard_error":0.0003587355105523565},"median":{"confidence_interval":{"confidence_level":0.95,"lower_bound":0.12917518322116095,"upper_bound":0.12989483465616214},"point_estimate":0.12964294179706726,"standard_error":0.0001951577868071611}}