{"mean":{"confidence_interval":{"confidence_level":0.95,"lower_bound":-0.0000338702992245643,"upper_bound":0.0007193156414451285},"point_estimate":0.0003499598306169194,"standard_error":0.00019319805839484604},"median":{"confidence_interval":{"confidence_level":0.95,"lower_bound":0.00014325649303370547,"upper_bound":0.000513989930049091},"point_estimate":0.00030047905905283834,"standard_error":0.00009341129742646612}}