{"mean":{"confidence_interval":{"confidence_level":0.95,"lower_bound":-0.0029110616944298556,"upper_bound":0.0021807573332853925},"point_estimate":0.00008574107780146001,"standard_error":0.0013197782350631052},"median":{"confidence_interval":{"confidence_level":0.95,"lower_bound":0.0006843308596036213,"upper_bound":0.0015913897394990162},"point_estimate":0.001070238539819579,"standard_error":0.0002635495833658454}}