{"mean":{"confidence_interval":{"confidence_level":0.95,"lower_bound":1.1241324040893248,"upper_bound":1.1442434409080395},"point_estimate":1.1343159911147636,"standard_error":0.005102745880581595},"median":{"confidence_interval":{"confidence_level":0.95,"lower_bound":1.1461851004061332,"upper_bound":1.1496044069762927},"point_estimate":1.1483194232607032,"standard_error":0.0009273045578134141}}