{"mean":{"confidence_interval":{"confidence_level":0.95,"lower_bound":-0.00027302036511662184,"upper_bound":0.0002978711811321087},"point_estimate":5.651599028544396e-6,"standard_error":0.00014625964039061349},"median":{"confidence_interval":{"confidence_level":0.95,"lower_bound":-0.00010245672798592231,"upper_bound":0.00026634901244414986},"point_estimate":0.00006503241713162744,"standard_error":0.00009591321476971597}}