{"mean":{"confidence_interval":{"confidence_level":0.95,"lower_bound":-0.0003720485923808109,"upper_bound":0.00015026476991096262},"point_estimate":-0.00009876228283567379,"standard_error":0.00013300773809787376},"median":{"confidence_interval":{"confidence_level":0.95,"lower_bound":-0.0002165772552147338,"upper_bound":0.00022489289656646427},"point_estimate":-0.00006396281035880858,"standard_error":0.00011269277671404434}}