{"mean":{"confidence_interval":{"confidence_level":0.95,"lower_bound":-0.00012496508041895385,"upper_bound":0.005477492348057924},"point_estimate":0.001692245822001892,"standard_error":0.0015176402414723586},"median":{"confidence_interval":{"confidence_level":0.95,"lower_bound":-0.0001359790044892506,"upper_bound":0.0003304713114651303},"point_estimate":0.00011306946409694874,"standard_error":0.0001223260862591641}}