{"mean":{"confidence_interval":{"confidence_level":0.95,"lower_bound":-0.007415998919041794,"upper_bound":-0.00026213315392124576},"point_estimate":-0.0032434973772733633,"standard_error":0.0018911845073683732},"median":{"confidence_interval":{"confidence_level":0.95,"lower_bound":-0.0002453499497770961,"upper_bound":0.00016094937286084633},"point_estimate":-0.00002112623488714771,"standard_error":0.00010480036565568025}}