{"mean":{"confidence_interval":{"confidence_level":0.95,"lower_bound":-0.0011115703283661126,"upper_bound":-0.00015381357610854147},"point_estimate":-0.0005548754076899476,"standard_error":0.00024752606615486623},"median":{"confidence_interval":{"confidence_level":0.95,"lower_bound":-0.000493595563565874,"upper_bound":-0.00010342200777413435},"point_estimate":-0.0003087699388576448,"standard_error":0.00009548010275377542}}