{"mean":{"confidence_interval":{"confidence_level":0.95,"lower_bound":1.2018744047639456,"upper_bound":1.2167998848787138},"point_estimate":1.2082276189677321,"standard_error":0.003996737780667024},"median":{"confidence_interval":{"confidence_level":0.95,"lower_bound":1.2000096300168304,"upper_bound":1.2083563518612381},"point_estimate":1.2046557761918795,"standard_error":0.0024368429735166816}}