{"mean":{"confidence_interval":{"confidence_level":0.95,"lower_bound":-0.0006088066453469182,"upper_bound":0.0008414000237011274},"point_estimate":0.00007364877833437866,"standard_error":0.00036466904136122524},"median":{"confidence_interval":{"confidence_level":0.95,"lower_bound":-0.00036637963611497456,"upper_bound":0.00004521322595674171},"point_estimate":-0.00017811360719488523,"standard_error":0.0001036205589558485}}