{"mean":{"confidence_interval":{"confidence_level":0.95,"lower_bound":-0.003191975576898983,"upper_bound":0.002666724699399886},"point_estimate":-0.000106123532352842,"standard_error":0.0015007214051356126},"median":{"confidence_interval":{"confidence_level":0.95,"lower_bound":-0.0010430565782558465,"upper_bound":-0.00043931009238618035},"point_estimate":-0.0007802564899875852,"standard_error":0.00016085739785735568}}