{"mean":{"confidence_interval":{"confidence_level":0.95,"lower_bound":0.0002293717488992154,"upper_bound":0.0011907065316988205},"point_estimate":0.0006933405541433846,"standard_error":0.00024363870058085753},"median":{"confidence_interval":{"confidence_level":0.95,"lower_bound":0.00002472273277986936,"upper_bound":0.0005650440491762332},"point_estimate":0.0002649572450608151,"standard_error":0.00014238476759684043}}