{"mean":{"confidence_interval":{"confidence_level":0.95,"lower_bound":-0.001245202524830688,"upper_bound":0.0019209696262009457},"point_estimate":0.000352482464047732,"standard_error":0.0008020500332892224},"median":{"confidence_interval":{"confidence_level":0.95,"lower_bound":0.0002444492698785439,"upper_bound":0.0007256841969203176},"point_estimate":0.0004588890854302363,"standard_error":0.00011945023636735642}}