{"mean":{"confidence_interval":{"confidence_level":0.95,"lower_bound":-0.0003410129979166815,"upper_bound":0.0012953311003135889},"point_estimate":0.0002982758383169859,"standard_error":0.0004346347629792709},"median":{"confidence_interval":{"confidence_level":0.95,"lower_bound":-0.00022238036873845068,"upper_bound":0.0002820616294889611},"point_estimate":0.000023248158352195958,"standard_error":0.0001280231875122165}}