{"mean":{"confidence_interval":{"confidence_level":0.95,"lower_bound":83745.9057729474,"upper_bound":84351.75016464431},"point_estimate":84042.12811926883,"standard_error":154.76105646395467},"median":{"confidence_interval":{"confidence_level":0.95,"lower_bound":82874.75143613,"upper_bound":84324.63210865742},"point_estimate":83115.10562119585,"standard_error":414.3537527369277},"median_abs_dev":{"confidence_interval":{"confidence_level":0.95,"lower_bound":360.32638632276763,"upper_bound":2105.382740896054},"point_estimate":784.6941244769382,"standard_error":498.43096937575604},"slope":{"confidence_interval":{"confidence_level":0.95,"lower_bound":83019.82092397612,"upper_bound":83508.6390581522},"point_estimate":83219.90246448098,"standard_error":126.27811393702251},"std_dev":{"confidence_interval":{"confidence_level":0.95,"lower_bound":1319.8731328854897,"upper_bound":1779.6592159357765},"point_estimate":1554.871073431974,"standard_error":117.86736611382496}}