{"mean":{"confidence_interval":{"confidence_level":0.95,"lower_bound":81317.74700066034,"upper_bound":81503.60099610373},"point_estimate":81406.67099573778,"standard_error":47.38454015222394},"median":{"confidence_interval":{"confidence_level":0.95,"lower_bound":81267.4505802321,"upper_bound":81425.4296679198},"point_estimate":81374.16749271136,"standard_error":39.66709246315059},"median_abs_dev":{"confidence_interval":{"confidence_level":0.95,"lower_bound":215.90818599190095,"upper_bound":423.04677530193277},"point_estimate":343.5823480058311,"standard_error":57.96414677391894},"slope":{"confidence_interval":{"confidence_level":0.95,"lower_bound":81224.58610900104,"upper_bound":81475.08936529438},"point_estimate":81349.261118453,"standard_error":63.865442485745156},"std_dev":{"confidence_interval":{"confidence_level":0.95,"lower_bound":349.1435157264581,"upper_bound":618.7887067262402},"point_estimate":473.9532107138448,"standard_error":72.59203091155392}}