{"mean":{"confidence_interval":{"confidence_level":0.95,"lower_bound":81037.46384871192,"upper_bound":81488.77440783873},"point_estimate":81261.66002573208,"standard_error":115.12305424707485},"median":{"confidence_interval":{"confidence_level":0.95,"lower_bound":80346.82818877551,"upper_bound":82089.47300068353},"point_estimate":80482.19144800777,"standard_error":659.1346870969751},"median_abs_dev":{"confidence_interval":{"confidence_level":0.95,"lower_bound":462.6361920595707,"upper_bound":1909.5814626498727},"point_estimate":969.3754308924325,"standard_error":453.7478619125005},"slope":{"confidence_interval":{"confidence_level":0.95,"lower_bound":80357.05332180338,"upper_bound":80602.77450791078},"point_estimate":80464.98666342966,"standard_error":63.04394220648011},"std_dev":{"confidence_interval":{"confidence_level":0.95,"lower_bound":1080.9706613621001,"upper_bound":1230.3406078689532},"point_estimate":1160.1363850763137,"standard_error":38.096555713439486}}