{"mean":{"confidence_interval":{"confidence_level":0.95,"lower_bound":92914.09676282339,"upper_bound":93144.0241120208},"point_estimate":93028.67904957537,"standard_error":58.80580078088163},"median":{"confidence_interval":{"confidence_level":0.95,"lower_bound":92915.57603352072,"upper_bound":93145.2039004281},"point_estimate":93011.37732919255,"standard_error":65.46470079981071},"median_abs_dev":{"confidence_interval":{"confidence_level":0.95,"lower_bound":413.2846206015996,"upper_bound":729.9757107456977},"point_estimate":578.1513329089156,"standard_error":83.27010956662969},"slope":{"confidence_interval":{"confidence_level":0.95,"lower_bound":92777.97746199968,"upper_bound":93060.37314069472},"point_estimate":92919.03549705504,"standard_error":72.08227489558297},"std_dev":{"confidence_interval":{"confidence_level":0.95,"lower_bound":500.20003345993155,"upper_bound":672.463371427574},"point_estimate":590.3556290412463,"standard_error":44.0116518994188}}