{"mean":{"confidence_interval":{"confidence_level":0.95,"lower_bound":84688.7082524152,"upper_bound":85866.95782740715},"point_estimate":85272.89048963621,"standard_error":299.9346091887687},"median":{"confidence_interval":{"confidence_level":0.95,"lower_bound":82907.24540816326,"upper_bound":86982.88278388279},"point_estimate":83154.25747019431,"standard_error":948.7167144507093},"median_abs_dev":{"confidence_interval":{"confidence_level":0.95,"lower_bound":511.46708697161824,"upper_bound":5425.9675724141225},"point_estimate":1059.7000730001378,"standard_error":1160.3297400905574},"slope":{"confidence_interval":{"confidence_level":0.95,"lower_bound":83025.00731282476,"upper_bound":83396.21702049357},"point_estimate":83185.97700014777,"standard_error":94.71096760125124},"std_dev":{"confidence_interval":{"confidence_level":0.95,"lower_bound":2728.3112940333663,"upper_bound":3251.964278835998},"point_estimate":3020.70091542401,"standard_error":133.69620945642848}}