{"mean":{"confidence_interval":{"confidence_level":0.95,"lower_bound":83626.87716857616,"upper_bound":84259.19446367476},"point_estimate":83940.46575732976,"standard_error":161.3948200307428},"median":{"confidence_interval":{"confidence_level":0.95,"lower_bound":82562.77329192546,"upper_bound":84794.93338143338},"point_estimate":82839.02554432194,"standard_error":766.8115324773718},"median_abs_dev":{"confidence_interval":{"confidence_level":0.95,"lower_bound":383.44890312200477,"upper_bound":2770.0895728203727},"point_estimate":970.0703338005038,"standard_error":823.1173724360449},"slope":{"confidence_interval":{"confidence_level":0.95,"lower_bound":82683.27120624101,"upper_bound":82942.09576258782},"point_estimate":82796.81234984906,"standard_error":66.08100369498337},"std_dev":{"confidence_interval":{"confidence_level":0.95,"lower_bound":1500.3075449305804,"upper_bound":1715.0106551435556},"point_estimate":1620.6526779808164,"standard_error":54.765929240153696}}