{"mean":{"confidence_interval":{"confidence_level":0.95,"lower_bound":82651.71158439877,"upper_bound":83285.31657512952},"point_estimate":82955.73440902604,"standard_error":161.66544384297694},"median":{"confidence_interval":{"confidence_level":0.95,"lower_bound":81841.26843317972,"upper_bound":83610.44360902255},"point_estimate":82169.98937173937,"standard_error":477.35279216277036},"median_abs_dev":{"confidence_interval":{"confidence_level":0.95,"lower_bound":524.0807620632528,"upper_bound":2126.1236681860883},"point_estimate":1069.975410846519,"standard_error":466.4478779793133},"slope":{"confidence_interval":{"confidence_level":0.95,"lower_bound":81921.2257838849,"upper_bound":82161.21033000266},"point_estimate":82030.85881568115,"standard_error":61.06188830219227},"std_dev":{"confidence_interval":{"confidence_level":0.95,"lower_bound":1237.4661226130677,"upper_bound":2020.0207758332556},"point_estimate":1625.071899580631,"standard_error":205.38156997750778}}