{"mean":{"confidence_interval":{"confidence_level":0.95,"lower_bound":90308.09911273122,"upper_bound":90948.34233332361},"point_estimate":90556.86977180332,"standard_error":170.38772229840274},"median":{"confidence_interval":{"confidence_level":0.95,"lower_bound":90178.6978021978,"upper_bound":90451.43802771856},"point_estimate":90301.54704393835,"standard_error":72.539799662404},"median_abs_dev":{"confidence_interval":{"confidence_level":0.95,"lower_bound":416.3793681692974,"upper_bound":723.8601579181498},"point_estimate":535.3102566253764,"standard_error":79.6754596543132},"slope":{"confidence_interval":{"confidence_level":0.95,"lower_bound":90342.0712377895,"upper_bound":91435.0738468972},"point_estimate":90752.97488526252,"standard_error":293.3106039399608},"std_dev":{"confidence_interval":{"confidence_level":0.95,"lower_bound":511.6827935156554,"upper_bound":2823.906583089538},"point_estimate":1711.314103773089,"standard_error":777.5528156430893}}