{"mean":{"confidence_interval":{"confidence_level":0.95,"lower_bound":81426.77014156409,"upper_bound":82059.15633797272},"point_estimate":81743.95510406455,"standard_error":161.31394561578216},"median":{"confidence_interval":{"confidence_level":0.95,"lower_bound":80495.5,"upper_bound":82529.51879699249},"point_estimate":80783.83406120987,"standard_error":733.0951512883214},"median_abs_dev":{"confidence_interval":{"confidence_level":0.95,"lower_bound":686.9228243545,"upper_bound":2654.3513298758457},"point_estimate":1311.216676134167,"standard_error":671.1260849985254},"slope":{"confidence_interval":{"confidence_level":0.95,"lower_bound":80471.10991282518,"upper_bound":80742.15851565529},"point_estimate":80590.81139437185,"standard_error":69.29276973509685},"std_dev":{"confidence_interval":{"confidence_level":0.95,"lower_bound":1498.9401574068734,"upper_bound":1719.0183969624331},"point_estimate":1621.682496315779,"standard_error":56.11370675153806}}