{"mean":{"confidence_interval":{"confidence_level":0.95,"lower_bound":80408.60047096711,"upper_bound":80625.85882531991},"point_estimate":80515.35420710094,"standard_error":55.36561060431764},"median":{"confidence_interval":{"confidence_level":0.95,"lower_bound":80298.68140720039,"upper_bound":80433.93772893772},"point_estimate":80349.85201485909,"standard_error":42.39500924960811},"median_abs_dev":{"confidence_interval":{"confidence_level":0.95,"lower_bound":196.38771302925556,"upper_bound":427.35647351710753},"point_estimate":327.66199391293327,"standard_error":59.749503433843074},"slope":{"confidence_interval":{"confidence_level":0.95,"lower_bound":80630.47002301826,"upper_bound":80933.32298200576},"point_estimate":80784.71317401677,"standard_error":77.15135049688996},"std_dev":{"confidence_interval":{"confidence_level":0.95,"lower_bound":465.73071209676226,"upper_bound":633.5360460744893},"point_estimate":555.5707542488451,"standard_error":42.56262006569608}}