{"mean":{"confidence_interval":{"confidence_level":0.95,"lower_bound":83819.13866111332,"upper_bound":84317.08975410413},"point_estimate":84056.34497557474,"standard_error":126.93152552968947},"median":{"confidence_interval":{"confidence_level":0.95,"lower_bound":83469.20998278829,"upper_bound":84674.60079252184},"point_estimate":83606.36131812276,"standard_error":339.27994259490947},"median_abs_dev":{"confidence_interval":{"confidence_level":0.95,"lower_bound":996.5243522905798,"upper_bound":1659.39647621934},"point_estimate":1558.8367392191756,"standard_error":182.51254852834194},"slope":{"confidence_interval":{"confidence_level":0.95,"lower_bound":83382.78639436909,"upper_bound":83703.24688163355},"point_estimate":83532.1671764234,"standard_error":81.91359465360311},"std_dev":{"confidence_interval":{"confidence_level":0.95,"lower_bound":954.0319699112055,"upper_bound":1686.9073650734806},"point_estimate":1275.972078815525,"standard_error":215.11676329896966}}