{"mean":{"confidence_interval":{"confidence_level":0.95,"lower_bound":82695.35790811684,"upper_bound":83340.61389374729},"point_estimate":83011.06018227336,"standard_error":163.98871516567644},"median":{"confidence_interval":{"confidence_level":0.95,"lower_bound":81930.54777938112,"upper_bound":83627.9887218045},"point_estimate":82693.00313283208,"standard_error":531.0076178265962},"median_abs_dev":{"confidence_interval":{"confidence_level":0.95,"lower_bound":930.3720818353804,"upper_bound":2435.0596295876553},"point_estimate":1853.8717741226428,"standard_error":472.11154479905133},"slope":{"confidence_interval":{"confidence_level":0.95,"lower_bound":81828.39983725664,"upper_bound":82124.18017561352},"point_estimate":81962.41446768984,"standard_error":75.66337077778809},"std_dev":{"confidence_interval":{"confidence_level":0.95,"lower_bound":1391.2368837410022,"upper_bound":1967.8636654508337},"point_estimate":1648.4041617569505,"standard_error":157.26917488644008}}