{"mean":{"confidence_interval":{"confidence_level":0.95,"lower_bound":73152.75208334933,"upper_bound":73539.18982157433},"point_estimate":73345.16783509903,"standard_error":98.81141830581234},"median":{"confidence_interval":{"confidence_level":0.95,"lower_bound":72617.13782051283,"upper_bound":74064.71614583334},"point_estimate":73014.41061046511,"standard_error":469.57053010586094},"median_abs_dev":{"confidence_interval":{"confidence_level":0.95,"lower_bound":679.3972260064738,"upper_bound":1530.4202363140532},"point_estimate":1381.6478016451117,"standard_error":237.62385766873766},"slope":{"confidence_interval":{"confidence_level":0.95,"lower_bound":72594.92012228484,"upper_bound":72801.80495967131},"point_estimate":72687.89396076548,"standard_error":52.85023777805679},"std_dev":{"confidence_interval":{"confidence_level":0.95,"lower_bound":916.1736039749443,"upper_bound":1058.796731102619},"point_estimate":991.0451317506186,"standard_error":36.19292548834531}}