{"mean":{"confidence_interval":{"confidence_level":0.95,"lower_bound":97214.24597738805,"upper_bound":98038.43007845308},"point_estimate":97615.75376702154,"standard_error":210.63948961075405},"median":{"confidence_interval":{"confidence_level":0.95,"lower_bound":96060.99852941177,"upper_bound":97879.89333333333},"point_estimate":96650.94844673146,"standard_error":429.9123242626136},"median_abs_dev":{"confidence_interval":{"confidence_level":0.95,"lower_bound":594.6894065871284,"upper_bound":2622.5842335401576},"point_estimate":1378.8530527511064,"standard_error":523.322538123891},"slope":{"confidence_interval":{"confidence_level":0.95,"lower_bound":96253.75064488234,"upper_bound":96936.49270623946},"point_estimate":96552.2013422984,"standard_error":174.15496223329706},"std_dev":{"confidence_interval":{"confidence_level":0.95,"lower_bound":1711.710342291251,"upper_bound":2524.92968282853},"point_estimate":2119.007201392217,"standard_error":210.34862059938172}}