{"mean":{"confidence_interval":{"confidence_level":0.95,"lower_bound":91284.82315711986,"upper_bound":91440.11632426792},"point_estimate":91362.15411281411,"standard_error":39.481670130760016},"median":{"confidence_interval":{"confidence_level":0.95,"lower_bound":91309.04081632654,"upper_bound":91439.2118226601},"point_estimate":91375.91375517598,"standard_error":36.367943869823},"median_abs_dev":{"confidence_interval":{"confidence_level":0.95,"lower_bound":188.5841090522238,"upper_bound":309.0886952818046},"point_estimate":236.98550755736719,"standard_error":32.005191681010615},"slope":{"confidence_interval":{"confidence_level":0.95,"lower_bound":91346.53716372389,"upper_bound":91440.85025553295},"point_estimate":91392.09321623847,"standard_error":24.04372630409295},"std_dev":{"confidence_interval":{"confidence_level":0.95,"lower_bound":277.21756973891274,"upper_bound":511.17452335534017},"point_estimate":395.516152787009,"standard_error":60.32047035240366}}