{"mean":{"confidence_interval":{"confidence_level":0.95,"lower_bound":108567.92311683593,"upper_bound":108846.30028693393},"point_estimate":108704.77263989471,"standard_error":70.85784789829516},"median":{"confidence_interval":{"confidence_level":0.95,"lower_bound":108492.91145833333,"upper_bound":108791.68544600939},"point_estimate":108595.21130952382,"standard_error":74.54234859569833},"median_abs_dev":{"confidence_interval":{"confidence_level":0.95,"lower_bound":490.13427826392495,"upper_bound":864.5211222192418},"point_estimate":648.8432384554397,"standard_error":100.57762141288349},"slope":{"confidence_interval":{"confidence_level":0.95,"lower_bound":108287.67090327849,"upper_bound":108766.38530743342},"point_estimate":108500.85535540122,"standard_error":122.1339768489291},"std_dev":{"confidence_interval":{"confidence_level":0.95,"lower_bound":574.6096893858592,"upper_bound":855.0893439110282},"point_estimate":713.6791505842582,"standard_error":72.4373867807013}}