{"mean":{"confidence_interval":{"confidence_level":0.95,"lower_bound":91980.94511016336,"upper_bound":92139.83783428563},"point_estimate":92052.17785678836,"standard_error":40.71627967138187},"median":{"confidence_interval":{"confidence_level":0.95,"lower_bound":91943.6681152461,"upper_bound":92041.05240182996},"point_estimate":91986.65899641576,"standard_error":26.287146212738126},"median_abs_dev":{"confidence_interval":{"confidence_level":0.95,"lower_bound":149.15285201866553,"upper_bound":242.35410184887064},"point_estimate":204.31437505139382,"standard_error":23.199031850052787},"slope":{"confidence_interval":{"confidence_level":0.95,"lower_bound":92022.54699929387,"upper_bound":92150.24080971033},"point_estimate":92079.46787527709,"standard_error":32.871719032990704},"std_dev":{"confidence_interval":{"confidence_level":0.95,"lower_bound":201.9452544052648,"upper_bound":592.5294286977195},"point_estimate":410.3121128116286,"standard_error":102.90827939544633}}