{"mean":{"confidence_interval":{"confidence_level":0.95,"lower_bound":93514.9264119513,"upper_bound":93830.20499492812},"point_estimate":93672.3830426215,"standard_error":80.30232664749884},"median":{"confidence_interval":{"confidence_level":0.95,"lower_bound":93461.53846153847,"upper_bound":93929.11393037588},"point_estimate":93673.61309523809,"standard_error":113.44270324596418},"median_abs_dev":{"confidence_interval":{"confidence_level":0.95,"lower_bound":517.8857429708985,"upper_bound":784.6314569430809},"point_estimate":655.7394138967665,"standard_error":66.18520274786444},"slope":{"confidence_interval":{"confidence_level":0.95,"lower_bound":93618.50955691963,"upper_bound":93871.39376356073},"point_estimate":93742.66275581076,"standard_error":64.57745248792227},"std_dev":{"confidence_interval":{"confidence_level":0.95,"lower_bound":632.3658971760456,"upper_bound":980.0983305811882},"point_estimate":807.8888997695025,"standard_error":88.73602343530933}}