{"mean":{"confidence_interval":{"confidence_level":0.95,"lower_bound":83242.76910202729,"upper_bound":84314.91713377544},"point_estimate":83712.30898092972,"standard_error":275.01877767090895},"median":{"confidence_interval":{"confidence_level":0.95,"lower_bound":82385.92157947685,"upper_bound":84179.96992481203},"point_estimate":83019.81297852474,"standard_error":488.97787376354256},"median_abs_dev":{"confidence_interval":{"confidence_level":0.95,"lower_bound":890.867826315464,"upper_bound":2159.401529761378},"point_estimate":1791.9202113687688,"standard_error":357.23180710021063},"slope":{"confidence_interval":{"confidence_level":0.95,"lower_bound":82445.7966120295,"upper_bound":83551.7959457574},"point_estimate":82926.63037936203,"standard_error":283.81699111236975},"std_dev":{"confidence_interval":{"confidence_level":0.95,"lower_bound":1380.6253818658888,"upper_bound":4204.9102917409555},"point_estimate":2776.438594611271,"standard_error":846.9887786567949}}