{"mean":{"confidence_interval":{"confidence_level":0.95,"lower_bound":82015.63823514762,"upper_bound":82132.6661864477},"point_estimate":82073.23076816088,"standard_error":29.8307128356749},"median":{"confidence_interval":{"confidence_level":0.95,"lower_bound":81980.11904761905,"upper_bound":82080.09523809524},"point_estimate":82029.60643424036,"standard_error":27.22477294515731},"median_abs_dev":{"confidence_interval":{"confidence_level":0.95,"lower_bound":144.44471971820417,"upper_bound":235.37818077080436},"point_estimate":183.2019691717475,"standard_error":23.20869425588881},"slope":{"confidence_interval":{"confidence_level":0.95,"lower_bound":82079.453437852,"upper_bound":82254.09852187564},"point_estimate":82162.0376292512,"standard_error":44.6527691904925},"std_dev":{"confidence_interval":{"confidence_level":0.95,"lower_bound":231.59865908238706,"upper_bound":364.20510139591516},"point_estimate":300.45392132365356,"standard_error":33.88017106577634}}