{"mean":{"confidence_interval":{"confidence_level":0.95,"lower_bound":82925.84960014773,"upper_bound":83519.52252635817},"point_estimate":83218.032096222,"standard_error":151.5373485158063},"median":{"confidence_interval":{"confidence_level":0.95,"lower_bound":82215.32522974102,"upper_bound":83746.01058201058},"point_estimate":82553.50573709444,"standard_error":493.41480486019975},"median_abs_dev":{"confidence_interval":{"confidence_level":0.95,"lower_bound":774.49293645409,"upper_bound":2290.405084100983},"point_estimate":1576.6030190852405,"standard_error":413.6847897697261},"slope":{"confidence_interval":{"confidence_level":0.95,"lower_bound":82108.76945246759,"upper_bound":82359.68086838305},"point_estimate":82224.74238721527,"standard_error":64.04026046982422},"std_dev":{"confidence_interval":{"confidence_level":0.95,"lower_bound":1320.4554705663518,"upper_bound":1746.8956052959102},"point_estimate":1521.9098731637112,"standard_error":110.79944099495697}}