{"mean":{"confidence_interval":{"confidence_level":0.95,"lower_bound":108660.75842176736,"upper_bound":108925.46964523608},"point_estimate":108793.32086043345,"standard_error":67.56153530270889},"median":{"confidence_interval":{"confidence_level":0.95,"lower_bound":108676.1541005291,"upper_bound":108948.65952380953},"point_estimate":108799.01494237469,"standard_error":72.02747196422328},"median_abs_dev":{"confidence_interval":{"confidence_level":0.95,"lower_bound":413.1321849731481,"upper_bound":736.527263087704},"point_estimate":571.4208958970198,"standard_error":81.9403567910847},"slope":{"confidence_interval":{"confidence_level":0.95,"lower_bound":108864.33101612446,"upper_bound":109152.39429023246},"point_estimate":109005.46025269691,"standard_error":73.6213468715397},"std_dev":{"confidence_interval":{"confidence_level":0.95,"lower_bound":565.6092544308184,"upper_bound":777.9912191960001},"point_estimate":677.0541989154644,"standard_error":54.43598725020034}}