{"mean":{"confidence_interval":{"confidence_level":0.95,"lower_bound":90567.92704186538,"upper_bound":90923.11107510715},"point_estimate":90715.08653561193,"standard_error":92.25469848353013},"median":{"confidence_interval":{"confidence_level":0.95,"lower_bound":90543.39578454333,"upper_bound":90740.19047619047},"point_estimate":90634.51364468865,"standard_error":52.43320584220219},"median_abs_dev":{"confidence_interval":{"confidence_level":0.95,"lower_bound":363.3277828113243,"upper_bound":549.3332456154708},"point_estimate":457.6729352774374,"standard_error":47.964253994237815},"slope":{"confidence_interval":{"confidence_level":0.95,"lower_bound":90600.35861499458,"upper_bound":90824.35966831396},"point_estimate":90713.54819438873,"standard_error":57.38941864782811},"std_dev":{"confidence_interval":{"confidence_level":0.95,"lower_bound":396.2268177594492,"upper_bound":1472.9827854872522},"point_estimate":924.8035154991635,"standard_error":355.1974103905454}}