{"mean":{"confidence_interval":{"confidence_level":0.95,"lower_bound":81551.45748997068,"upper_bound":83167.63680029505},"point_estimate":82230.42744745313,"standard_error":419.89734026597756},"median":{"confidence_interval":{"confidence_level":0.95,"lower_bound":80459.35509448923,"upper_bound":82343.36086207571},"point_estimate":81451.35421888053,"standard_error":682.3483691163386},"median_abs_dev":{"confidence_interval":{"confidence_level":0.95,"lower_bound":562.9223634015548,"upper_bound":2746.0817484400427},"point_estimate":1731.6478051545423,"standard_error":735.9063010270596},"slope":{"confidence_interval":{"confidence_level":0.95,"lower_bound":80578.69965377655,"upper_bound":81128.23730235253},"point_estimate":80813.6568671494,"standard_error":141.86626437886008},"std_dev":{"confidence_interval":{"confidence_level":0.95,"lower_bound":1504.329006052103,"upper_bound":6634.681134026784},"point_estimate":4217.201975753846,"standard_error":1472.0186059909147}}