{"mean":{"confidence_interval":{"confidence_level":0.95,"lower_bound":48856.002399239434,"upper_bound":49326.20816828485},"point_estimate":49110.75741034513,"standard_error":119.47962774407853},"median":{"confidence_interval":{"confidence_level":0.95,"lower_bound":49194.32142857143,"upper_bound":49282.25789192081},"point_estimate":49229.63310352199,"standard_error":19.859306493805047},"median_abs_dev":{"confidence_interval":{"confidence_level":0.95,"lower_bound":169.66851804041454,"upper_bound":344.32482635200535},"point_estimate":245.2283364370849,"standard_error":51.49276390589008},"slope":{"confidence_interval":{"confidence_level":0.95,"lower_bound":49351.47841825156,"upper_bound":49480.442391933306},"point_estimate":49414.609667081844,"standard_error":32.92719204297888},"std_dev":{"confidence_interval":{"confidence_level":0.95,"lower_bound":587.3615270877817,"upper_bound":1760.0319479893258},"point_estimate":1196.911527962079,"standard_error":308.52536365357884}}