{"mean":{"confidence_interval":{"confidence_level":0.95,"lower_bound":29222.996381498626,"upper_bound":29398.65687162354},"point_estimate":29316.81998259062,"standard_error":44.85676420425132},"median":{"confidence_interval":{"confidence_level":0.95,"lower_bound":29263.874040920717,"upper_bound":29376.62443438914},"point_estimate":29288.615616220573,"standard_error":26.89834419532661},"median_abs_dev":{"confidence_interval":{"confidence_level":0.95,"lower_bound":187.77008939708412,"upper_bound":332.02826410532106},"point_estimate":248.86323058179488,"standard_error":39.45979015282669},"slope":{"confidence_interval":{"confidence_level":0.95,"lower_bound":29400.91987466283,"upper_bound":29552.244004917102},"point_estimate":29475.897065690766,"standard_error":38.52958661596191},"std_dev":{"confidence_interval":{"confidence_level":0.95,"lower_bound":283.3794765367326,"upper_bound":626.2374539213862},"point_estimate":453.19154943450775,"standard_error":91.08135049237141}}