{"mean":{"confidence_interval":{"confidence_level":0.95,"lower_bound":38792.23015270618,"upper_bound":39049.966997974174},"point_estimate":38939.251232335686,"standard_error":66.35315179735818},"median":{"confidence_interval":{"confidence_level":0.95,"lower_bound":39006.07840236687,"upper_bound":39114.64588859416},"point_estimate":39082.4237012987,"standard_error":27.379876086783806},"median_abs_dev":{"confidence_interval":{"confidence_level":0.95,"lower_bound":133.34725043039415,"upper_bound":217.44176975023623},"point_estimate":172.66911047599814,"standard_error":20.532513217155003},"slope":{"confidence_interval":{"confidence_level":0.95,"lower_bound":39079.53087906092,"upper_bound":39152.78674565168},"point_estimate":39114.80037341851,"standard_error":18.579292531548585},"std_dev":{"confidence_interval":{"confidence_level":0.95,"lower_bound":263.3221830848629,"upper_bound":1028.0650985418558},"point_estimate":665.4247537416226,"standard_error":212.99175276495689}}