{"mean":{"confidence_interval":{"confidence_level":0.95,"lower_bound":29265.262235578895,"upper_bound":29458.34508110921},"point_estimate":29365.48267509018,"standard_error":49.052281635284906},"median":{"confidence_interval":{"confidence_level":0.95,"lower_bound":29399.320404411767,"upper_bound":29465.93144633111},"point_estimate":29444.734538618315,"standard_error":20.481305083402983},"median_abs_dev":{"confidence_interval":{"confidence_level":0.95,"lower_bound":150.3945257433808,"upper_bound":264.69720143296485},"point_estimate":200.27983334565593,"standard_error":27.86046088214958},"slope":{"confidence_interval":{"confidence_level":0.95,"lower_bound":29424.526240215717,"upper_bound":29519.951450038847},"point_estimate":29471.031271221065,"standard_error":24.36782350851129},"std_dev":{"confidence_interval":{"confidence_level":0.95,"lower_bound":273.54672215772587,"upper_bound":683.679180684463},"point_estimate":491.1469267318507,"standard_error":105.45972174566535}}