{"mean":{"confidence_interval":{"confidence_level":0.95,"lower_bound":48516.301924620355,"upper_bound":48962.12500042353},"point_estimate":48768.0989177844,"standard_error":114.4280793513474},"median":{"confidence_interval":{"confidence_level":0.95,"lower_bound":48917.1578989704,"upper_bound":49018.06144393241},"point_estimate":48975.92922553637,"standard_error":30.95675712137766},"median_abs_dev":{"confidence_interval":{"confidence_level":0.95,"lower_bound":138.57150611781802,"upper_bound":228.21337531348436},"point_estimate":173.62685038177534,"standard_error":22.727966912696537},"slope":{"confidence_interval":{"confidence_level":0.95,"lower_bound":49013.623861416134,"upper_bound":49072.26855952057},"point_estimate":49043.42296072678,"standard_error":14.97494211338252},"std_dev":{"confidence_interval":{"confidence_level":0.95,"lower_bound":464.5607632799213,"upper_bound":1761.0116126399107},"point_estimate":1145.9098572093508,"standard_error":355.5658385235722}}