{"mean":{"confidence_interval":{"confidence_level":0.95,"lower_bound":49381.817395564336,"upper_bound":49878.139442668304},"point_estimate":49658.40282375521,"standard_error":127.48059277106826},"median":{"confidence_interval":{"confidence_level":0.95,"lower_bound":49752.243460764585,"upper_bound":49881.298941798945},"point_estimate":49820.59267933038,"standard_error":32.699977332869196},"median_abs_dev":{"confidence_interval":{"confidence_level":0.95,"lower_bound":173.7452985951673,"upper_bound":317.63847891961143},"point_estimate":223.01478956811394,"standard_error":37.253653049279706},"slope":{"confidence_interval":{"confidence_level":0.95,"lower_bound":49905.06138540229,"upper_bound":50085.692014814835},"point_estimate":49983.73320357196,"standard_error":46.584093917717034},"std_dev":{"confidence_interval":{"confidence_level":0.95,"lower_bound":571.6342553282146,"upper_bound":1926.577131831386},"point_estimate":1283.3823089637285,"standard_error":361.21655477172567}}