{"mean":{"confidence_interval":{"confidence_level":0.95,"lower_bound":56037.15099487074,"upper_bound":56640.028605066094},"point_estimate":56372.18434615145,"standard_error":154.0142609977007},"median":{"confidence_interval":{"confidence_level":0.95,"lower_bound":56444.79659498208,"upper_bound":56613.72290614479},"point_estimate":56581.78728344161,"standard_error":50.99797655005573},"median_abs_dev":{"confidence_interval":{"confidence_level":0.95,"lower_bound":268.26251972695746,"upper_bound":482.51264081641136},"point_estimate":375.4166855073554,"standard_error":54.83881993698676},"slope":{"confidence_interval":{"confidence_level":0.95,"lower_bound":56626.97936664446,"upper_bound":56958.344906930906},"point_estimate":56766.56306536624,"standard_error":86.22604740443748},"std_dev":{"confidence_interval":{"confidence_level":0.95,"lower_bound":718.8972396072425,"upper_bound":2316.3993467390897},"point_estimate":1541.2726524678292,"standard_error":432.56770725471927}}