{"mean":{"confidence_interval":{"confidence_level":0.95,"lower_bound":48718.42008026411,"upper_bound":49593.14843151276},"point_estimate":49118.669223081495,"standard_error":223.61820574101725},"median":{"confidence_interval":{"confidence_level":0.95,"lower_bound":48917.281564494355,"upper_bound":49006.56477702192},"point_estimate":48959.920050125314,"standard_error":21.89103936242221},"median_abs_dev":{"confidence_interval":{"confidence_level":0.95,"lower_bound":157.7676797120054,"upper_bound":394.20663338605374},"point_estimate":257.3982726097519,"standard_error":61.005921211927586},"slope":{"confidence_interval":{"confidence_level":0.95,"lower_bound":49109.47895231529,"upper_bound":49624.78908440986},"point_estimate":49322.19200897915,"standard_error":133.46817562666052},"std_dev":{"confidence_interval":{"confidence_level":0.95,"lower_bound":712.5603831581524,"upper_bound":3307.6475196451834},"point_estimate":2243.025617313744,"standard_error":634.3368189455132}}