{"mean":{"confidence_interval":{"confidence_level":0.95,"lower_bound":63561.38863848232,"upper_bound":64365.83218318771},"point_estimate":64017.828581224574,"standard_error":206.54838303248195},"median":{"confidence_interval":{"confidence_level":0.95,"lower_bound":64380.22341269841,"upper_bound":64627.43410852713},"point_estimate":64534.06064399867,"standard_error":66.69010761449273},"median_abs_dev":{"confidence_interval":{"confidence_level":0.95,"lower_bound":340.1618877082244,"upper_bound":633.176132100581},"point_estimate":499.1508222903121,"standard_error":75.2149824289863},"slope":{"confidence_interval":{"confidence_level":0.95,"lower_bound":64610.96434097171,"upper_bound":64791.49368624354},"point_estimate":64693.04716733166,"standard_error":46.21609827483219},"std_dev":{"confidence_interval":{"confidence_level":0.95,"lower_bound":883.5892711803646,"upper_bound":3186.5459242202633},"point_estimate":2082.4014859961426,"standard_error":637.5219429847957}}