{"mean":{"confidence_interval":{"confidence_level":0.95,"lower_bound":63469.75605286549,"upper_bound":64312.87724591057},"point_estimate":63944.05144362812,"standard_error":216.92498702373584},"median":{"confidence_interval":{"confidence_level":0.95,"lower_bound":64073.702178030304,"upper_bound":64481.23659620098},"point_estimate":64248.42553603006,"standard_error":88.62005425715941},"median_abs_dev":{"confidence_interval":{"confidence_level":0.95,"lower_bound":688.1144512383026,"upper_bound":1132.326723789447},"point_estimate":932.1757203846453,"standard_error":113.25775785826997},"slope":{"confidence_interval":{"confidence_level":0.95,"lower_bound":64378.46852364307,"upper_bound":64778.52249475431},"point_estimate":64572.25552035614,"standard_error":101.9136774196906},"std_dev":{"confidence_interval":{"confidence_level":0.95,"lower_bound":1028.431074271029,"upper_bound":3296.9149397996853},"point_estimate":2183.5029786024793,"standard_error":637.0495271988823}}