{"mean":{"confidence_interval":{"confidence_level":0.95,"lower_bound":11746.221446960477,"upper_bound":11767.706283723674},"point_estimate":11758.089463333148,"standard_error":5.528582825447962},"median":{"confidence_interval":{"confidence_level":0.95,"lower_bound":11758.847153664165,"upper_bound":11772.60410830999},"point_estimate":11767.416915804784,"standard_error":3.582915188459391},"median_abs_dev":{"confidence_interval":{"confidence_level":0.95,"lower_bound":18.51855514686346,"upper_bound":31.2993869662556},"point_estimate":22.886762291934808,"standard_error":3.266018012179377},"slope":{"confidence_interval":{"confidence_level":0.95,"lower_bound":11761.514959259452,"upper_bound":11771.479017396729},"point_estimate":11766.254280647681,"standard_error":2.54567372321633},"std_dev":{"confidence_interval":{"confidence_level":0.95,"lower_bound":27.975042925201965,"upper_bound":82.12021489032051},"point_estimate":55.60255563724041,"standard_error":14.756017165469698}}