{"mean":{"confidence_interval":{"confidence_level":0.95,"lower_bound":48168.3606155571,"upper_bound":48593.59643101807},"point_estimate":48418.83112452867,"standard_error":110.36872814072262},"median":{"confidence_interval":{"confidence_level":0.95,"lower_bound":48564.78323327616,"upper_bound":48689.485299003325},"point_estimate":48615.069244482176,"standard_error":32.33507865224244},"median_abs_dev":{"confidence_interval":{"confidence_level":0.95,"lower_bound":178.80013600065993,"upper_bound":304.3339826158474},"point_estimate":242.31576862566448,"standard_error":33.79386459569302},"slope":{"confidence_interval":{"confidence_level":0.95,"lower_bound":48695.55575887155,"upper_bound":48796.128972967046},"point_estimate":48743.18431003399,"standard_error":25.621575834730415},"std_dev":{"confidence_interval":{"confidence_level":0.95,"lower_bound":377.1715387816477,"upper_bound":1764.354154331974},"point_estimate":1106.1837094466887,"standard_error":415.0143036550211}}