{"mean":{"confidence_interval":{"confidence_level":0.95,"lower_bound":49943.42270315491,"upper_bound":50458.42073438984},"point_estimate":50225.20614188683,"standard_error":132.1836466946123},"median":{"confidence_interval":{"confidence_level":0.95,"lower_bound":50061.02124089715,"upper_bound":50737.58961226852},"point_estimate":50531.43764880952,"standard_error":212.08798348577528},"median_abs_dev":{"confidence_interval":{"confidence_level":0.95,"lower_bound":551.4762335931583,"upper_bound":962.9483397098059},"point_estimate":793.466889997602,"standard_error":101.9183846382892},"slope":{"confidence_interval":{"confidence_level":0.95,"lower_bound":50739.40252425482,"upper_bound":50992.50701059594},"point_estimate":50863.8087232156,"standard_error":64.63805102823927},"std_dev":{"confidence_interval":{"confidence_level":0.95,"lower_bound":745.790132916949,"upper_bound":1941.2290946024857},"point_estimate":1332.5035635604663,"standard_error":336.6436740961298}}