{"mean":{"confidence_interval":{"confidence_level":0.95,"lower_bound":48503.093682514416,"upper_bound":49017.984533524555},"point_estimate":48774.37246138914,"standard_error":130.62442984343883},"median":{"confidence_interval":{"confidence_level":0.95,"lower_bound":48730.23382352941,"upper_bound":48926.09802631578},"point_estimate":48866.49900145243,"standard_error":57.088929135434185},"median_abs_dev":{"confidence_interval":{"confidence_level":0.95,"lower_bound":277.61722790791544,"upper_bound":420.1093741040702},"point_estimate":346.1246256212018,"standard_error":36.53836477435503},"slope":{"confidence_interval":{"confidence_level":0.95,"lower_bound":49059.652736148724,"upper_bound":49476.358150724554},"point_estimate":49251.75292389537,"standard_error":106.50544768311752},"std_dev":{"confidence_interval":{"confidence_level":0.95,"lower_bound":730.9853566410669,"upper_bound":1879.4621831857792},"point_estimate":1320.2187415604878,"standard_error":300.59909498303267}}