{"mean":{"confidence_interval":{"confidence_level":0.95,"lower_bound":47814.40466942873,"upper_bound":48239.04140259548},"point_estimate":48045.14478517494,"standard_error":108.24111145671701},"median":{"confidence_interval":{"confidence_level":0.95,"lower_bound":48149.56235119048,"upper_bound":48256.221494930964},"point_estimate":48193.287414965984,"standard_error":27.140732775289358},"median_abs_dev":{"confidence_interval":{"confidence_level":0.95,"lower_bound":152.85008835256448,"upper_bound":258.59204658750195},"point_estimate":207.49246736889955,"standard_error":26.444381890383905},"slope":{"confidence_interval":{"confidence_level":0.95,"lower_bound":48257.014053286366,"upper_bound":48438.90047140285},"point_estimate":48330.08703835842,"standard_error":47.63202304204632},"std_dev":{"confidence_interval":{"confidence_level":0.95,"lower_bound":416.11415788308796,"upper_bound":1629.2282040913403},"point_estimate":1084.018591601161,"standard_error":310.85969462727223}}