{"mean":{"confidence_interval":{"confidence_level":0.95,"lower_bound":48475.656157668964,"upper_bound":49058.880997223176},"point_estimate":48769.83414812696,"standard_error":147.35808515844693},"median":{"confidence_interval":{"confidence_level":0.95,"lower_bound":48730.949735449736,"upper_bound":48973.310622710625},"point_estimate":48871.296248196246,"standard_error":73.97328428260327},"median_abs_dev":{"confidence_interval":{"confidence_level":0.95,"lower_bound":340.38730395691545,"upper_bound":686.1217392554006},"point_estimate":499.623717683711,"standard_error":93.55905955100273},"slope":{"confidence_interval":{"confidence_level":0.95,"lower_bound":48598.28201872643,"upper_bound":48856.960100840704},"point_estimate":48716.84851611814,"standard_error":66.12016573847812},"std_dev":{"confidence_interval":{"confidence_level":0.95,"lower_bound":721.4659842251594,"upper_bound":2117.535978013339},"point_estimate":1480.3857870463837,"standard_error":360.47492117703337}}