{"mean":{"confidence_interval":{"confidence_level":0.95,"lower_bound":42206.09953597195,"upper_bound":42519.19726646162},"point_estimate":42382.95452980797,"standard_error":80.54624303186401},"median":{"confidence_interval":{"confidence_level":0.95,"lower_bound":42464.90789473684,"upper_bound":42560.88555943896},"point_estimate":42522.392557409126,"standard_error":25.97298570277214},"median_abs_dev":{"confidence_interval":{"confidence_level":0.95,"lower_bound":169.62587974901922,"upper_bound":288.6790018418387},"point_estimate":234.26785488109383,"standard_error":29.75011671016162},"slope":{"confidence_interval":{"confidence_level":0.95,"lower_bound":42545.81016600181,"upper_bound":42648.14246792595},"point_estimate":42594.93598037043,"standard_error":26.13253478762003},"std_dev":{"confidence_interval":{"confidence_level":0.95,"lower_bound":347.6812998802428,"upper_bound":1237.6341581588115},"point_estimate":808.8622122517824,"standard_error":247.99018847277398}}