{"mean":{"confidence_interval":{"confidence_level":0.95,"lower_bound":56125.96181195308,"upper_bound":57010.90609879318},"point_estimate":56560.944419147025,"standard_error":223.66965147214785},"median":{"confidence_interval":{"confidence_level":0.95,"lower_bound":56454.22222222222,"upper_bound":56576.82098765432},"point_estimate":56518.83893780573,"standard_error":31.252482259414357},"median_abs_dev":{"confidence_interval":{"confidence_level":0.95,"lower_bound":266.2723077727208,"upper_bound":448.8458941644771},"point_estimate":349.6753946494692,"standard_error":47.64933643670473},"slope":{"confidence_interval":{"confidence_level":0.95,"lower_bound":56623.07694634451,"upper_bound":57051.73389332594},"point_estimate":56808.82560300806,"standard_error":110.37941089221752},"std_dev":{"confidence_interval":{"confidence_level":0.95,"lower_bound":1033.9156882515938,"upper_bound":3252.0994009808633},"point_estimate":2247.7348654409193,"standard_error":567.532027137822}}