{"mean":{"confidence_interval":{"confidence_level":0.95,"lower_bound":48552.80336363637,"upper_bound":48971.41392133538},"point_estimate":48790.48918587574,"standard_error":108.42514283570293},"median":{"confidence_interval":{"confidence_level":0.95,"lower_bound":48987.16470588235,"upper_bound":49096.84966690042},"point_estimate":49014.12038352273,"standard_error":32.92841843130587},"median_abs_dev":{"confidence_interval":{"confidence_level":0.95,"lower_bound":157.65713358086342,"upper_bound":301.0616028005461},"point_estimate":243.20368758226732,"standard_error":36.950933829030674},"slope":{"confidence_interval":{"confidence_level":0.95,"lower_bound":49068.02595824238,"upper_bound":49156.12542631471},"point_estimate":49109.99643830353,"standard_error":22.420523165496782},"std_dev":{"confidence_interval":{"confidence_level":0.95,"lower_bound":434.33320515453585,"upper_bound":1680.0172937096418},"point_estimate":1089.6475055653016,"standard_error":348.0443115267051}}