{"mean":{"confidence_interval":{"confidence_level":0.95,"lower_bound":48690.99530631813,"upper_bound":49107.63555209484},"point_estimate":48929.32704838043,"standard_error":107.84551802880017},"median":{"confidence_interval":{"confidence_level":0.95,"lower_bound":49000.1217147436,"upper_bound":49131.68793103448},"point_estimate":49073.521026986506,"standard_error":30.610732289293342},"median_abs_dev":{"confidence_interval":{"confidence_level":0.95,"lower_bound":181.32960653513965,"upper_bound":307.3897957376012},"point_estimate":231.19865192994936,"standard_error":33.63318572754278},"slope":{"confidence_interval":{"confidence_level":0.95,"lower_bound":49151.429879748466,"upper_bound":49262.914725979455},"point_estimate":49204.02522402837,"standard_error":28.52074347673753},"std_dev":{"confidence_interval":{"confidence_level":0.95,"lower_bound":395.0218719406623,"upper_bound":1704.7723772391325},"point_estimate":1083.308117608437,"standard_error":376.5630504946931}}