{"mean":{"confidence_interval":{"confidence_level":0.95,"lower_bound":55705.8447326789,"upper_bound":56423.14933059923},"point_estimate":56089.29932762888,"standard_error":182.47399748401352},"median":{"confidence_interval":{"confidence_level":0.95,"lower_bound":56056.26746849943,"upper_bound":56232.305555555555},"point_estimate":56120.63258020344,"standard_error":37.77143049989548},"median_abs_dev":{"confidence_interval":{"confidence_level":0.95,"lower_bound":280.836381940489,"upper_bound":629.1556956930013},"point_estimate":411.87442564847436,"standard_error":87.42782174629099},"slope":{"confidence_interval":{"confidence_level":0.95,"lower_bound":56363.860390638045,"upper_bound":57042.00484995722},"point_estimate":56658.18559184277,"standard_error":175.74475763092855},"std_dev":{"confidence_interval":{"confidence_level":0.95,"lower_bound":983.3372978708202,"upper_bound":2667.0033046263597},"point_estimate":1837.3807992814916,"standard_error":447.28391244362314}}