{"mean":{"confidence_interval":{"confidence_level":0.95,"lower_bound":-0.016039796972582572,"upper_bound":-0.011339573558108232},"point_estimate":-0.01367241024414656,"standard_error":0.0011974720167154235},"median":{"confidence_interval":{"confidence_level":0.95,"lower_bound":-0.019083592081909684,"upper_bound":-0.010013915275398744},"point_estimate":-0.01451190037633121,"standard_error":0.002460925837161648}}