{"mean":{"confidence_interval":{"confidence_level":0.95,"lower_bound":0.1647501520130241,"upper_bound":0.19226534205309567},"point_estimate":0.17848722109456228,"standard_error":0.007009620960415099},"median":{"confidence_interval":{"confidence_level":0.95,"lower_bound":0.13960253116818566,"upper_bound":0.18684620834488697},"point_estimate":0.17109283912868944,"standard_error":0.013734007547285468}}