{"mean":{"confidence_interval":{"confidence_level":0.95,"lower_bound":0.002209364587494323,"upper_bound":0.013456022676192895},"point_estimate":0.006979234590896999,"standard_error":0.002862579518866064},"median":{"confidence_interval":{"confidence_level":0.95,"lower_bound":-0.002339822196346911,"upper_bound":0.007093901678869807},"point_estimate":0.0007898466395332981,"standard_error":0.00263319249327907}}