{"mean":{"confidence_interval":{"confidence_level":0.95,"lower_bound":0.036785555795366465,"upper_bound":0.04586936824504659},"point_estimate":0.04133188777496555,"standard_error":0.0023160839788461626},"median":{"confidence_interval":{"confidence_level":0.95,"lower_bound":0.03070327670995665,"upper_bound":0.04138838755113694},"point_estimate":0.03461243057878005,"standard_error":0.0027196601119080246}}