{"mean":{"confidence_interval":{"confidence_level":0.95,"lower_bound":0.01182088222054895,"upper_bound":0.017715090071362825},"point_estimate":0.01486455285259991,"standard_error":0.001514040548852586},"median":{"confidence_interval":{"confidence_level":0.95,"lower_bound":0.009944891164589438,"upper_bound":0.01813319010289982},"point_estimate":0.012890210642381827,"standard_error":0.0021906978719958103}}