{"mean":{"confidence_interval":{"confidence_level":0.95,"lower_bound":0.01495857466960426,"upper_bound":0.031676356689645316},"point_estimate":0.021903257671502363,"standard_error":0.004426863264422111},"median":{"confidence_interval":{"confidence_level":0.95,"lower_bound":0.014354731407743238,"upper_bound":0.019567626313835594},"point_estimate":0.016882940296680582,"standard_error":0.0013274516598270802}}