{"mean":{"confidence_interval":{"confidence_level":0.95,"lower_bound":-0.027216128904666848,"upper_bound":-0.02369366425043752},"point_estimate":-0.02549291125661768,"standard_error":0.0008906910241496828},"median":{"confidence_interval":{"confidence_level":0.95,"lower_bound":-0.0283821183260049,"upper_bound":-0.024049667134579344},"point_estimate":-0.025779950631802828,"standard_error":0.0011500040543044696}}