{"mean":{"confidence_interval":{"confidence_level":0.95,"lower_bound":-0.041531077106835575,"upper_bound":-0.03608557127185615},"point_estimate":-0.03881279068173049,"standard_error":0.0013896959033018468},"median":{"confidence_interval":{"confidence_level":0.95,"lower_bound":-0.04259393311434876,"upper_bound":-0.0384531926995052},"point_estimate":-0.0404965064634254,"standard_error":0.0010801762156331836}}