{"mean":{"confidence_interval":{"confidence_level":0.95,"lower_bound":0.024446767435998485,"upper_bound":0.06805718769566783},"point_estimate":0.04479414058625952,"standard_error":0.011106975147644638},"median":{"confidence_interval":{"confidence_level":0.95,"lower_bound":0.012853575684598884,"upper_bound":0.020030421002069348},"point_estimate":0.01746492082319162,"standard_error":0.0020263760724503785}}