{"mean":{"confidence_interval":{"confidence_level":0.95,"lower_bound":0.04384206728842789,"upper_bound":0.0518766140988818},"point_estimate":0.04791395456500336,"standard_error":0.002040874418894246},"median":{"confidence_interval":{"confidence_level":0.95,"lower_bound":0.04361088090408748,"upper_bound":0.05181660671080823},"point_estimate":0.047759340371043235,"standard_error":0.00211013789809195}}