{"mean":{"confidence_interval":{"confidence_level":0.95,"lower_bound":-0.021483909318774506,"upper_bound":-0.010474317004413702},"point_estimate":-0.016025924625200694,"standard_error":0.0028155835054595748},"median":{"confidence_interval":{"confidence_level":0.95,"lower_bound":-0.016865633281760717,"upper_bound":-0.009508022160575447},"point_estimate":-0.012783710415701477,"standard_error":0.0019072564645684752}}