{"mean":{"confidence_interval":{"confidence_level":0.95,"lower_bound":-0.0036273517557580126,"upper_bound":0.0006087655683413674},"point_estimate":-0.0016020615974641217,"standard_error":0.001081348442671964},"median":{"confidence_interval":{"confidence_level":0.95,"lower_bound":-0.0035711073698322508,"upper_bound":0.0012642446782527017},"point_estimate":-0.0009195458239835697,"standard_error":0.001236076761121112}}