{"mean":{"confidence_interval":{"confidence_level":0.95,"lower_bound":-0.029707263933768546,"upper_bound":-0.019853823185323916},"point_estimate":-0.024661473459169803,"standard_error":0.0025145168171462674},"median":{"confidence_interval":{"confidence_level":0.95,"lower_bound":-0.023387037381385922,"upper_bound":-0.013323564788372821},"point_estimate":-0.01898040727317285,"standard_error":0.0026939748837554334}}