{"mean":{"confidence_interval":{"confidence_level":0.95,"lower_bound":-0.023890948427735648,"upper_bound":-0.01869850090959056},"point_estimate":-0.021316431117706536,"standard_error":0.0013209267256742878},"median":{"confidence_interval":{"confidence_level":0.95,"lower_bound":-0.023757175826945663,"upper_bound":-0.017787289458180644},"point_estimate":-0.021062845170146116,"standard_error":0.0013431594079359789}}