{"mean":{"confidence_interval":{"confidence_level":0.95,"lower_bound":-0.003949013350731761,"upper_bound":0.0060058358896295586},"point_estimate":0.0005371051845972641,"standard_error":0.0025018744737200665},"median":{"confidence_interval":{"confidence_level":0.95,"lower_bound":-0.008259105741376338,"upper_bound":-0.0021140669487111907},"point_estimate":-0.00473402945303758,"standard_error":0.0016366672729936323}}