{"mean":{"confidence_interval":{"confidence_level":0.95,"lower_bound":-0.009043826670820522,"upper_bound":-0.003185101565057608},"point_estimate":-0.006282683013780321,"standard_error":0.001477402735235974},"median":{"confidence_interval":{"confidence_level":0.95,"lower_bound":-0.010731764185697323,"upper_bound":-0.003614314894685},"point_estimate":-0.00720643960520384,"standard_error":0.0017891467614001974}}