{"mean":{"confidence_interval":{"confidence_level":0.95,"lower_bound":0.008748246410726912,"upper_bound":0.016235809110446645},"point_estimate":0.012157320599740284,"standard_error":0.0019637096409422104},"median":{"confidence_interval":{"confidence_level":0.95,"lower_bound":0.009169711631523206,"upper_bound":0.013548365679074026},"point_estimate":0.011502136672615793,"standard_error":0.0011341340408962362}}