{"mean":{"confidence_interval":{"confidence_level":0.95,"lower_bound":0.04501406994608428,"upper_bound":0.05279567682456454},"point_estimate":0.04844813926534375,"standard_error":0.001954568132837278},"median":{"confidence_interval":{"confidence_level":0.95,"lower_bound":0.04335259191523244,"upper_bound":0.0549990237843645},"point_estimate":0.04963761492791763,"standard_error":0.002976074612875951}}