{"mean":{"confidence_interval":{"confidence_level":0.95,"lower_bound":-0.008038509762444924,"upper_bound":0.0032658048362015357},"point_estimate":-0.0026421400762087766,"standard_error":0.002841442150683632},"median":{"confidence_interval":{"confidence_level":0.95,"lower_bound":-0.018882132503282967,"upper_bound":-0.00676908887629879},"point_estimate":-0.013194927153538871,"standard_error":0.0033088272332379297}}