{"mean":{"confidence_interval":{"confidence_level":0.95,"lower_bound":-0.02052289840240897,"upper_bound":-0.01361766663736197},"point_estimate":-0.01751630611115662,"standard_error":0.0017684966976734809},"median":{"confidence_interval":{"confidence_level":0.95,"lower_bound":-0.01980593789869456,"upper_bound":-0.01443218192240614},"point_estimate":-0.01752767870826788,"standard_error":0.0013192369523066059}}