{"mean":{"confidence_interval":{"confidence_level":0.95,"lower_bound":6669382.589968749,"upper_bound":6681085.948375},"point_estimate":6674324.815,"standard_error":3026.1410799851847},"median":{"confidence_interval":{"confidence_level":0.95,"lower_bound":6665221.75,"upper_bound":6670113.375},"point_estimate":6668259.25,"standard_error":1012.0902471117714},"median_abs_dev":{"confidence_interval":{"confidence_level":0.95,"lower_bound":6258.054488897324,"upper_bound":11127.468777447939},"point_estimate":7956.0021087527275,"standard_error":1281.8692397840214},"slope":null,"std_dev":{"confidence_interval":{"confidence_level":0.95,"lower_bound":11773.562030568946,"upper_bound":47603.42572898023},"point_estimate":30390.718761118278,"standard_error":10561.795572121722}}