{"mean":{"confidence_interval":{"confidence_level":0.95,"lower_bound":6668674.5709375,"upper_bound":6680047.879906249},"point_estimate":6673682.53625,"standard_error":2929.651674172273},"median":{"confidence_interval":{"confidence_level":0.95,"lower_bound":6664988.0,"upper_bound":6669997.25},"point_estimate":6666847.75,"standard_error":1175.0105565414578},"median_abs_dev":{"confidence_interval":{"confidence_level":0.95,"lower_bound":6534.74470898509,"upper_bound":11023.501454293728},"point_estimate":8559.420298039913,"standard_error":1128.7398754346716},"slope":null,"std_dev":{"confidence_interval":{"confidence_level":0.95,"lower_bound":9934.037391124897,"upper_bound":42504.594566130676},"point_estimate":29374.440396503425,"standard_error":7844.385958275246}}