{"mean":{"confidence_interval":{"confidence_level":0.95,"lower_bound":6974751.393718749,"upper_bound":6978765.524875},"point_estimate":6976694.585,"standard_error":1026.7757452241597},"median":{"confidence_interval":{"confidence_level":0.95,"lower_bound":6973230.375,"upper_bound":6976757.625},"point_estimate":6975644.9375,"standard_error":972.6523803366172},"median_abs_dev":{"confidence_interval":{"confidence_level":0.95,"lower_bound":6719.513730704784,"upper_bound":10855.319019779563},"point_estimate":9091.395701095462,"standard_error":1096.2193654445798},"slope":null,"std_dev":{"confidence_interval":{"confidence_level":0.95,"lower_bound":8179.790076341536,"upper_bound":12294.889309557215},"point_estimate":10331.766815030433,"standard_error":1055.6464564865028}}