{"mean":{"confidence_interval":{"confidence_level":0.95,"lower_bound":6667583.01859375,"upper_bound":6673314.320187501},"point_estimate":6670255.55875,"standard_error":1467.0996017707207},"median":{"confidence_interval":{"confidence_level":0.95,"lower_bound":6664268.0,"upper_bound":6669581.625},"point_estimate":6666712.5625,"standard_error":1412.7131003979346},"median_abs_dev":{"confidence_interval":{"confidence_level":0.95,"lower_bound":6330.516562610865,"upper_bound":10295.54486721754},"point_estimate":8590.091584995389,"standard_error":1056.8089365156102},"slope":null,"std_dev":{"confidence_interval":{"confidence_level":0.95,"lower_bound":9273.114937945189,"upper_bound":19648.572427830797},"point_estimate":14789.277025266243,"standard_error":2679.5474579191314}}