{"mean":{"confidence_interval":{"confidence_level":0.95,"lower_bound":6667382.1319062505,"upper_bound":6671479.60375},"point_estimate":6669299.6475,"standard_error":1050.206827541642},"median":{"confidence_interval":{"confidence_level":0.95,"lower_bound":6664987.625,"upper_bound":6668460.9375},"point_estimate":6667502.25,"standard_error":706.3561460811652},"median_abs_dev":{"confidence_interval":{"confidence_level":0.95,"lower_bound":4506.362619996071,"upper_bound":7301.526882871985},"point_estimate":6286.779863387346,"standard_error":678.2823037064774},"slope":null,"std_dev":{"confidence_interval":{"confidence_level":0.95,"lower_bound":7189.32558250552,"upper_bound":13616.857950493042},"point_estimate":10547.08141017444,"standard_error":1648.2468573711697}}