{"mean":{"confidence_interval":{"confidence_level":0.95,"lower_bound":12261553.597400004,"upper_bound":12409391.723399997},"point_estimate":12321557.489999998,"standard_error":38700.008715124575},"median":{"confidence_interval":{"confidence_level":0.95,"lower_bound":12254552.4,"upper_bound":12321178.214999998},"point_estimate":12286443.5,"standard_error":15405.644134125529},"median_abs_dev":{"confidence_interval":{"confidence_level":0.95,"lower_bound":109032.62596428394,"upper_bound":183534.75724160534},"point_estimate":140196.58089101288,"standard_error":18641.39845779949},"slope":null,"std_dev":{"confidence_interval":{"confidence_level":0.95,"lower_bound":149679.14078270452,"upper_bound":629461.0753605096},"point_estimate":389558.76720705634,"standard_error":158633.98843579597}}