{"mean":{"confidence_interval":{"confidence_level":0.95,"lower_bound":7003267.760968749,"upper_bound":7008680.576},"point_estimate":7005857.90375,"standard_error":1385.5364571057519},"median":{"confidence_interval":{"confidence_level":0.95,"lower_bound":7000176.875,"upper_bound":7006831.75},"point_estimate":7002416.0625,"standard_error":1657.2727113501114},"median_abs_dev":{"confidence_interval":{"confidence_level":0.95,"lower_bound":8197.202591970563,"upper_bound":13031.036797715351},"point_estimate":10651.832173392177,"standard_error":1238.2610634121634},"slope":null,"std_dev":{"confidence_interval":{"confidence_level":0.95,"lower_bound":10442.036088282523,"upper_bound":17388.082228637984},"point_estimate":14004.660784143667,"standard_error":1783.057112788702}}