{"mean":{"confidence_interval":{"confidence_level":0.95,"lower_bound":6664989.5825,"upper_bound":6669626.32875},"point_estimate":6667130.29125,"standard_error":1182.4175751504106},"median":{"confidence_interval":{"confidence_level":0.95,"lower_bound":6663803.75,"upper_bound":6666004.0},"point_estimate":6665188.6875,"standard_error":522.9450672307655},"median_abs_dev":{"confidence_interval":{"confidence_level":0.95,"lower_bound":4551.674581691623,"upper_bound":7603.256826577704},"point_estimate":6502.127509564161,"standard_error":747.6793065140713},"slope":null,"std_dev":{"confidence_interval":{"confidence_level":0.95,"lower_bound":6954.068629326445,"upper_bound":16220.21331880125},"point_estimate":11895.792551408827,"standard_error":2371.2697025261295}}