{"mean":{"confidence_interval":{"confidence_level":0.95,"lower_bound":6670601.889281251,"upper_bound":6676770.840187499},"point_estimate":6673311.40875,"standard_error":1591.2439945320887},"median":{"confidence_interval":{"confidence_level":0.95,"lower_bound":6668969.875,"upper_bound":6671853.375},"point_estimate":6670758.875,"standard_error":750.2029240637467},"median_abs_dev":{"confidence_interval":{"confidence_level":0.95,"lower_bound":4230.4136998951435,"upper_bound":7265.20318351686},"point_estimate":5770.835072547197,"standard_error":793.4105022942791},"slope":null,"std_dev":{"confidence_interval":{"confidence_level":0.95,"lower_bound":6948.169545006948,"upper_bound":23422.513905671607},"point_estimate":15934.621738254162,"standard_error":4314.778042451515}}