{"mean":{"confidence_interval":{"confidence_level":0.95,"lower_bound":6670810.91890625,"upper_bound":6674789.0613750005},"point_estimate":6672681.47625,"standard_error":1016.211678490119},"median":{"confidence_interval":{"confidence_level":0.95,"lower_bound":6669106.75,"upper_bound":6671700.8125},"point_estimate":6670248.3125,"standard_error":696.920100938472},"median_abs_dev":{"confidence_interval":{"confidence_level":0.95,"lower_bound":4312.234685942531,"upper_bound":7284.940295666456},"point_estimate":5804.100909456611,"standard_error":810.3745951207823},"slope":null,"std_dev":{"confidence_interval":{"confidence_level":0.95,"lower_bound":7055.876829449748,"upper_bound":13084.441380153112},"point_estimate":10219.517491715398,"standard_error":1545.1061077164545}}