{"mean":{"confidence_interval":{"confidence_level":0.95,"lower_bound":6676152.510156251,"upper_bound":6690908.944},"point_estimate":6681952.89125,"standard_error":3897.370245577692},"median":{"confidence_interval":{"confidence_level":0.95,"lower_bound":6672968.125,"upper_bound":6677324.375},"point_estimate":6675226.75,"standard_error":1053.7101893499082},"median_abs_dev":{"confidence_interval":{"confidence_level":0.95,"lower_bound":6751.9456051290035,"upper_bound":11121.35768568143},"point_estimate":8593.983409926295,"standard_error":1132.7996940171765},"slope":null,"std_dev":{"confidence_interval":{"confidence_level":0.95,"lower_bound":9616.676837182757,"upper_bound":64290.65228146165},"point_estimate":39181.4674171283,"standard_error":17018.11311241307}}