{"mean":{"confidence_interval":{"confidence_level":0.95,"lower_bound":6674270.86690625,"upper_bound":6683480.7028125},"point_estimate":6678159.93625,"standard_error":2386.705398835577},"median":{"confidence_interval":{"confidence_level":0.95,"lower_bound":6672792.3125,"upper_bound":6676221.125},"point_estimate":6674540.875,"standard_error":895.8829291207505},"median_abs_dev":{"confidence_interval":{"confidence_level":0.95,"lower_bound":5746.186847984791,"upper_bound":9368.919883668423},"point_estimate":7103.785111382604,"standard_error":928.443247156529},"slope":null,"std_dev":{"confidence_interval":{"confidence_level":0.95,"lower_bound":6601.356699699798,"upper_bound":36898.91816233445},"point_estimate":24091.39397245053,"standard_error":8242.699153222728}}