{"mean":{"confidence_interval":{"confidence_level":0.95,"lower_bound":7004535.44875,"upper_bound":7015654.78125},"point_estimate":7009682.93875,"standard_error":2839.437277016177},"median":{"confidence_interval":{"confidence_level":0.95,"lower_bound":6998273.125,"upper_bound":7003727.5},"point_estimate":7000168.0625,"standard_error":1552.6886705026875},"median_abs_dev":{"confidence_interval":{"confidence_level":0.95,"lower_bound":8305.06174005568,"upper_bound":16808.050576597452},"point_estimate":10682.225472852588,"standard_error":2240.997231187011},"slope":null,"std_dev":{"confidence_interval":{"confidence_level":0.95,"lower_bound":18535.62861894886,"upper_bound":37414.61351922477},"point_estimate":28572.899583096212,"standard_error":4823.313979730759}}