{"mean":{"confidence_interval":{"confidence_level":0.95,"lower_bound":6665201.28025,"upper_bound":6669685.4223437505},"point_estimate":6667253.02125,"standard_error":1149.85725274565},"median":{"confidence_interval":{"confidence_level":0.95,"lower_bound":6663170.25,"upper_bound":6666014.375},"point_estimate":6664195.3125,"standard_error":774.4150124188828},"median_abs_dev":{"confidence_interval":{"confidence_level":0.95,"lower_bound":4162.770076096058,"upper_bound":7016.63371511734},"point_estimate":5302.889455854893,"standard_error":739.8068627520655},"slope":null,"std_dev":{"confidence_interval":{"confidence_level":0.95,"lower_bound":6878.281841440687,"upper_bound":16409.094576911975},"point_estimate":11536.03124958903,"standard_error":2640.65163111496}}