{"mean":{"confidence_interval":{"confidence_level":0.95,"lower_bound":6680767.44559375,"upper_bound":6741319.71825},"point_estimate":6701967.075,"standard_error":18472.89671498805},"median":{"confidence_interval":{"confidence_level":0.95,"lower_bound":6677414.0,"upper_bound":6681742.0625},"point_estimate":6679258.3125,"standard_error":1136.9303486360345},"median_abs_dev":{"confidence_interval":{"confidence_level":0.95,"lower_bound":5542.42201410234,"upper_bound":9716.960227489471},"point_estimate":7816.82303622365,"standard_error":1083.6287436043658},"slope":null,"std_dev":{"confidence_interval":{"confidence_level":0.95,"lower_bound":11288.593335968333,"upper_bound":317965.373255554},"point_estimate":186035.59468120313,"standard_error":108044.70245899654}}