{"mean":{"confidence_interval":{"confidence_level":0.95,"lower_bound":6667770.42459375,"upper_bound":6672294.6295625},"point_estimate":6669925.11375,"standard_error":1156.6570110029068},"median":{"confidence_interval":{"confidence_level":0.95,"lower_bound":6665122.5,"upper_bound":6668682.25},"point_estimate":6666423.9375,"standard_error":772.7649033753596},"median_abs_dev":{"confidence_interval":{"confidence_level":0.95,"lower_bound":5140.359433740377,"upper_bound":8906.904666870832},"point_estimate":6868.885678052902,"standard_error":1019.7327305883374},"slope":null,"std_dev":{"confidence_interval":{"confidence_level":0.95,"lower_bound":8523.189225499647,"upper_bound":14275.630311679326},"point_estimate":11595.779526575352,"standard_error":1473.919394748865}}