{"mean":{"confidence_interval":{"confidence_level":0.95,"lower_bound":6669632.919625,"upper_bound":6677093.94634375},"point_estimate":6672784.54125,"standard_error":1936.4544145584143},"median":{"confidence_interval":{"confidence_level":0.95,"lower_bound":6667270.25,"upper_bound":6670414.25},"point_estimate":6668720.4375,"standard_error":728.5889082746911},"median_abs_dev":{"confidence_interval":{"confidence_level":0.95,"lower_bound":5133.780396357179,"upper_bound":8841.39228053391},"point_estimate":6728.409330546856,"standard_error":1022.4561550281684},"slope":null,"std_dev":{"confidence_interval":{"confidence_level":0.95,"lower_bound":7669.917126370074,"upper_bound":30577.46599954096},"point_estimate":19478.335709614195,"standard_error":6826.475447224254}}