{"mean":{"confidence_interval":{"confidence_level":0.95,"lower_bound":6664212.81103125,"upper_bound":6667735.708625},"point_estimate":6665825.4925,"standard_error":901.8074666773393},"median":{"confidence_interval":{"confidence_level":0.95,"lower_bound":6663082.4375,"upper_bound":6664810.6875},"point_estimate":6664090.1875,"standard_error":495.75024206481},"median_abs_dev":{"confidence_interval":{"confidence_level":0.95,"lower_bound":3446.8596138060093,"upper_bound":5964.685019105673},"point_estimate":4593.187380954623,"standard_error":631.7075413698676},"slope":null,"std_dev":{"confidence_interval":{"confidence_level":0.95,"lower_bound":5358.60603402728,"upper_bound":12752.435691746818},"point_estimate":9076.787595957478,"standard_error":1976.4601299935111}}