{"mean":{"confidence_interval":{"confidence_level":0.95,"lower_bound":6672658.256999999,"upper_bound":6680022.6360625},"point_estimate":6675806.2975,"standard_error":1909.7629999505368},"median":{"confidence_interval":{"confidence_level":0.95,"lower_bound":6669293.0625,"upper_bound":6673017.5},"point_estimate":6671348.75,"standard_error":864.6534832129076},"median_abs_dev":{"confidence_interval":{"confidence_level":0.95,"lower_bound":4280.636774003506,"upper_bound":7773.271661996841},"point_estimate":5564.661013707519,"standard_error":913.288305663868},"slope":null,"std_dev":{"confidence_interval":{"confidence_level":0.95,"lower_bound":8304.699652574362,"upper_bound":29775.443054413736},"point_estimate":19206.02576645475,"standard_error":6469.726449394372}}