{"mean":{"confidence_interval":{"confidence_level":0.95,"lower_bound":6668190.95840625,"upper_bound":6671977.62225},"point_estimate":6669949.4,"standard_error":968.7063470923243},"median":{"confidence_interval":{"confidence_level":0.95,"lower_bound":6667045.875,"upper_bound":6669173.625},"point_estimate":6667904.4375,"standard_error":515.9925416067575},"median_abs_dev":{"confidence_interval":{"confidence_level":0.95,"lower_bound":3769.9737455695868,"upper_bound":6694.2168686538935},"point_estimate":5119.788359105587,"standard_error":740.9352831304919},"slope":null,"std_dev":{"confidence_interval":{"confidence_level":0.95,"lower_bound":6067.091878128783,"upper_bound":13149.805866675595},"point_estimate":9716.667646853346,"standard_error":1840.0483586395972}}