{"mean":{"confidence_interval":{"confidence_level":0.95,"lower_bound":6672373.32540625,"upper_bound":6686948.57728125},"point_estimate":6677993.44875,"standard_error":3897.4987019794094},"median":{"confidence_interval":{"confidence_level":0.95,"lower_bound":6669609.625,"upper_bound":6672591.125},"point_estimate":6671157.375,"standard_error":897.8217539441055},"median_abs_dev":{"confidence_interval":{"confidence_level":0.95,"lower_bound":4670.46790458262,"upper_bound":8084.988306462765},"point_estimate":5800.301747024059,"standard_error":869.6781270969035},"slope":null,"std_dev":{"confidence_interval":{"confidence_level":0.95,"lower_bound":8346.122408646135,"upper_bound":65256.84787463766},"point_estimate":39378.153600744365,"standard_error":18055.191379156004}}