{"mean":{"confidence_interval":{"confidence_level":0.95,"lower_bound":6985818.70059375,"upper_bound":6995233.489624999},"point_estimate":6989857.17375,"standard_error":2439.0234509310667},"median":{"confidence_interval":{"confidence_level":0.95,"lower_bound":6983438.8125,"upper_bound":6986012.375},"point_estimate":6984740.0,"standard_error":616.1324203503558},"median_abs_dev":{"confidence_interval":{"confidence_level":0.95,"lower_bound":3745.8814959973097,"upper_bound":6213.483827188611},"point_estimate":5011.280573531985,"standard_error":632.6790105076864},"slope":null,"std_dev":{"confidence_interval":{"confidence_level":0.95,"lower_bound":7444.664562654306,"upper_bound":37167.61087712466},"point_estimate":24487.64837351407,"standard_error":7998.345379503954}}