{"mean":{"confidence_interval":{"confidence_level":0.95,"lower_bound":7889194.779892858,"upper_bound":7893352.913464288},"point_estimate":7891153.021428569,"standard_error":1063.9894759132992},"median":{"confidence_interval":{"confidence_level":0.95,"lower_bound":7887476.285714285,"upper_bound":7890493.714285715},"point_estimate":7889069.5,"standard_error":710.3339317298643},"median_abs_dev":{"confidence_interval":{"confidence_level":0.95,"lower_bound":5043.143235466221,"upper_bound":8100.714456183767},"point_estimate":6623.1976824150315,"standard_error":771.6267088197744},"slope":null,"std_dev":{"confidence_interval":{"confidence_level":0.95,"lower_bound":7626.082035871482,"upper_bound":13377.608043773682},"point_estimate":10663.763139171064,"standard_error":1472.412479129617}}