{"mean":{"confidence_interval":{"confidence_level":0.95,"lower_bound":6665825.36603125,"upper_bound":6673512.10125},"point_estimate":6669004.23875,"standard_error":2001.3315697507994},"median":{"confidence_interval":{"confidence_level":0.95,"lower_bound":6663532.0,"upper_bound":6666491.375},"point_estimate":6664744.3125,"standard_error":761.7226475133332},"median_abs_dev":{"confidence_interval":{"confidence_level":0.95,"lower_bound":4184.916413202882,"upper_bound":7450.898830220103},"point_estimate":5467.087402939796,"standard_error":824.813597306477},"slope":null,"std_dev":{"confidence_interval":{"confidence_level":0.95,"lower_bound":6866.899766487959,"upper_bound":32137.071487385412},"point_estimate":20166.78462126704,"standard_error":7564.316254988326}}