{"mean":{"confidence_interval":{"confidence_level":0.95,"lower_bound":13206649.27475,"upper_bound":13256454.3875},"point_estimate":13227139.335,"standard_error":12969.828837685223},"median":{"confidence_interval":{"confidence_level":0.95,"lower_bound":13199888.625,"upper_bound":13206460.5},"point_estimate":13202207.375,"standard_error":1683.4276928551074},"median_abs_dev":{"confidence_interval":{"confidence_level":0.95,"lower_bound":11863.950314372778,"upper_bound":20520.48091068864},"point_estimate":16299.704110622406,"standard_error":2281.432651274376},"slope":null,"std_dev":{"confidence_interval":{"confidence_level":0.95,"lower_bound":28765.97136157007,"upper_bound":209206.23034684744},"point_estimate":130568.7602373437,"standard_error":49544.0886585765}}