{"mean":{"confidence_interval":{"confidence_level":0.95,"lower_bound":6667829.961,"upper_bound":6671200.04275},"point_estimate":6669443.93625,"standard_error":858.3689752172627},"median":{"confidence_interval":{"confidence_level":0.95,"lower_bound":6666416.875,"upper_bound":6668973.125},"point_estimate":6667325.375,"standard_error":744.6118071113553},"median_abs_dev":{"confidence_interval":{"confidence_level":0.95,"lower_bound":4951.883912086487,"upper_bound":7925.608809292316},"point_estimate":6401.681361347437,"standard_error":756.0340529459935},"slope":null,"std_dev":{"confidence_interval":{"confidence_level":0.95,"lower_bound":6611.999348736382,"upper_bound":10418.96971617341},"point_estimate":8654.058165244152,"standard_error":970.7114832713943}}