{"mean":{"confidence_interval":{"confidence_level":0.95,"lower_bound":6669453.18128125,"upper_bound":6674500.6150625},"point_estimate":6671793.34375,"standard_error":1291.5682133828536},"median":{"confidence_interval":{"confidence_level":0.95,"lower_bound":6666657.125,"upper_bound":6670017.6875},"point_estimate":6668073.0,"standard_error":1088.683407489425},"median_abs_dev":{"confidence_interval":{"confidence_level":0.95,"lower_bound":4923.065875098109,"upper_bound":8491.591349244118},"point_estimate":6965.44000133872,"standard_error":976.6978102026682},"slope":null,"std_dev":{"confidence_interval":{"confidence_level":0.95,"lower_bound":8157.790825346942,"upper_bound":17255.181872614616},"point_estimate":13017.077996830176,"standard_error":2342.332267415894}}