{"mean":{"confidence_interval":{"confidence_level":0.95,"lower_bound":6674447.3448749995,"upper_bound":6729885.10375},"point_estimate":6694608.815,"standard_error":15797.981680069788},"median":{"confidence_interval":{"confidence_level":0.95,"lower_bound":6671570.5,"upper_bound":6675648.6875},"point_estimate":6673698.25,"standard_error":1064.3934975216846},"median_abs_dev":{"confidence_interval":{"confidence_level":0.95,"lower_bound":5737.105923146009,"upper_bound":9305.951082911333},"point_estimate":7334.885382279754,"standard_error":895.4631796081941},"slope":null,"std_dev":{"confidence_interval":{"confidence_level":0.95,"lower_bound":7965.376494490513,"upper_bound":269552.8687201299},"point_estimate":159002.1296270474,"standard_error":85218.72365153248}}