{"mean":{"confidence_interval":{"confidence_level":0.95,"lower_bound":0.005199021329903533,"upper_bound":0.019421886762959403},"point_estimate":0.011991350503509413,"standard_error":0.003629179928296333},"median":{"confidence_interval":{"confidence_level":0.95,"lower_bound":0.0013914118721505275,"upper_bound":0.0170246808455905},"point_estimate":0.008351365506319874,"standard_error":0.0038871334565112447}}