{"mean":{"confidence_interval":{"confidence_level":0.95,"lower_bound":0.12902765891173834,"upper_bound":0.14848214672740093},"point_estimate":0.13844885725536749,"standard_error":0.004960872740886411},"median":{"confidence_interval":{"confidence_level":0.95,"lower_bound":0.12941691717412218,"upper_bound":0.1590079813245433},"point_estimate":0.14420703982453253,"standard_error":0.00765266725637069}}