{"mean":{"confidence_interval":{"confidence_level":0.95,"lower_bound":-0.05471617277023503,"upper_bound":-0.0027084426587921538},"point_estimate":-0.029040437221248383,"standard_error":0.013234281212163536},"median":{"confidence_interval":{"confidence_level":0.95,"lower_bound":-0.04301453029778379,"upper_bound":-0.030955394115491086},"point_estimate":-0.03766003165518539,"standard_error":0.0029017024210728805}}