{"mean":{"confidence_interval":{"confidence_level":0.95,"lower_bound":0.022055115990794537,"upper_bound":0.04298680737290475},"point_estimate":0.03245178587816411,"standard_error":0.005336893387690269},"median":{"confidence_interval":{"confidence_level":0.95,"lower_bound":0.017744227628430753,"upper_bound":0.05897946977741042},"point_estimate":0.04029237247163242,"standard_error":0.010059619870810258}}