{"mean":{"confidence_interval":{"confidence_level":0.95,"lower_bound":0.015119909297114154,"upper_bound":0.025724157622130227},"point_estimate":0.02041675976442936,"standard_error":0.0027148423632099884},"median":{"confidence_interval":{"confidence_level":0.95,"lower_bound":0.018237230688993966,"upper_bound":0.030661074494469975},"point_estimate":0.025082454229446105,"standard_error":0.00328363632731103}}