{"mean":{"confidence_interval":{"confidence_level":0.95,"lower_bound":-0.008938040531735006,"upper_bound":0.005655165140148621},"point_estimate":-0.0017020655959124609,"standard_error":0.0037223253434706073},"median":{"confidence_interval":{"confidence_level":0.95,"lower_bound":-0.016431631995050267,"upper_bound":0.013115822103284547},"point_estimate":-0.00181741742725261,"standard_error":0.0077683356031814895}}