{"mean":{"confidence_interval":{"confidence_level":0.95,"lower_bound":0.0717084530087071,"upper_bound":0.08553481032959932},"point_estimate":0.07848335877644241,"standard_error":0.0035301830718514186},"median":{"confidence_interval":{"confidence_level":0.95,"lower_bound":0.07178491426934497,"upper_bound":0.08887725168754224},"point_estimate":0.0808684132169728,"standard_error":0.0040589950744696944}}