{"mean":{"confidence_interval":{"confidence_level":0.95,"lower_bound":-0.011355759450347391,"upper_bound":-0.0021245555104435804},"point_estimate":-0.006725504074668209,"standard_error":0.0023754609531587718},"median":{"confidence_interval":{"confidence_level":0.95,"lower_bound":-0.012448584101026117,"upper_bound":0.0008540024513057354},"point_estimate":-0.00444507746607159,"standard_error":0.0034517982708615487}}