{"mean":{"confidence_interval":{"confidence_level":0.95,"lower_bound":0.020744063643585258,"upper_bound":0.03621572584533106},"point_estimate":0.028415745402913473,"standard_error":0.004005994545522924},"median":{"confidence_interval":{"confidence_level":0.95,"lower_bound":0.02630078438115842,"upper_bound":0.03607199390416316},"point_estimate":0.030785912135263382,"standard_error":0.002666772015445858}}