{"mean":{"confidence_interval":{"confidence_level":0.95,"lower_bound":0.02360807190403463,"upper_bound":0.036275382753468574},"point_estimate":0.029888334955027407,"standard_error":0.003238265765948869},"median":{"confidence_interval":{"confidence_level":0.95,"lower_bound":0.02432199508174082,"upper_bound":0.03604352137133583},"point_estimate":0.028854940131157525,"standard_error":0.0030129186052135397}}