{"mean":{"confidence_interval":{"confidence_level":0.95,"lower_bound":-0.051007925155867266,"upper_bound":-0.034991092523844816},"point_estimate":-0.04314879713773323,"standard_error":0.004095505900309884},"median":{"confidence_interval":{"confidence_level":0.95,"lower_bound":-0.05774636148856893,"upper_bound":-0.044430281104395064},"point_estimate":-0.05010343623573943,"standard_error":0.0034088597339063604}}