{"mean":{"confidence_interval":{"confidence_level":0.95,"lower_bound":0.007528489531515176,"upper_bound":0.02628585923639304},"point_estimate":0.017657883189093226,"standard_error":0.004791196491302375},"median":{"confidence_interval":{"confidence_level":0.95,"lower_bound":0.005669804382820498,"upper_bound":0.024152296309128296},"point_estimate":0.01596526208217619,"standard_error":0.004746906110075853}}