{"mean":{"confidence_interval":{"confidence_level":0.95,"lower_bound":0.034623470056102806,"upper_bound":0.04663331725353136},"point_estimate":0.04065808579077812,"standard_error":0.0030614150302555013},"median":{"confidence_interval":{"confidence_level":0.95,"lower_bound":0.03864082997629592,"upper_bound":0.05286696477603181},"point_estimate":0.045370920385923164,"standard_error":0.003881222256154005}}