{"mean":{"confidence_interval":{"confidence_level":0.95,"lower_bound":0.038869837320830575,"upper_bound":0.05271474830633359},"point_estimate":0.04573695129681865,"standard_error":0.0035347694980021973},"median":{"confidence_interval":{"confidence_level":0.95,"lower_bound":0.04217300180469197,"upper_bound":0.05078030695245439},"point_estimate":0.04601282230958659,"standard_error":0.0022819426724477237}}