{"mean":{"confidence_interval":{"confidence_level":0.95,"lower_bound":0.07504280653613378,"upper_bound":0.08686391772093567},"point_estimate":0.0808667617883767,"standard_error":0.003038767430691564},"median":{"confidence_interval":{"confidence_level":0.95,"lower_bound":0.07354898489830197,"upper_bound":0.08861200740341957},"point_estimate":0.08297098333926645,"standard_error":0.00387814264939616}}