{"mean":{"confidence_interval":{"confidence_level":0.95,"lower_bound":-0.0523339159326436,"upper_bound":-0.042963186016994837},"point_estimate":-0.04771592901450661,"standard_error":0.002384896509960775},"median":{"confidence_interval":{"confidence_level":0.95,"lower_bound":-0.058120388653336685,"upper_bound":-0.04904699471380092},"point_estimate":-0.054656111166818566,"standard_error":0.0023126404556251612}}