{"mean":{"confidence_interval":{"confidence_level":0.95,"lower_bound":-0.03976806604972682,"upper_bound":-0.02500530284519042},"point_estimate":-0.03223574315902189,"standard_error":0.0037831103385618644},"median":{"confidence_interval":{"confidence_level":0.95,"lower_bound":-0.04327852885252603,"upper_bound":-0.03089528186094114},"point_estimate":-0.036194674681824135,"standard_error":0.0032239279620069642}}