{"mean":{"confidence_interval":{"confidence_level":0.95,"lower_bound":0.010148290062540288,"upper_bound":0.024034103899363092},"point_estimate":0.017199964723364047,"standard_error":0.0035653428655528594},"median":{"confidence_interval":{"confidence_level":0.95,"lower_bound":0.01665812068313204,"upper_bound":0.028870311090904988},"point_estimate":0.022897663544642066,"standard_error":0.0031010471367396686}}