{"mean":{"confidence_interval":{"confidence_level":0.95,"lower_bound":0.007382590812522012,"upper_bound":0.020547163992464115},"point_estimate":0.01396993124859458,"standard_error":0.003353814271789913},"median":{"confidence_interval":{"confidence_level":0.95,"lower_bound":0.006811172929846565,"upper_bound":0.019047710489001668},"point_estimate":0.01301961084286507,"standard_error":0.0031676427524233754}}