{"mean":{"confidence_interval":{"confidence_level":0.95,"lower_bound":0.059050919474259625,"upper_bound":0.07225394443048408},"point_estimate":0.06561066073920974,"standard_error":0.00336158984081427},"median":{"confidence_interval":{"confidence_level":0.95,"lower_bound":0.0612639118332281,"upper_bound":0.078135122338987},"point_estimate":0.06815559458284515,"standard_error":0.004345553712948179}}