{"mean":{"confidence_interval":{"confidence_level":0.95,"lower_bound":-0.14812802956729856,"upper_bound":-0.13845090285545125},"point_estimate":-0.14334898643824368,"standard_error":0.002455619286773349},"median":{"confidence_interval":{"confidence_level":0.95,"lower_bound":-0.15304041798082124,"upper_bound":-0.13875347818140804},"point_estimate":-0.14581798347522135,"standard_error":0.003919525980790962}}