{"mean":{"confidence_interval":{"confidence_level":0.95,"lower_bound":0.16031248912804252,"upper_bound":0.1785186786876576},"point_estimate":0.168308395413437,"standard_error":0.004639401224246687},"median":{"confidence_interval":{"confidence_level":0.95,"lower_bound":0.15588110658586496,"upper_bound":0.16733906258607423},"point_estimate":0.15966829882258993,"standard_error":0.0030320796114067113}}