{"mean":{"confidence_interval":{"confidence_level":0.95,"lower_bound":0.1052239735483456,"upper_bound":0.12037816651415705},"point_estimate":0.11289115001931371,"standard_error":0.00386098808203255},"median":{"confidence_interval":{"confidence_level":0.95,"lower_bound":0.09416417101373042,"upper_bound":0.1300252043327763},"point_estimate":0.10599411785968038,"standard_error":0.008858094838259976}}