{"mean":{"confidence_interval":{"confidence_level":0.95,"lower_bound":-0.049915947353310924,"upper_bound":-0.03182394612341219},"point_estimate":-0.04064781889775604,"standard_error":0.004602039899012459},"median":{"confidence_interval":{"confidence_level":0.95,"lower_bound":-0.052230003099621,"upper_bound":-0.03711678918415626},"point_estimate":-0.043989221612452,"standard_error":0.003493544765886078}}