{"mean":{"confidence_interval":{"confidence_level":0.95,"lower_bound":0.10953969577432351,"upper_bound":0.17919337507603927},"point_estimate":0.14424878323095358,"standard_error":0.017817097157605925},"median":{"confidence_interval":{"confidence_level":0.95,"lower_bound":0.13965909720865602,"upper_bound":0.18248552054550804},"point_estimate":0.16500600891473605,"standard_error":0.010249907035844115}}