{"mean":{"confidence_interval":{"confidence_level":0.95,"lower_bound":-0.03643714633383033,"upper_bound":-0.025542408644434134},"point_estimate":-0.031104605594776014,"standard_error":0.0027855464837587903},"median":{"confidence_interval":{"confidence_level":0.95,"lower_bound":-0.04498969739581571,"upper_bound":-0.02831223779266412},"point_estimate":-0.03739461105981545,"standard_error":0.004158665396932068}}