{"mean":{"confidence_interval":{"confidence_level":0.95,"lower_bound":-0.03605006220251575,"upper_bound":-0.026350551771262682},"point_estimate":-0.03127422033202576,"standard_error":0.002470562326154423},"median":{"confidence_interval":{"confidence_level":0.95,"lower_bound":-0.03806256081968873,"upper_bound":-0.02383501081698003},"point_estimate":-0.029660520842610394,"standard_error":0.003603955026631409}}