{"mean":{"confidence_interval":{"confidence_level":0.95,"lower_bound":0.0007044307079317875,"upper_bound":0.015270333913323069},"point_estimate":0.008408870500209886,"standard_error":0.003718932628744838},"median":{"confidence_interval":{"confidence_level":0.95,"lower_bound":0.005259085274094355,"upper_bound":0.015044088822488755},"point_estimate":0.008856806455303179,"standard_error":0.0023834489821568062}}