{"mean":{"confidence_interval":{"confidence_level":0.95,"lower_bound":-0.040232543129343906,"upper_bound":-0.02612907412925197},"point_estimate":-0.03288628937152904,"standard_error":0.0036001324489097677},"median":{"confidence_interval":{"confidence_level":0.95,"lower_bound":-0.037823909095575425,"upper_bound":-0.025731291062953344},"point_estimate":-0.031797803558222926,"standard_error":0.0030001032470345977}}