{"mean":{"confidence_interval":{"confidence_level":0.95,"lower_bound":-0.027022307869498594,"upper_bound":-0.016828339737660482},"point_estimate":-0.02183177547541948,"standard_error":0.0025947025281421207},"median":{"confidence_interval":{"confidence_level":0.95,"lower_bound":-0.029590510778920276,"upper_bound":-0.014181036736679364},"point_estimate":-0.021492163051960222,"standard_error":0.004130233061811873}}