{"mean":{"confidence_interval":{"confidence_level":0.95,"lower_bound":0.012023275359649355,"upper_bound":0.023983630621024057},"point_estimate":0.01781587315573452,"standard_error":0.0030529461679815665},"median":{"confidence_interval":{"confidence_level":0.95,"lower_bound":0.010657112507405104,"upper_bound":0.023950862039919415},"point_estimate":0.018203145834081003,"standard_error":0.0033229704974902493}}