{"mean":{"confidence_interval":{"confidence_level":0.95,"lower_bound":-0.18363586662158088,"upper_bound":-0.17085660993395613},"point_estimate":-0.1773163360402671,"standard_error":0.0032496643005700335},"median":{"confidence_interval":{"confidence_level":0.95,"lower_bound":-0.1902585335894149,"upper_bound":-0.17847274430601856},"point_estimate":-0.18398524805087968,"standard_error":0.003145176846652929}}