{"mean":{"confidence_interval":{"confidence_level":0.95,"lower_bound":0.004724623769455554,"upper_bound":0.02385785809983698},"point_estimate":0.014462339739310881,"standard_error":0.004784337647402294},"median":{"confidence_interval":{"confidence_level":0.95,"lower_bound":0.005015558904872597,"upper_bound":0.03182761683790902},"point_estimate":0.02161064077370889,"standard_error":0.007394306367843492}}