{"mean":{"confidence_interval":{"confidence_level":0.95,"lower_bound":-0.011684190384255878,"upper_bound":-0.0023596055121150004},"point_estimate":-0.007308269835605841,"standard_error":0.002366410429113492},"median":{"confidence_interval":{"confidence_level":0.95,"lower_bound":-0.01377494781740396,"upper_bound":-0.0036547510238793546},"point_estimate":-0.008692963539343346,"standard_error":0.0025446356874295885}}