{"mean":{"confidence_interval":{"confidence_level":0.95,"lower_bound":-0.06381340232245036,"upper_bound":-0.04628297589654527},"point_estimate":-0.054392020505180994,"standard_error":0.004492272785826262},"median":{"confidence_interval":{"confidence_level":0.95,"lower_bound":-0.05642913663579796,"upper_bound":-0.04035677703961127},"point_estimate":-0.04772990702092861,"standard_error":0.004201944536600755}}