{"mean":{"confidence_interval":{"confidence_level":0.95,"lower_bound":-0.019452789401782165,"upper_bound":-0.0058227221960903885},"point_estimate":-0.01264909227764155,"standard_error":0.00347265093331987},"median":{"confidence_interval":{"confidence_level":0.95,"lower_bound":-0.01818426607766177,"upper_bound":-0.00018522958963140823},"point_estimate":-0.011561454502883595,"standard_error":0.004567801263763111}}