{"mean":{"confidence_interval":{"confidence_level":0.95,"lower_bound":-0.06348160875808602,"upper_bound":-0.04856334533433842},"point_estimate":-0.05584098042347163,"standard_error":0.0038800646910954997},"median":{"confidence_interval":{"confidence_level":0.95,"lower_bound":-0.06955151653932001,"upper_bound":-0.052301082438435786},"point_estimate":-0.05986102807020832,"standard_error":0.004562315009768406}}