{"mean":{"confidence_interval":{"confidence_level":0.95,"lower_bound":0.0319338309296776,"upper_bound":0.05665496243319119},"point_estimate":0.04451765134290464,"standard_error":0.006308817470867158},"median":{"confidence_interval":{"confidence_level":0.95,"lower_bound":0.024260248538414242,"upper_bound":0.07636089581085725},"point_estimate":0.04270733216115641,"standard_error":0.012974344300931879}}