{"mean":{"confidence_interval":{"confidence_level":0.95,"lower_bound":-0.04762281718394086,"upper_bound":-0.03829001050928371},"point_estimate":-0.0430867849705332,"standard_error":0.0023735742571183963},"median":{"confidence_interval":{"confidence_level":0.95,"lower_bound":-0.04743486078139869,"upper_bound":-0.037812652882120434},"point_estimate":-0.043655491044743644,"standard_error":0.002509813969955147}}