{"mean":{"confidence_interval":{"confidence_level":0.95,"lower_bound":0.02133983444190431,"upper_bound":0.03302124438723939},"point_estimate":0.0272255529534009,"standard_error":0.0029923323682480457},"median":{"confidence_interval":{"confidence_level":0.95,"lower_bound":0.021381653226168303,"upper_bound":0.03264950721414528},"point_estimate":0.026249906998208505,"standard_error":0.002915849098229199}}