{"mean":{"confidence_interval":{"confidence_level":0.95,"lower_bound":-0.018373921886174947,"upper_bound":-0.006419110853821796},"point_estimate":-0.01227570908333353,"standard_error":0.003058153432513404},"median":{"confidence_interval":{"confidence_level":0.95,"lower_bound":-0.03057827029458704,"upper_bound":0.004055832427158883},"point_estimate":-0.008585154955029872,"standard_error":0.010874641855600326}}