{"mean":{"confidence_interval":{"confidence_level":0.95,"lower_bound":-0.0944588120541442,"upper_bound":-0.038572029234718384},"point_estimate":-0.06653456519673162,"standard_error":0.014330327020652638},"median":{"confidence_interval":{"confidence_level":0.95,"lower_bound":-0.08402997585392445,"upper_bound":-0.07474026605309647},"point_estimate":-0.07962018947382099,"standard_error":0.0024095660666892996}}