{"mean":{"confidence_interval":{"confidence_level":0.95,"lower_bound":0.06041832693541454,"upper_bound":0.07420259465848346},"point_estimate":0.06743798547255686,"standard_error":0.0035397626244832096},"median":{"confidence_interval":{"confidence_level":0.95,"lower_bound":0.0633871476233081,"upper_bound":0.08539385422756673},"point_estimate":0.07640285629569887,"standard_error":0.005520584274806928}}