{"mean":{"confidence_interval":{"confidence_level":0.95,"lower_bound":0.5143540723360777,"upper_bound":0.6014157126019569},"point_estimate":0.5582889871963137,"standard_error":0.02216634587326758},"median":{"confidence_interval":{"confidence_level":0.95,"lower_bound":0.552649198673056,"upper_bound":0.5660381061823967},"point_estimate":0.5595781587861766,"standard_error":0.003563035699737288}}