{"mean":{"confidence_interval":{"confidence_level":0.95,"lower_bound":6672056.2394375,"upper_bound":6675429.49096875},"point_estimate":6673668.9975,"standard_error":859.4318736163661},"median":{"confidence_interval":{"confidence_level":0.95,"lower_bound":6670627.125,"upper_bound":6673426.6875},"point_estimate":6671882.5625,"standard_error":727.6870846668268},"median_abs_dev":{"confidence_interval":{"confidence_level":0.95,"lower_bound":4329.840560629964,"upper_bound":7319.410745054483},"point_estimate":5469.959940388799,"standard_error":746.1566670298369},"slope":null,"std_dev":{"confidence_interval":{"confidence_level":0.95,"lower_bound":6405.370555244068,"upper_bound":10588.02128653787},"point_estimate":8637.040758468183,"standard_error":1071.2461360598559}}