{"mean":{"confidence_interval":{"confidence_level":0.95,"lower_bound":6690220.75003125,"upper_bound":6695288.6825},"point_estimate":6692654.22,"standard_error":1292.6404223310992},"median":{"confidence_interval":{"confidence_level":0.95,"lower_bound":6688402.125,"upper_bound":6693419.0},"point_estimate":6690899.9375,"standard_error":1170.719929091511},"median_abs_dev":{"confidence_interval":{"confidence_level":0.95,"lower_bound":7653.273726627231,"upper_bound":11532.959870249033},"point_estimate":9481.226831674576,"standard_error":982.473182434011},"slope":null,"std_dev":{"confidence_interval":{"confidence_level":0.95,"lower_bound":9987.5108481833,"upper_bound":15769.688966419388},"point_estimate":13013.166722992193,"standard_error":1478.60603030328}}