{"mean":{"confidence_interval":{"confidence_level":0.95,"lower_bound":6675829.2055,"upper_bound":6681145.8245},"point_estimate":6678334.5575,"standard_error":1360.642861563155},"median":{"confidence_interval":{"confidence_level":0.95,"lower_bound":6673283.5,"upper_bound":6677178.375},"point_estimate":6675378.1875,"standard_error":1106.9606487194762},"median_abs_dev":{"confidence_interval":{"confidence_level":0.95,"lower_bound":5831.899658963084,"upper_bound":10447.882014513016},"point_estimate":7716.098900511861,"standard_error":1184.6320259719603},"slope":null,"std_dev":{"confidence_interval":{"confidence_level":0.95,"lower_bound":9272.901765616876,"upper_bound":17594.265177995403},"point_estimate":13629.62141088702,"standard_error":2137.263495453979}}