{"mean":{"confidence_interval":{"confidence_level":0.95,"lower_bound":6636032.549937501,"upper_bound":6665937.06475},"point_estimate":6651637.21375,"standard_error":7609.735454718448},"median":{"confidence_interval":{"confidence_level":0.95,"lower_bound":6666657.375,"upper_bound":6670716.375},"point_estimate":6669067.75,"standard_error":917.5945294264544},"median_abs_dev":{"confidence_interval":{"confidence_level":0.95,"lower_bound":7670.972263813019,"upper_bound":15300.153740867972},"point_estimate":9777.376176416874,"standard_error":1982.398282940561},"slope":null,"std_dev":{"confidence_interval":{"confidence_level":0.95,"lower_bound":49843.255880615034,"upper_bound":98039.59282678945},"point_estimate":76180.86100402026,"standard_error":12301.513008788033}}