{"mean":{"confidence_interval":{"confidence_level":0.95,"lower_bound":6678600.95846875,"upper_bound":6738464.7315625},"point_estimate":6700829.5025,"standard_error":16142.146674025631},"median":{"confidence_interval":{"confidence_level":0.95,"lower_bound":6674312.625,"upper_bound":6678329.5},"point_estimate":6676102.25,"standard_error":1038.7979742357186},"median_abs_dev":{"confidence_interval":{"confidence_level":0.95,"lower_bound":6322.2696002572775,"upper_bound":11461.98039650917},"point_estimate":8429.414812847972,"standard_error":1320.4841932571903},"slope":null,"std_dev":{"confidence_interval":{"confidence_level":0.95,"lower_bound":17912.473889501547,"upper_bound":271226.16340845416},"point_estimate":161919.6214744192,"standard_error":79226.52395171241}}