{"mean":{"confidence_interval":{"confidence_level":0.95,"lower_bound":6677525.5359375,"upper_bound":6746813.368156251},"point_estimate":6705300.4775,"standard_error":18341.17730690699},"median":{"confidence_interval":{"confidence_level":0.95,"lower_bound":6671609.5,"upper_bound":6675128.5},"point_estimate":6672843.0,"standard_error":798.127550883521},"median_abs_dev":{"confidence_interval":{"confidence_level":0.95,"lower_bound":7092.20229908824,"upper_bound":14425.352576086292},"point_estimate":10665.082910656929,"standard_error":1820.0253396987132},"slope":null,"std_dev":{"confidence_interval":{"confidence_level":0.95,"lower_bound":22499.33571855423,"upper_bound":299966.8105400566},"point_estimate":184933.9529620728,"standard_error":77154.19279218836}}