{"mean":{"confidence_interval":{"confidence_level":0.95,"lower_bound":6673889.33121875,"upper_bound":6699153.4331875},"point_estimate":6684245.6375,"standard_error":6607.363426071652},"median":{"confidence_interval":{"confidence_level":0.95,"lower_bound":6670660.625,"upper_bound":6673909.1875},"point_estimate":6672667.5,"standard_error":935.5080667795393},"median_abs_dev":{"confidence_interval":{"confidence_level":0.95,"lower_bound":4842.356839030981,"upper_bound":8463.885262236},"point_estimate":6649.738869443536,"standard_error":919.0070330683938},"slope":null,"std_dev":{"confidence_interval":{"confidence_level":0.95,"lower_bound":15789.960167637551,"upper_bound":106926.4156672214},"point_estimate":66593.88103333928,"standard_error":25728.49229460677}}