{"mean":{"confidence_interval":{"confidence_level":0.95,"lower_bound":6664378.0690625,"upper_bound":6674809.6975},"point_estimate":6668714.61875,"standard_error":2702.834124370727},"median":{"confidence_interval":{"confidence_level":0.95,"lower_bound":6661434.6875,"upper_bound":6664136.0},"point_estimate":6662511.625,"standard_error":680.3037489103616},"median_abs_dev":{"confidence_interval":{"confidence_level":0.95,"lower_bound":4126.631701737642,"upper_bound":7133.643284915011},"point_estimate":5281.484418734908,"standard_error":769.2585902493387},"slope":null,"std_dev":{"confidence_interval":{"confidence_level":0.95,"lower_bound":9640.231555263621,"upper_bound":42933.64117562228},"point_estimate":27190.69405250511,"standard_error":9716.204551155379}}