{"mean":{"confidence_interval":{"confidence_level":0.95,"lower_bound":6664871.30434375,"upper_bound":6669759.31696875},"point_estimate":6667071.57875,"standard_error":1254.3797472179258},"median":{"confidence_interval":{"confidence_level":0.95,"lower_bound":6663736.5625,"upper_bound":6666652.625},"point_estimate":6664651.4375,"standard_error":682.6102619477837},"median_abs_dev":{"confidence_interval":{"confidence_level":0.95,"lower_bound":4537.775206938386,"upper_bound":7667.358426377177},"point_estimate":5922.894232347608,"standard_error":779.7969410122325},"slope":null,"std_dev":{"confidence_interval":{"confidence_level":0.95,"lower_bound":6378.925628499511,"upper_bound":18309.479983717738},"point_estimate":12602.801572716577,"standard_error":3150.672696120829}}