{"mean":{"confidence_interval":{"confidence_level":0.95,"lower_bound":6676591.14565625,"upper_bound":6681103.43684375},"point_estimate":6678607.26625,"standard_error":1155.2460305153272},"median":{"confidence_interval":{"confidence_level":0.95,"lower_bound":6674744.25,"upper_bound":6678646.625},"point_estimate":6676942.1875,"standard_error":1049.0193198913532},"median_abs_dev":{"confidence_interval":{"confidence_level":0.95,"lower_bound":5828.285821527243,"upper_bound":9476.77903175354},"point_estimate":7606.571827456355,"standard_error":872.3133694825398},"slope":null,"std_dev":{"confidence_interval":{"confidence_level":0.95,"lower_bound":6526.082843730243,"upper_bound":17133.464235405692},"point_estimate":11618.709865974868,"standard_error":3182.2509549359334}}