{"mean":{"confidence_interval":{"confidence_level":0.95,"lower_bound":6671050.73353125,"upper_bound":6676092.53025},"point_estimate":6673407.88,"standard_error":1285.5857802273217},"median":{"confidence_interval":{"confidence_level":0.95,"lower_bound":6668993.1875,"upper_bound":6673712.1875},"point_estimate":6670824.125,"standard_error":1165.494849093078},"median_abs_dev":{"confidence_interval":{"confidence_level":0.95,"lower_bound":6949.59471412003,"upper_bound":11984.133574739099},"point_estimate":8316.18123985827,"standard_error":1336.5823876809081},"slope":null,"std_dev":{"confidence_interval":{"confidence_level":0.95,"lower_bound":9024.846086246862,"upper_bound":17198.733486829442},"point_estimate":12882.294169716082,"standard_error":2237.554407238857}}