{"mean":{"confidence_interval":{"confidence_level":0.95,"lower_bound":6676841.1821874995,"upper_bound":6685078.50728125},"point_estimate":6680540.4275,"standard_error":2112.8605226040922},"median":{"confidence_interval":{"confidence_level":0.95,"lower_bound":6673812.75,"upper_bound":6677040.625},"point_estimate":6675134.625,"standard_error":819.9347603903834},"median_abs_dev":{"confidence_interval":{"confidence_level":0.95,"lower_bound":4103.651402145624,"upper_bound":7321.634645015001},"point_estimate":5588.011963292956,"standard_error":847.5849372585244},"slope":null,"std_dev":{"confidence_interval":{"confidence_level":0.95,"lower_bound":11147.888181295428,"upper_bound":29021.53263910462},"point_estimate":21205.639317949088,"standard_error":4633.854895563859}}