{"mean":{"confidence_interval":{"confidence_level":0.95,"lower_bound":13186219.4921875,"upper_bound":13193899.443},"point_estimate":13189832.0225,"standard_error":1962.02860745605},"median":{"confidence_interval":{"confidence_level":0.95,"lower_bound":13180922.5,"upper_bound":13188013.75},"point_estimate":13183517.375,"standard_error":1698.464582890478},"median_abs_dev":{"confidence_interval":{"confidence_level":0.95,"lower_bound":8291.811002790928,"upper_bound":14335.629795491695},"point_estimate":11343.187073618174,"standard_error":1515.7669862486998},"slope":null,"std_dev":{"confidence_interval":{"confidence_level":0.95,"lower_bound":13495.944406841387,"upper_bound":25716.630527557663},"point_estimate":19741.03571222345,"standard_error":3171.254434014497}}