{"mean":{"confidence_interval":{"confidence_level":0.95,"lower_bound":6670545.66784375,"upper_bound":6673899.612125},"point_estimate":6672143.1875,"standard_error":856.5247509779991},"median":{"confidence_interval":{"confidence_level":0.95,"lower_bound":6668764.375,"upper_bound":6672543.3125},"point_estimate":6669963.125,"standard_error":876.3490599652746},"median_abs_dev":{"confidence_interval":{"confidence_level":0.95,"lower_bound":4833.2759141922,"upper_bound":7263.847994478411},"point_estimate":6035.479167848825,"standard_error":605.5125676791287},"slope":null,"std_dev":{"confidence_interval":{"confidence_level":0.95,"lower_bound":6401.458532760044,"upper_bound":10536.565052104872},"point_estimate":8577.495143846385,"standard_error":1061.7898711721962}}