{"mean":{"confidence_interval":{"confidence_level":0.95,"lower_bound":6674270.799,"upper_bound":6688116.683499999},"point_estimate":6679753.71125,"standard_error":3673.6227362057675},"median":{"confidence_interval":{"confidence_level":0.95,"lower_bound":6671329.0,"upper_bound":6674324.5},"point_estimate":6672820.4375,"standard_error":638.174458006892},"median_abs_dev":{"confidence_interval":{"confidence_level":0.95,"lower_bound":3822.8840321302414,"upper_bound":6754.746329141776},"point_estimate":4921.212625131011,"standard_error":741.1546169816746},"slope":null,"std_dev":{"confidence_interval":{"confidence_level":0.95,"lower_bound":8098.4889079599425,"upper_bound":60746.38981832804},"point_estimate":37024.84140634917,"standard_error":16021.314542635591}}