{"mean":{"confidence_interval":{"confidence_level":0.95,"lower_bound":6675394.516812501,"upper_bound":6728164.63340625},"point_estimate":6695553.885,"standard_error":14202.359670053816},"median":{"confidence_interval":{"confidence_level":0.95,"lower_bound":6669590.125,"upper_bound":6673748.0},"point_estimate":6671513.125,"standard_error":1203.8147834073184},"median_abs_dev":{"confidence_interval":{"confidence_level":0.95,"lower_bound":5917.241819947958,"upper_bound":10195.098719000816},"point_estimate":8013.452857732773,"standard_error":1106.0354189629504},"slope":null,"std_dev":{"confidence_interval":{"confidence_level":0.95,"lower_bound":19875.743087907704,"upper_bound":238470.99443696972},"point_estimate":143166.80609395626,"standard_error":67461.62636331447}}