{"mean":{"confidence_interval":{"confidence_level":0.95,"lower_bound":6997587.00840625,"upper_bound":7006435.21625},"point_estimate":7001466.92,"standard_error":2272.7944465729706},"median":{"confidence_interval":{"confidence_level":0.95,"lower_bound":6994613.4375,"upper_bound":7000534.625},"point_estimate":6997079.9375,"standard_error":1420.3088713333686},"median_abs_dev":{"confidence_interval":{"confidence_level":0.95,"lower_bound":7089.051774144173,"upper_bound":11524.434920400381},"point_estimate":9008.55542756617,"standard_error":1122.4111937248974},"slope":null,"std_dev":{"confidence_interval":{"confidence_level":0.95,"lower_bound":9926.385789474414,"upper_bound":34471.72913075781},"point_estimate":22837.576798995946,"standard_error":6664.221578109208}}