{"mean":{"confidence_interval":{"confidence_level":0.95,"lower_bound":6669396.16809375,"upper_bound":6675152.3795},"point_estimate":6671829.85,"standard_error":1488.4155905983769},"median":{"confidence_interval":{"confidence_level":0.95,"lower_bound":6666701.75,"upper_bound":6671125.0},"point_estimate":6668744.25,"standard_error":1026.2632628352374},"median_abs_dev":{"confidence_interval":{"confidence_level":0.95,"lower_bound":5044.824397936463,"upper_bound":8396.148975938559},"point_estimate":6442.082210630178,"standard_error":831.617831788942},"slope":null,"std_dev":{"confidence_interval":{"confidence_level":0.95,"lower_bound":6530.022938355586,"upper_bound":23436.90076197946},"point_estimate":14983.254686008493,"standard_error":5303.194523891382}}