{"mean":{"confidence_interval":{"confidence_level":0.95,"lower_bound":6669822.336562499,"upper_bound":6676675.36025},"point_estimate":6672866.59625,"standard_error":1764.5192603441421},"median":{"confidence_interval":{"confidence_level":0.95,"lower_bound":6666841.875,"upper_bound":6670702.875},"point_estimate":6668000.25,"standard_error":1205.6095387475007},"median_abs_dev":{"confidence_interval":{"confidence_level":0.95,"lower_bound":4831.144676730037,"upper_bound":7968.140896037221},"point_estimate":6188.464952632785,"standard_error":821.3907168162915},"slope":null,"std_dev":{"confidence_interval":{"confidence_level":0.95,"lower_bound":8435.629894365038,"upper_bound":26430.37109743924},"point_estimate":17848.983294500722,"standard_error":4834.619402552512}}