{"mean":{"confidence_interval":{"confidence_level":0.95,"lower_bound":6667732.949875,"upper_bound":6675423.83490625},"point_estimate":6671095.26,"standard_error":1976.9567235567524},"median":{"confidence_interval":{"confidence_level":0.95,"lower_bound":6664971.5,"upper_bound":6667979.5},"point_estimate":6666195.5625,"standard_error":775.0085736192916},"median_abs_dev":{"confidence_interval":{"confidence_level":0.95,"lower_bound":4454.28629592061,"upper_bound":7975.090583413839},"point_estimate":6254.9966264516115,"standard_error":943.500457786182},"slope":null,"std_dev":{"confidence_interval":{"confidence_level":0.95,"lower_bound":9298.043560771443,"upper_bound":29819.488343964924},"point_estimate":19869.53487851211,"standard_error":5617.357859080172}}