{"mean":{"confidence_interval":{"confidence_level":0.95,"lower_bound":6696096.105656249,"upper_bound":6712467.2728125},"point_estimate":6702984.73,"standard_error":4247.24626171063},"median":{"confidence_interval":{"confidence_level":0.95,"lower_bound":6690029.75,"upper_bound":6700292.625},"point_estimate":6693723.5,"standard_error":2909.3517115930363},"median_abs_dev":{"confidence_interval":{"confidence_level":0.95,"lower_bound":14755.205588042736,"upper_bound":25066.50307998061},"point_estimate":19046.127899363637,"standard_error":2608.09838152901},"slope":null,"std_dev":{"confidence_interval":{"confidence_level":0.95,"lower_bound":18354.289160913322,"upper_bound":67337.26864888056},"point_estimate":42820.04636070874,"standard_error":15407.581529965662}}