{"mean":{"confidence_interval":{"confidence_level":0.95,"lower_bound":6985248.550625,"upper_bound":6994584.8825},"point_estimate":6989347.77,"standard_error":2402.038279355517},"median":{"confidence_interval":{"confidence_level":0.95,"lower_bound":6981527.875,"upper_bound":6985292.375},"point_estimate":6983828.5,"standard_error":828.0038799952098},"median_abs_dev":{"confidence_interval":{"confidence_level":0.95,"lower_bound":5290.658006072044,"upper_bound":8926.549116522074},"point_estimate":7333.773432299495,"standard_error":943.7019363499829},"slope":null,"std_dev":{"confidence_interval":{"confidence_level":0.95,"lower_bound":10308.813351525567,"upper_bound":35702.157079411765},"point_estimate":24084.281056131975,"standard_error":6668.851789915494}}