{"mean":{"confidence_interval":{"confidence_level":0.95,"lower_bound":6673419.73765625,"upper_bound":6677764.831937499},"point_estimate":6675451.0275,"standard_error":1108.196990874244},"median":{"confidence_interval":{"confidence_level":0.95,"lower_bound":6671560.375,"upper_bound":6675106.375},"point_estimate":6673558.1875,"standard_error":862.9937866472592},"median_abs_dev":{"confidence_interval":{"confidence_level":0.95,"lower_bound":5434.933516010642,"upper_bound":9153.572237491608},"point_estimate":6987.864325940609,"standard_error":988.9994938831355},"slope":null,"std_dev":{"confidence_interval":{"confidence_level":0.95,"lower_bound":7203.044963176382,"upper_bound":14716.13366133987},"point_estimate":11112.439290044762,"standard_error":1933.0416996387396}}