{"mean":{"confidence_interval":{"confidence_level":0.95,"lower_bound":6674660.35125,"upper_bound":6679065.20071875},"point_estimate":6676735.4475,"standard_error":1125.0765477181667},"median":{"confidence_interval":{"confidence_level":0.95,"lower_bound":6672482.125,"upper_bound":6676091.375},"point_estimate":6674208.4375,"standard_error":935.1377127073287},"median_abs_dev":{"confidence_interval":{"confidence_level":0.95,"lower_bound":5696.427086368203,"upper_bound":9158.390687406063},"point_estimate":7877.2389851510525,"standard_error":863.6511560002497},"slope":null,"std_dev":{"confidence_interval":{"confidence_level":0.95,"lower_bound":7878.784144211738,"upper_bound":14699.682453336098},"point_estimate":11335.37925652518,"standard_error":1759.9969776440628}}