{"mean":{"confidence_interval":{"confidence_level":0.95,"lower_bound":6724656.0845,"upper_bound":6730144.22140625},"point_estimate":6727291.07625,"standard_error":1395.2883635765295},"median":{"confidence_interval":{"confidence_level":0.95,"lower_bound":6722121.75,"upper_bound":6727481.0},"point_estimate":6724002.625,"standard_error":1430.8932205022998},"median_abs_dev":{"confidence_interval":{"confidence_level":0.95,"lower_bound":8132.43150562048,"upper_bound":12822.35853485763},"point_estimate":10934.360130876303,"standard_error":1163.0763775884757},"slope":null,"std_dev":{"confidence_interval":{"confidence_level":0.95,"lower_bound":10472.566412171444,"upper_bound":17401.843974601157},"point_estimate":14019.244139031352,"standard_error":1776.2933958608535}}