{"mean":{"confidence_interval":{"confidence_level":0.95,"lower_bound":6665771.6923125,"upper_bound":6682521.5384375},"point_estimate":6673059.20875,"standard_error":4309.292840642225},"median":{"confidence_interval":{"confidence_level":0.95,"lower_bound":6661532.0625,"upper_bound":6665124.875},"point_estimate":6663533.1875,"standard_error":928.3349117957572},"median_abs_dev":{"confidence_interval":{"confidence_level":0.95,"lower_bound":5792.054784670472,"upper_bound":9277.9253102839},"point_estimate":8181.449967250228,"standard_error":908.9381472982366},"slope":null,"std_dev":{"confidence_interval":{"confidence_level":0.95,"lower_bound":12025.213101090818,"upper_bound":64562.424261366985},"point_estimate":43508.28398146377,"standard_error":13031.802258393465}}