{"mean":{"confidence_interval":{"confidence_level":0.95,"lower_bound":6669051.461125,"upper_bound":6672444.99225},"point_estimate":6670666.01375,"standard_error":872.0555476973864},"median":{"confidence_interval":{"confidence_level":0.95,"lower_bound":6667228.625,"upper_bound":6670087.0625},"point_estimate":6668480.25,"standard_error":695.9429699670958},"median_abs_dev":{"confidence_interval":{"confidence_level":0.95,"lower_bound":4344.664243804291,"upper_bound":6711.915405839682},"point_estimate":5344.494917616248,"standard_error":595.1502278774065},"slope":null,"std_dev":{"confidence_interval":{"confidence_level":0.95,"lower_bound":6658.561449317413,"upper_bound":10506.65248871783},"point_estimate":8768.63983375174,"standard_error":985.0451077172146}}