{"mean":{"confidence_interval":{"confidence_level":0.95,"lower_bound":6668334.999875,"upper_bound":6677611.4379375},"point_estimate":6672330.07375,"standard_error":2407.896274044993},"median":{"confidence_interval":{"confidence_level":0.95,"lower_bound":6665225.25,"upper_bound":6668777.125},"point_estimate":6667514.75,"standard_error":1025.9434117100143},"median_abs_dev":{"confidence_interval":{"confidence_level":0.95,"lower_bound":4206.043462827802,"upper_bound":6974.891576170921},"point_estimate":5360.062217339873,"standard_error":699.3366841533459},"slope":null,"std_dev":{"confidence_interval":{"confidence_level":0.95,"lower_bound":8075.272204677064,"upper_bound":36853.023212398715},"point_estimate":24144.687132762396,"standard_error":7626.040870170183}}