{"mean":{"confidence_interval":{"confidence_level":0.95,"lower_bound":6682359.999875,"upper_bound":6687614.6711875},"point_estimate":6684908.89,"standard_error":1340.5290732451822},"median":{"confidence_interval":{"confidence_level":0.95,"lower_bound":6679639.25,"upper_bound":6683507.75},"point_estimate":6681269.125,"standard_error":857.8555120171466},"median_abs_dev":{"confidence_interval":{"confidence_level":0.95,"lower_bound":7532.6271537691355,"upper_bound":12894.264633581042},"point_estimate":9979.936397820711,"standard_error":1423.8749721864604},"slope":null,"std_dev":{"confidence_interval":{"confidence_level":0.95,"lower_bound":10877.831087462502,"upper_bound":15665.801647180933},"point_estimate":13448.580839574603,"standard_error":1225.0152048681311}}