{"mean":{"confidence_interval":{"confidence_level":0.95,"lower_bound":71527.86650719978,"upper_bound":72011.86361524835},"point_estimate":71713.60062021228,"standard_error":129.62331770619886},"median":{"confidence_interval":{"confidence_level":0.95,"lower_bound":71446.39583333333,"upper_bound":71762.18402777778},"point_estimate":71622.15436997844,"standard_error":74.19325071483577},"median_abs_dev":{"confidence_interval":{"confidence_level":0.95,"lower_bound":359.0993392105953,"upper_bound":547.0929683073608},"point_estimate":444.9645715362792,"standard_error":45.99366342434941},"slope":{"confidence_interval":{"confidence_level":0.95,"lower_bound":71503.20241359012,"upper_bound":72508.37395077891},"point_estimate":71851.55544029029,"standard_error":282.3015452250195},"std_dev":{"confidence_interval":{"confidence_level":0.95,"lower_bound":378.84757163491435,"upper_bound":2164.2476929457584},"point_estimate":1301.6011566169961,"standard_error":610.8452378757964}}