{"mean":{"confidence_interval":{"confidence_level":0.95,"lower_bound":101498.09875625586,"upper_bound":101847.2556167023},"point_estimate":101662.66854988184,"standard_error":88.6585554349235},"median":{"confidence_interval":{"confidence_level":0.95,"lower_bound":101577.88311688312,"upper_bound":101792.41737572773},"point_estimate":101687.78081068417,"standard_error":54.23595715741782},"median_abs_dev":{"confidence_interval":{"confidence_level":0.95,"lower_bound":282.85464758287304,"upper_bound":529.7121717200699},"point_estimate":406.5808014931833,"standard_error":62.882597500631434},"slope":{"confidence_interval":{"confidence_level":0.95,"lower_bound":101623.51018637558,"upper_bound":101818.30242131093},"point_estimate":101718.07686123837,"standard_error":49.73066523480403},"std_dev":{"confidence_interval":{"confidence_level":0.95,"lower_bound":497.1071371421334,"upper_bound":1291.965773584187},"point_estimate":887.7724684912089,"standard_error":214.58100236025388}}