{"mean":{"confidence_interval":{"confidence_level":0.95,"lower_bound":89019.70311609298,"upper_bound":89199.02606776608},"point_estimate":89103.69418141885,"standard_error":45.73716464394708},"median":{"confidence_interval":{"confidence_level":0.95,"lower_bound":89038.41566744482,"upper_bound":89151.79605263157},"point_estimate":89102.43514854697,"standard_error":25.60302034417545},"median_abs_dev":{"confidence_interval":{"confidence_level":0.95,"lower_bound":162.1785357585281,"upper_bound":278.9559103417487},"point_estimate":213.9660866833728,"standard_error":30.981736003243874},"slope":{"confidence_interval":{"confidence_level":0.95,"lower_bound":89124.4720111941,"upper_bound":89290.70738555533},"point_estimate":89200.69038791192,"standard_error":42.812073331460816},"std_dev":{"confidence_interval":{"confidence_level":0.95,"lower_bound":284.02095427166427,"upper_bound":649.7359903768432},"point_estimate":459.154014868922,"standard_error":100.88567753184223}}