{"mean":{"confidence_interval":{"confidence_level":0.95,"lower_bound":89776.54772658106,"upper_bound":89931.20565137792},"point_estimate":89851.475420146,"standard_error":39.23054933914403},"median":{"confidence_interval":{"confidence_level":0.95,"lower_bound":89823.73542510121,"upper_bound":89892.79032258065},"point_estimate":89851.42939582496,"standard_error":17.775525630203774},"median_abs_dev":{"confidence_interval":{"confidence_level":0.95,"lower_bound":108.87703158977487,"upper_bound":199.2216850346873},"point_estimate":160.2672133176371,"standard_error":23.541783721452525},"slope":{"confidence_interval":{"confidence_level":0.95,"lower_bound":89877.51194012685,"upper_bound":90003.91868706033},"point_estimate":89932.10533360425,"standard_error":32.52606897054306},"std_dev":{"confidence_interval":{"confidence_level":0.95,"lower_bound":246.48442766170058,"upper_bound":542.4965269315442},"point_estimate":394.4861516148025,"standard_error":77.62580571345005}}