{"mean":{"confidence_interval":{"confidence_level":0.95,"lower_bound":88170.76032759015,"upper_bound":88394.81959382391},"point_estimate":88275.92168489173,"standard_error":56.971629723922945},"median":{"confidence_interval":{"confidence_level":0.95,"lower_bound":88136.06538495418,"upper_bound":88219.9529007177},"point_estimate":88188.79674541685,"standard_error":21.47879462193939},"median_abs_dev":{"confidence_interval":{"confidence_level":0.95,"lower_bound":146.5583150506368,"upper_bound":289.98877782041757},"point_estimate":183.3782238852272,"standard_error":34.178151101767874},"slope":{"confidence_interval":{"confidence_level":0.95,"lower_bound":88219.7080462605,"upper_bound":88515.56237691035},"point_estimate":88350.54395596276,"standard_error":75.97327994341723},"std_dev":{"confidence_interval":{"confidence_level":0.95,"lower_bound":359.1620347342442,"upper_bound":761.3645579427018},"point_estimate":572.5072624793814,"standard_error":103.35511607203924}}