{"mean":{"confidence_interval":{"confidence_level":0.95,"lower_bound":84986.55788418897,"upper_bound":85116.01917738408},"point_estimate":85050.24932293216,"standard_error":32.89504487121965},"median":{"confidence_interval":{"confidence_level":0.95,"lower_bound":84986.21283783784,"upper_bound":85106.9361111111},"point_estimate":85069.3156325382,"standard_error":35.37844506654789},"median_abs_dev":{"confidence_interval":{"confidence_level":0.95,"lower_bound":161.9830325787677,"upper_bound":273.64009768603944},"point_estimate":212.03669743309476,"standard_error":27.2504784512905},"slope":{"confidence_interval":{"confidence_level":0.95,"lower_bound":85114.94490282024,"upper_bound":85244.05973737307},"point_estimate":85174.63390054677,"standard_error":32.99757694968573},"std_dev":{"confidence_interval":{"confidence_level":0.95,"lower_bound":242.5095897836361,"upper_bound":421.74191361918037},"point_estimate":330.8022498677917,"standard_error":46.58398506256879}}