{"mean":{"confidence_interval":{"confidence_level":0.95,"lower_bound":70529.62967151184,"upper_bound":71322.10364745406},"point_estimate":70814.6260889904,"standard_error":229.5389420826838},"median":{"confidence_interval":{"confidence_level":0.95,"lower_bound":70468.33676268862,"upper_bound":70616.51481481481},"point_estimate":70535.38723169192,"standard_error":33.29820867283064},"median_abs_dev":{"confidence_interval":{"confidence_level":0.95,"lower_bound":201.3921290895774,"upper_bound":332.3487184785106},"point_estimate":257.0233260116053,"standard_error":33.85559507565433},"slope":{"confidence_interval":{"confidence_level":0.95,"lower_bound":70570.54996993949,"upper_bound":70694.43076212064},"point_estimate":70629.38534029522,"standard_error":31.572016676656954},"std_dev":{"confidence_interval":{"confidence_level":0.95,"lower_bound":286.4200813045013,"upper_bound":3907.961088159074},"point_estimate":2299.4317689984036,"standard_error":1253.63492213121}}