{"mean":{"confidence_interval":{"confidence_level":0.95,"lower_bound":70115.59765523733,"upper_bound":70298.7779119752},"point_estimate":70203.12877320295,"standard_error":46.76160345257794},"median":{"confidence_interval":{"confidence_level":0.95,"lower_bound":70081.01486354775,"upper_bound":70225.33333333333},"point_estimate":70158.33822751323,"standard_error":38.43839637776936},"median_abs_dev":{"confidence_interval":{"confidence_level":0.95,"lower_bound":174.18200134999375,"upper_bound":270.2326584502903},"point_estimate":213.15852325272346,"standard_error":24.515031660210862},"slope":{"confidence_interval":{"confidence_level":0.95,"lower_bound":70169.03388881905,"upper_bound":70382.91538323287},"point_estimate":70262.05954222288,"standard_error":55.22975287558407},"std_dev":{"confidence_interval":{"confidence_level":0.95,"lower_bound":315.00123403678083,"upper_bound":604.5780439437998},"point_estimate":470.66548400074697,"standard_error":74.36868612005877}}