{"mean":{"confidence_interval":{"confidence_level":0.95,"lower_bound":79103.20835039446,"upper_bound":79264.75236142511},"point_estimate":79182.12565180431,"standard_error":41.073805576175054},"median":{"confidence_interval":{"confidence_level":0.95,"lower_bound":79089.53532608696,"upper_bound":79247.06944444444},"point_estimate":79180.39226973684,"standard_error":33.331816514910265},"median_abs_dev":{"confidence_interval":{"confidence_level":0.95,"lower_bound":230.21764027960035,"upper_bound":362.1382222374343},"point_estimate":297.4730947187938,"standard_error":34.827219736525976},"slope":{"confidence_interval":{"confidence_level":0.95,"lower_bound":79165.16064042205,"upper_bound":79276.05001340376},"point_estimate":79220.91549098566,"standard_error":28.31025543781454},"std_dev":{"confidence_interval":{"confidence_level":0.95,"lower_bound":291.3618532868241,"upper_bound":537.1537344125113},"point_estimate":411.65521453573524,"standard_error":64.29824605960137}}