{"mean":{"confidence_interval":{"confidence_level":0.95,"lower_bound":80429.82985863075,"upper_bound":80751.26169077355},"point_estimate":80556.28030650984,"standard_error":85.28562336984501},"median":{"confidence_interval":{"confidence_level":0.95,"lower_bound":80429.5452586207,"upper_bound":80520.91176470589},"point_estimate":80483.23881448412,"standard_error":22.8825345976828},"median_abs_dev":{"confidence_interval":{"confidence_level":0.95,"lower_bound":138.89546050726256,"upper_bound":243.4430080326738},"point_estimate":175.51275580812361,"standard_error":26.172822370439786},"slope":{"confidence_interval":{"confidence_level":0.95,"lower_bound":80504.11790703003,"upper_bound":80583.0255781851},"point_estimate":80542.28650694547,"standard_error":20.094725076654967},"std_dev":{"confidence_interval":{"confidence_level":0.95,"lower_bound":251.2962103180173,"upper_bound":1413.0220875434059},"point_estimate":857.6970670167173,"standard_error":381.7252147404888}}