{"mean":{"confidence_interval":{"confidence_level":0.95,"lower_bound":76851.91432992778,"upper_bound":77144.08356005143},"point_estimate":76978.53852839467,"standard_error":75.49239614210039},"median":{"confidence_interval":{"confidence_level":0.95,"lower_bound":76864.45238001492,"upper_bound":76947.4996639785},"point_estimate":76914.3626330267,"standard_error":20.875982217247227},"median_abs_dev":{"confidence_interval":{"confidence_level":0.95,"lower_bound":167.3155694735842,"upper_bound":258.4370081510206},"point_estimate":204.87508638735386,"standard_error":22.58697848399655},"slope":{"confidence_interval":{"confidence_level":0.95,"lower_bound":76936.77434844545,"upper_bound":77329.1454424164},"point_estimate":77105.11911703857,"standard_error":102.5467242626459},"std_dev":{"confidence_interval":{"confidence_level":0.95,"lower_bound":300.08736106323653,"upper_bound":1164.5580629459855},"point_estimate":759.2710471186339,"standard_error":234.59374421048673}}