{"mean":{"confidence_interval":{"confidence_level":0.95,"lower_bound":70337.52933073998,"upper_bound":70472.72470759678},"point_estimate":70407.29519883284,"standard_error":34.62724624609782},"median":{"confidence_interval":{"confidence_level":0.95,"lower_bound":70381.19596931397,"upper_bound":70482.0537037037},"point_estimate":70430.39731409805,"standard_error":26.64197308683849},"median_abs_dev":{"confidence_interval":{"confidence_level":0.95,"lower_bound":177.62291029218733,"upper_bound":277.9486196681953},"point_estimate":231.3484041663388,"standard_error":24.890237020773338},"slope":{"confidence_interval":{"confidence_level":0.95,"lower_bound":70465.382532238,"upper_bound":70559.35451369933},"point_estimate":70513.31224208989,"standard_error":24.026016895576387},"std_dev":{"confidence_interval":{"confidence_level":0.95,"lower_bound":252.44063868253824,"upper_bound":438.8935009280747},"point_estimate":347.91895614065436,"standard_error":48.03025612092881}}