{"mean":{"confidence_interval":{"confidence_level":0.95,"lower_bound":87439.77257002551,"upper_bound":88313.15233489552},"point_estimate":87811.65554243089,"standard_error":225.86424090520904},"median":{"confidence_interval":{"confidence_level":0.95,"lower_bound":87267.82089552238,"upper_bound":87370.84559729064},"point_estimate":87308.74877899878,"standard_error":28.880847282624124},"median_abs_dev":{"confidence_interval":{"confidence_level":0.95,"lower_bound":121.80786261020262,"upper_bound":243.7694783619058},"point_estimate":180.0844142518362,"standard_error":33.48145737445591},"slope":{"confidence_interval":{"confidence_level":0.95,"lower_bound":87337.0513658887,"upper_bound":87472.10300540001},"point_estimate":87394.05648071524,"standard_error":34.68631249463189},"std_dev":{"confidence_interval":{"confidence_level":0.95,"lower_bound":728.522013660028,"upper_bound":3532.782805890595},"point_estimate":2270.930032514306,"standard_error":751.1865446462601}}