{"mean":{"confidence_interval":{"confidence_level":0.95,"lower_bound":88786.71106594699,"upper_bound":88939.0319601132},"point_estimate":88860.00519226045,"standard_error":38.87124255599115},"median":{"confidence_interval":{"confidence_level":0.95,"lower_bound":88808.85868969298,"upper_bound":88877.59134615384},"point_estimate":88836.20521956857,"standard_error":17.697890307370507},"median_abs_dev":{"confidence_interval":{"confidence_level":0.95,"lower_bound":121.14382765694276,"upper_bound":237.84366701470688},"point_estimate":170.9375551723855,"standard_error":30.197972573871052},"slope":{"confidence_interval":{"confidence_level":0.95,"lower_bound":88861.52110814891,"upper_bound":88936.76166319445},"point_estimate":88898.42968560662,"standard_error":19.16132007610777},"std_dev":{"confidence_interval":{"confidence_level":0.95,"lower_bound":279.561695942932,"upper_bound":491.425694085904},"point_estimate":391.30785145501005,"standard_error":54.170315954580225}}