{"mean":{"confidence_interval":{"confidence_level":0.95,"lower_bound":0.008202185510434081,"upper_bound":0.023279122510858584},"point_estimate":0.015641126633210156,"standard_error":0.0038465655458695966},"median":{"confidence_interval":{"confidence_level":0.95,"lower_bound":0.016107299292993985,"upper_bound":0.023730908595975375},"point_estimate":0.01994644159216241,"standard_error":0.0018439872247287866}}