{"mean":{"confidence_interval":{"confidence_level":0.95,"lower_bound":-0.004038279736715744,"upper_bound":0.013056829191741963},"point_estimate":0.00392876670280895,"standard_error":0.00429321879442233},"median":{"confidence_interval":{"confidence_level":0.95,"lower_bound":-0.0010190352072149134,"upper_bound":0.010817311655530126},"point_estimate":0.007676208891485903,"standard_error":0.002904777380563561}}