{"mean":{"confidence_interval":{"confidence_level":0.95,"lower_bound":-0.13951844024361265,"upper_bound":-0.12373147442851687},"point_estimate":-0.13119360421807147,"standard_error":0.004031341669025195},"median":{"confidence_interval":{"confidence_level":0.95,"lower_bound":-0.12795978051236218,"upper_bound":-0.12249900494335753},"point_estimate":-0.12516870089434773,"standard_error":0.0014294286289916484}}