{"mean":{"confidence_interval":{"confidence_level":0.95,"lower_bound":-0.025084463130369345,"upper_bound":-0.010115008297506453},"point_estimate":-0.017963223284359175,"standard_error":0.003814664287865701},"median":{"confidence_interval":{"confidence_level":0.95,"lower_bound":-0.027554611406541585,"upper_bound":-0.019759163348551212},"point_estimate":-0.023341699926989423,"standard_error":0.0018624107988298518}}