{"mean":{"confidence_interval":{"confidence_level":0.95,"lower_bound":-0.13127255977260904,"upper_bound":-0.12097209347023463},"point_estimate":-0.12617551813094396,"standard_error":0.0026319267700669257},"median":{"confidence_interval":{"confidence_level":0.95,"lower_bound":-0.1307339659964032,"upper_bound":-0.12474377222330835},"point_estimate":-0.1279478855530295,"standard_error":0.001457925986348671}}