{"mean":{"confidence_interval":{"confidence_level":0.95,"lower_bound":-0.0012907813294625284,"upper_bound":0.010928646769102589},"point_estimate":0.004668679533504028,"standard_error":0.003117914067721521},"median":{"confidence_interval":{"confidence_level":0.95,"lower_bound":-0.0002413190309110691,"upper_bound":0.009753796421352323},"point_estimate":0.004731849343462713,"standard_error":0.0025742434687969777}}