{"mean":{"confidence_interval":{"confidence_level":0.95,"lower_bound":-0.004433559885715213,"upper_bound":0.007531162390620499},"point_estimate":0.0018621443748834121,"standard_error":0.0030486097499756765},"median":{"confidence_interval":{"confidence_level":0.95,"lower_bound":-0.0024632495197088877,"upper_bound":0.010428999557091397},"point_estimate":0.0038734723561062445,"standard_error":0.00324927813364929}}