{"mean":{"confidence_interval":{"confidence_level":0.95,"lower_bound":-0.007653399879094632,"upper_bound":0.01131830946119372},"point_estimate":0.0019285947900558043,"standard_error":0.004825967480921918},"median":{"confidence_interval":{"confidence_level":0.95,"lower_bound":-0.009958249462590985,"upper_bound":0.015143769876345914},"point_estimate":0.006525635985935141,"standard_error":0.00616601591991308}}