{"mean":{"confidence_interval":{"confidence_level":0.95,"lower_bound":-0.03424888413877865,"upper_bound":-0.007752546467545641},"point_estimate":-0.02091560508158752,"standard_error":0.006773864678969813},"median":{"confidence_interval":{"confidence_level":0.95,"lower_bound":-0.006360972934479903,"upper_bound":0.0033682716964196224},"point_estimate":-0.0015074857803413222,"standard_error":0.002406917837900428}}