{"mean":{"confidence_interval":{"confidence_level":0.95,"lower_bound":-0.06468192375944841,"upper_bound":-0.04929168817807924},"point_estimate":-0.057080086463600854,"standard_error":0.003924426573371695},"median":{"confidence_interval":{"confidence_level":0.95,"lower_bound":-0.07655700044565683,"upper_bound":-0.06279349293207181},"point_estimate":-0.07035374816397988,"standard_error":0.003634867906201303}}