{"mean":{"confidence_interval":{"confidence_level":0.95,"lower_bound":-0.016348667132612158,"upper_bound":-0.0011075930565754488},"point_estimate":-0.008724588791081844,"standard_error":0.0039002725850218766},"median":{"confidence_interval":{"confidence_level":0.95,"lower_bound":-0.008789712213643108,"upper_bound":-0.000609650583503125},"point_estimate":-0.003987992151787356,"standard_error":0.002093081771203538}}