{"mean":{"confidence_interval":{"confidence_level":0.95,"lower_bound":-0.0030839852224005065,"upper_bound":0.006235304769228555},"point_estimate":0.0018559154181323478,"standard_error":0.0023746340493660373},"median":{"confidence_interval":{"confidence_level":0.95,"lower_bound":-0.0027378892903815455,"upper_bound":0.006426886305467061},"point_estimate":0.0014655993738765805,"standard_error":0.0024373360083450976}}