{"mean":{"confidence_interval":{"confidence_level":0.95,"lower_bound":-0.0021537849957304067,"upper_bound":0.015233036542693711},"point_estimate":0.006576908819034166,"standard_error":0.004428529345391914},"median":{"confidence_interval":{"confidence_level":0.95,"lower_bound":-0.0013304711183889095,"upper_bound":0.009265333832094935},"point_estimate":0.003294688391192624,"standard_error":0.002735073435034355}}