{"mean":{"confidence_interval":{"confidence_level":0.95,"lower_bound":-0.004857967346292874,"upper_bound":0.007289508820276051},"point_estimate":0.001080669973353432,"standard_error":0.0030600922098687634},"median":{"confidence_interval":{"confidence_level":0.95,"lower_bound":-0.004934879949477722,"upper_bound":0.008945703141531425},"point_estimate":0.0021444606263758548,"standard_error":0.003455957013039675}}