{"mean":{"confidence_interval":{"confidence_level":0.95,"lower_bound":0.002049029987762613,"upper_bound":0.014030221958479727},"point_estimate":0.007748019407850304,"standard_error":0.0030540793815863696},"median":{"confidence_interval":{"confidence_level":0.95,"lower_bound":0.002321937148855646,"upper_bound":0.010311968385662285},"point_estimate":0.006089015131699238,"standard_error":0.0019593985462502987}}