{"mean":{"confidence_interval":{"confidence_level":0.95,"lower_bound":-0.03596528795343342,"upper_bound":-0.0009388075624899126},"point_estimate":-0.016329901097401067,"standard_error":0.00904323216597413},"median":{"confidence_interval":{"confidence_level":0.95,"lower_bound":-0.01186969936959792,"upper_bound":0.006508226523311844},"point_estimate":0.0016157737285547036,"standard_error":0.004382990786629773}}