{"mean":{"confidence_interval":{"confidence_level":0.95,"lower_bound":0.008879240744794908,"upper_bound":0.020269090270038512},"point_estimate":0.014635729343037251,"standard_error":0.0028729199893761737},"median":{"confidence_interval":{"confidence_level":0.95,"lower_bound":0.00453769374216062,"upper_bound":0.015373857501368882},"point_estimate":0.010078334989477522,"standard_error":0.0028403409787460276}}