{"mean":{"confidence_interval":{"confidence_level":0.95,"lower_bound":-0.014460050421743274,"upper_bound":-0.0010117045176816475},"point_estimate":-0.007631037342078928,"standard_error":0.0034175348580274215},"median":{"confidence_interval":{"confidence_level":0.95,"lower_bound":-0.013975731289293969,"upper_bound":0.001808266900181346},"point_estimate":-0.006454973753667437,"standard_error":0.0037356307788086953}}