{"mean":{"confidence_interval":{"confidence_level":0.95,"lower_bound":-0.010078456325253662,"upper_bound":-0.0006132317586783755},"point_estimate":-0.00536321065625045,"standard_error":0.0024146142504157127},"median":{"confidence_interval":{"confidence_level":0.95,"lower_bound":-0.009610328675495718,"upper_bound":-0.0027599173605118432},"point_estimate":-0.005017822079058432,"standard_error":0.0018192980099552554}}