{"mean":{"confidence_interval":{"confidence_level":0.95,"lower_bound":0.0075006611216804995,"upper_bound":0.021618859224482867},"point_estimate":0.014568065855096624,"standard_error":0.0035605788000376993},"median":{"confidence_interval":{"confidence_level":0.95,"lower_bound":0.00930095130324049,"upper_bound":0.015682152567353103},"point_estimate":0.012064221706437284,"standard_error":0.0016565284839529858}}