{"mean":{"confidence_interval":{"confidence_level":0.95,"lower_bound":-0.011320937270844272,"upper_bound":0.002577490672122079},"point_estimate":-0.004735998196902735,"standard_error":0.0035394377179719322},"median":{"confidence_interval":{"confidence_level":0.95,"lower_bound":-0.014066402807111035,"upper_bound":-0.0007348479565798993},"point_estimate":-0.006914493233892927,"standard_error":0.0035908184999211053}}