{"mean":{"confidence_interval":{"confidence_level":0.95,"lower_bound":-0.009621325633259735,"upper_bound":0.005304803569827695},"point_estimate":-0.001924514464540561,"standard_error":0.003800055552242972},"median":{"confidence_interval":{"confidence_level":0.95,"lower_bound":-0.0028092765325348212,"upper_bound":0.0028224287216620514},"point_estimate":-0.0004697272099979388,"standard_error":0.0014420910350840988}}