{"mean":{"confidence_interval":{"confidence_level":0.95,"lower_bound":-0.2758059659897251,"upper_bound":-0.2651863889038809},"point_estimate":-0.2704804219076278,"standard_error":0.00270802134099243},"median":{"confidence_interval":{"confidence_level":0.95,"lower_bound":-0.27592128829005863,"upper_bound":-0.2669566561836195},"point_estimate":-0.27069342829153287,"standard_error":0.002344768832323706}}