{"mean":{"confidence_interval":{"confidence_level":0.95,"lower_bound":-0.007969343512285605,"upper_bound":0.019410482980917798},"point_estimate":0.004549156261118625,"standard_error":0.007113663755491153},"median":{"confidence_interval":{"confidence_level":0.95,"lower_bound":-0.0071193672204442615,"upper_bound":0.003930621957934033},"point_estimate":-0.0015872180239370204,"standard_error":0.0027443351331006556}}