{"mean":{"confidence_interval":{"confidence_level":0.95,"lower_bound":-0.009166646466140146,"upper_bound":0.0017803672903348325},"point_estimate":-0.0037150157060966693,"standard_error":0.0028078388567741746},"median":{"confidence_interval":{"confidence_level":0.95,"lower_bound":-0.007457798750195302,"upper_bound":0.0006882297588777231},"point_estimate":-0.0025590287698444847,"standard_error":0.002070283758271823}}