{"mean":{"confidence_interval":{"confidence_level":0.95,"lower_bound":-0.004813394521321859,"upper_bound":0.009308424655835904},"point_estimate":0.002040378610165705,"standard_error":0.00360784874363161},"median":{"confidence_interval":{"confidence_level":0.95,"lower_bound":0.000499482252737358,"upper_bound":0.008550964622575874},"point_estimate":0.004579867231247814,"standard_error":0.002236220582449131}}