{"mean":{"confidence_interval":{"confidence_level":0.95,"lower_bound":0.05801886463461188,"upper_bound":0.0732202208315607},"point_estimate":0.0655024970613034,"standard_error":0.003870922833997137},"median":{"confidence_interval":{"confidence_level":0.95,"lower_bound":0.05755991807788585,"upper_bound":0.07142631256513243},"point_estimate":0.061630304333888164,"standard_error":0.0036975004751441973}}