{"mean":{"confidence_interval":{"confidence_level":0.95,"lower_bound":-0.010524748938778122,"upper_bound":0.004686346070024802},"point_estimate":-0.0032491260784818232,"standard_error":0.0038724740783134836},"median":{"confidence_interval":{"confidence_level":0.95,"lower_bound":-0.014519081806122713,"upper_bound":-0.006661145463301321},"point_estimate":-0.01090662082553906,"standard_error":0.0020201546097844167}}