{"mean":{"confidence_interval":{"confidence_level":0.95,"lower_bound":0.019506180084075717,"upper_bound":0.05392695658629062},"point_estimate":0.03701484282487,"standard_error":0.00877834612753003},"median":{"confidence_interval":{"confidence_level":0.95,"lower_bound":0.0670316730659608,"upper_bound":0.0772013049778395},"point_estimate":0.07179288845320753,"standard_error":0.0023153995363422927}}