{"mean":{"confidence_interval":{"confidence_level":0.95,"lower_bound":-0.002737729489266002,"upper_bound":0.008133845070492744},"point_estimate":0.002716588336497683,"standard_error":0.002748192688179889},"median":{"confidence_interval":{"confidence_level":0.95,"lower_bound":-0.0030087430616928534,"upper_bound":0.003659310945883343},"point_estimate":0.0006431316895043615,"standard_error":0.0016680242806727552}}