{"mean":{"confidence_interval":{"confidence_level":0.95,"lower_bound":-0.1648419962490078,"upper_bound":-0.14796125955376427},"point_estimate":-0.15502896377506503,"standard_error":0.004376970688396215},"median":{"confidence_interval":{"confidence_level":0.95,"lower_bound":-0.15500914788157705,"upper_bound":-0.1506191013939383},"point_estimate":-0.1521438333462477,"standard_error":0.0009819673157583214}}