{"mean":{"confidence_interval":{"confidence_level":0.95,"lower_bound":0.0025374174007707704,"upper_bound":0.021597271831625207},"point_estimate":0.011431880427041685,"standard_error":0.004901959386193137},"median":{"confidence_interval":{"confidence_level":0.95,"lower_bound":-0.002805288736958178,"upper_bound":0.017826553322919735},"point_estimate":0.002968920034097211,"standard_error":0.00498631169668483}}