{"mean":{"confidence_interval":{"confidence_level":0.95,"lower_bound":-0.0063024785398149005,"upper_bound":0.016315349752447302},"point_estimate":0.005782863587897591,"standard_error":0.005786230494592589},"median":{"confidence_interval":{"confidence_level":0.95,"lower_bound":0.010997947011427422,"upper_bound":0.02201431551047839},"point_estimate":0.017163701088699135,"standard_error":0.0028328910291281094}}