{"mean":{"confidence_interval":{"confidence_level":0.95,"lower_bound":-0.02551134652864516,"upper_bound":-0.009924110958791367},"point_estimate":-0.017581294265274883,"standard_error":0.003981261878567227},"median":{"confidence_interval":{"confidence_level":0.95,"lower_bound":-0.014845312096612218,"upper_bound":-0.006646957932331499},"point_estimate":-0.010687003784731974,"standard_error":0.0020625370456577785}}