{"mean":{"confidence_interval":{"confidence_level":0.95,"lower_bound":-0.006914880264858929,"upper_bound":0.01094371452160816},"point_estimate":0.0017965126433394651,"standard_error":0.004558180319340002},"median":{"confidence_interval":{"confidence_level":0.95,"lower_bound":-0.013272883531550206,"upper_bound":0.010475490234176599},"point_estimate":-0.003012946947447026,"standard_error":0.004914215611580062}}