{"mean":{"confidence_interval":{"confidence_level":0.95,"lower_bound":-0.3647006952497702,"upper_bound":-0.35962191637108315},"point_estimate":-0.36216062856772135,"standard_error":0.0012905374160031902},"median":{"confidence_interval":{"confidence_level":0.95,"lower_bound":-0.36550022598630644,"upper_bound":-0.361559352309747},"point_estimate":-0.3639237006569367,"standard_error":0.0010183641750526602}}