{"mean":{"confidence_interval":{"confidence_level":0.95,"lower_bound":-0.10643876961946692,"upper_bound":-0.08776409851703654},"point_estimate":-0.09690515138141442,"standard_error":0.00476668119874351},"median":{"confidence_interval":{"confidence_level":0.95,"lower_bound":-0.11707734146886895,"upper_bound":-0.10727638519371709},"point_estimate":-0.11238635282831677,"standard_error":0.0024267974032576994}}