{"mean":{"confidence_interval":{"confidence_level":0.95,"lower_bound":0.012395262817123298,"upper_bound":0.02864558233431869},"point_estimate":0.020147682466304717,"standard_error":0.004098855235664739},"median":{"confidence_interval":{"confidence_level":0.95,"lower_bound":0.017502629678828985,"upper_bound":0.030032552876859908},"point_estimate":0.022624483966018794,"standard_error":0.0030783476624255414}}