{"mean":{"confidence_interval":{"confidence_level":0.95,"lower_bound":-0.008650035535533639,"upper_bound":0.0023974605319700432},"point_estimate":-0.003039696965948746,"standard_error":0.0028149601067368455},"median":{"confidence_interval":{"confidence_level":0.95,"lower_bound":-0.006309978034975239,"upper_bound":0.0021789376474872224},"point_estimate":-0.0031191443103134597,"standard_error":0.00217875432825991}}