{"mean":{"confidence_interval":{"confidence_level":0.95,"lower_bound":0.3995911629534684,"upper_bound":0.4212499635500156},"point_estimate":0.4105881319632674,"standard_error":0.0054721556805935045},"median":{"confidence_interval":{"confidence_level":0.95,"lower_bound":0.3803876804830708,"upper_bound":0.38943619042113875},"point_estimate":0.3837115784189058,"standard_error":0.0023210060453458343}}