{"mean":{"confidence_interval":{"confidence_level":0.95,"lower_bound":-0.0028982651207196466,"upper_bound":0.012333744360673147},"point_estimate":0.004683870121398703,"standard_error":0.003852474419831141},"median":{"confidence_interval":{"confidence_level":0.95,"lower_bound":-0.0012275544409925399,"upper_bound":0.01193776804831348},"point_estimate":0.0061221198328418325,"standard_error":0.0035299061117697998}}