{"mean":{"confidence_interval":{"confidence_level":0.95,"lower_bound":-0.00623355806892531,"upper_bound":0.00591472307149368},"point_estimate":-0.00013831672384245763,"standard_error":0.003050796990581017},"median":{"confidence_interval":{"confidence_level":0.95,"lower_bound":-0.008501769516904734,"upper_bound":0.000799603391942183},"point_estimate":-0.004524334712954214,"standard_error":0.0020886183381467467}}