{"mean":{"confidence_interval":{"confidence_level":0.95,"lower_bound":0.0015157512864877667,"upper_bound":0.01586018658344892},"point_estimate":0.008816933097247626,"standard_error":0.003655974387049708},"median":{"confidence_interval":{"confidence_level":0.95,"lower_bound":0.009946827560135985,"upper_bound":0.021771004782884962},"point_estimate":0.015235477147693466,"standard_error":0.0033284865681510664}}