{"mean":{"confidence_interval":{"confidence_level":0.95,"lower_bound":0.009013357132906736,"upper_bound":0.01846637357658279},"point_estimate":0.01358305313540753,"standard_error":0.0024201237065612355},"median":{"confidence_interval":{"confidence_level":0.95,"lower_bound":0.008475924946177216,"upper_bound":0.015584329981165324},"point_estimate":0.011855423224557349,"standard_error":0.0018306550528221458}}