{"mean":{"confidence_interval":{"confidence_level":0.95,"lower_bound":-0.00907589624115969,"upper_bound":0.007127132168272081},"point_estimate":-0.0011042495129461871,"standard_error":0.004188394007115419},"median":{"confidence_interval":{"confidence_level":0.95,"lower_bound":-0.012436824541327107,"upper_bound":0.000340176030789762},"point_estimate":-0.007100310582442981,"standard_error":0.0033180522649100016}}