{"mean":{"confidence_interval":{"confidence_level":0.95,"lower_bound":61750.961100145556,"upper_bound":62177.134417164765},"point_estimate":61962.73375680069,"standard_error":108.59247297082193},"median":{"confidence_interval":{"confidence_level":0.95,"lower_bound":61706.67857142857,"upper_bound":62129.44},"point_estimate":61864.124563367666,"standard_error":120.65192205654148},"median_abs_dev":{"confidence_interval":{"confidence_level":0.95,"lower_bound":675.3933751522276,"upper_bound":1549.8164596984911},"point_estimate":1080.2908709450867,"standard_error":229.8678580092561},"slope":{"confidence_interval":{"confidence_level":0.95,"lower_bound":61919.1305139422,"upper_bound":62494.9239293108},"point_estimate":62209.20382207773,"standard_error":147.1222448147707},"std_dev":{"confidence_interval":{"confidence_level":0.95,"lower_bound":957.3171386144074,"upper_bound":1198.6826101568029},"point_estimate":1088.2831775384132,"standard_error":61.63871839987003}}