{"mean":{"confidence_interval":{"confidence_level":0.95,"lower_bound":1160298.6170190203,"upper_bound":1165526.603474684},"point_estimate":1162550.3240140632,"standard_error":1347.919639986794},"median":{"confidence_interval":{"confidence_level":0.95,"lower_bound":1158649.8649193547,"upper_bound":1160531.5555555555},"point_estimate":1159273.2651072126,"standard_error":542.4785493896751},"median_abs_dev":{"confidence_interval":{"confidence_level":0.95,"lower_bound":2534.1506977217073,"upper_bound":4333.917433288246},"point_estimate":3176.5039439785096,"standard_error":460.8009560270232},"slope":{"confidence_interval":{"confidence_level":0.95,"lower_bound":1159803.3637454896,"upper_bound":1163190.337071398},"point_estimate":1161255.4968139501,"standard_error":870.7168395210942},"std_dev":{"confidence_interval":{"confidence_level":0.95,"lower_bound":5785.910643274904,"upper_bound":20612.062562078347},"point_estimate":13504.059305089451,"standard_error":4129.118310716613}}