{"mean":{"confidence_interval":{"confidence_level":0.95,"lower_bound":1069307.914785944,"upper_bound":1075901.3447521152},"point_estimate":1071841.3328093118,"standard_error":1766.40953512972},"median":{"confidence_interval":{"confidence_level":0.95,"lower_bound":1068715.7461926092,"upper_bound":1070075.6666666667},"point_estimate":1069573.8895663957,"standard_error":351.21725883658},"median_abs_dev":{"confidence_interval":{"confidence_level":0.95,"lower_bound":2123.217050418796,"upper_bound":3878.5444702655163},"point_estimate":2901.582060153898,"standard_error":448.10349807614324},"slope":{"confidence_interval":{"confidence_level":0.95,"lower_bound":1069591.8614011116,"upper_bound":1071631.6178412135},"point_estimate":1070499.1904950496,"standard_error":524.4426089244845},"std_dev":{"confidence_interval":{"confidence_level":0.95,"lower_bound":3269.962643247471,"upper_bound":29577.512356196326},"point_estimate":17805.705277572622,"standard_error":8211.729320719152}}