{"mean":{"confidence_interval":{"confidence_level":0.95,"lower_bound":1171625.999333866,"upper_bound":1181657.019002999},"point_estimate":1175685.9573221204,"standard_error":2632.51779550174},"median":{"confidence_interval":{"confidence_level":0.95,"lower_bound":1169189.2027027027,"upper_bound":1171203.2978723405},"point_estimate":1170145.7663043477,"standard_error":434.9109999312347},"median_abs_dev":{"confidence_interval":{"confidence_level":0.95,"lower_bound":2921.610312111421,"upper_bound":5249.822540157401},"point_estimate":4254.800864010182,"standard_error":613.9573488393854},"slope":{"confidence_interval":{"confidence_level":0.95,"lower_bound":1171961.9781824143,"upper_bound":1179829.624356396},"point_estimate":1175150.7676370621,"standard_error":2051.707883558014},"std_dev":{"confidence_interval":{"confidence_level":0.95,"lower_bound":7955.3058677138015,"upper_bound":42691.849501123164},"point_estimate":26424.87205587803,"standard_error":10668.930177301454}}