{"mean":{"confidence_interval":{"confidence_level":0.95,"lower_bound":1066220.4282722974,"upper_bound":1089486.2522388885},"point_estimate":1076547.5389068953,"standard_error":5964.25802503826},"median":{"confidence_interval":{"confidence_level":0.95,"lower_bound":1058817.7438434982,"upper_bound":1059891.2783505155},"point_estimate":1059165.3872847012,"standard_error":271.8222403106214},"median_abs_dev":{"confidence_interval":{"confidence_level":0.95,"lower_bound":2393.1797140914055,"upper_bound":4264.803841784723},"point_estimate":3222.3757644933244,"standard_error":465.41306146618126},"slope":{"confidence_interval":{"confidence_level":0.95,"lower_bound":1060173.3017517931,"upper_bound":1068422.9406030318},"point_estimate":1063220.280062066,"standard_error":2209.8350875829524},"std_dev":{"confidence_interval":{"confidence_level":0.95,"lower_bound":30570.290678709138,"upper_bound":86201.31583474307},"point_estimate":60176.79800126276,"standard_error":14501.304212597614}}