{"mean":{"confidence_interval":{"confidence_level":0.95,"lower_bound":66201.2734408912,"upper_bound":67386.76299488106},"point_estimate":66855.70489815195,"standard_error":303.9241821585055},"median":{"confidence_interval":{"confidence_level":0.95,"lower_bound":66779.01886792453,"upper_bound":67145.43226403097},"point_estimate":67048.49156396714,"standard_error":87.10035679485054},"median_abs_dev":{"confidence_interval":{"confidence_level":0.95,"lower_bound":594.9378880694597,"upper_bound":1344.8259072789886},"point_estimate":914.8453499390839,"standard_error":192.74196213704596},"slope":{"confidence_interval":{"confidence_level":0.95,"lower_bound":67557.76425554525,"upper_bound":68376.93550217744},"point_estimate":67946.74397024777,"standard_error":210.22835243509866},"std_dev":{"confidence_interval":{"confidence_level":0.95,"lower_bound":1504.7607717251985,"upper_bound":4556.747318881163},"point_estimate":3056.3367999154634,"standard_error":842.1885571299842}}