{"mean":{"confidence_interval":{"confidence_level":0.95,"lower_bound":67899.07843932591,"upper_bound":69254.32828917903},"point_estimate":68627.68243518187,"standard_error":345.8128828002338},"median":{"confidence_interval":{"confidence_level":0.95,"lower_bound":68473.96103728312,"upper_bound":68804.7786163522},"point_estimate":68640.9977889028,"standard_error":77.70048398276215},"median_abs_dev":{"confidence_interval":{"confidence_level":0.95,"lower_bound":580.7356752895909,"upper_bound":1161.0114437728548},"point_estimate":860.829151250393,"standard_error":155.5780332513755},"slope":{"confidence_interval":{"confidence_level":0.95,"lower_bound":68947.79967647268,"upper_bound":69880.41049334775},"point_estimate":69355.73824087484,"standard_error":241.02564684554505},"std_dev":{"confidence_interval":{"confidence_level":0.95,"lower_bound":1800.7818067109229,"upper_bound":5102.103803939227},"point_estimate":3482.6094669218155,"standard_error":892.5041825512583}}