{"mean":{"confidence_interval":{"confidence_level":0.95,"lower_bound":69058.85942477416,"upper_bound":70509.53176133639},"point_estimate":69809.17546744143,"standard_error":369.4915262713678},"median":{"confidence_interval":{"confidence_level":0.95,"lower_bound":69282.01693245779,"upper_bound":69591.38849206349},"point_estimate":69431.9347826087,"standard_error":73.49027902052235},"median_abs_dev":{"confidence_interval":{"confidence_level":0.95,"lower_bound":555.3195083633268,"upper_bound":1202.7800898642781},"point_estimate":830.3192914340946,"standard_error":163.6153235944825},"slope":{"confidence_interval":{"confidence_level":0.95,"lower_bound":70213.6175988612,"upper_bound":71490.16489388733},"point_estimate":70817.83525087434,"standard_error":327.2296053414603},"std_dev":{"confidence_interval":{"confidence_level":0.95,"lower_bound":2498.711175237571,"upper_bound":4929.1581095113615},"point_estimate":3712.98602909721,"standard_error":634.5348416275656}}