{"mean":{"confidence_interval":{"confidence_level":0.95,"lower_bound":68579.17340075983,"upper_bound":70101.9734573053},"point_estimate":69354.83035449812,"standard_error":385.79687519792856},"median":{"confidence_interval":{"confidence_level":0.95,"lower_bound":68491.20392156862,"upper_bound":68920.82326546003},"point_estimate":68751.29761548064,"standard_error":110.64537510907314},"median_abs_dev":{"confidence_interval":{"confidence_level":0.95,"lower_bound":739.0712017399502,"upper_bound":1384.7844472488553},"point_estimate":1056.2521930426483,"standard_error":156.63134405763998},"slope":{"confidence_interval":{"confidence_level":0.95,"lower_bound":69774.01730876147,"upper_bound":72067.12036097089},"point_estimate":70796.01602443229,"standard_error":591.1666624035859},"std_dev":{"confidence_interval":{"confidence_level":0.95,"lower_bound":2433.6257552933653,"upper_bound":5308.2374276479795},"point_estimate":3890.960097045222,"standard_error":745.9789314815572}}