{"mean":{"confidence_interval":{"confidence_level":0.95,"lower_bound":68611.57665332832,"upper_bound":71415.92209431608},"point_estimate":69813.9939307746,"standard_error":722.9309782740421},"median":{"confidence_interval":{"confidence_level":0.95,"lower_bound":68790.22424242424,"upper_bound":69123.49111111111},"point_estimate":68893.5692022792,"standard_error":94.68500077102777},"median_abs_dev":{"confidence_interval":{"confidence_level":0.95,"lower_bound":509.5693094075742,"upper_bound":1107.9795690914912},"point_estimate":795.1756635152916,"standard_error":149.57252811688505},"slope":{"confidence_interval":{"confidence_level":0.95,"lower_bound":69828.61768776977,"upper_bound":70908.91039440325},"point_estimate":70343.0322486577,"standard_error":276.3689403210669},"std_dev":{"confidence_interval":{"confidence_level":0.95,"lower_bound":2495.133055424092,"upper_bound":11698.135587534805},"point_estimate":7297.433554401723,"standard_error":2695.8662692300977}}