{"mean":{"confidence_interval":{"confidence_level":0.95,"lower_bound":72770.46748972262,"upper_bound":74396.01672583332},"point_estimate":73632.25294984221,"standard_error":412.4842180254438},"median":{"confidence_interval":{"confidence_level":0.95,"lower_bound":73567.98255813954,"upper_bound":73770.74161664666},"point_estimate":73681.38142230577,"standard_error":49.07553632791149},"median_abs_dev":{"confidence_interval":{"confidence_level":0.95,"lower_bound":463.2087078609597,"upper_bound":1255.8914933701385},"point_estimate":643.4044736963357,"standard_error":213.6913938748684},"slope":{"confidence_interval":{"confidence_level":0.95,"lower_bound":73918.66521854293,"upper_bound":74445.22252673304},"point_estimate":74155.27772847221,"standard_error":134.1404156008452},"std_dev":{"confidence_interval":{"confidence_level":0.95,"lower_bound":2107.2260972244994,"upper_bound":6012.009417641251},"point_estimate":4146.829488603788,"standard_error":1025.1594963584873}}