{"mean":{"confidence_interval":{"confidence_level":0.95,"lower_bound":68683.53618833666,"upper_bound":70233.57806624268},"point_estimate":69479.25207742964,"standard_error":394.31781431696373},"median":{"confidence_interval":{"confidence_level":0.95,"lower_bound":68786.72835820896,"upper_bound":69162.30470921987},"point_estimate":68913.69341269841,"standard_error":92.1131020868901},"median_abs_dev":{"confidence_interval":{"confidence_level":0.95,"lower_bound":594.2669792693774,"upper_bound":1876.428640064311},"point_estimate":969.1594323897257,"standard_error":351.09148554960325},"slope":{"confidence_interval":{"confidence_level":0.95,"lower_bound":69914.71532033318,"upper_bound":71053.7568255706},"point_estimate":70464.83665277573,"standard_error":291.73756306330824},"std_dev":{"confidence_interval":{"confidence_level":0.95,"lower_bound":2773.6825832131126,"upper_bound":5145.268818032463},"point_estimate":3955.972390038648,"standard_error":615.6510069459241}}