{"mean":{"confidence_interval":{"confidence_level":0.95,"lower_bound":68411.65659802155,"upper_bound":69551.36968239723},"point_estimate":69021.41145470223,"standard_error":289.0624500462451},"median":{"confidence_interval":{"confidence_level":0.95,"lower_bound":68786.2011965812,"upper_bound":69025.34257399576},"point_estimate":68866.31756965944,"standard_error":67.2017318809511},"median_abs_dev":{"confidence_interval":{"confidence_level":0.95,"lower_bound":378.7561802347698,"upper_bound":691.782951227493},"point_estimate":491.1411343001269,"standard_error":86.71258381327732},"slope":{"confidence_interval":{"confidence_level":0.95,"lower_bound":69243.48468723199,"upper_bound":69931.18474549874},"point_estimate":69553.62150022166,"standard_error":175.96688476153733},"std_dev":{"confidence_interval":{"confidence_level":0.95,"lower_bound":1725.0824527230857,"upper_bound":4180.830354703031},"point_estimate":2903.705055032691,"standard_error":680.3744083699726}}