{"mean":{"confidence_interval":{"confidence_level":0.95,"lower_bound":68987.77252139285,"upper_bound":70098.61512164223},"point_estimate":69582.04592709622,"standard_error":283.42232178195104},"median":{"confidence_interval":{"confidence_level":0.95,"lower_bound":69399.64285714286,"upper_bound":69668.64371772806},"point_estimate":69548.19952147527,"standard_error":60.37912875788676},"median_abs_dev":{"confidence_interval":{"confidence_level":0.95,"lower_bound":323.12680791785846,"upper_bound":645.4245563369338},"point_estimate":483.3126209864337,"standard_error":82.33328701391818},"slope":{"confidence_interval":{"confidence_level":0.95,"lower_bound":69624.28221491873,"upper_bound":69957.82028245584},"point_estimate":69774.53323207161,"standard_error":85.225274290998},"std_dev":{"confidence_interval":{"confidence_level":0.95,"lower_bound":1753.2334357438672,"upper_bound":3990.8824624117074},"point_estimate":2840.7453050080317,"standard_error":607.9618911962932}}