{"mean":{"confidence_interval":{"confidence_level":0.95,"lower_bound":67858.99393928688,"upper_bound":69500.66370603278},"point_estimate":68721.0060843366,"standard_error":418.359716439795},"median":{"confidence_interval":{"confidence_level":0.95,"lower_bound":68354.81214285715,"upper_bound":68633.40151515152},"point_estimate":68486.09352941177,"standard_error":64.56887625048384},"median_abs_dev":{"confidence_interval":{"confidence_level":0.95,"lower_bound":501.6464774723059,"upper_bound":1049.989083307022},"point_estimate":658.5411030580933,"standard_error":141.5424992500536},"slope":{"confidence_interval":{"confidence_level":0.95,"lower_bound":68805.52873399852,"upper_bound":69969.55328477769},"point_estimate":69303.8558130845,"standard_error":299.63326739277943},"std_dev":{"confidence_interval":{"confidence_level":0.95,"lower_bound":2508.379886385164,"upper_bound":5847.504438448639},"point_estimate":4216.071437335923,"standard_error":874.0097976062411}}