{"mean":{"confidence_interval":{"confidence_level":0.95,"lower_bound":61011.29073044921,"upper_bound":62020.746586234265},"point_estimate":61581.45466634993,"standard_error":259.98026981964443},"median":{"confidence_interval":{"confidence_level":0.95,"lower_bound":61946.955555555556,"upper_bound":62197.30505952381},"point_estimate":62079.15293817935,"standard_error":61.66766033597325},"median_abs_dev":{"confidence_interval":{"confidence_level":0.95,"lower_bound":387.0538753026189,"upper_bound":649.9842101407016},"point_estimate":544.300185920618,"standard_error":67.49152847706104},"slope":{"confidence_interval":{"confidence_level":0.95,"lower_bound":62294.175530761546,"upper_bound":62500.8427996993},"point_estimate":62392.71677294222,"standard_error":52.699562016615566},"std_dev":{"confidence_interval":{"confidence_level":0.95,"lower_bound":1134.0537116063833,"upper_bound":3959.7200228567563},"point_estimate":2605.152377493278,"standard_error":778.2034982687398}}