{"mean":{"confidence_interval":{"confidence_level":0.95,"lower_bound":60470.4344855723,"upper_bound":61556.82369511709},"point_estimate":61075.365664211124,"standard_error":278.2134930661205},"median":{"confidence_interval":{"confidence_level":0.95,"lower_bound":61074.21205357143,"upper_bound":61358.456439393936},"point_estimate":61262.029887354656,"standard_error":75.40533562269874},"median_abs_dev":{"confidence_interval":{"confidence_level":0.95,"lower_bound":417.9122128888949,"upper_bound":810.2991804513708},"point_estimate":582.6058673476522,"standard_error":98.22523987397395},"slope":{"confidence_interval":{"confidence_level":0.95,"lower_bound":61511.890253573045,"upper_bound":62328.01766427296},"point_estimate":61877.16004747303,"standard_error":210.5620537722841},"std_dev":{"confidence_interval":{"confidence_level":0.95,"lower_bound":1318.2823016645411,"upper_bound":4241.451868863475},"point_estimate":2807.6557430400285,"standard_error":816.2321468509801}}