{"mean":{"confidence_interval":{"confidence_level":0.95,"lower_bound":56531.000204622964,"upper_bound":57262.53330446242},"point_estimate":56951.5173407103,"standard_error":189.24147802965516},"median":{"confidence_interval":{"confidence_level":0.95,"lower_bound":57187.84805984105,"upper_bound":57467.97101449275},"point_estimate":57324.839281204906,"standard_error":77.89792459833504},"median_abs_dev":{"confidence_interval":{"confidence_level":0.95,"lower_bound":345.3780712177603,"upper_bound":544.0867797378094},"point_estimate":411.4450085362516,"standard_error":50.92274979037145},"slope":{"confidence_interval":{"confidence_level":0.95,"lower_bound":57453.60093799952,"upper_bound":57615.923754211326},"point_estimate":57536.24921448861,"standard_error":41.471705407890575},"std_dev":{"confidence_interval":{"confidence_level":0.95,"lower_bound":710.8803965832517,"upper_bound":2960.746330972053},"point_estimate":1901.7219675269423,"standard_error":632.6060549904735}}