{"mean":{"confidence_interval":{"confidence_level":0.95,"lower_bound":68898.77534425193,"upper_bound":70153.13690002161},"point_estimate":69562.67722791394,"standard_error":319.27270391937583},"median":{"confidence_interval":{"confidence_level":0.95,"lower_bound":68617.73299319728,"upper_bound":68937.58385093168},"point_estimate":68746.37282818533,"standard_error":99.3251925551825},"median_abs_dev":{"confidence_interval":{"confidence_level":0.95,"lower_bound":445.69402284182905,"upper_bound":1261.4688601260473},"point_estimate":824.2082121195314,"standard_error":200.45462963675146},"slope":{"confidence_interval":{"confidence_level":0.95,"lower_bound":69185.2042091002,"upper_bound":70157.78880949457},"point_estimate":69638.28816462243,"standard_error":248.85153561102808},"std_dev":{"confidence_interval":{"confidence_level":0.95,"lower_bound":2062.548786096642,"upper_bound":4519.097784168583},"point_estimate":3217.1304456261855,"standard_error":686.6135826641964}}