{"mean":{"confidence_interval":{"confidence_level":0.95,"lower_bound":70699.15194233974,"upper_bound":72569.16021615104},"point_estimate":71684.5971037686,"standard_error":475.5303354575144},"median":{"confidence_interval":{"confidence_level":0.95,"lower_bound":70450.35891290728,"upper_bound":72424.80412371134},"point_estimate":70710.15470321354,"standard_error":463.5143141191348},"median_abs_dev":{"confidence_interval":{"confidence_level":0.95,"lower_bound":1258.9812434819512,"upper_bound":3975.7566565914785},"point_estimate":3105.632761694547,"standard_error":782.200165932905},"slope":{"confidence_interval":{"confidence_level":0.95,"lower_bound":72177.97154791067,"upper_bound":73771.76567415714},"point_estimate":72942.1379484473,"standard_error":407.36166811399715},"std_dev":{"confidence_interval":{"confidence_level":0.95,"lower_bound":3274.057830635749,"upper_bound":6418.153723085827},"point_estimate":4776.285754761401,"standard_error":844.9031185509049}}