{"mean":{"confidence_interval":{"confidence_level":0.95,"lower_bound":71337.6550700294,"upper_bound":73051.4544384337},"point_estimate":72275.14722022439,"standard_error":439.8018175310848},"median":{"confidence_interval":{"confidence_level":0.95,"lower_bound":71853.84615384616,"upper_bound":72207.33012820513},"point_estimate":72050.96441295547,"standard_error":83.5806738491151},"median_abs_dev":{"confidence_interval":{"confidence_level":0.95,"lower_bound":608.1341410303194,"upper_bound":1574.5111930083785},"point_estimate":873.1301960606088,"standard_error":281.4546747982132},"slope":{"confidence_interval":{"confidence_level":0.95,"lower_bound":72666.98308148024,"upper_bound":73443.40125315313},"point_estimate":73029.91996203295,"standard_error":198.75753653265622},"std_dev":{"confidence_interval":{"confidence_level":0.95,"lower_bound":2454.9941062863336,"upper_bound":6453.954505377246},"point_estimate":4424.539895120363,"standard_error":1111.2430201766701}}