{"mean":{"confidence_interval":{"confidence_level":0.95,"lower_bound":68902.4440782996,"upper_bound":70012.84916976577},"point_estimate":69499.12539776825,"standard_error":282.59661373073806},"median":{"confidence_interval":{"confidence_level":0.95,"lower_bound":69257.63554421769,"upper_bound":69442.72071428571},"point_estimate":69349.39550954351,"standard_error":46.89856466167943},"median_abs_dev":{"confidence_interval":{"confidence_level":0.95,"lower_bound":295.1934784416723,"upper_bound":486.8382286304249},"point_estimate":372.80853322507704,"standard_error":49.22239635499243},"slope":{"confidence_interval":{"confidence_level":0.95,"lower_bound":69601.44929320231,"upper_bound":70452.76377667201},"point_estimate":69984.26959234943,"standard_error":219.1379399439946},"std_dev":{"confidence_interval":{"confidence_level":0.95,"lower_bound":1622.271192829125,"upper_bound":4081.179531566749},"point_estimate":2845.5751481991624,"standard_error":663.6257414018065}}