{"mean":{"confidence_interval":{"confidence_level":0.95,"lower_bound":64081.16304420253,"upper_bound":65272.91251098171},"point_estimate":64740.72207946258,"standard_error":304.6018369417328},"median":{"confidence_interval":{"confidence_level":0.95,"lower_bound":64634.84038596491,"upper_bound":64925.859894377136},"point_estimate":64854.20124423963,"standard_error":76.39730096353982},"median_abs_dev":{"confidence_interval":{"confidence_level":0.95,"lower_bound":441.82879726259233,"upper_bound":829.2122540824258},"point_estimate":615.3921392429535,"standard_error":98.33259393481073},"slope":{"confidence_interval":{"confidence_level":0.95,"lower_bound":65304.818350779984,"upper_bound":66357.39094076825},"point_estimate":65798.89547805527,"standard_error":269.03472544177026},"std_dev":{"confidence_interval":{"confidence_level":0.95,"lower_bound":1556.0274744373594,"upper_bound":4635.898999859777},"point_estimate":3055.6583964264055,"standard_error":907.9973832187927}}