{"mean":{"confidence_interval":{"confidence_level":0.95,"lower_bound":55243.14600185111,"upper_bound":55883.36193630827},"point_estimate":55616.34326618116,"standard_error":167.07646056824385},"median":{"confidence_interval":{"confidence_level":0.95,"lower_bound":55845.23842144453,"upper_bound":56039.62174940899},"point_estimate":55926.558691007056,"standard_error":48.65304231413907},"median_abs_dev":{"confidence_interval":{"confidence_level":0.95,"lower_bound":263.62415112869866,"upper_bound":581.462342692338},"point_estimate":423.3258997785496,"standard_error":81.51535434499614},"slope":{"confidence_interval":{"confidence_level":0.95,"lower_bound":56033.94248050488,"upper_bound":56175.04660722577},"point_estimate":56105.79175327981,"standard_error":36.031681284745524},"std_dev":{"confidence_interval":{"confidence_level":0.95,"lower_bound":607.9187513705091,"upper_bound":2673.3382810118183},"point_estimate":1683.1807505622926,"standard_error":633.9464121966619}}