{"mean":{"confidence_interval":{"confidence_level":0.95,"lower_bound":68539.16076029271,"upper_bound":70197.0776915315},"point_estimate":69339.06073662676,"standard_error":419.51678234881007},"median":{"confidence_interval":{"confidence_level":0.95,"lower_bound":68624.10083261556,"upper_bound":69000.62197802198},"point_estimate":68731.67495688594,"standard_error":109.62366003303322},"median_abs_dev":{"confidence_interval":{"confidence_level":0.95,"lower_bound":494.72069179666096,"upper_bound":922.5836569979253},"point_estimate":618.7036393921537,"standard_error":107.11172306920137},"slope":{"confidence_interval":{"confidence_level":0.95,"lower_bound":69081.57130331213,"upper_bound":70282.14430202806},"point_estimate":69632.87245022412,"standard_error":308.91079106969374},"std_dev":{"confidence_interval":{"confidence_level":0.95,"lower_bound":1964.0854410003276,"upper_bound":6156.589671867169},"point_estimate":4227.445154109897,"standard_error":1081.1178945778113}}