{"mean":{"confidence_interval":{"confidence_level":0.95,"lower_bound":57411.508055777784,"upper_bound":58267.40777390343},"point_estimate":57887.13161257211,"standard_error":220.11915663264236},"median":{"confidence_interval":{"confidence_level":0.95,"lower_bound":58454.35316516338,"upper_bound":58713.92049888517},"point_estimate":58593.248337745004,"standard_error":61.57503713860186},"median_abs_dev":{"confidence_interval":{"confidence_level":0.95,"lower_bound":398.09874886858563,"upper_bound":799.1996852495948},"point_estimate":568.6123053636163,"standard_error":99.7794179592746},"slope":{"confidence_interval":{"confidence_level":0.95,"lower_bound":58743.49950984425,"upper_bound":58895.43931692724},"point_estimate":58823.74508759831,"standard_error":38.79577516989197},"std_dev":{"confidence_interval":{"confidence_level":0.95,"lower_bound":1113.7942900005205,"upper_bound":3260.081560909145},"point_estimate":2203.0128190425153,"standard_error":589.688031477623}}