{"mean":{"confidence_interval":{"confidence_level":0.95,"lower_bound":68716.01586873674,"upper_bound":69895.7484231946},"point_estimate":69355.38101870356,"standard_error":300.75361772817087},"median":{"confidence_interval":{"confidence_level":0.95,"lower_bound":69162.75678524375,"upper_bound":69557.93450292398},"point_estimate":69432.90934272301,"standard_error":107.70347067530234},"median_abs_dev":{"confidence_interval":{"confidence_level":0.95,"lower_bound":653.7542524490419,"upper_bound":1190.9243952975444},"point_estimate":846.2246520532038,"standard_error":136.51572073980918},"slope":{"confidence_interval":{"confidence_level":0.95,"lower_bound":69752.23198131796,"upper_bound":70716.28600161003},"point_estimate":70190.08442401853,"standard_error":247.2416170896043},"std_dev":{"confidence_interval":{"confidence_level":0.95,"lower_bound":1559.0753259862704,"upper_bound":4458.39644590857},"point_estimate":3017.3767377311833,"standard_error":787.1829124413621}}