{"mean":{"confidence_interval":{"confidence_level":0.95,"lower_bound":69668.77138133776,"upper_bound":71116.99957854973},"point_estimate":70472.44998200734,"standard_error":370.7833797158742},"median":{"confidence_interval":{"confidence_level":0.95,"lower_bound":70475.6700680272,"upper_bound":70842.56884681583},"point_estimate":70654.12804061019,"standard_error":90.93761390646905},"median_abs_dev":{"confidence_interval":{"confidence_level":0.95,"lower_bound":543.6468720796975,"upper_bound":1124.0379962579855},"point_estimate":756.8885362336008,"standard_error":141.30157290117185},"slope":{"confidence_interval":{"confidence_level":0.95,"lower_bound":71067.8318158111,"upper_bound":71661.10847099271},"point_estimate":71346.59637357766,"standard_error":152.16640791605823},"std_dev":{"confidence_interval":{"confidence_level":0.95,"lower_bound":1789.8673592896264,"upper_bound":5612.902928625335},"point_estimate":3740.821991860463,"standard_error":1066.510892082403}}