{"mean":{"confidence_interval":{"confidence_level":0.95,"lower_bound":66433.11858444939,"upper_bound":67213.18068011539},"point_estimate":66779.36410207949,"standard_error":199.65138466795136},"median":{"confidence_interval":{"confidence_level":0.95,"lower_bound":65920.53787878787,"upper_bound":66150.53914835164},"point_estimate":66051.53788225426,"standard_error":52.26328419778546},"median_abs_dev":{"confidence_interval":{"confidence_level":0.95,"lower_bound":338.00455793455836,"upper_bound":847.7644895847934},"point_estimate":510.3112217577727,"standard_error":127.37967047320382},"slope":{"confidence_interval":{"confidence_level":0.95,"lower_bound":65928.17625382992,"upper_bound":66082.74344209708},"point_estimate":65999.42926161273,"standard_error":39.5519183745815},"std_dev":{"confidence_interval":{"confidence_level":0.95,"lower_bound":1097.3372137926115,"upper_bound":2958.688451335297},"point_estimate":2005.0746203347348,"standard_error":541.32047492622}}