{"mean":{"confidence_interval":{"confidence_level":0.95,"lower_bound":74072.81328468592,"upper_bound":74552.62636271748},"point_estimate":74308.34873822378,"standard_error":122.6250837335626},"median":{"confidence_interval":{"confidence_level":0.95,"lower_bound":73518.0895522388,"upper_bound":73756.86301564722},"point_estimate":73634.00222473606,"standard_error":62.33234023419416},"median_abs_dev":{"confidence_interval":{"confidence_level":0.95,"lower_bound":292.55134071387243,"upper_bound":929.9870211888839},"point_estimate":465.3762900914683,"standard_error":174.75983733133938},"slope":{"confidence_interval":{"confidence_level":0.95,"lower_bound":73565.51620722187,"upper_bound":73701.29562571242},"point_estimate":73627.58107699128,"standard_error":34.54085195286287},"std_dev":{"confidence_interval":{"confidence_level":0.95,"lower_bound":1097.88032642419,"upper_bound":1332.5819176474063},"point_estimate":1232.0673634318941,"standard_error":59.57025936791879}}