{"mean":{"confidence_interval":{"confidence_level":0.95,"lower_bound":68810.93588620982,"upper_bound":69385.38376795234},"point_estimate":69029.31723272931,"standard_error":157.01648881849943},"median":{"confidence_interval":{"confidence_level":0.95,"lower_bound":68792.03741496599,"upper_bound":68891.57520639835},"point_estimate":68841.71836158191,"standard_error":26.816126486065635},"median_abs_dev":{"confidence_interval":{"confidence_level":0.95,"lower_bound":156.39988305667652,"upper_bound":284.05762412363504},"point_estimate":223.58535655831813,"standard_error":32.65496168704758},"slope":{"confidence_interval":{"confidence_level":0.95,"lower_bound":68885.07341666083,"upper_bound":69150.0507096361},"point_estimate":68997.1328323728,"standard_error":69.08787412407992},"std_dev":{"confidence_interval":{"confidence_level":0.95,"lower_bound":332.04887944425803,"upper_bound":2633.876743228041},"point_estimate":1575.7806169516473,"standard_error":764.1643198325147}}