{"mean":{"confidence_interval":{"confidence_level":0.95,"lower_bound":73734.56611646763,"upper_bound":74319.70057503194},"point_estimate":73984.91274718454,"standard_error":150.81909912801737},"median":{"confidence_interval":{"confidence_level":0.95,"lower_bound":73676.95925925925,"upper_bound":73885.69341856061},"point_estimate":73820.65201491815,"standard_error":66.16977712666824},"median_abs_dev":{"confidence_interval":{"confidence_level":0.95,"lower_bound":264.12286874838173,"upper_bound":442.28379644764783},"point_estimate":329.58319646637005,"standard_error":43.686152812284746},"slope":{"confidence_interval":{"confidence_level":0.95,"lower_bound":73933.37772010257,"upper_bound":74520.75975829866},"point_estimate":74180.05958277917,"standard_error":151.43669829194448},"std_dev":{"confidence_interval":{"confidence_level":0.95,"lower_bound":399.7755508163145,"upper_bound":2304.739388854421},"point_estimate":1516.6136175933816,"standard_error":479.50008006678485}}