{"mean":{"confidence_interval":{"confidence_level":0.95,"lower_bound":73472.27032241804,"upper_bound":73978.51142453446},"point_estimate":73720.36327465362,"standard_error":129.1490000375415},"median":{"confidence_interval":{"confidence_level":0.95,"lower_bound":72966.4308859721,"upper_bound":73365.79659529659},"point_estimate":73155.235705534,"standard_error":111.95393132251313},"median_abs_dev":{"confidence_interval":{"confidence_level":0.95,"lower_bound":487.9693912282577,"upper_bound":1221.813947372624},"point_estimate":747.614881097047,"standard_error":193.4598836279335},"slope":{"confidence_interval":{"confidence_level":0.95,"lower_bound":72985.46119187027,"upper_bound":73179.83579587584},"point_estimate":73078.35210088173,"standard_error":49.59873130322543},"std_dev":{"confidence_interval":{"confidence_level":0.95,"lower_bound":1122.7014910966388,"upper_bound":1448.3702661375066},"point_estimate":1297.4500606554893,"standard_error":83.1152707305257}}