{"mean":{"confidence_interval":{"confidence_level":0.95,"lower_bound":66204.00283282837,"upper_bound":66611.52908945078},"point_estimate":66403.62451464741,"standard_error":104.36464541529404},"median":{"confidence_interval":{"confidence_level":0.95,"lower_bound":65745.7923724826,"upper_bound":65922.33620689655},"point_estimate":65819.57267378215,"standard_error":41.54592768584143},"median_abs_dev":{"confidence_interval":{"confidence_level":0.95,"lower_bound":230.07319347069108,"upper_bound":696.3765623680324},"point_estimate":389.5696127107451,"standard_error":115.87631072369075},"slope":{"confidence_interval":{"confidence_level":0.95,"lower_bound":65778.49444033045,"upper_bound":65925.55644155658},"point_estimate":65845.22795133245,"standard_error":37.49011043663358},"std_dev":{"confidence_interval":{"confidence_level":0.95,"lower_bound":934.3771791937901,"upper_bound":1133.3008235984653},"point_estimate":1050.3942512805259,"standard_error":50.84351881784679}}