{"mean":{"confidence_interval":{"confidence_level":0.95,"lower_bound":73336.25206992288,"upper_bound":73735.60695386452},"point_estimate":73527.84226540358,"standard_error":102.01216234665426},"median":{"confidence_interval":{"confidence_level":0.95,"lower_bound":73018.61975308642,"upper_bound":73170.09090909091},"point_estimate":73087.83022540982,"standard_error":37.956310016079605},"median_abs_dev":{"confidence_interval":{"confidence_level":0.95,"lower_bound":235.63684582711363,"upper_bound":512.2522772842289},"point_estimate":346.2693328189028,"standard_error":69.97748510277182},"slope":{"confidence_interval":{"confidence_level":0.95,"lower_bound":73047.68056904855,"upper_bound":73150.31111487202},"point_estimate":73098.33296113492,"standard_error":26.226342141813205},"std_dev":{"confidence_interval":{"confidence_level":0.95,"lower_bound":811.9408539165221,"upper_bound":1215.399858712417},"point_estimate":1028.7184607670092,"standard_error":103.32212034772934}}