{"mean":{"confidence_interval":{"confidence_level":0.95,"lower_bound":92874.36141791884,"upper_bound":93272.45783128604},"point_estimate":93069.54391783176,"standard_error":101.72807694222651},"median":{"confidence_interval":{"confidence_level":0.95,"lower_bound":92471.295,"upper_bound":92834.30847457628},"point_estimate":92600.65409165304,"standard_error":104.7474280022207},"median_abs_dev":{"confidence_interval":{"confidence_level":0.95,"lower_bound":359.0028858241602,"upper_bound":925.2298468290256},"point_estimate":554.5128886708835,"standard_error":151.32367660969703},"slope":{"confidence_interval":{"confidence_level":0.95,"lower_bound":92560.1208374249,"upper_bound":92896.71860334984},"point_estimate":92715.07126230234,"standard_error":86.11827155989842},"std_dev":{"confidence_interval":{"confidence_level":0.95,"lower_bound":876.8097165061354,"upper_bound":1139.3612036013938},"point_estimate":1021.3183600402607,"standard_error":66.93892498062334}}