{"mean":{"confidence_interval":{"confidence_level":0.95,"lower_bound":66502.02670744543,"upper_bound":67027.99836539026},"point_estimate":66756.71264466515,"standard_error":133.8197976722622},"median":{"confidence_interval":{"confidence_level":0.95,"lower_bound":66012.02469135802,"upper_bound":66244.28653893393},"point_estimate":66075.06420810931,"standard_error":58.23101711164357},"median_abs_dev":{"confidence_interval":{"confidence_level":0.95,"lower_bound":340.0920003236105,"upper_bound":846.3555547591983},"point_estimate":503.8244408296516,"standard_error":134.6572560892982},"slope":{"confidence_interval":{"confidence_level":0.95,"lower_bound":65985.45048280121,"upper_bound":66148.99764914792},"point_estimate":66060.32862322053,"standard_error":41.723128485341164},"std_dev":{"confidence_interval":{"confidence_level":0.95,"lower_bound":1117.2136314533916,"upper_bound":1574.1661615935952},"point_estimate":1341.8853249954723,"standard_error":117.40311013847794}}