{"mean":{"confidence_interval":{"confidence_level":0.95,"lower_bound":71753.08170331683,"upper_bound":72151.6464566731},"point_estimate":71946.52814751194,"standard_error":101.97174229241068},"median":{"confidence_interval":{"confidence_level":0.95,"lower_bound":71500.02412280702,"upper_bound":71713.27777777778},"point_estimate":71606.93015873016,"standard_error":56.759856458453825},"median_abs_dev":{"confidence_interval":{"confidence_level":0.95,"lower_bound":366.610502481757,"upper_bound":786.5560771238793},"point_estimate":490.49295443783944,"standard_error":107.25799933576639},"slope":{"confidence_interval":{"confidence_level":0.95,"lower_bound":71501.16443515869,"upper_bound":71685.56262894845},"point_estimate":71584.78265701197,"standard_error":47.056425510734925},"std_dev":{"confidence_interval":{"confidence_level":0.95,"lower_bound":840.4722562653252,"upper_bound":1186.5111896029696},"point_estimate":1027.832309893625,"standard_error":88.33726841489153}}