{"mean":{"confidence_interval":{"confidence_level":0.95,"lower_bound":70732.96940814877,"upper_bound":71147.16212518317},"point_estimate":70935.80804355556,"standard_error":105.81139379567995},"median":{"confidence_interval":{"confidence_level":0.95,"lower_bound":70360.0309139785,"upper_bound":70528.06849315068},"point_estimate":70433.02918473262,"standard_error":37.949200140475334},"median_abs_dev":{"confidence_interval":{"confidence_level":0.95,"lower_bound":262.24026484393005,"upper_bound":718.6961658912161},"point_estimate":372.1421961711697,"standard_error":111.4576957085428},"slope":{"confidence_interval":{"confidence_level":0.95,"lower_bound":70336.01108665841,"upper_bound":70442.6200589989},"point_estimate":70386.28405792818,"standard_error":27.114803090817656},"std_dev":{"confidence_interval":{"confidence_level":0.95,"lower_bound":915.2588497856273,"upper_bound":1180.8539026642727},"point_estimate":1061.3980410632134,"standard_error":67.5318907555977}}