{"mean":{"confidence_interval":{"confidence_level":0.95,"lower_bound":71374.72445291375,"upper_bound":71814.97960691742},"point_estimate":71588.52711358972,"standard_error":112.39195815233563},"median":{"confidence_interval":{"confidence_level":0.95,"lower_bound":71077.9655153141,"upper_bound":71293.29},"point_estimate":71171.57105654762,"standard_error":64.08093170631892},"median_abs_dev":{"confidence_interval":{"confidence_level":0.95,"lower_bound":384.5730582717248,"upper_bound":893.5349543302146},"point_estimate":600.0133191058858,"standard_error":125.31352634716217},"slope":{"confidence_interval":{"confidence_level":0.95,"lower_bound":71208.59562900329,"upper_bound":71661.6398308495},"point_estimate":71418.49666124821,"standard_error":116.47996902971104},"std_dev":{"confidence_interval":{"confidence_level":0.95,"lower_bound":917.0926680028228,"upper_bound":1305.8916548131306},"point_estimate":1127.4457086143896,"standard_error":99.36983844596163}}