{"mean":{"confidence_interval":{"confidence_level":0.95,"lower_bound":92470.18398844308,"upper_bound":92873.98766581298},"point_estimate":92668.83679983653,"standard_error":103.2557397995554},"median":{"confidence_interval":{"confidence_level":0.95,"lower_bound":92075.8,"upper_bound":92460.55652173913},"point_estimate":92236.48000000001,"standard_error":94.76856979930226},"median_abs_dev":{"confidence_interval":{"confidence_level":0.95,"lower_bound":457.0497653717856,"upper_bound":990.2977664410674},"point_estimate":631.2969991922433,"standard_error":134.72066879301346},"slope":{"confidence_interval":{"confidence_level":0.95,"lower_bound":92049.01574827111,"upper_bound":92280.18243836625},"point_estimate":92154.78376533175,"standard_error":59.056630668783555},"std_dev":{"confidence_interval":{"confidence_level":0.95,"lower_bound":893.533721321914,"upper_bound":1154.377541068146},"point_estimate":1038.3254824621054,"standard_error":66.6696196936774}}