{"mean":{"confidence_interval":{"confidence_level":0.95,"lower_bound":62001.309405121465,"upper_bound":62525.78717135467},"point_estimate":62262.579588356486,"standard_error":134.24374154186754},"median":{"confidence_interval":{"confidence_level":0.95,"lower_bound":61344.40049751244,"upper_bound":63207.372895622895},"point_estimate":61610.171132446456,"standard_error":511.0946517156894},"median_abs_dev":{"confidence_interval":{"confidence_level":0.95,"lower_bound":785.8194907309056,"upper_bound":2015.5608943577638},"point_estimate":1456.2568481815651,"standard_error":352.89426239178067},"slope":{"confidence_interval":{"confidence_level":0.95,"lower_bound":61333.10782554971,"upper_bound":61586.5283952225},"point_estimate":61449.62394611103,"standard_error":64.69472042659856},"std_dev":{"confidence_interval":{"confidence_level":0.95,"lower_bound":1257.213591113667,"upper_bound":1413.573363128372},"point_estimate":1345.4246724724055,"standard_error":39.883381301609916}}