{"mean":{"confidence_interval":{"confidence_level":0.95,"lower_bound":69166.55228772043,"upper_bound":69697.46843744825},"point_estimate":69424.5025673581,"standard_error":135.23677956099004},"median":{"confidence_interval":{"confidence_level":0.95,"lower_bound":68607.94727891157,"upper_bound":68869.55376344085},"point_estimate":68702.73972051506,"standard_error":66.81175561803455},"median_abs_dev":{"confidence_interval":{"confidence_level":0.95,"lower_bound":311.6589615669531,"upper_bound":792.5295321397325},"point_estimate":466.2413024579729,"standard_error":130.4634605543281},"slope":{"confidence_interval":{"confidence_level":0.95,"lower_bound":68649.1166876494,"upper_bound":68797.36900077954},"point_estimate":68719.16137677946,"standard_error":37.71415645768922},"std_dev":{"confidence_interval":{"confidence_level":0.95,"lower_bound":1176.3441900338378,"upper_bound":1500.9512368240046},"point_estimate":1359.3950774392238,"standard_error":83.05895913313478}}