{"mean":{"confidence_interval":{"confidence_level":0.95,"lower_bound":55164.60226398001,"upper_bound":55657.9607345224},"point_estimate":55403.42112058621,"standard_error":126.36803399081643},"median":{"confidence_interval":{"confidence_level":0.95,"lower_bound":54850.615046865045,"upper_bound":55129.88953488372},"point_estimate":54979.746407853636,"standard_error":72.38862813761328},"median_abs_dev":{"confidence_interval":{"confidence_level":0.95,"lower_bound":405.7926749026014,"upper_bound":897.151506163949},"point_estimate":671.4435754102467,"standard_error":126.23380094249073},"slope":{"confidence_interval":{"confidence_level":0.95,"lower_bound":54779.53726789805,"upper_bound":54951.65243180103},"point_estimate":54864.45463573223,"standard_error":43.65247422946888},"std_dev":{"confidence_interval":{"confidence_level":0.95,"lower_bound":1001.0682736971405,"upper_bound":1543.7614070572024},"point_estimate":1271.9810790415809,"standard_error":139.98293331990857}}