{"mean":{"confidence_interval":{"confidence_level":0.95,"lower_bound":67437.74083496134,"upper_bound":67807.83839381368},"point_estimate":67617.36679365301,"standard_error":94.09430006618885},"median":{"confidence_interval":{"confidence_level":0.95,"lower_bound":67176.82371794872,"upper_bound":67389.30555555556},"point_estimate":67286.89684023782,"standard_error":48.116687755425296},"median_abs_dev":{"confidence_interval":{"confidence_level":0.95,"lower_bound":286.27129462459703,"upper_bound":607.5069220270962},"point_estimate":382.004042106958,"standard_error":81.2660983966374},"slope":{"confidence_interval":{"confidence_level":0.95,"lower_bound":67208.65768624058,"upper_bound":67498.43448503705},"point_estimate":67337.51806216442,"standard_error":74.52186765184426},"std_dev":{"confidence_interval":{"confidence_level":0.95,"lower_bound":791.3330066691633,"upper_bound":1066.3950968851195},"point_estimate":946.2461324030145,"standard_error":70.29488492735611}}