{"mean":{"confidence_interval":{"confidence_level":0.95,"lower_bound":67326.37029602031,"upper_bound":67721.13230814216},"point_estimate":67519.45707003649,"standard_error":100.55680222591386},"median":{"confidence_interval":{"confidence_level":0.95,"lower_bound":67025.22435897436,"upper_bound":67136.66319444444},"point_estimate":67071.00121483974,"standard_error":29.78986161627385},"median_abs_dev":{"confidence_interval":{"confidence_level":0.95,"lower_bound":228.7365643601608,"upper_bound":524.7716249711956},"point_estimate":313.4759443060833,"standard_error":77.25189208677216},"slope":{"confidence_interval":{"confidence_level":0.95,"lower_bound":66985.39096903581,"upper_bound":67082.18712407297},"point_estimate":67032.52689030097,"standard_error":24.78194635472177},"std_dev":{"confidence_interval":{"confidence_level":0.95,"lower_bound":830.6879083242317,"upper_bound":1149.9082324261612},"point_estimate":1007.9285124686178,"standard_error":81.14688741767029}}