{"mean":{"confidence_interval":{"confidence_level":0.95,"lower_bound":70197.91272542332,"upper_bound":70611.4956068415},"point_estimate":70399.88878731824,"standard_error":105.35581506112115},"median":{"confidence_interval":{"confidence_level":0.95,"lower_bound":69757.52660736578,"upper_bound":69956.21428571429},"point_estimate":69819.35735529626,"standard_error":46.90340196621141},"median_abs_dev":{"confidence_interval":{"confidence_level":0.95,"lower_bound":214.43897861035347,"upper_bound":620.2932981504006},"point_estimate":350.4450413047033,"standard_error":109.84360934710054},"slope":{"confidence_interval":{"confidence_level":0.95,"lower_bound":69794.60214896701,"upper_bound":69926.6287519608},"point_estimate":69855.56704004729,"standard_error":33.7723882742294},"std_dev":{"confidence_interval":{"confidence_level":0.95,"lower_bound":930.8651176304317,"upper_bound":1149.6716650640237},"point_estimate":1056.5117874640134,"standard_error":55.99468917418707}}