{"mean":{"confidence_interval":{"confidence_level":0.95,"lower_bound":70442.17092239826,"upper_bound":70990.22979615071},"point_estimate":70702.66336219863,"standard_error":139.64127049571937},"median":{"confidence_interval":{"confidence_level":0.95,"lower_bound":70078.31735294117,"upper_bound":70197.60447761194},"point_estimate":70128.92095238095,"standard_error":27.828829323798654},"median_abs_dev":{"confidence_interval":{"confidence_level":0.95,"lower_bound":189.5725199986929,"upper_bound":475.81142202274833},"point_estimate":274.4598578941969,"standard_error":69.98468483386468},"slope":{"confidence_interval":{"confidence_level":0.95,"lower_bound":70087.64169825018,"upper_bound":70234.22507275683},"point_estimate":70152.14902270824,"standard_error":37.447215066254955},"std_dev":{"confidence_interval":{"confidence_level":0.95,"lower_bound":1036.4676203675904,"upper_bound":1720.5808472303247},"point_estimate":1399.3830856744105,"standard_error":174.931665188114}}