{"mean":{"confidence_interval":{"confidence_level":0.95,"lower_bound":89283.16104167502,"upper_bound":90489.46985431905},"point_estimate":89847.41826612032,"standard_error":308.53736761465564},"median":{"confidence_interval":{"confidence_level":0.95,"lower_bound":88580.09620253164,"upper_bound":89008.53442622951},"point_estimate":88716.05781609195,"standard_error":115.14042243686804},"median_abs_dev":{"confidence_interval":{"confidence_level":0.95,"lower_bound":741.9935783421379,"upper_bound":1356.4135469374155},"point_estimate":1011.953610838832,"standard_error":158.63601381548233},"slope":{"confidence_interval":{"confidence_level":0.95,"lower_bound":88462.00831880781,"upper_bound":88925.7752664422},"point_estimate":88674.25045603665,"standard_error":119.35596372063492},"std_dev":{"confidence_interval":{"confidence_level":0.95,"lower_bound":2143.0668740277006,"upper_bound":3843.254648762245},"point_estimate":3096.522535118951,"standard_error":432.6315890229282}}