{"mean":{"confidence_interval":{"confidence_level":0.95,"lower_bound":4079574.867750002,"upper_bound":4088688.5438461546},"point_estimate":4083708.368461538,"standard_error":2328.0446091279982},"median":{"confidence_interval":{"confidence_level":0.95,"lower_bound":4077220.346153846,"upper_bound":4083189.5384615385},"point_estimate":4078909.6153846155,"standard_error":1430.3118667983974},"median_abs_dev":{"confidence_interval":{"confidence_level":0.95,"lower_bound":8830.935673988623,"upper_bound":15554.141648858602},"point_estimate":10856.11021495761,"standard_error":1701.1446913763643},"slope":null,"std_dev":{"confidence_interval":{"confidence_level":0.95,"lower_bound":12851.846785145457,"upper_bound":33449.85225752079},"point_estimate":23378.92355736274,"standard_error":5465.898849827099}}