{"mean":{"confidence_interval":{"confidence_level":0.95,"lower_bound":-0.027179162616114767,"upper_bound":-0.016570443164756234},"point_estimate":-0.021850136825027122,"standard_error":0.0027085625261067817},"median":{"confidence_interval":{"confidence_level":0.95,"lower_bound":-0.020514323993119143,"upper_bound":-0.012600711309039725},"point_estimate":-0.016511129752608822,"standard_error":0.0021395052531811903}}