{"mean":{"confidence_interval":{"confidence_level":0.95,"lower_bound":0.0006056724279534804,"upper_bound":0.007530069780757857},"point_estimate":0.003992544598705905,"standard_error":0.001731244314672708},"median":{"confidence_interval":{"confidence_level":0.95,"lower_bound":0.0023742673141085024,"upper_bound":0.00384268478643444},"point_estimate":0.002801155842109937,"standard_error":0.0004094209118587138}}