{"mean":{"confidence_interval":{"confidence_level":0.95,"lower_bound":-0.003703179310436843,"upper_bound":0.0025059783211344275},"point_estimate":-0.0009457595860620227,"standard_error":0.001548512559112071},"median":{"confidence_interval":{"confidence_level":0.95,"lower_bound":-0.002176477472136118,"upper_bound":0.00008782360993686567},"point_estimate":-0.0010449269295887964,"standard_error":0.00060849971350577}}