{"mean":{"confidence_interval":{"confidence_level":0.95,"lower_bound":0.0014343621089842344,"upper_bound":0.00798573617039744},"point_estimate":0.00477177635212489,"standard_error":0.0016619822077974806},"median":{"confidence_interval":{"confidence_level":0.95,"lower_bound":0.003737807777884955,"upper_bound":0.006335514368679407},"point_estimate":0.005257755627616767,"standard_error":0.0008701711415089787}}