{"mean":{"confidence_interval":{"confidence_level":0.95,"lower_bound":0.007773797650787085,"upper_bound":0.013029085171299037},"point_estimate":0.010638208711086117,"standard_error":0.001324016005955888},"median":{"confidence_interval":{"confidence_level":0.95,"lower_bound":0.013160107053112435,"upper_bound":0.01566648868801523},"point_estimate":0.015019696519668946,"standard_error":0.0006601155638869954}}