{"mean":{"confidence_interval":{"confidence_level":0.95,"lower_bound":-0.009511478265247604,"upper_bound":0.003022864443717116},"point_estimate":-0.0027836891615662385,"standard_error":0.0031570985847195225},"median":{"confidence_interval":{"confidence_level":0.95,"lower_bound":-0.002248452004529833,"upper_bound":-0.00022312216296982434},"point_estimate":-0.0014628322929615134,"standard_error":0.000448973324184267}}