{"mean":{"confidence_interval":{"confidence_level":0.95,"lower_bound":-0.0013780810966319557,"upper_bound":0.0019596579736031287},"point_estimate":0.0003958253885461005,"standard_error":0.0008548093712062392},"median":{"confidence_interval":{"confidence_level":0.95,"lower_bound":0.0011741149973263365,"upper_bound":0.00207845705003965},"point_estimate":0.0016712680820589743,"standard_error":0.00021898610815519466}}