{"mean":{"confidence_interval":{"confidence_level":0.95,"lower_bound":-0.00440113783053827,"upper_bound":0.0019212556973882133},"point_estimate":-0.0014332543857535907,"standard_error":0.0016003957434024896},"median":{"confidence_interval":{"confidence_level":0.95,"lower_bound":-0.0017341349784791849,"upper_bound":-0.000609117084440669},"point_estimate":-0.0011988288478272935,"standard_error":0.00029172009396900313}}