{"mean":{"confidence_interval":{"confidence_level":0.95,"lower_bound":0.0010210662957389543,"upper_bound":0.00773055181851589},"point_estimate":0.004821193561921566,"standard_error":0.0017238775419124036},"median":{"confidence_interval":{"confidence_level":0.95,"lower_bound":0.00523788428133054,"upper_bound":0.006738363898693311},"point_estimate":0.005920121317599669,"standard_error":0.0003870807522876008}}