{"mean":{"confidence_interval":{"confidence_level":0.95,"lower_bound":-0.0016411476107284217,"upper_bound":0.0036641016136602644},"point_estimate":0.0011447059977729435,"standard_error":0.0013506381322199634},"median":{"confidence_interval":{"confidence_level":0.95,"lower_bound":0.00007302186497137875,"upper_bound":0.0020811219731711184},"point_estimate":0.0008558490059298318,"standard_error":0.0005020445998305628}}