{"mean":{"confidence_interval":{"confidence_level":0.95,"lower_bound":-0.004248185666919982,"upper_bound":-0.0002522187180347547},"point_estimate":-0.0022341972261612497,"standard_error":0.001022254328752948},"median":{"confidence_interval":{"confidence_level":0.95,"lower_bound":-0.0036900920709994622,"upper_bound":-0.0023505750750834054},"point_estimate":-0.002975472047159089,"standard_error":0.00033512429582337075}}