{"mean":{"confidence_interval":{"confidence_level":0.95,"lower_bound":0.004968232909695875,"upper_bound":0.01989779416343405},"point_estimate":0.01221823200227079,"standard_error":0.004198364931776512},"median":{"confidence_interval":{"confidence_level":0.95,"lower_bound":0.004502554040757056,"upper_bound":0.00606897231180466},"point_estimate":0.005173282455003481,"standard_error":0.0003859856830562823}}