{"mean":{"confidence_interval":{"confidence_level":0.95,"lower_bound":-0.005130326529750519,"upper_bound":0.004073983648733809},"point_estimate":-0.00042201836997901587,"standard_error":0.002331929451429479},"median":{"confidence_interval":{"confidence_level":0.95,"lower_bound":-0.001102164924060789,"upper_bound":0.0008301939267105762},"point_estimate":-0.0002353562244709062,"standard_error":0.0004992911815364535}}