{"mean":{"confidence_interval":{"confidence_level":0.95,"lower_bound":0.007889098058255535,"upper_bound":0.028709768230787865},"point_estimate":0.016216379832225902,"standard_error":0.005222440480942095},"median":{"confidence_interval":{"confidence_level":0.95,"lower_bound":0.005644115682337247,"upper_bound":0.009324051039068859},"point_estimate":0.007420624415722887,"standard_error":0.0009405152578484932}}