{"mean":{"confidence_interval":{"confidence_level":0.95,"lower_bound":-0.00013711540242293532,"upper_bound":0.004426618610475222},"point_estimate":0.0019461119696111417,"standard_error":0.001140992141177006},"median":{"confidence_interval":{"confidence_level":0.95,"lower_bound":0.0001603288404457004,"upper_bound":0.0013143687356460543},"point_estimate":0.0006858987522628812,"standard_error":0.0003139977843808126}}