{"mean":{"confidence_interval":{"confidence_level":0.95,"lower_bound":-0.008325636830803675,"upper_bound":-0.0028459646933375973},"point_estimate":-0.005559121862481864,"standard_error":0.0014283909825591433},"median":{"confidence_interval":{"confidence_level":0.95,"lower_bound":-0.001056037733713788,"upper_bound":0.0019204192666572193},"point_estimate":0.0005906725393838297,"standard_error":0.0008182399401182081}}