{"mean":{"confidence_interval":{"confidence_level":0.95,"lower_bound":-0.013212502632975628,"upper_bound":-0.004721454966518188},"point_estimate":-0.009243296516459498,"standard_error":0.002164191146611163},"median":{"confidence_interval":{"confidence_level":0.95,"lower_bound":-0.010262675894700313,"upper_bound":-0.007230728078739812},"point_estimate":-0.008932039427651084,"standard_error":0.0008466502815688739}}