{"mean":{"confidence_interval":{"confidence_level":0.95,"lower_bound":0.0003412981670875338,"upper_bound":0.0038064566599802616},"point_estimate":0.002075272279730367,"standard_error":0.0008808717625876462},"median":{"confidence_interval":{"confidence_level":0.95,"lower_bound":0.0014938526295006748,"upper_bound":0.003319013498515566},"point_estimate":0.0024059675222205534,"standard_error":0.0004612811199086177}}