{"mean":{"confidence_interval":{"confidence_level":0.95,"lower_bound":-0.004765993495260889,"upper_bound":0.012609498003304083},"point_estimate":0.0029249026099622544,"standard_error":0.004371919884968301},"median":{"confidence_interval":{"confidence_level":0.95,"lower_bound":0.0022221888138873602,"upper_bound":0.004091209629121684},"point_estimate":0.002774717688934336,"standard_error":0.000490734887938594}}