{"mean":{"confidence_interval":{"confidence_level":0.95,"lower_bound":0.0029355026919217764,"upper_bound":0.007368037013124107},"point_estimate":0.005026877712559941,"standard_error":0.0011289353205806883},"median":{"confidence_interval":{"confidence_level":0.95,"lower_bound":0.0037266425966344663,"upper_bound":0.005418196447383698},"point_estimate":0.004517949355759443,"standard_error":0.0004340573827642108}}