{"mean":{"confidence_interval":{"confidence_level":0.95,"lower_bound":-0.004605034001217156,"upper_bound":0.00012271706711963634},"point_estimate":-0.002155042288907505,"standard_error":0.0011947231892501236},"median":{"confidence_interval":{"confidence_level":0.95,"lower_bound":-0.0024674043618543307,"upper_bound":-0.0014743146717909432},"point_estimate":-0.0019099291886761627,"standard_error":0.0002482954910664932}}