{"mean":{"confidence_interval":{"confidence_level":0.95,"lower_bound":0.00044869334567830316,"upper_bound":0.005477002236503836},"point_estimate":0.002610449352428157,"standard_error":0.0012752089285891337},"median":{"confidence_interval":{"confidence_level":0.95,"lower_bound":0.0012226626679552322,"upper_bound":0.0024819468064323225},"point_estimate":0.002013158716676955,"standard_error":0.0003211517609168357}}