{"mean":{"confidence_interval":{"confidence_level":0.95,"lower_bound":-0.04036601271945109,"upper_bound":-0.03267328559939146},"point_estimate":-0.036768405061243015,"standard_error":0.0019610588463819206},"median":{"confidence_interval":{"confidence_level":0.95,"lower_bound":-0.03703157802632706,"upper_bound":-0.03574146613577722},"point_estimate":-0.03624790902447239,"standard_error":0.0003197006154947832}}