{"mean":{"confidence_interval":{"confidence_level":0.95,"lower_bound":0.04611725661812266,"upper_bound":0.059354560414826486},"point_estimate":0.053324401844850655,"standard_error":0.00339061280154164},"median":{"confidence_interval":{"confidence_level":0.95,"lower_bound":0.05749966327868283,"upper_bound":0.059973752294795624},"point_estimate":0.058754142619489524,"standard_error":0.0006161119000408559}}