{"mean":{"confidence_interval":{"confidence_level":0.95,"lower_bound":-0.00121232588688665,"upper_bound":0.0036449525169628266},"point_estimate":0.0010550943900942134,"standard_error":0.0012342006490218074},"median":{"confidence_interval":{"confidence_level":0.95,"lower_bound":0.0002767446949987207,"upper_bound":0.0016775346159771662},"point_estimate":0.0010292569568017829,"standard_error":0.0003596272479060133}}