{"mean":{"confidence_interval":{"confidence_level":0.95,"lower_bound":-0.0022182579155353155,"upper_bound":0.005157059747960215},"point_estimate":0.001652490657749528,"standard_error":0.0018784177896035506},"median":{"confidence_interval":{"confidence_level":0.95,"lower_bound":0.00009386995056903658,"upper_bound":0.0012058013571256687},"point_estimate":0.0005322236855545004,"standard_error":0.0002912896912864051}}