{"mean":{"confidence_interval":{"confidence_level":0.95,"lower_bound":-0.0010191553009024521,"upper_bound":0.0014136500616739316},"point_estimate":0.00020828720916421517,"standard_error":0.0006144513843615027},"median":{"confidence_interval":{"confidence_level":0.95,"lower_bound":-0.00055431656691729,"upper_bound":0.0004803971878500008},"point_estimate":-0.000012882768847477521,"standard_error":0.00026284631933241686}}