{"mean":{"confidence_interval":{"confidence_level":0.95,"lower_bound":-0.005666410665275298,"upper_bound":-0.0012872956552522135},"point_estimate":-0.0035019337047700327,"standard_error":0.0011588075235708173},"median":{"confidence_interval":{"confidence_level":0.95,"lower_bound":-0.006292044616904266,"upper_bound":-0.004248247146767192},"point_estimate":-0.0053272045000741786,"standard_error":0.0005266039662496091}}