{"mean":{"confidence_interval":{"confidence_level":0.95,"lower_bound":-0.0011216841406207988,"upper_bound":0.003912550850001139},"point_estimate":0.0011595977893410492,"standard_error":0.001314791093359672},"median":{"confidence_interval":{"confidence_level":0.95,"lower_bound":-0.0006339277154634448,"upper_bound":0.0009588710072632178},"point_estimate":0.00022258231069338663,"standard_error":0.0004161197218012082}}