{"mean":{"confidence_interval":{"confidence_level":0.95,"lower_bound":-0.005213369421637748,"upper_bound":-0.0001889565321622508},"point_estimate":-0.0026725489981748174,"standard_error":0.001275955354541446},"median":{"confidence_interval":{"confidence_level":0.95,"lower_bound":-0.002565754557124267,"upper_bound":-0.0011466102209285456},"point_estimate":-0.001948758377183557,"standard_error":0.0003424023371094874}}