{"mean":{"confidence_interval":{"confidence_level":0.95,"lower_bound":0.0038512676706624286,"upper_bound":0.007721935650391481},"point_estimate":0.005744472196775652,"standard_error":0.0009884823255822191},"median":{"confidence_interval":{"confidence_level":0.95,"lower_bound":0.0044828902512328295,"upper_bound":0.005846928115115066},"point_estimate":0.005196774210603605,"standard_error":0.0003568544005742949}}