{"mean":{"confidence_interval":{"confidence_level":0.95,"lower_bound":-0.0026425374786307465,"upper_bound":0.0006063234418511865},"point_estimate":-0.0009397885658527505,"standard_error":0.0008177707629746674},"median":{"confidence_interval":{"confidence_level":0.95,"lower_bound":-0.0021657386218111307,"upper_bound":-0.0006579165306688228},"point_estimate":-0.0014011284280418534,"standard_error":0.0003959995634142466}}