{"mean":{"confidence_interval":{"confidence_level":0.95,"lower_bound":-0.0023996035113159416,"upper_bound":0.010023439811509804},"point_estimate":0.001901933497824082,"standard_error":0.0032257565556791192},"median":{"confidence_interval":{"confidence_level":0.95,"lower_bound":-0.0019322837807072167,"upper_bound":-0.00013733050140096736},"point_estimate":-0.0011277262177356029,"standard_error":0.00044214781060322863}}