{"mean":{"confidence_interval":{"confidence_level":0.95,"lower_bound":0.0018163745320886162,"upper_bound":0.004213663206262375},"point_estimate":0.003019903745198782,"standard_error":0.0006097181335305735},"median":{"confidence_interval":{"confidence_level":0.95,"lower_bound":0.0026460945011508364,"upper_bound":0.0035907793285365752},"point_estimate":0.002978399921562902,"standard_error":0.00026389463856688863}}