{"mean":{"confidence_interval":{"confidence_level":0.95,"lower_bound":-0.0026300504565584383,"upper_bound":0.002332769061036077},"point_estimate":-0.0004711529791040503,"standard_error":0.0012707528643660071},"median":{"confidence_interval":{"confidence_level":0.95,"lower_bound":-0.0022822891501432154,"upper_bound":-0.0012386611121275592},"point_estimate":-0.0016373648941043761,"standard_error":0.000266883325442374}}