{"mean":{"confidence_interval":{"confidence_level":0.95,"lower_bound":0.004029358677065159,"upper_bound":0.006751380085090497},"point_estimate":0.005318510479154437,"standard_error":0.0006909956205997344},"median":{"confidence_interval":{"confidence_level":0.95,"lower_bound":0.004480090053764929,"upper_bound":0.005687660645439463},"point_estimate":0.005062026389103025,"standard_error":0.000294080435926942}}