{"mean":{"confidence_interval":{"confidence_level":0.95,"lower_bound":0.009801898549950172,"upper_bound":0.016514113142443457},"point_estimate":0.013199735838155702,"standard_error":0.0017321973900335037},"median":{"confidence_interval":{"confidence_level":0.95,"lower_bound":0.009242934378419054,"upper_bound":0.012307299212792078},"point_estimate":0.010961168118952314,"standard_error":0.0008657161559824403}}