{"mean":{"confidence_interval":{"confidence_level":0.95,"lower_bound":-0.01903263569903289,"upper_bound":-0.015825691627360163},"point_estimate":-0.01739634421112135,"standard_error":0.0008165982423374611},"median":{"confidence_interval":{"confidence_level":0.95,"lower_bound":-0.017717776621418307,"upper_bound":-0.016073282646715037},"point_estimate":-0.01696720707546051,"standard_error":0.00041793617167767836}}