{"mean":{"confidence_interval":{"confidence_level":0.95,"lower_bound":-0.008012041963596466,"upper_bound":-0.00008477726429759191},"point_estimate":-0.004500710277274611,"standard_error":0.0019737185494923645},"median":{"confidence_interval":{"confidence_level":0.95,"lower_bound":-0.002258106606168986,"upper_bound":0.006073214676508565},"point_estimate":0.003220963284525702,"standard_error":0.0023730225082092445}}