{"mean":{"confidence_interval":{"confidence_level":0.95,"lower_bound":-0.033551281537105966,"upper_bound":-0.01377562903361618},"point_estimate":-0.022387920551256824,"standard_error":0.005133030429620911},"median":{"confidence_interval":{"confidence_level":0.95,"lower_bound":-0.015243816903202312,"upper_bound":-0.011452785542513721},"point_estimate":-0.01348133107462246,"standard_error":0.0010121168625117582}}