{"mean":{"confidence_interval":{"confidence_level":0.95,"lower_bound":0.05402887686203168,"upper_bound":0.06152282531642205},"point_estimate":0.0574419469705274,"standard_error":0.0019383436430648485},"median":{"confidence_interval":{"confidence_level":0.95,"lower_bound":0.0529043266224698,"upper_bound":0.05544551317535085},"point_estimate":0.05372422089632134,"standard_error":0.000654851824221754}}