{"mean":{"confidence_interval":{"confidence_level":0.95,"lower_bound":0.0028402456970638376,"upper_bound":0.009391252112620664},"point_estimate":0.006304804928577212,"standard_error":0.0016638324773154771},"median":{"confidence_interval":{"confidence_level":0.95,"lower_bound":0.007046112744814259,"upper_bound":0.009329544931526934},"point_estimate":0.008337177423709985,"standard_error":0.0005981115216321661}}