{"mean":{"confidence_interval":{"confidence_level":0.95,"lower_bound":0.03203419626697237,"upper_bound":0.0444322480106778},"point_estimate":0.03928971390779745,"standard_error":0.003218002128617639},"median":{"confidence_interval":{"confidence_level":0.95,"lower_bound":0.041037047515618985,"upper_bound":0.043258566907083296},"point_estimate":0.04249596953302559,"standard_error":0.0005042565473880902}}