{"mean":{"confidence_interval":{"confidence_level":0.95,"lower_bound":0.00019399756208535215,"upper_bound":0.0038247991705140645},"point_estimate":0.0020450890424215107,"standard_error":0.000916678693370514},"median":{"confidence_interval":{"confidence_level":0.95,"lower_bound":0.0008647851394052442,"upper_bound":0.0022116629157709067},"point_estimate":0.0013736930234669043,"standard_error":0.0003471145500314339}}