{"mean":{"confidence_interval":{"confidence_level":0.95,"lower_bound":-0.001397357729907314,"upper_bound":0.0018343704699220248},"point_estimate":0.00023507070573436373,"standard_error":0.0008172111842355082},"median":{"confidence_interval":{"confidence_level":0.95,"lower_bound":-0.00014032664377838788,"upper_bound":0.0009202299859925045},"point_estimate":0.00031624659169771085,"standard_error":0.0002661876065199481}}