{"mean":{"confidence_interval":{"confidence_level":0.95,"lower_bound":0.006319960900442556,"upper_bound":0.016017081366560996},"point_estimate":0.009895988245210985,"standard_error":0.002431779310104456},"median":{"confidence_interval":{"confidence_level":0.95,"lower_bound":0.007138865493732549,"upper_bound":0.008564372401167919},"point_estimate":0.007781065792660025,"standard_error":0.0003457665611298249}}