{"mean":{"confidence_interval":{"confidence_level":0.95,"lower_bound":0.00868816374738975,"upper_bound":0.011406672938121315},"point_estimate":0.01010586871525887,"standard_error":0.0006931658742953771},"median":{"confidence_interval":{"confidence_level":0.95,"lower_bound":0.010255295551263827,"upper_bound":0.011587709253529921},"point_estimate":0.010771155676481348,"standard_error":0.00033517188454389716}}