{"mean":{"confidence_interval":{"confidence_level":0.95,"lower_bound":-0.21940690697433438,"upper_bound":-0.21637207088761012},"point_estimate":-0.21786355088828113,"standard_error":0.0007705879697821164},"median":{"confidence_interval":{"confidence_level":0.95,"lower_bound":-0.2188329412389205,"upper_bound":-0.21568082846280662},"point_estimate":-0.21666018629117234,"standard_error":0.0008092422555987888}}