{"mean":{"confidence_interval":{"confidence_level":0.95,"lower_bound":-0.004227506402860087,"upper_bound":-0.0008853548324338912},"point_estimate":-0.0026008425773897947,"standard_error":0.0008490973004422359},"median":{"confidence_interval":{"confidence_level":0.95,"lower_bound":-0.004616377316320142,"upper_bound":-0.0015372569896265921},"point_estimate":-0.002944021167491262,"standard_error":0.0007911710039155054}}