{"mean":{"confidence_interval":{"confidence_level":0.95,"lower_bound":-0.07346546412539685,"upper_bound":-0.0689696529429299},"point_estimate":-0.0711122105177654,"standard_error":0.0011493167601744486},"median":{"confidence_interval":{"confidence_level":0.95,"lower_bound":-0.06854828886494901,"upper_bound":-0.0667772262741052},"point_estimate":-0.06751138095530418,"standard_error":0.00046134079013829585}}