{"mean":{"confidence_interval":{"confidence_level":0.95,"lower_bound":-0.004014102367233018,"upper_bound":0.0016863139823937885},"point_estimate":-0.0005440142594854702,"standard_error":0.0015312003598305873},"median":{"confidence_interval":{"confidence_level":0.95,"lower_bound":0.0005030188820098758,"upper_bound":0.0019492475076612337},"point_estimate":0.0013975155269441153,"standard_error":0.00036344882116017463}}