{"mean":{"confidence_interval":{"confidence_level":0.95,"lower_bound":0.014275029373029498,"upper_bound":0.016835100785715262},"point_estimate":0.015554007610326881,"standard_error":0.0006575391694536108},"median":{"confidence_interval":{"confidence_level":0.95,"lower_bound":0.014485502837437991,"upper_bound":0.016168686715932985},"point_estimate":0.015597388903078269,"standard_error":0.00042745941281372004}}