{"mean":{"confidence_interval":{"confidence_level":0.95,"lower_bound":-0.0015870995413465227,"upper_bound":0.00884878639441947},"point_estimate":0.002750347422597166,"standard_error":0.002683525147862673},"median":{"confidence_interval":{"confidence_level":0.95,"lower_bound":-0.002593308165039554,"upper_bound":0.0011231137397813562},"point_estimate":-0.0011456661716311434,"standard_error":0.0009361929526782212}}