{"mean":{"confidence_interval":{"confidence_level":0.95,"lower_bound":0.0015869150167482087,"upper_bound":0.0049170414796914355},"point_estimate":0.0032184768007306186,"standard_error":0.0008594483180068938},"median":{"confidence_interval":{"confidence_level":0.95,"lower_bound":0.001624062379979252,"upper_bound":0.0035495655711741403},"point_estimate":0.0025796381380340794,"standard_error":0.00048766247345242514}}