{"mean":{"confidence_interval":{"confidence_level":0.95,"lower_bound":-0.02733428329027198,"upper_bound":-0.0181045869106393},"point_estimate":-0.022468869118763668,"standard_error":0.0023551817248609365},"median":{"confidence_interval":{"confidence_level":0.95,"lower_bound":-0.023979886291526475,"upper_bound":-0.017837388241921492},"point_estimate":-0.020324327536091147,"standard_error":0.001628208037146627}}