{"mean":{"confidence_interval":{"confidence_level":0.95,"lower_bound":-0.2206835747892482,"upper_bound":-0.2115417626645305},"point_estimate":-0.21531390558230157,"standard_error":0.0024019855684961665},"median":{"confidence_interval":{"confidence_level":0.95,"lower_bound":-0.21399731479761291,"upper_bound":-0.21159045460644643},"point_estimate":-0.2129421922941246,"standard_error":0.0006155993631109023}}