{"mean":{"confidence_interval":{"confidence_level":0.95,"lower_bound":0.0027549036057956115,"upper_bound":0.007563139752313386},"point_estimate":0.00495256188533455,"standard_error":0.001229047864976311},"median":{"confidence_interval":{"confidence_level":0.95,"lower_bound":0.003174153256543244,"upper_bound":0.004928019496685865},"point_estimate":0.004052250914341915,"standard_error":0.00043939103907488246}}