{"mean":{"confidence_interval":{"confidence_level":0.95,"lower_bound":-0.003723910143636582,"upper_bound":0.00019829523012476194},"point_estimate":-0.0015872682340380972,"standard_error":0.0010051835006881194},"median":{"confidence_interval":{"confidence_level":0.95,"lower_bound":-0.001450925465207753,"upper_bound":0.00006706174250603603},"point_estimate":-0.0007434805871386896,"standard_error":0.00039210920990179725}}