{"mean":{"confidence_interval":{"confidence_level":0.95,"lower_bound":-0.009106548535432336,"upper_bound":-0.0015903633935227268},"point_estimate":-0.004543137188089075,"standard_error":0.002005755522827523},"median":{"confidence_interval":{"confidence_level":0.95,"lower_bound":-0.003323208707016634,"upper_bound":-0.0020463185223599245},"point_estimate":-0.0026996611121063996,"standard_error":0.00032486892609106567}}