{"mean":{"confidence_interval":{"confidence_level":0.95,"lower_bound":0.008462701749562629,"upper_bound":0.012017259162505905},"point_estimate":0.01030582639746469,"standard_error":0.0009020380829344234},"median":{"confidence_interval":{"confidence_level":0.95,"lower_bound":0.01016469345276283,"upper_bound":0.012302844533113255},"point_estimate":0.011264053492878068,"standard_error":0.0005162568152217546}}