{"mean":{"confidence_interval":{"confidence_level":0.95,"lower_bound":-0.05031169446301287,"upper_bound":0.0019241615228117275},"point_estimate":-0.02005026063653681,"standard_error":0.013773852991674251},"median":{"confidence_interval":{"confidence_level":0.95,"lower_bound":0.0000660832718777371,"upper_bound":0.001632082174235494},"point_estimate":0.0011427270736785733,"standard_error":0.0004133491812023107}}