{"mean":{"confidence_interval":{"confidence_level":0.95,"lower_bound":-0.003717267519907091,"upper_bound":0.0029047190120406402},"point_estimate":-0.0008181026524836099,"standard_error":0.0016597684095528034},"median":{"confidence_interval":{"confidence_level":0.95,"lower_bound":-0.005163403753549481,"upper_bound":-0.0031276414100788186},"point_estimate":-0.0040149979095596144,"standard_error":0.0005048484314735228}}