{"mean":{"confidence_interval":{"confidence_level":0.95,"lower_bound":-0.03860484951773628,"upper_bound":-0.02944305223691245},"point_estimate":-0.03450497968567112,"standard_error":0.00228739959844755},"median":{"confidence_interval":{"confidence_level":0.95,"lower_bound":-0.04395831989390597,"upper_bound":-0.031038220947220863},"point_estimate":-0.03663397961819781,"standard_error":0.0034521255181646075}}