{"mean":{"confidence_interval":{"confidence_level":0.95,"lower_bound":-0.22887242100484306,"upper_bound":-0.22176287961389674},"point_estimate":-0.22542673897020726,"standard_error":0.0017731291316072475},"median":{"confidence_interval":{"confidence_level":0.95,"lower_bound":-0.22623761916399265,"upper_bound":-0.2244888853932827},"point_estimate":-0.22539701551157176,"standard_error":0.00044323406299270933}}