{"mean":{"confidence_interval":{"confidence_level":0.95,"lower_bound":-0.00767412715800595,"upper_bound":-0.004031635432323451},"point_estimate":-0.005850374110575873,"standard_error":0.0009311813660616445},"median":{"confidence_interval":{"confidence_level":0.95,"lower_bound":-0.007091282761052963,"upper_bound":-0.004739872693395042},"point_estimate":-0.006072621730545236,"standard_error":0.0006044319505128875}}