{"mean":{"confidence_interval":{"confidence_level":0.95,"lower_bound":0.060885455062463144,"upper_bound":0.06542435891851267},"point_estimate":0.063250491757054,"standard_error":0.0011511588286057966},"median":{"confidence_interval":{"confidence_level":0.95,"lower_bound":0.06355746743822355,"upper_bound":0.06506515597766449},"point_estimate":0.06415721187271495,"standard_error":0.0003825922337683102}}