{"mean":{"confidence_interval":{"confidence_level":0.95,"lower_bound":0.08695989709044379,"upper_bound":0.09229164545004448},"point_estimate":0.08940569717379421,"standard_error":0.0013882664180423498},"median":{"confidence_interval":{"confidence_level":0.95,"lower_bound":0.08466769880394498,"upper_bound":0.08700320523348348},"point_estimate":0.08561710795446387,"standard_error":0.0005583329951220117}}