{"mean":{"confidence_interval":{"confidence_level":0.95,"lower_bound":-0.0028735098827118357,"upper_bound":0.000460758861183369},"point_estimate":-0.0010625872245756396,"standard_error":0.000851513099493587},"median":{"confidence_interval":{"confidence_level":0.95,"lower_bound":-0.0015263247658843238,"upper_bound":0.0004970644749464626},"point_estimate":-0.0006501390617035252,"standard_error":0.0005109493657627023}}