{"mean":{"confidence_interval":{"confidence_level":0.95,"lower_bound":0.010100941871582319,"upper_bound":0.012706637951966415},"point_estimate":0.011357210779483706,"standard_error":0.0006617538199816492},"median":{"confidence_interval":{"confidence_level":0.95,"lower_bound":0.010780247763743755,"upper_bound":0.012519169193601298},"point_estimate":0.011453341955661944,"standard_error":0.00044486043019470857}}