{"mean":{"confidence_interval":{"confidence_level":0.95,"lower_bound":-0.019960254657878453,"upper_bound":-0.012885242464331597},"point_estimate":-0.016449344079798478,"standard_error":0.001799037118504453},"median":{"confidence_interval":{"confidence_level":0.95,"lower_bound":-0.01933682652427815,"upper_bound":-0.012448146496459946},"point_estimate":-0.01505103360108162,"standard_error":0.0018492226260775366}}