{"mean":{"confidence_interval":{"confidence_level":0.95,"lower_bound":-0.008562333117035754,"upper_bound":-0.004768529639882811},"point_estimate":-0.006522610649023153,"standard_error":0.0009696104722313508},"median":{"confidence_interval":{"confidence_level":0.95,"lower_bound":-0.007290419358999989,"upper_bound":-0.005542902473989586},"point_estimate":-0.006297179974573464,"standard_error":0.0004487751310378555}}