{"mean":{"confidence_interval":{"confidence_level":0.95,"lower_bound":0.0051320849498489975,"upper_bound":0.014908067135179826},"point_estimate":0.00993950443746039,"standard_error":0.002494986730383626},"median":{"confidence_interval":{"confidence_level":0.95,"lower_bound":0.007963514949867134,"upper_bound":0.014550496254674528},"point_estimate":0.012018540346222517,"standard_error":0.0016765507746476882}}