{"mean":{"confidence_interval":{"confidence_level":0.95,"lower_bound":0.009726278118443944,"upper_bound":0.012804715414593904},"point_estimate":0.011259285302329225,"standard_error":0.0007875477474147679},"median":{"confidence_interval":{"confidence_level":0.95,"lower_bound":0.009611090758840691,"upper_bound":0.012069144925797914},"point_estimate":0.010573123745149626,"standard_error":0.0006394962743671836}}