{"mean":{"confidence_interval":{"confidence_level":0.95,"lower_bound":-0.031984448968011614,"upper_bound":-0.027081354836809447},"point_estimate":-0.029679959803534772,"standard_error":0.0012569099971448624},"median":{"confidence_interval":{"confidence_level":0.95,"lower_bound":-0.03234596176553439,"upper_bound":-0.028984462682001833},"point_estimate":-0.03019716053740673,"standard_error":0.0008796999438565639}}