{"mean":{"confidence_interval":{"confidence_level":0.95,"lower_bound":0.00044418494655532097,"upper_bound":0.006652201083633035},"point_estimate":0.0033548191297294583,"standard_error":0.0015647661507867247},"median":{"confidence_interval":{"confidence_level":0.95,"lower_bound":0.0009317941085595915,"upper_bound":0.004119130535368054},"point_estimate":0.0023842838145442524,"standard_error":0.000796648983154427}}