{"mean":{"confidence_interval":{"confidence_level":0.95,"lower_bound":1.09225626928289,"upper_bound":1.1182581020162181},"point_estimate":1.1023667690495031,"standard_error":0.006815794056721652},"median":{"confidence_interval":{"confidence_level":0.95,"lower_bound":1.0959752115843289,"upper_bound":1.1005365692137241},"point_estimate":1.098168836851476,"standard_error":0.0011822610351619862}}