{"mean":{"confidence_interval":{"confidence_level":0.95,"lower_bound":-0.027619065519901318,"upper_bound":-0.01704594598001296},"point_estimate":-0.021983533894990304,"standard_error":0.0026927776549702767},"median":{"confidence_interval":{"confidence_level":0.95,"lower_bound":-0.027603103290831044,"upper_bound":-0.01160144324851431},"point_estimate":-0.01849272318240247,"standard_error":0.003929734213753106}}