{"mean":{"confidence_interval":{"confidence_level":0.95,"lower_bound":0.0659463899386852,"upper_bound":0.07288475728818916},"point_estimate":0.06924260141512772,"standard_error":0.0017817819175454676},"median":{"confidence_interval":{"confidence_level":0.95,"lower_bound":0.06051941392867599,"upper_bound":0.06283768169608384},"point_estimate":0.061507922426174755,"standard_error":0.000591227984152077}}