{"mean":{"confidence_interval":{"confidence_level":0.95,"lower_bound":0.013519905865197064,"upper_bound":0.017247187170953377},"point_estimate":0.015308092472870571,"standard_error":0.000950513877532338},"median":{"confidence_interval":{"confidence_level":0.95,"lower_bound":0.01415521409102971,"upper_bound":0.01725553861735918},"point_estimate":0.015926122233443474,"standard_error":0.0008086005411369256}}