{"mean":{"confidence_interval":{"confidence_level":0.95,"lower_bound":-0.0037563150907817364,"upper_bound":0.0011492220844725165},"point_estimate":-0.001791526161050827,"standard_error":0.001239243843388083},"median":{"confidence_interval":{"confidence_level":0.95,"lower_bound":-0.0034006911292744097,"upper_bound":-0.002176829995820029},"point_estimate":-0.002714740138640259,"standard_error":0.0003090546752287417}}