{"mean":{"confidence_interval":{"confidence_level":0.95,"lower_bound":0.0024879678366021398,"upper_bound":0.005531183595362371},"point_estimate":0.003909235514025111,"standard_error":0.0007753980055550994},"median":{"confidence_interval":{"confidence_level":0.95,"lower_bound":0.0024177222788623887,"upper_bound":0.003661866296758113},"point_estimate":0.00304554711616567,"standard_error":0.0003226515395431321}}