{"mean":{"confidence_interval":{"confidence_level":0.95,"lower_bound":-0.001651787429582439,"upper_bound":0.01875171546823242},"point_estimate":0.006741035549827634,"standard_error":0.005295499437274858},"median":{"confidence_interval":{"confidence_level":0.95,"lower_bound":-3.9808333531478e-6,"upper_bound":0.002938955455518171},"point_estimate":0.0015186062703007597,"standard_error":0.0007587028375989604}}