{"mean":{"confidence_interval":{"confidence_level":0.95,"lower_bound":-0.18428364320634666,"upper_bound":-0.17375825784030458},"point_estimate":-0.1781307847785112,"standard_error":0.002760792652830631},"median":{"confidence_interval":{"confidence_level":0.95,"lower_bound":-0.17387119024235798,"upper_bound":-0.17242058315175102},"point_estimate":-0.1730258879355706,"standard_error":0.00036073098935020037}}