{"mean":{"confidence_interval":{"confidence_level":0.95,"lower_bound":-0.0016253019408079632,"upper_bound":0.0023701796109479646},"point_estimate":0.0003682049783453323,"standard_error":0.0010289583186934416},"median":{"confidence_interval":{"confidence_level":0.95,"lower_bound":-0.002181223997770654,"upper_bound":-0.0000689383542142874},"point_estimate":-0.0016300389504690926,"standard_error":0.0005514527007555979}}