{"mean":{"confidence_interval":{"confidence_level":0.95,"lower_bound":-0.0037257917253608022,"upper_bound":0.0049048697655511555},"point_estimate":-0.0001441805689113007,"standard_error":0.0022336549635410294},"median":{"confidence_interval":{"confidence_level":0.95,"lower_bound":-0.002016457930620996,"upper_bound":-0.0003323184149310876},"point_estimate":-0.0010490310294221095,"standard_error":0.0004174616092117359}}