{"mean":{"confidence_interval":{"confidence_level":0.95,"lower_bound":-0.0810050538820874,"upper_bound":-0.07467277684444186},"point_estimate":-0.07787338330345372,"standard_error":0.0016176422258661345},"median":{"confidence_interval":{"confidence_level":0.95,"lower_bound":-0.07589865757414549,"upper_bound":-0.07117526604703883},"point_estimate":-0.07302896586958807,"standard_error":0.0012974724731511585}}