{"mean":{"confidence_interval":{"confidence_level":0.95,"lower_bound":-0.01514671548574822,"upper_bound":-0.011170783952007329},"point_estimate":-0.01335245489453929,"standard_error":0.001011320972331508},"median":{"confidence_interval":{"confidence_level":0.95,"lower_bound":-0.014440722262811456,"upper_bound":-0.01225286092149025},"point_estimate":-0.013454511420905813,"standard_error":0.000547025847955529}}