{"mean":{"confidence_interval":{"confidence_level":0.95,"lower_bound":0.07352665820707269,"upper_bound":0.08164784676971987},"point_estimate":0.07776245020556694,"standard_error":0.002063169339111902},"median":{"confidence_interval":{"confidence_level":0.95,"lower_bound":0.0753977608345835,"upper_bound":0.08094888407434753},"point_estimate":0.07838829636408695,"standard_error":0.001422525404412033}}