{"mean":{"confidence_interval":{"confidence_level":0.95,"lower_bound":0.0030285592074129784,"upper_bound":0.007491063049955226},"point_estimate":0.004820987627313755,"standard_error":0.001169116254228888},"median":{"confidence_interval":{"confidence_level":0.95,"lower_bound":0.003058166925413941,"upper_bound":0.004441857678249006},"point_estimate":0.0038595373620877726,"standard_error":0.00033840325282015314}}