{"mean":{"confidence_interval":{"confidence_level":0.95,"lower_bound":-0.07322945276614554,"upper_bound":-0.05998991759356287},"point_estimate":-0.06623738188609418,"standard_error":0.0033831084181369414},"median":{"confidence_interval":{"confidence_level":0.95,"lower_bound":-0.054983411591294745,"upper_bound":-0.05323269308095191},"point_estimate":-0.05391148126861911,"standard_error":0.0004488836717981471}}