{"mean":{"confidence_interval":{"confidence_level":0.95,"lower_bound":0.015675265099591662,"upper_bound":0.02297769559379317},"point_estimate":0.018567938997751998,"standard_error":0.0018778067194625706},"median":{"confidence_interval":{"confidence_level":0.95,"lower_bound":0.01430967462732835,"upper_bound":0.01912257352065172},"point_estimate":0.01693087883097144,"standard_error":0.0011759551298231822}}