{"mean":{"confidence_interval":{"confidence_level":0.95,"lower_bound":-0.014441871184002546,"upper_bound":-0.004978694809356018},"point_estimate":-0.0097016633818382,"standard_error":0.0023991545752871136},"median":{"confidence_interval":{"confidence_level":0.95,"lower_bound":-0.004430229380200778,"upper_bound":0.002221396862821079},"point_estimate":-0.001588209654262429,"standard_error":0.0019071700446345477}}