{"mean":{"confidence_interval":{"confidence_level":0.95,"lower_bound":592493.218865336,"upper_bound":593458.9323527152},"point_estimate":592923.271571279,"standard_error":248.4249384274818},"median":{"confidence_interval":{"confidence_level":0.95,"lower_bound":592182.5454545454,"upper_bound":592671.6647058823},"point_estimate":592458.9152517564,"standard_error":120.0382491322688},"median_abs_dev":{"confidence_interval":{"confidence_level":0.95,"lower_bound":804.9375238656393,"upper_bound":1512.2321000034817},"point_estimate":1146.2218671505063,"standard_error":177.82737545529542},"slope":{"confidence_interval":{"confidence_level":0.95,"lower_bound":592579.4840407807,"upper_bound":593146.3253208724},"point_estimate":592850.4174671199,"standard_error":144.42761059303393},"std_dev":{"confidence_interval":{"confidence_level":0.95,"lower_bound":1209.9579529358255,"upper_bound":3660.7260837009826},"point_estimate":2490.982317875681,"standard_error":661.1992328374396}}