{"mean":{"confidence_interval":{"confidence_level":0.95,"lower_bound":532072.3269429664,"upper_bound":538534.202547454},"point_estimate":534635.8760872551,"standard_error":1720.9297088537598},"median":{"confidence_interval":{"confidence_level":0.95,"lower_bound":531683.5806451612,"upper_bound":532098.771622203},"point_estimate":531932.0624522537,"standard_error":103.20078619992336},"median_abs_dev":{"confidence_interval":{"confidence_level":0.95,"lower_bound":696.971011853089,"upper_bound":1292.24766148157},"point_estimate":933.3615471795374,"standard_error":149.40664199399652},"slope":{"confidence_interval":{"confidence_level":0.95,"lower_bound":532168.1845574176,"upper_bound":540184.644488719},"point_estimate":535320.3746948426,"standard_error":2123.033272990025},"std_dev":{"confidence_interval":{"confidence_level":0.95,"lower_bound":1662.6858624100137,"upper_bound":28082.683008051114},"point_estimate":17305.449877010447,"standard_error":7353.873731498832}}