{"mean":{"confidence_interval":{"confidence_level":0.95,"lower_bound":378446.2812428963,"upper_bound":379316.8391257075},"point_estimate":378810.3900937763,"standard_error":225.97633559104457},"median":{"confidence_interval":{"confidence_level":0.95,"lower_bound":378292.7,"upper_bound":378588.30404040404},"point_estimate":378459.84268707485,"standard_error":83.4159174016619},"median_abs_dev":{"confidence_interval":{"confidence_level":0.95,"lower_bound":400.5403463165726,"upper_bound":708.3880764068966},"point_estimate":517.8174173272365,"standard_error":80.09213540994844},"slope":{"confidence_interval":{"confidence_level":0.95,"lower_bound":378497.70069125836,"upper_bound":379253.9040306545},"point_estimate":378796.8982099404,"standard_error":199.60730033624483},"std_dev":{"confidence_interval":{"confidence_level":0.95,"lower_bound":799.4708116837328,"upper_bound":3607.79343811122},"point_estimate":2273.2616995550984,"standard_error":829.4585697635252}}