{"mean":{"confidence_interval":{"confidence_level":0.95,"lower_bound":373652.3084062437,"upper_bound":374630.1984138406},"point_estimate":374071.06572064804,"standard_error":252.58173070120316},"median":{"confidence_interval":{"confidence_level":0.95,"lower_bound":373499.5497835498,"upper_bound":373779.37716450216},"point_estimate":373706.561747776,"standard_error":71.18423566930655},"median_abs_dev":{"confidence_interval":{"confidence_level":0.95,"lower_bound":430.75668174082006,"upper_bound":755.5526712353818},"point_estimate":607.9993052270561,"standard_error":81.85215132870981},"slope":{"confidence_interval":{"confidence_level":0.95,"lower_bound":373696.62830262963,"upper_bound":374708.7485228185},"point_estimate":374104.7819181321,"standard_error":264.31833095291427},"std_dev":{"confidence_interval":{"confidence_level":0.95,"lower_bound":795.3199793619086,"upper_bound":3850.686420695969},"point_estimate":2543.914950330404,"standard_error":822.1527826088949}}