{"mean":{"confidence_interval":{"confidence_level":0.95,"lower_bound":421290.84941611503,"upper_bound":424905.6325478912},"point_estimate":422755.3665597127,"standard_error":949.5741527231654},"median":{"confidence_interval":{"confidence_level":0.95,"lower_bound":421023.286779641,"upper_bound":421393.93100358424},"point_estimate":421140.32124125876,"standard_error":99.41629205385053},"median_abs_dev":{"confidence_interval":{"confidence_level":0.95,"lower_bound":676.4141713866013,"upper_bound":1171.0793063762706},"point_estimate":904.0966709180909,"standard_error":130.19098247327756},"slope":{"confidence_interval":{"confidence_level":0.95,"lower_bound":421406.70136475994,"upper_bound":426588.818107659},"point_estimate":423442.07626274566,"standard_error":1383.601414285723},"std_dev":{"confidence_interval":{"confidence_level":0.95,"lower_bound":1418.1425170453094,"upper_bound":15461.712392963973},"point_estimate":9616.491612824053,"standard_error":3848.7621591343404}}