{"mean":{"confidence_interval":{"confidence_level":0.95,"lower_bound":519595.71607076685,"upper_bound":520263.88671859447},"point_estimate":519897.9366595256,"standard_error":171.47421265593673},"median":{"confidence_interval":{"confidence_level":0.95,"lower_bound":519391.0037483267,"upper_bound":519656.65112781955},"point_estimate":519521.0695503049,"standard_error":68.73129085257406},"median_abs_dev":{"confidence_interval":{"confidence_level":0.95,"lower_bound":560.2030609458823,"upper_bound":992.8413717603685},"point_estimate":775.6120756308179,"standard_error":111.38305836623194},"slope":{"confidence_interval":{"confidence_level":0.95,"lower_bound":519572.2976478823,"upper_bound":520765.19379420177},"point_estimate":520054.176506576,"standard_error":314.9856080702423},"std_dev":{"confidence_interval":{"confidence_level":0.95,"lower_bound":918.8003856872722,"upper_bound":2474.263822573725},"point_estimate":1721.233367549982,"standard_error":412.20138450631123}}