{"mean":{"confidence_interval":{"confidence_level":0.95,"lower_bound":488002.5895978408,"upper_bound":488473.8475858181},"point_estimate":488226.58679799014,"standard_error":120.44605699578968},"median":{"confidence_interval":{"confidence_level":0.95,"lower_bound":487758.2272727273,"upper_bound":488133.4967105263},"point_estimate":487906.4788461538,"standard_error":107.86158583610063},"median_abs_dev":{"confidence_interval":{"confidence_level":0.95,"lower_bound":518.3723131909052,"upper_bound":1006.5339612661933},"point_estimate":811.1812383764479,"standard_error":124.27484521202344},"slope":{"confidence_interval":{"confidence_level":0.95,"lower_bound":487812.12607686274,"upper_bound":488338.5142096703},"point_estimate":488049.72309147334,"standard_error":134.90752519924752},"std_dev":{"confidence_interval":{"confidence_level":0.95,"lower_bound":867.806240013328,"upper_bound":1522.579667622841},"point_estimate":1207.375096538891,"standard_error":167.98307264915917}}