{"mean":{"confidence_interval":{"confidence_level":0.95,"lower_bound":-0.004393964943063322,"upper_bound":0.005739204006145812},"point_estimate":0.0007085395466113198,"standard_error":0.0025965581208882028},"median":{"confidence_interval":{"confidence_level":0.95,"lower_bound":-0.0027597109184012147,"upper_bound":0.0014025584029035462},"point_estimate":-0.0001343633947212819,"standard_error":0.0010559062605650109}}