{"mean":{"confidence_interval":{"confidence_level":0.95,"lower_bound":-0.00839385673250701,"upper_bound":0.00022816549124377941},"point_estimate":-0.003889762989434997,"standard_error":0.0022015049654644176},"median":{"confidence_interval":{"confidence_level":0.95,"lower_bound":-0.004220135590736751,"upper_bound":-0.0013446525903720863},"point_estimate":-0.00269047229905206,"standard_error":0.000715917010311193}}