{"mean":{"confidence_interval":{"confidence_level":0.95,"lower_bound":-0.003684762694378884,"upper_bound":0.00433061050319382},"point_estimate":0.000314519410627323,"standard_error":0.002045173243237212},"median":{"confidence_interval":{"confidence_level":0.95,"lower_bound":-0.002241025369888944,"upper_bound":0.0025794779601044926},"point_estimate":0.0005369769687242343,"standard_error":0.0012329333592326274}}