{"mean":{"confidence_interval":{"confidence_level":0.95,"lower_bound":-0.021829703627075356,"upper_bound":-0.013423315001089715},"point_estimate":-0.01751459673133071,"standard_error":0.0021457384275951692},"median":{"confidence_interval":{"confidence_level":0.95,"lower_bound":-0.01816273610667518,"upper_bound":-0.012446732977957065},"point_estimate":-0.015206804439216737,"standard_error":0.0014058609185059554}}