{"mean":{"confidence_interval":{"confidence_level":0.95,"lower_bound":-0.004673494246433413,"upper_bound":0.005280392572387618},"point_estimate":0.0006188010017149637,"standard_error":0.002549850428278974},"median":{"confidence_interval":{"confidence_level":0.95,"lower_bound":-0.002796325422332435,"upper_bound":0.0022248567855185364},"point_estimate":0.00006010125553390644,"standard_error":0.001334171812239751}}