{"mean":{"confidence_interval":{"confidence_level":0.95,"lower_bound":-0.0043140351998192245,"upper_bound":0.004185461542244395},"point_estimate":-0.00003351789221373025,"standard_error":0.002167197845922659},"median":{"confidence_interval":{"confidence_level":0.95,"lower_bound":-0.0016239376930662108,"upper_bound":0.003566632336138076},"point_estimate":0.0008922662550892024,"standard_error":0.0013641527198352715}}