{"mean":{"confidence_interval":{"confidence_level":0.95,"lower_bound":0.0004975499053199333,"upper_bound":0.00936452371971273},"point_estimate":0.004434491557696818,"standard_error":0.002269139371086324},"median":{"confidence_interval":{"confidence_level":0.95,"lower_bound":-0.0007277120953691485,"upper_bound":0.003929872296078107},"point_estimate":0.0009945114766936047,"standard_error":0.0010603771991533222}}