{"mean":{"confidence_interval":{"confidence_level":0.95,"lower_bound":-0.0003661670531464247,"upper_bound":0.009091876111145496},"point_estimate":0.004516095310539647,"standard_error":0.002418179218432062},"median":{"confidence_interval":{"confidence_level":0.95,"lower_bound":-0.0014725693407089402,"upper_bound":0.004668224544373212},"point_estimate":0.00036847385904725805,"standard_error":0.0014421503075492006}}