{"mean":{"confidence_interval":{"confidence_level":0.95,"lower_bound":0.03475602668832151,"upper_bound":0.04653817703559611},"point_estimate":0.04071268772066605,"standard_error":0.003014749456613691},"median":{"confidence_interval":{"confidence_level":0.95,"lower_bound":0.032585962787563094,"upper_bound":0.039309433379985714},"point_estimate":0.03609570715461574,"standard_error":0.0018219488389590957}}