{"mean":{"confidence_interval":{"confidence_level":0.95,"lower_bound":-0.019188140621621934,"upper_bound":-0.011594665315572081},"point_estimate":-0.015262068491436076,"standard_error":0.001948822050237454},"median":{"confidence_interval":{"confidence_level":0.95,"lower_bound":-0.02174052199175704,"upper_bound":-0.01722265094835196},"point_estimate":-0.019593675110252895,"standard_error":0.0011555317262664621}}