{"mean":{"confidence_interval":{"confidence_level":0.95,"lower_bound":-0.0639352535688113,"upper_bound":-0.044263473803084756},"point_estimate":-0.05328110563782873,"standard_error":0.005056874197776586},"median":{"confidence_interval":{"confidence_level":0.95,"lower_bound":-0.05083887487014249,"upper_bound":-0.04324397435654004},"point_estimate":-0.04669944886014088,"standard_error":0.0017716518526896777}}