{"mean":{"confidence_interval":{"confidence_level":0.95,"lower_bound":-0.01664018363997132,"upper_bound":-0.0017225103618454687},"point_estimate":-0.008758907714105812,"standard_error":0.0038168630997306046},"median":{"confidence_interval":{"confidence_level":0.95,"lower_bound":-0.0021280263539975586,"upper_bound":0.0018416427832250015},"point_estimate":-0.00029372138379812895,"standard_error":0.0009993450245073044}}