{"mean":{"confidence_interval":{"confidence_level":0.95,"lower_bound":-0.02343592882103583,"upper_bound":-0.01631822280103392},"point_estimate":-0.01986299350099696,"standard_error":0.0018170758775824158},"median":{"confidence_interval":{"confidence_level":0.95,"lower_bound":-0.021927833895516287,"upper_bound":-0.019164548144938287},"point_estimate":-0.020770628853115092,"standard_error":0.0007026267114209171}}