{"mean":{"confidence_interval":{"confidence_level":0.95,"lower_bound":-0.05637829775499651,"upper_bound":-0.043031411980803645},"point_estimate":-0.049263692577728446,"standard_error":0.003403895322376504},"median":{"confidence_interval":{"confidence_level":0.95,"lower_bound":-0.05056260472073526,"upper_bound":-0.047149514031955664},"point_estimate":-0.04850540269686299,"standard_error":0.0008668305033556641}}