{"mean":{"confidence_interval":{"confidence_level":0.95,"lower_bound":0.0014260589960254663,"upper_bound":0.027598970150835088},"point_estimate":0.013734974078533302,"standard_error":0.00666226005674634},"median":{"confidence_interval":{"confidence_level":0.95,"lower_bound":-0.006494179073039175,"upper_bound":-0.0006644084573327325},"point_estimate":-0.0029999843223587064,"standard_error":0.0015527019102527186}}