{"mean":{"confidence_interval":{"confidence_level":0.95,"lower_bound":-0.07915568013895466,"upper_bound":-0.06880261869707985},"point_estimate":-0.0738666382934201,"standard_error":0.0026460557605223986},"median":{"confidence_interval":{"confidence_level":0.95,"lower_bound":-0.08367805308567389,"upper_bound":-0.07441505357939637},"point_estimate":-0.07792302702761833,"standard_error":0.0021966537128650875}}