{"mean":{"confidence_interval":{"confidence_level":0.95,"lower_bound":-0.07193955380595338,"upper_bound":-0.06252950467400639},"point_estimate":-0.06664946733098853,"standard_error":0.0024150650663456417},"median":{"confidence_interval":{"confidence_level":0.95,"lower_bound":-0.06234592705513209,"upper_bound":-0.05801831462967122},"point_estimate":-0.0595376345751073,"standard_error":0.0012018948582484513}}