{"mean":{"confidence_interval":{"confidence_level":0.95,"lower_bound":-0.019751014058653125,"upper_bound":-0.008430695599010107},"point_estimate":-0.014444138358087888,"standard_error":0.0028472656167143427},"median":{"confidence_interval":{"confidence_level":0.95,"lower_bound":-0.022544502127529897,"upper_bound":-0.016905562638391713},"point_estimate":-0.020726632271047762,"standard_error":0.0014358473821972388}}