{"mean":{"confidence_interval":{"confidence_level":0.95,"lower_bound":-0.00710369516639474,"upper_bound":0.00573041876952819},"point_estimate":-0.0006133591874831756,"standard_error":0.0032984173768396945},"median":{"confidence_interval":{"confidence_level":0.95,"lower_bound":-0.000980955239951009,"upper_bound":0.0028775252299520055},"point_estimate":0.0009798836634569152,"standard_error":0.000979620336646509}}