{"mean":{"confidence_interval":{"confidence_level":0.95,"lower_bound":-0.00037944889531030447,"upper_bound":0.008989670107310391},"point_estimate":0.004107288209028059,"standard_error":0.0023912822264700864},"median":{"confidence_interval":{"confidence_level":0.95,"lower_bound":0.002136908748993971,"upper_bound":0.004565289930332117},"point_estimate":0.0031561833279694085,"standard_error":0.0006091198841670419}}