{"mean":{"confidence_interval":{"confidence_level":0.95,"lower_bound":-0.00668630625712435,"upper_bound":0.00009683187441878966},"point_estimate":-0.003274043866414389,"standard_error":0.0017373378291129348},"median":{"confidence_interval":{"confidence_level":0.95,"lower_bound":-0.0032719841859335432,"upper_bound":-0.00012248676274750903},"point_estimate":-0.0012702618418100053,"standard_error":0.0007815664481754023}}