{"mean":{"confidence_interval":{"confidence_level":0.95,"lower_bound":0.05278843400325808,"upper_bound":0.06117074203250755},"point_estimate":0.05743793321130708,"standard_error":0.0021453095469464506},"median":{"confidence_interval":{"confidence_level":0.95,"lower_bound":0.05571976405426459,"upper_bound":0.0606604158129298},"point_estimate":0.0575863456927197,"standard_error":0.0012577070812231368}}