{"mean":{"confidence_interval":{"confidence_level":0.95,"lower_bound":0.28662038314285504,"upper_bound":0.29761681709872345},"point_estimate":0.2922326643570208,"standard_error":0.002806342718785855},"median":{"confidence_interval":{"confidence_level":0.95,"lower_bound":0.28713452537638084,"upper_bound":0.29384140091490374},"point_estimate":0.2909884473704951,"standard_error":0.001703322734375073}}