{"mean":{"confidence_interval":{"confidence_level":0.95,"lower_bound":0.018893916446421046,"upper_bound":0.024892253553848585},"point_estimate":0.022103969949366142,"standard_error":0.001525081751041522},"median":{"confidence_interval":{"confidence_level":0.95,"lower_bound":0.02042751802999665,"upper_bound":0.0237824239800013},"point_estimate":0.022274836747218085,"standard_error":0.0008858071493358616}}