{"mean":{"confidence_interval":{"confidence_level":0.95,"lower_bound":-0.40160646741672823,"upper_bound":-0.39627342789972664},"point_estimate":-0.39871342617954697,"standard_error":0.001365059520820733},"median":{"confidence_interval":{"confidence_level":0.95,"lower_bound":-0.3975376279744226,"upper_bound":-0.39520381118724435},"point_estimate":-0.39669782979800305,"standard_error":0.0006465754152719816}}