{"mean":{"confidence_interval":{"confidence_level":0.95,"lower_bound":-0.008370946519755134,"upper_bound":0.00352816530293568},"point_estimate":-0.0020319900556682313,"standard_error":0.0030400336376180236},"median":{"confidence_interval":{"confidence_level":0.95,"lower_bound":0.00027711623531878615,"upper_bound":0.0034725744641679324},"point_estimate":0.0022159868227293877,"standard_error":0.0008010720561041143}}