{"mean":{"confidence_interval":{"confidence_level":0.95,"lower_bound":-0.1929234247392438,"upper_bound":-0.18512469437987394},"point_estimate":-0.18885037477322053,"standard_error":0.0019825018807827404},"median":{"confidence_interval":{"confidence_level":0.95,"lower_bound":-0.18979451002580527,"upper_bound":-0.18681289166114848},"point_estimate":-0.18861723688195342,"standard_error":0.0007467926509834156}}