{"mean":{"confidence_interval":{"confidence_level":0.95,"lower_bound":-0.0016059214019283833,"upper_bound":0.006600326844720681},"point_estimate":0.0023812998669907603,"standard_error":0.00209140579042012},"median":{"confidence_interval":{"confidence_level":0.95,"lower_bound":-0.0015776859187550674,"upper_bound":0.0011506315778675447},"point_estimate":-0.00011441246758381318,"standard_error":0.0007015768889229512}}