{"mean":{"confidence_interval":{"confidence_level":0.95,"lower_bound":-0.001580230211507766,"upper_bound":0.003875503859645512},"point_estimate":0.001149922472062359,"standard_error":0.0013827252397381029},"median":{"confidence_interval":{"confidence_level":0.95,"lower_bound":-0.0014856940843310795,"upper_bound":0.000798214929790042},"point_estimate":-0.0005788934584501915,"standard_error":0.0005885830723640089}}