{"mean":{"confidence_interval":{"confidence_level":0.95,"lower_bound":-0.07565352738879098,"upper_bound":-0.0631710895471088},"point_estimate":-0.06978001661949629,"standard_error":0.003192404315612341},"median":{"confidence_interval":{"confidence_level":0.95,"lower_bound":-0.0771397590265348,"upper_bound":-0.06993329817882177},"point_estimate":-0.07240159890079201,"standard_error":0.0018493051581694219}}