{"mean":{"confidence_interval":{"confidence_level":0.95,"lower_bound":-0.005001701181155124,"upper_bound":0.0040456081090954445},"point_estimate":-0.0005387515672956589,"standard_error":0.0023135111320672992},"median":{"confidence_interval":{"confidence_level":0.95,"lower_bound":-0.006428635248531656,"upper_bound":-0.001485756222106711},"point_estimate":-0.004347451672066627,"standard_error":0.0012451656175438122}}