{"mean":{"confidence_interval":{"confidence_level":0.95,"lower_bound":0.1699424054033707,"upper_bound":0.17496229513604117},"point_estimate":0.1723008049092234,"standard_error":0.0012949392679787093},"median":{"confidence_interval":{"confidence_level":0.95,"lower_bound":0.1699697019872788,"upper_bound":0.1724250669996792},"point_estimate":0.17100174695279602,"standard_error":0.0006262755783520239}}