{"mean":{"confidence_interval":{"confidence_level":0.95,"lower_bound":-0.010460871981482983,"upper_bound":0.003912725553727499},"point_estimate":-0.0031794395852724477,"standard_error":0.0036783649870700376},"median":{"confidence_interval":{"confidence_level":0.95,"lower_bound":-0.02809598648452627,"upper_bound":0.02582785869424642},"point_estimate":0.0005419580220384912,"standard_error":0.013043313499527474}}