{"mean":{"confidence_interval":{"confidence_level":0.95,"lower_bound":-0.052135493526644594,"upper_bound":-0.04171044698980408},"point_estimate":-0.04685236831078099,"standard_error":0.002661288742208352},"median":{"confidence_interval":{"confidence_level":0.95,"lower_bound":-0.04719400902975039,"upper_bound":-0.040653618285476645},"point_estimate":-0.043604530478565495,"standard_error":0.0016122618473403123}}