{"mean":{"confidence_interval":{"confidence_level":0.95,"lower_bound":-0.009432782392040982,"upper_bound":-0.002567724810457383},"point_estimate":-0.006047735276995758,"standard_error":0.001751148734548641},"median":{"confidence_interval":{"confidence_level":0.95,"lower_bound":-0.0057120267311545625,"upper_bound":-0.0006478567410700409},"point_estimate":-0.003040077718510892,"standard_error":0.00133903879874316}}