{"mean":{"confidence_interval":{"confidence_level":0.95,"lower_bound":0.01603866095342852,"upper_bound":0.02025724420005204},"point_estimate":0.018027280998850204,"standard_error":0.0010756267894282729},"median":{"confidence_interval":{"confidence_level":0.95,"lower_bound":0.014534524092187596,"upper_bound":0.018988771254393466},"point_estimate":0.016393663011617043,"standard_error":0.001198942693925258}}