{"mean":{"confidence_interval":{"confidence_level":0.95,"lower_bound":0.2603853796627114,"upper_bound":0.26619162756433135},"point_estimate":0.2633054934915062,"standard_error":0.0014625170135717169},"median":{"confidence_interval":{"confidence_level":0.95,"lower_bound":0.2605868927492463,"upper_bound":0.2666249233151017},"point_estimate":0.26434037342080074,"standard_error":0.0015117644287603604}}