{"mean":{"confidence_interval":{"confidence_level":0.95,"lower_bound":0.0037082899834410946,"upper_bound":0.019385255574018195},"point_estimate":0.010353748058931078,"standard_error":0.0040241485050836875},"median":{"confidence_interval":{"confidence_level":0.95,"lower_bound":0.005082562167546101,"upper_bound":0.009294237085571755},"point_estimate":0.0073693678212798375,"standard_error":0.0010799448661670769}}