{"mean":{"confidence_interval":{"confidence_level":0.95,"lower_bound":-0.005760478047239424,"upper_bound":0.0049380819919482575},"point_estimate":-0.0001595985756560614,"standard_error":0.0027183302903051668},"median":{"confidence_interval":{"confidence_level":0.95,"lower_bound":-0.0022256816252649303,"upper_bound":0.0021521822280663994},"point_estimate":-0.00008808947297955783,"standard_error":0.0011359089463644967}}