{"mean":{"confidence_interval":{"confidence_level":0.95,"lower_bound":-0.011511051978493775,"upper_bound":0.0015682274557107117},"point_estimate":-0.0045523954270657585,"standard_error":0.003342583278347878},"median":{"confidence_interval":{"confidence_level":0.95,"lower_bound":-0.003991833750776743,"upper_bound":0.0002345373587175903},"point_estimate":-0.0021787590383496314,"standard_error":0.0010605096417790347}}