{"mean":{"confidence_interval":{"confidence_level":0.95,"lower_bound":-0.0013218325613670915,"upper_bound":0.008197637777942303},"point_estimate":0.0033816570167299886,"standard_error":0.002436805604684994},"median":{"confidence_interval":{"confidence_level":0.95,"lower_bound":0.0025301145355922034,"upper_bound":0.00941196793226351},"point_estimate":0.005635320041094571,"standard_error":0.0017153049755915728}}