{"mean":{"confidence_interval":{"confidence_level":0.95,"lower_bound":0.041805765830221414,"upper_bound":0.05025551118006223},"point_estimate":0.04582362516289651,"standard_error":0.0021814579607156116},"median":{"confidence_interval":{"confidence_level":0.95,"lower_bound":0.04221249490056178,"upper_bound":0.04470699202253359},"point_estimate":0.04332120193708877,"standard_error":0.0006293143853437269}}