{"mean":{"confidence_interval":{"confidence_level":0.95,"lower_bound":-0.0032228273127429276,"upper_bound":0.004974950538388622},"point_estimate":0.0008296314213258604,"standard_error":0.0020893863929022107},"median":{"confidence_interval":{"confidence_level":0.95,"lower_bound":-0.0015371168957519776,"upper_bound":0.0028903229057126723},"point_estimate":0.0004438966265771782,"standard_error":0.0011301372782800412}}