{"mean":{"confidence_interval":{"confidence_level":0.95,"lower_bound":-0.002949644334664292,"upper_bound":0.0061104172501719725},"point_estimate":0.0012703992151748,"standard_error":0.0023169780541929487},"median":{"confidence_interval":{"confidence_level":0.95,"lower_bound":-0.001821778567461907,"upper_bound":0.0019789894482729053},"point_estimate":0.00017351757287720204,"standard_error":0.0009554939412483081}}