{"mean":{"confidence_interval":{"confidence_level":0.95,"lower_bound":-0.0019051847457112504,"upper_bound":0.007863523588337973},"point_estimate":0.002877483322286656,"standard_error":0.0024575888426875457},"median":{"confidence_interval":{"confidence_level":0.95,"lower_bound":0.0006585830798491177,"upper_bound":0.0060053791677203705},"point_estimate":0.003123959515081154,"standard_error":0.0012772813265989108}}