{"mean":{"confidence_interval":{"confidence_level":0.95,"lower_bound":-0.002080860634020626,"upper_bound":0.0067640737559836826},"point_estimate":0.0022769177554362585,"standard_error":0.0022697859206613894},"median":{"confidence_interval":{"confidence_level":0.95,"lower_bound":0.0008312883770350227,"upper_bound":0.006206834939243677},"point_estimate":0.003242727332382067,"standard_error":0.0015703897993914}}