{"mean":{"confidence_interval":{"confidence_level":0.95,"lower_bound":-0.001952812980631832,"upper_bound":0.003169907142147732},"point_estimate":0.0008490143182511289,"standard_error":0.0013073913784493387},"median":{"confidence_interval":{"confidence_level":0.95,"lower_bound":0.00043566197150290975,"upper_bound":0.003077429608319582},"point_estimate":0.0023420096270314605,"standard_error":0.0006880938367641835}}