{"mean":{"confidence_interval":{"confidence_level":0.95,"lower_bound":-0.06892078975935155,"upper_bound":-0.02142602714223109},"point_estimate":-0.0444871767709939,"standard_error":0.01211862374293506},"median":{"confidence_interval":{"confidence_level":0.95,"lower_bound":-0.008984588718771613,"upper_bound":-0.0017130818663971814},"point_estimate":-0.005592806595506872,"standard_error":0.0018746790290015058}}