{"mean":{"confidence_interval":{"confidence_level":0.95,"lower_bound":0.0011538523915298974,"upper_bound":0.009159442650374692},"point_estimate":0.005105233835792866,"standard_error":0.002050246035068554},"median":{"confidence_interval":{"confidence_level":0.95,"lower_bound":0.002810530901451669,"upper_bound":0.00635656986691302},"point_estimate":0.004344504619142819,"standard_error":0.0008607084636361072}}