{"mean":{"confidence_interval":{"confidence_level":0.95,"lower_bound":-0.014321268007440352,"upper_bound":-0.003855348079976853},"point_estimate":-0.009001815761592535,"standard_error":0.0026656486122091996},"median":{"confidence_interval":{"confidence_level":0.95,"lower_bound":-0.006665649423802433,"upper_bound":-0.0013045653347510955},"point_estimate":-0.0036847085108423494,"standard_error":0.0015712455690751004}}