{"mean":{"confidence_interval":{"confidence_level":0.95,"lower_bound":-0.07038135773722047,"upper_bound":-0.060525072839192395},"point_estimate":-0.06544441901830567,"standard_error":0.0024927385868508075},"median":{"confidence_interval":{"confidence_level":0.95,"lower_bound":-0.06953794497394727,"upper_bound":-0.06448508469375636},"point_estimate":-0.06684036154090567,"standard_error":0.0013576603144302524}}