{"mean":{"confidence_interval":{"confidence_level":0.95,"lower_bound":41549.840913087966,"upper_bound":41857.661351134186},"point_estimate":41725.1566534117,"standard_error":79.26464155568594},"median":{"confidence_interval":{"confidence_level":0.95,"lower_bound":41865.972555469554,"upper_bound":41942.08571747583},"point_estimate":41911.92708333333,"standard_error":18.897946709333883},"median_abs_dev":{"confidence_interval":{"confidence_level":0.95,"lower_bound":174.7915219367058,"upper_bound":320.7953817316852},"point_estimate":256.1620640383576,"standard_error":37.01851940941495},"slope":{"confidence_interval":{"confidence_level":0.95,"lower_bound":42001.234739065505,"upper_bound":42064.426989272455},"point_estimate":42033.89560489631,"standard_error":16.084733401867286},"std_dev":{"confidence_interval":{"confidence_level":0.95,"lower_bound":315.5049359446763,"upper_bound":1224.2527376696323},"point_estimate":796.3754483060987,"standard_error":246.73216554408884}}