{"mean":{"confidence_interval":{"confidence_level":0.95,"lower_bound":37228.33430299962,"upper_bound":37486.91492784943},"point_estimate":37371.709506492174,"standard_error":66.1447528406198},"median":{"confidence_interval":{"confidence_level":0.95,"lower_bound":37392.913598349085,"upper_bound":37524.69276094276},"point_estimate":37480.53151762874,"standard_error":36.200099117091455},"median_abs_dev":{"confidence_interval":{"confidence_level":0.95,"lower_bound":187.214732706336,"upper_bound":287.73659751978306},"point_estimate":243.83065040970308,"standard_error":25.731268814713903},"slope":{"confidence_interval":{"confidence_level":0.95,"lower_bound":37529.305628061345,"upper_bound":37600.700989783356},"point_estimate":37564.387657860316,"standard_error":18.219008059953083},"std_dev":{"confidence_interval":{"confidence_level":0.95,"lower_bound":299.1469257726904,"upper_bound":1000.5775269385533},"point_estimate":663.4309168243299,"standard_error":189.50447782082068}}