{"mean":{"confidence_interval":{"confidence_level":0.95,"lower_bound":37893.91732441722,"upper_bound":38164.867331028305},"point_estimate":38047.983286640054,"standard_error":70.06433099517557},"median":{"confidence_interval":{"confidence_level":0.95,"lower_bound":38195.560096153844,"upper_bound":38249.274302620455},"point_estimate":38222.57144026186,"standard_error":11.173752367406957},"median_abs_dev":{"confidence_interval":{"confidence_level":0.95,"lower_bound":67.52992017718213,"upper_bound":129.77962015241434},"point_estimate":91.80750411008783,"standard_error":15.009512437172313},"slope":{"confidence_interval":{"confidence_level":0.95,"lower_bound":38258.394171453896,"upper_bound":38323.82368991517},"point_estimate":38284.13402132521,"standard_error":17.707068381236134},"std_dev":{"confidence_interval":{"confidence_level":0.95,"lower_bound":280.1217383819573,"upper_bound":1079.0877344875455},"point_estimate":701.4178723237733,"standard_error":218.45317717594276}}