{"mean":{"confidence_interval":{"confidence_level":0.95,"lower_bound":1555847.153120219,"upper_bound":1559707.5878650765},"point_estimate":1557613.8356851912,"standard_error":990.8977950378603},"median":{"confidence_interval":{"confidence_level":0.95,"lower_bound":1554122.684294872,"upper_bound":1556437.291724138},"point_estimate":1555205.1856357928,"standard_error":552.3624046960998},"median_abs_dev":{"confidence_interval":{"confidence_level":0.95,"lower_bound":3388.689723262712,"upper_bound":5727.524295684259},"point_estimate":4736.95974952851,"standard_error":593.9254465229267},"slope":{"confidence_interval":{"confidence_level":0.95,"lower_bound":1556181.6067181237,"upper_bound":1560542.3781607505},"point_estimate":1558052.7228993645,"standard_error":1120.4999170835629},"std_dev":{"confidence_interval":{"confidence_level":0.95,"lower_bound":5514.067622856868,"upper_bound":13633.088085949279},"point_estimate":9973.619395749449,"standard_error":2048.5022136655994}}