{"mean":{"confidence_interval":{"confidence_level":0.95,"lower_bound":988802.7786867168,"upper_bound":990957.048115489},"point_estimate":989813.0518668812,"standard_error":551.237991747709},"median":{"confidence_interval":{"confidence_level":0.95,"lower_bound":987626.9541925467,"upper_bound":989034.6145833334},"point_estimate":988105.7400568181,"standard_error":414.81998638673264},"median_abs_dev":{"confidence_interval":{"confidence_level":0.95,"lower_bound":2073.277069441974,"upper_bound":4099.73212165979},"point_estimate":2876.8134520801145,"standard_error":530.28265076386},"slope":{"confidence_interval":{"confidence_level":0.95,"lower_bound":988985.3378634764,"upper_bound":991495.9252885926},"point_estimate":990107.5741495492,"standard_error":644.5513975690899},"std_dev":{"confidence_interval":{"confidence_level":0.95,"lower_bound":3578.373686598552,"upper_bound":7189.590520301486},"point_estimate":5536.807813367395,"standard_error":927.8928025353399}}