{"mean":{"confidence_interval":{"confidence_level":0.95,"lower_bound":1107304.192808215,"upper_bound":1117268.0925040774},"point_estimate":1111229.3219522792,"standard_error":2665.493509152682},"median":{"confidence_interval":{"confidence_level":0.95,"lower_bound":1106584.579001368,"upper_bound":1107265.2806490385},"point_estimate":1106875.7138720353,"standard_error":198.0472941494408},"median_abs_dev":{"confidence_interval":{"confidence_level":0.95,"lower_bound":1667.9488806545944,"upper_bound":2559.1182337274963},"point_estimate":2100.822288276699,"standard_error":222.0825786863754},"slope":{"confidence_interval":{"confidence_level":0.95,"lower_bound":1107149.0628991772,"upper_bound":1122742.3465815117},"point_estimate":1112336.4792197428,"standard_error":4517.164525870947},"std_dev":{"confidence_interval":{"confidence_level":0.95,"lower_bound":2891.2511001460866,"upper_bound":43704.966822087954},"point_estimate":26760.143059449765,"standard_error":11651.105433352619}}