{"mean":{"confidence_interval":{"confidence_level":0.95,"lower_bound":1106676.8394110794,"upper_bound":1110564.0413976146},"point_estimate":1108357.9167407518,"standard_error":1004.7492136122623},"median":{"confidence_interval":{"confidence_level":0.95,"lower_bound":1105221.611111111,"upper_bound":1106674.9832236841},"point_estimate":1105714.1392251817,"standard_error":382.8039789119896},"median_abs_dev":{"confidence_interval":{"confidence_level":0.95,"lower_bound":2127.582853227902,"upper_bound":3693.4693617768407},"point_estimate":2796.426475234104,"standard_error":366.7975184934198},"slope":{"confidence_interval":{"confidence_level":0.95,"lower_bound":1106394.7419584184,"upper_bound":1109538.3427383837},"point_estimate":1107742.5936515443,"standard_error":810.1288601983451},"std_dev":{"confidence_interval":{"confidence_level":0.95,"lower_bound":3655.591660259393,"upper_bound":15360.255470269587},"point_estimate":10071.459882550591,"standard_error":3054.0066066233085}}