{"mean":{"confidence_interval":{"confidence_level":0.95,"lower_bound":994720.4300101139,"upper_bound":1004085.0642931887},"point_estimate":998626.2540494428,"standard_error":2424.688107213404},"median":{"confidence_interval":{"confidence_level":0.95,"lower_bound":992361.3925438595,"upper_bound":993869.8212714915},"point_estimate":993136.5622171946,"standard_error":370.57850578224884},"median_abs_dev":{"confidence_interval":{"confidence_level":0.95,"lower_bound":2135.358364130011,"upper_bound":3719.144393971966},"point_estimate":3077.6083861716793,"standard_error":397.1103033999961},"slope":{"confidence_interval":{"confidence_level":0.95,"lower_bound":993650.5522619396,"upper_bound":1002518.9359351596},"point_estimate":996909.2574020984,"standard_error":2402.358487022615},"std_dev":{"confidence_interval":{"confidence_level":0.95,"lower_bound":6191.225598754408,"upper_bound":37951.83901069152},"point_estimate":24264.68090095576,"standard_error":8560.995225433786}}