{"mean":{"confidence_interval":{"confidence_level":0.95,"lower_bound":992890.9036709829,"upper_bound":997785.803073731},"point_estimate":995113.6374200393,"standard_error":1259.3775120601624},"median":{"confidence_interval":{"confidence_level":0.95,"lower_bound":990590.487012987,"upper_bound":991660.969072165},"point_estimate":991107.8958333333,"standard_error":243.98092339274382},"median_abs_dev":{"confidence_interval":{"confidence_level":0.95,"lower_bound":1594.6251902503532,"upper_bound":3138.5424038613064},"point_estimate":2298.508878008992,"standard_error":399.05858616049755},"slope":{"confidence_interval":{"confidence_level":0.95,"lower_bound":992355.3135455018,"upper_bound":999222.0378835845},"point_estimate":995257.2601093543,"standard_error":1775.1936307293677},"std_dev":{"confidence_interval":{"confidence_level":0.95,"lower_bound":6715.738083130178,"upper_bound":17219.74319617541},"point_estimate":12600.327192763232,"standard_error":2645.4242225641856}}