{"mean":{"confidence_interval":{"confidence_level":0.95,"lower_bound":1107250.703973503,"upper_bound":1108770.0021232949},"point_estimate":1107964.6740698484,"standard_error":387.31826153550765},"median":{"confidence_interval":{"confidence_level":0.95,"lower_bound":1106666.957894737,"upper_bound":1107604.9344262294},"point_estimate":1106976.6981818182,"standard_error":241.98048539552562},"median_abs_dev":{"confidence_interval":{"confidence_level":0.95,"lower_bound":2047.6481667719206,"upper_bound":3629.885681240125},"point_estimate":2604.7135669149397,"standard_error":414.2247560742837},"slope":{"confidence_interval":{"confidence_level":0.95,"lower_bound":1107352.1825873882,"upper_bound":1108809.9244995152},"point_estimate":1108066.146850894,"standard_error":371.52619286843037},"std_dev":{"confidence_interval":{"confidence_level":0.95,"lower_bound":2732.899018419592,"upper_bound":5210.670278202625},"point_estimate":3901.796407677798,"standard_error":680.7262651711055}}