{"mean":{"confidence_interval":{"confidence_level":0.95,"lower_bound":1742646.4157115312,"upper_bound":1755171.1428587576},"point_estimate":1748167.9893350073,"standard_error":3226.563229351677},"median":{"confidence_interval":{"confidence_level":0.95,"lower_bound":1739349.8865089514,"upper_bound":1741470.361111111},"point_estimate":1740120.4505208335,"standard_error":524.1366720857918},"median_abs_dev":{"confidence_interval":{"confidence_level":0.95,"lower_bound":2783.023597322301,"upper_bound":5144.796835787206},"point_estimate":3750.7017788821922,"standard_error":648.5026159454426},"slope":{"confidence_interval":{"confidence_level":0.95,"lower_bound":1741787.2535718402,"upper_bound":1752035.1852500923},"point_estimate":1746159.4264223438,"standard_error":2630.742036071957},"std_dev":{"confidence_interval":{"confidence_level":0.95,"lower_bound":10830.659963989021,"upper_bound":46487.03820431119},"point_estimate":32394.11569166515,"standard_error":8592.807149315488}}