{"mean":{"confidence_interval":{"confidence_level":0.95,"lower_bound":67464602.8,"upper_bound":67671418.04},"point_estimate":67565626.45,"standard_error":52799.084964257585},"median":{"confidence_interval":{"confidence_level":0.95,"lower_bound":67460923.5,"upper_bound":67655706.5},"point_estimate":67529307.0,"standard_error":58215.940841507465},"median_abs_dev":{"confidence_interval":{"confidence_level":0.95,"lower_bound":286358.99581611156,"upper_bound":529186.6325050592},"point_estimate":424544.72636282444,"standard_error":62217.17723613212},"slope":null,"std_dev":{"confidence_interval":{"confidence_level":0.95,"lower_bound":404903.49862196285,"upper_bound":676663.019760538},"point_estimate":532237.7277727069,"standard_error":72188.2910848311}}