{"mean":{"confidence_interval":{"confidence_level":0.95,"lower_bound":69355293.30600001,"upper_bound":69638835.83},"point_estimate":69492600.91,"standard_error":72513.77278136564},"median":{"confidence_interval":{"confidence_level":0.95,"lower_bound":69145775.0,"upper_bound":69491553.0},"point_estimate":69359270.0,"standard_error":83738.98732043695},"median_abs_dev":{"confidence_interval":{"confidence_level":0.95,"lower_bound":538349.1003423929,"upper_bound":925797.6927638054},"point_estimate":698102.9540061951,"standard_error":101390.42228102326},"slope":null,"std_dev":{"confidence_interval":{"confidence_level":0.95,"lower_bound":629476.1967476364,"upper_bound":820041.2569138836},"point_estimate":731759.1630413464,"standard_error":48744.896946005385}}