{"mean":{"confidence_interval":{"confidence_level":0.95,"lower_bound":66614773.89,"upper_bound":66713484.141},"point_estimate":66663426.99,"standard_error":25217.116979980266},"median":{"confidence_interval":{"confidence_level":0.95,"lower_bound":66589346.0,"upper_bound":66692544.5},"point_estimate":66634238.0,"standard_error":24921.808544672618},"median_abs_dev":{"confidence_interval":{"confidence_level":0.95,"lower_bound":173772.57771492004,"upper_bound":317868.6930567026},"point_estimate":250362.9510551691,"standard_error":36398.28556048887},"slope":null,"std_dev":{"confidence_interval":{"confidence_level":0.95,"lower_bound":214734.64794236002,"upper_bound":286568.92244153155},"point_estimate":252832.46140096535,"standard_error":18342.886734765707}}