{"mean":{"confidence_interval":{"confidence_level":0.95,"lower_bound":66565099.32275,"upper_bound":66767023.808000006},"point_estimate":66664258.7,"standard_error":51728.36406541436},"median":{"confidence_interval":{"confidence_level":0.95,"lower_bound":66461601.0,"upper_bound":66695008.0},"point_estimate":66566537.0,"standard_error":63225.92198212071},"median_abs_dev":{"confidence_interval":{"confidence_level":0.95,"lower_bound":350401.3842791319,"upper_bound":641209.3290312587},"point_estimate":507420.5822914839,"standard_error":79062.30475662596},"slope":null,"std_dev":{"confidence_interval":{"confidence_level":0.95,"lower_bound":437178.8123154198,"upper_bound":595882.9902901524},"point_estimate":519874.1646485623,"standard_error":40756.375406970496}}