{"mean":{"confidence_interval":{"confidence_level":0.95,"lower_bound":68199079.74,"upper_bound":69382957.71},"point_estimate":68662576.87,"standard_error":313399.6921664881},"median":{"confidence_interval":{"confidence_level":0.95,"lower_bound":68067792.5,"upper_bound":68357850.0},"point_estimate":68224220.5,"standard_error":69997.60610486197},"median_abs_dev":{"confidence_interval":{"confidence_level":0.95,"lower_bound":542504.0867686272,"upper_bound":911968.7415093184},"point_estimate":702203.82553339,"standard_error":92819.07775902205},"slope":null,"std_dev":{"confidence_interval":{"confidence_level":0.95,"lower_bound":885712.8656599163,"upper_bound":5155422.357958368},"point_estimate":3141341.53770776,"standard_error":1379081.0445833313}}