{"mean":{"confidence_interval":{"confidence_level":0.95,"lower_bound":0.00655698766422837,"upper_bound":0.013697237617456835},"point_estimate":0.010167846890282384,"standard_error":0.0018482439928365207},"median":{"confidence_interval":{"confidence_level":0.95,"lower_bound":0.00879566495390205,"upper_bound":0.014915862248751965},"point_estimate":0.01300833925520073,"standard_error":0.0018277962447607828}}