{"mean":{"confidence_interval":{"confidence_level":0.95,"lower_bound":0.035564962342801376,"upper_bound":0.04880628038063793},"point_estimate":0.040573014388741724,"standard_error":0.003423952129832221},"median":{"confidence_interval":{"confidence_level":0.95,"lower_bound":0.03459122216601873,"upper_bound":0.041772843635063506},"point_estimate":0.03854565754579364,"standard_error":0.0019258052759157495}}