{"mean":{"confidence_interval":{"confidence_level":0.95,"lower_bound":-0.023536901179306114,"upper_bound":-0.016480371582285536},"point_estimate":-0.01971068240988849,"standard_error":0.0018002416240390864},"median":{"confidence_interval":{"confidence_level":0.95,"lower_bound":-0.022654000895296678,"upper_bound":-0.013854931022768247},"point_estimate":-0.015575378923569083,"standard_error":0.0021474090886849533}}