{"mean":{"confidence_interval":{"confidence_level":0.95,"lower_bound":0.009787898039647525,"upper_bound":0.019054924063286398},"point_estimate":0.01378901953807854,"standard_error":0.002477743584519827},"median":{"confidence_interval":{"confidence_level":0.95,"lower_bound":0.01132479836424749,"upper_bound":0.015294977908858032},"point_estimate":0.013520852613342349,"standard_error":0.0010231273051112563}}