{"mean":{"confidence_interval":{"confidence_level":0.95,"lower_bound":0.08051895562537605,"upper_bound":0.10069464606270857},"point_estimate":0.09041719653300584,"standard_error":0.005159384853666523},"median":{"confidence_interval":{"confidence_level":0.95,"lower_bound":0.08838099743406991,"upper_bound":0.10204184513483427},"point_estimate":0.09412352126024826,"standard_error":0.0034851306807537163}}