{"mean":{"confidence_interval":{"confidence_level":0.95,"lower_bound":-0.005300027026077286,"upper_bound":0.002537744873870954},"point_estimate":-0.0016371910228968334,"standard_error":0.002006943749176802},"median":{"confidence_interval":{"confidence_level":0.95,"lower_bound":-0.00893720413762944,"upper_bound":0.0006269733052173265},"point_estimate":-0.003912376562347664,"standard_error":0.0024888889053655628}}