{"mean":{"confidence_interval":{"confidence_level":0.95,"lower_bound":-0.03896665348728091,"upper_bound":-0.02137059272644987},"point_estimate":-0.02977520805825129,"standard_error":0.0046458334627653445},"median":{"confidence_interval":{"confidence_level":0.95,"lower_bound":-0.02841111611098579,"upper_bound":-0.013245884422554144},"point_estimate":-0.022426584891746426,"standard_error":0.003956727885678359}}