{"mean":{"confidence_interval":{"confidence_level":0.95,"lower_bound":0.09460811709922662,"upper_bound":0.11490643254190226},"point_estimate":0.10491238418183224,"standard_error":0.005190232181524518},"median":{"confidence_interval":{"confidence_level":0.95,"lower_bound":0.12830938031167693,"upper_bound":0.1395254389788949},"point_estimate":0.13376936037149667,"standard_error":0.0031411232302929245}}