{"mean":{"confidence_interval":{"confidence_level":0.95,"lower_bound":0.008116168806115098,"upper_bound":0.01494931432020552},"point_estimate":0.011525208862510627,"standard_error":0.0017497870334488477},"median":{"confidence_interval":{"confidence_level":0.95,"lower_bound":0.008428676389737433,"upper_bound":0.015149857214161955},"point_estimate":0.012337822487785477,"standard_error":0.0017550998565031754}}