{"mean":{"confidence_interval":{"confidence_level":0.95,"lower_bound":0.030250911165787975,"upper_bound":0.04357643504893686},"point_estimate":0.03657074326680565,"standard_error":0.003428575251821148},"median":{"confidence_interval":{"confidence_level":0.95,"lower_bound":0.031412065071281026,"upper_bound":0.04293315850807189},"point_estimate":0.03791861240003569,"standard_error":0.003183431817329293}}