{"mean":{"confidence_interval":{"confidence_level":0.95,"lower_bound":0.11593737866413698,"upper_bound":0.13799368947962737},"point_estimate":0.12722810960421094,"standard_error":0.005629977061482119},"median":{"confidence_interval":{"confidence_level":0.95,"lower_bound":0.1435414707067928,"upper_bound":0.1596826203245696},"point_estimate":0.14992731800012948,"standard_error":0.004124158195524347}}