{"mean":{"confidence_interval":{"confidence_level":0.95,"lower_bound":-0.07967609218200433,"upper_bound":-0.05020924786007842},"point_estimate":-0.06374034225817438,"standard_error":0.007253777361159339},"median":{"confidence_interval":{"confidence_level":0.95,"lower_bound":-0.11319072118337414,"upper_bound":-0.019243494417810814},"point_estimate":-0.10488673965788864,"standard_error":0.03103925947156668}}