{"mean":{"confidence_interval":{"confidence_level":0.95,"lower_bound":-0.11100793514095503,"upper_bound":-0.09359527262991392},"point_estimate":-0.10317105193510678,"standard_error":0.00441994293531426},"median":{"confidence_interval":{"confidence_level":0.95,"lower_bound":-0.11262104909003065,"upper_bound":-0.1049167439487858},"point_estimate":-0.10918228891284398,"standard_error":0.002090605307849944}}