{"mean":{"confidence_interval":{"confidence_level":0.95,"lower_bound":-0.010786109010403926,"upper_bound":-0.0027185424244420275},"point_estimate":-0.006716796843291961,"standard_error":0.002098804803177434},"median":{"confidence_interval":{"confidence_level":0.95,"lower_bound":-0.010707621766680204,"upper_bound":-0.0025456239705531347},"point_estimate":-0.006576722991553097,"standard_error":0.0020279161142297162}}