{"mean":{"confidence_interval":{"confidence_level":0.95,"lower_bound":-0.01029313654708997,"upper_bound":-0.0009799850367028158},"point_estimate":-0.00537997892462827,"standard_error":0.0023779711278664405},"median":{"confidence_interval":{"confidence_level":0.95,"lower_bound":-0.009219295601165411,"upper_bound":-0.0010803900931779273},"point_estimate":-0.004769641482984199,"standard_error":0.002109998857866882}}