{"mean":{"confidence_interval":{"confidence_level":0.95,"lower_bound":0.042387911466692574,"upper_bound":0.06166002709472799},"point_estimate":0.05182654933025854,"standard_error":0.0049487337626715104},"median":{"confidence_interval":{"confidence_level":0.95,"lower_bound":0.025821964430226885,"upper_bound":0.04813932041114999},"point_estimate":0.03366103229339967,"standard_error":0.0057608878029025284}}