{"mean":{"confidence_interval":{"confidence_level":0.95,"lower_bound":-0.0024359504853553897,"upper_bound":0.0012945537166761945},"point_estimate":-0.0004756056824346544,"standard_error":0.0009498136798702466},"median":{"confidence_interval":{"confidence_level":0.95,"lower_bound":-0.0028945478196954477,"upper_bound":0.0010494875504964973},"point_estimate":-0.0010890821446335464,"standard_error":0.001043416219410475}}