{"mean":{"confidence_interval":{"confidence_level":0.95,"lower_bound":0.05225828667589381,"upper_bound":0.061776132549403374},"point_estimate":0.05705702398628443,"standard_error":0.0024251712622000298},"median":{"confidence_interval":{"confidence_level":0.95,"lower_bound":0.05634611046003157,"upper_bound":0.06861517626390712},"point_estimate":0.06047793972539006,"standard_error":0.00324862279050509}}