{"mean":{"confidence_interval":{"confidence_level":0.95,"lower_bound":-0.05810906560439533,"upper_bound":-0.03417420892314016},"point_estimate":-0.046635011561054984,"standard_error":0.006118145577680094},"median":{"confidence_interval":{"confidence_level":0.95,"lower_bound":-0.07563683967654553,"upper_bound":-0.0566570470677219},"point_estimate":-0.06514651221112866,"standard_error":0.005069185621005828}}