{"mean":{"confidence_interval":{"confidence_level":0.95,"lower_bound":-0.026036192259355228,"upper_bound":-0.02054069173028851},"point_estimate":-0.02318900249455369,"standard_error":0.0013892099921842896},"median":{"confidence_interval":{"confidence_level":0.95,"lower_bound":-0.026234978420881627,"upper_bound":-0.021434475564363176},"point_estimate":-0.023404232625197974,"standard_error":0.001232419950412895}}