{"mean":{"confidence_interval":{"confidence_level":0.95,"lower_bound":0.008687076131588792,"upper_bound":0.018255870971987553},"point_estimate":0.013116825727264247,"standard_error":0.0024327006021799403},"median":{"confidence_interval":{"confidence_level":0.95,"lower_bound":0.009283341032590986,"upper_bound":0.016148448241993456},"point_estimate":0.012510013455585112,"standard_error":0.001847990856441788}}