{"mean":{"confidence_interval":{"confidence_level":0.95,"lower_bound":0.8000248451707738,"upper_bound":0.8449010317405474},"point_estimate":0.8279870588014113,"standard_error":0.012389293103683943},"median":{"confidence_interval":{"confidence_level":0.95,"lower_bound":0.8427645076411039,"upper_bound":0.8527408755312162},"point_estimate":0.8481044907741946,"standard_error":0.0027219568780050165}}