{"mean":{"confidence_interval":{"confidence_level":0.95,"lower_bound":0.005091630694392702,"upper_bound":0.010326020187282984},"point_estimate":0.007720052677680833,"standard_error":0.0013384316889686586},"median":{"confidence_interval":{"confidence_level":0.95,"lower_bound":0.004041028285578553,"upper_bound":0.01037598816598262},"point_estimate":0.007604861053741585,"standard_error":0.0017740835483027928}}