{"mean":{"confidence_interval":{"confidence_level":0.95,"lower_bound":-0.013658150494731059,"upper_bound":-0.008114212705560783},"point_estimate":-0.010793542456046024,"standard_error":0.0014140451753033698},"median":{"confidence_interval":{"confidence_level":0.95,"lower_bound":-0.011179576010917795,"upper_bound":-0.00644428770206118},"point_estimate":-0.008164173446739809,"standard_error":0.001211165572090416}}