{"mean":{"confidence_interval":{"confidence_level":0.95,"lower_bound":-0.05497494668259906,"upper_bound":-0.04053029042019185},"point_estimate":-0.04890067400910614,"standard_error":0.0035177837964681024},"median":{"confidence_interval":{"confidence_level":0.95,"lower_bound":-0.05815500432423071,"upper_bound":-0.051420198019387464},"point_estimate":-0.055448289965752906,"standard_error":0.0018452099226199995}}