{"mean":{"confidence_interval":{"confidence_level":0.95,"lower_bound":-0.0055500372694425055,"upper_bound":0.010256916973041307},"point_estimate":0.002183201071735086,"standard_error":0.0040207044737057},"median":{"confidence_interval":{"confidence_level":0.95,"lower_bound":-0.01044657301051366,"upper_bound":-0.0010309368685365028},"point_estimate":-0.006182679784337397,"standard_error":0.002284183714857021}}