{"mean":{"confidence_interval":{"confidence_level":0.95,"lower_bound":0.0026923799787906552,"upper_bound":0.01250133153559953},"point_estimate":0.007681597396083983,"standard_error":0.0025020955565227612},"median":{"confidence_interval":{"confidence_level":0.95,"lower_bound":0.007751961720925404,"upper_bound":0.013402800373703005},"point_estimate":0.01058549067481862,"standard_error":0.001324337606448421}}