{"mean":{"confidence_interval":{"confidence_level":0.95,"lower_bound":-0.021308742687862457,"upper_bound":-0.01538120327290382},"point_estimate":-0.018245675134727746,"standard_error":0.0015114158310356896},"median":{"confidence_interval":{"confidence_level":0.95,"lower_bound":-0.019077808489718517,"upper_bound":-0.013161009686924477},"point_estimate":-0.015570848454861896,"standard_error":0.00140296871959945}}