{"mean":{"confidence_interval":{"confidence_level":0.95,"lower_bound":-0.011836807954190842,"upper_bound":-0.004072625562198584},"point_estimate":-0.007959910232860246,"standard_error":0.001961896741889323},"median":{"confidence_interval":{"confidence_level":0.95,"lower_bound":-0.011309497525734069,"upper_bound":0.0015733663863652936},"point_estimate":-0.0028399461903101386,"standard_error":0.0032443783729665296}}