{"mean":{"confidence_interval":{"confidence_level":0.95,"lower_bound":0.003683895469876354,"upper_bound":0.019959507589937767},"point_estimate":0.012163267813826817,"standard_error":0.004187486479083368},"median":{"confidence_interval":{"confidence_level":0.95,"lower_bound":0.022732472271463022,"upper_bound":0.031711188634528785},"point_estimate":0.027640782106773454,"standard_error":0.0024001903331354294}}