{"mean":{"confidence_interval":{"confidence_level":0.95,"lower_bound":-0.03410079770857111,"upper_bound":-0.016239774565352014},"point_estimate":-0.025007304025191024,"standard_error":0.004545895532689897},"median":{"confidence_interval":{"confidence_level":0.95,"lower_bound":-0.024655849294121346,"upper_bound":-0.0020370143974005606},"point_estimate":-0.011111391111389812,"standard_error":0.005898070164340587}}