{"mean":{"confidence_interval":{"confidence_level":0.95,"lower_bound":-0.016153279555940474,"upper_bound":-0.008954075792967855},"point_estimate":-0.012844750906138458,"standard_error":0.0018347556484723717},"median":{"confidence_interval":{"confidence_level":0.95,"lower_bound":-0.016797141257886672,"upper_bound":-0.01168831149976779},"point_estimate":-0.01406645643606097,"standard_error":0.0012865170371528607}}