{"mean":{"confidence_interval":{"confidence_level":0.95,"lower_bound":-0.02910679823979749,"upper_bound":-0.020934399994995533},"point_estimate":-0.024714523161669777,"standard_error":0.0020856248270235194},"median":{"confidence_interval":{"confidence_level":0.95,"lower_bound":-0.027397792384965616,"upper_bound":-0.02276042012495838},"point_estimate":-0.02519580900965357,"standard_error":0.0012604943436739827}}