{"mean":{"confidence_interval":{"confidence_level":0.95,"lower_bound":0.023823540801323862,"upper_bound":0.033852001895568695},"point_estimate":0.02896880967544746,"standard_error":0.0025560043576358616},"median":{"confidence_interval":{"confidence_level":0.95,"lower_bound":0.02739032901673144,"upper_bound":0.04227936420110878},"point_estimate":0.03595765444897259,"standard_error":0.0038911765892532266}}