{"mean":{"confidence_interval":{"confidence_level":0.95,"lower_bound":0.00014991307666221325,"upper_bound":0.011657645457658386},"point_estimate":0.006015995634782723,"standard_error":0.002923091604047273},"median":{"confidence_interval":{"confidence_level":0.95,"lower_bound":-0.00393573902599087,"upper_bound":0.00689776368938344},"point_estimate":0.0016321252043332013,"standard_error":0.003136105389997047}}