{"mean":{"confidence_interval":{"confidence_level":0.95,"lower_bound":0.006248544169472393,"upper_bound":0.014995416065866737},"point_estimate":0.010771762874086876,"standard_error":0.002206062790172669},"median":{"confidence_interval":{"confidence_level":0.95,"lower_bound":0.003855408553188777,"upper_bound":0.011864891087589561},"point_estimate":0.006895634272510165,"standard_error":0.0020644871958355516}}