{"mean":{"confidence_interval":{"confidence_level":0.95,"lower_bound":-0.00499860205328434,"upper_bound":0.001773661495146938},"point_estimate":-0.0015317995849929433,"standard_error":0.0017189581536180434},"median":{"confidence_interval":{"confidence_level":0.95,"lower_bound":-0.002479295757978228,"upper_bound":0.001650137021154352},"point_estimate":0.0003443675503056465,"standard_error":0.0009831273147198956}}