{"mean":{"confidence_interval":{"confidence_level":0.95,"lower_bound":-0.012171596854115414,"upper_bound":0.0012117959797159183},"point_estimate":-0.005317294482800605,"standard_error":0.003396553472716373},"median":{"confidence_interval":{"confidence_level":0.95,"lower_bound":-0.006625559557925986,"upper_bound":-0.0016091122537997826},"point_estimate":-0.0039038804397443228,"standard_error":0.001219069397851671}}