{"mean":{"confidence_interval":{"confidence_level":0.95,"lower_bound":0.058443488778939595,"upper_bound":0.07567991419525417},"point_estimate":0.06699591680634165,"standard_error":0.00436485295028773},"median":{"confidence_interval":{"confidence_level":0.95,"lower_bound":0.06023264955619223,"upper_bound":0.06759573157874142},"point_estimate":0.0632103455947366,"standard_error":0.002000188667914619}}