{"mean":{"confidence_interval":{"confidence_level":0.95,"lower_bound":-0.004388481270772921,"upper_bound":0.007725474911514095},"point_estimate":0.0020284248208177758,"standard_error":0.003109068270103378},"median":{"confidence_interval":{"confidence_level":0.95,"lower_bound":-0.00019351369347009317,"upper_bound":0.014669929068404919},"point_estimate":0.004774465181596188,"standard_error":0.00408668672141282}}