{"mean":{"confidence_interval":{"confidence_level":0.95,"lower_bound":-0.09717816090097424,"upper_bound":-0.08982957835512831},"point_estimate":-0.09368525732088329,"standard_error":0.0018737163401149751},"median":{"confidence_interval":{"confidence_level":0.95,"lower_bound":-0.10203222377491239,"upper_bound":-0.09498948790814665},"point_estimate":-0.09837885082162257,"standard_error":0.001785875507412054}}