{"mean":{"confidence_interval":{"confidence_level":0.95,"lower_bound":0.05923925548587832,"upper_bound":0.08825382324591545},"point_estimate":0.07397121828035313,"standard_error":0.007429773002141515},"median":{"confidence_interval":{"confidence_level":0.95,"lower_bound":0.09305768069502435,"upper_bound":0.12835909171245952},"point_estimate":0.12250673421456781,"standard_error":0.008832955265397372}}