{"mean":{"confidence_interval":{"confidence_level":0.95,"lower_bound":0.03874747789289706,"upper_bound":0.05566509855342164},"point_estimate":0.04689594227996352,"standard_error":0.004288995050219848},"median":{"confidence_interval":{"confidence_level":0.95,"lower_bound":0.035553885931808527,"upper_bound":0.047517228168678205},"point_estimate":0.042191625546474265,"standard_error":0.0030577577618714743}}