{"mean":{"confidence_interval":{"confidence_level":0.95,"lower_bound":0.01613550122461695,"upper_bound":0.021526465875383316},"point_estimate":0.018752573569368325,"standard_error":0.001359473130060869},"median":{"confidence_interval":{"confidence_level":0.95,"lower_bound":0.015318932525990592,"upper_bound":0.01881080873491503},"point_estimate":0.017479215446545293,"standard_error":0.0008897308352626703}}