{"mean":{"confidence_interval":{"confidence_level":0.95,"lower_bound":-0.029933113545594546,"upper_bound":-0.02105376168538442},"point_estimate":-0.025484361957228363,"standard_error":0.002258015501530235},"median":{"confidence_interval":{"confidence_level":0.95,"lower_bound":-0.02999412437874649,"upper_bound":-0.02017262610105612},"point_estimate":-0.026079549129660595,"standard_error":0.0025030147324743707}}