{"mean":{"confidence_interval":{"confidence_level":0.95,"lower_bound":-0.0076640794393376165,"upper_bound":0.0004817779663287991},"point_estimate":-0.003469330542627991,"standard_error":0.0021404063915056414},"median":{"confidence_interval":{"confidence_level":0.95,"lower_bound":-0.0014912774704733593,"upper_bound":0.0024289080282531295},"point_estimate":0.0001329528547215908,"standard_error":0.0010848943768248058}}