{"mean":{"confidence_interval":{"confidence_level":0.95,"lower_bound":-0.01985840754922023,"upper_bound":0.0004950102570483279},"point_estimate":-0.010024502776187938,"standard_error":0.005158831012258928},"median":{"confidence_interval":{"confidence_level":0.95,"lower_bound":-0.005670936659300364,"upper_bound":0.01670868951534299},"point_estimate":0.004506313229626802,"standard_error":0.005873402493314646}}