{"mean":{"confidence_interval":{"confidence_level":0.95,"lower_bound":-0.31782040753898283,"upper_bound":-0.29900853634589414},"point_estimate":-0.3082734030017812,"standard_error":0.004797889540837313},"median":{"confidence_interval":{"confidence_level":0.95,"lower_bound":-0.3052470271922184,"upper_bound":-0.2842063990078949},"point_estimate":-0.29826453288585575,"standard_error":0.006266926187760412}}