{"mean":{"confidence_interval":{"confidence_level":0.95,"lower_bound":-0.015797193749255624,"upper_bound":-0.008660588007371128},"point_estimate":-0.01222804246404463,"standard_error":0.0018208933830987538},"median":{"confidence_interval":{"confidence_level":0.95,"lower_bound":-0.016108412837965602,"upper_bound":-0.006849459474745134},"point_estimate":-0.010293177512337381,"standard_error":0.0023943646986610283}}