{"mean":{"confidence_interval":{"confidence_level":0.95,"lower_bound":-0.017703578684471828,"upper_bound":0.009041434310618069},"point_estimate":-0.004988671884521234,"standard_error":0.006892553930029874},"median":{"confidence_interval":{"confidence_level":0.95,"lower_bound":0.00031685554746397135,"upper_bound":0.02320021552156737},"point_estimate":0.011372607711858329,"standard_error":0.006036089825606173}}