{"mean":{"confidence_interval":{"confidence_level":0.95,"lower_bound":6563046.3970312495,"upper_bound":6566571.3575},"point_estimate":6564710.40125,"standard_error":897.1961796474968},"median":{"confidence_interval":{"confidence_level":0.95,"lower_bound":6561928.125,"upper_bound":6564355.1875},"point_estimate":6563040.5625,"standard_error":511.85112898273513},"median_abs_dev":{"confidence_interval":{"confidence_level":0.95,"lower_bound":4133.210739120841,"upper_bound":6565.508658438921},"point_estimate":5341.529717668891,"standard_error":637.9385005332728},"slope":null,"std_dev":{"confidence_interval":{"confidence_level":0.95,"lower_bound":6095.165675537924,"upper_bound":11481.273946143005},"point_estimate":9012.358571077071,"standard_error":1378.5710426913517}}