{"mean":{"confidence_interval":{"confidence_level":0.95,"lower_bound":14028045.490125,"upper_bound":14037268.1920625},"point_estimate":14032402.7175,"standard_error":2353.056854450639},"median":{"confidence_interval":{"confidence_level":0.95,"lower_bound":14023361.25,"upper_bound":14029622.25},"point_estimate":14025273.875,"standard_error":1448.3511416281176},"median_abs_dev":{"confidence_interval":{"confidence_level":0.95,"lower_bound":9869.112049788237,"upper_bound":16131.799663603306},"point_estimate":12658.994550257921,"standard_error":1581.063740088369},"slope":null,"std_dev":{"confidence_interval":{"confidence_level":0.95,"lower_bound":17008.024088476504,"upper_bound":29381.03842081213},"point_estimate":23627.775876113206,"standard_error":3173.7291390608266}}