{"mean":{"confidence_interval":{"confidence_level":0.95,"lower_bound":6657426.81690625,"upper_bound":6711865.63325},"point_estimate":6683627.75125,"standard_error":13897.349613625822},"median":{"confidence_interval":{"confidence_level":0.95,"lower_bound":6606342.875,"upper_bound":6617168.6875},"point_estimate":6611734.75,"standard_error":2858.051911567491},"median_abs_dev":{"confidence_interval":{"confidence_level":0.95,"lower_bound":22236.68304271996,"upper_bound":54471.279007941484},"point_estimate":33287.98324652016,"standard_error":7726.73419249118},"slope":null,"std_dev":{"confidence_interval":{"confidence_level":0.95,"lower_bound":110581.63188660695,"upper_bound":165576.52976473636},"point_estimate":139713.17757556445,"standard_error":14081.212677818832}}