{"mean":{"confidence_interval":{"confidence_level":0.95,"lower_bound":6561145.23,"upper_bound":6597741.0920625},"point_estimate":6576281.405,"standard_error":9630.991898624301},"median":{"confidence_interval":{"confidence_level":0.95,"lower_bound":6557911.875,"upper_bound":6559621.625},"point_estimate":6558637.0,"standard_error":423.30487048190747},"median_abs_dev":{"confidence_interval":{"confidence_level":0.95,"lower_bound":2514.9528678506613,"upper_bound":4914.540925249457},"point_estimate":3476.511613279581,"standard_error":625.1338316314818},"slope":null,"std_dev":{"confidence_interval":{"confidence_level":0.95,"lower_bound":13291.521933189862,"upper_bound":150856.792457243},"point_estimate":96669.7920161731,"standard_error":36835.088281633216}}