{"mean":{"confidence_interval":{"confidence_level":0.95,"lower_bound":6557077.471125,"upper_bound":6561315.687},"point_estimate":6558834.4625,"standard_error":1103.2005373709305},"median":{"confidence_interval":{"confidence_level":0.95,"lower_bound":6555695.875,"upper_bound":6558192.0625},"point_estimate":6556827.125,"standard_error":595.2080442401727},"median_abs_dev":{"confidence_interval":{"confidence_level":0.95,"lower_bound":3337.2398782521486,"upper_bound":5710.975098609924},"point_estimate":4596.245243400335,"standard_error":636.6798191070787},"slope":null,"std_dev":{"confidence_interval":{"confidence_level":0.95,"lower_bound":4243.555796407276,"upper_bound":17716.586965268853},"point_estimate":11123.354938502607,"standard_error":4235.3181891333115}}