{"mean":{"confidence_interval":{"confidence_level":0.95,"lower_bound":6596814.987625,"upper_bound":6663600.1141875},"point_estimate":6628170.52,"standard_error":17059.96036288027},"median":{"confidence_interval":{"confidence_level":0.95,"lower_bound":6554104.3125,"upper_bound":6557217.25},"point_estimate":6555412.375,"standard_error":839.3361921188078},"median_abs_dev":{"confidence_interval":{"confidence_level":0.95,"lower_bound":5246.921306848526,"upper_bound":11073.717578714693},"point_estimate":7010.844625532627,"standard_error":1470.8484001190398},"slope":null,"std_dev":{"confidence_interval":{"confidence_level":0.95,"lower_bound":116464.78296863784,"upper_bound":219365.7713339569},"point_estimate":172038.7304566879,"standard_error":26306.430548776876}}