{"mean":{"confidence_interval":{"confidence_level":0.95,"lower_bound":6871856.520749999,"upper_bound":6876677.829035717},"point_estimate":6873987.047142856,"standard_error":1239.283719129675},"median":{"confidence_interval":{"confidence_level":0.95,"lower_bound":6870387.357142857,"upper_bound":6872555.428571428},"point_estimate":6871721.428571429,"standard_error":535.9348912357764},"median_abs_dev":{"confidence_interval":{"confidence_level":0.95,"lower_bound":4130.947126662015,"upper_bound":7687.704463515568},"point_estimate":5631.973700013565,"standard_error":886.3922501608705},"slope":null,"std_dev":{"confidence_interval":{"confidence_level":0.95,"lower_bound":6441.165079315882,"upper_bound":18709.52755474743},"point_estimate":12459.71732376409,"standard_error":3716.339849089351}}