{"mean":{"confidence_interval":{"confidence_level":0.95,"lower_bound":6555185.0705625005,"upper_bound":6581400.97353125},"point_estimate":6566392.1775,"standard_error":6804.623553393499},"median":{"confidence_interval":{"confidence_level":0.95,"lower_bound":6553129.5,"upper_bound":6555351.125},"point_estimate":6554598.5625,"standard_error":483.60868596712226},"median_abs_dev":{"confidence_interval":{"confidence_level":0.95,"lower_bound":4558.431994384156,"upper_bound":7755.851112306118},"point_estimate":6057.903492450714,"standard_error":844.5575850266133},"slope":null,"std_dev":{"confidence_interval":{"confidence_level":0.95,"lower_bound":17137.946778891088,"upper_bound":105359.61755880849},"point_estimate":69042.8509270751,"standard_error":23395.971018736527}}