{"mean":{"confidence_interval":{"confidence_level":0.95,"lower_bound":6574574.6525,"upper_bound":6580652.61},"point_estimate":6577460.2975,"standard_error":1551.1670675527237},"median":{"confidence_interval":{"confidence_level":0.95,"lower_bound":6571372.75,"upper_bound":6578564.0},"point_estimate":6575301.6875,"standard_error":1918.1657929992257},"median_abs_dev":{"confidence_interval":{"confidence_level":0.95,"lower_bound":9168.398237228394,"upper_bound":15058.860595151782},"point_estimate":11298.153099417686,"standard_error":1555.8330968068267},"slope":null,"std_dev":{"confidence_interval":{"confidence_level":0.95,"lower_bound":11022.846778618272,"upper_bound":20275.07720777282},"point_estimate":15573.349322800828,"standard_error":2422.4316271037337}}