{"mean":{"confidence_interval":{"confidence_level":0.95,"lower_bound":6920753.313321429,"upper_bound":6928991.141607142},"point_estimate":6924756.704285715,"standard_error":2109.031406931936},"median":{"confidence_interval":{"confidence_level":0.95,"lower_bound":6917245.0,"upper_bound":6929835.857142857},"point_estimate":6922528.0,"standard_error":3001.3631114753052},"median_abs_dev":{"confidence_interval":{"confidence_level":0.95,"lower_bound":15007.300533566762,"upper_bound":24985.198356423665},"point_estimate":18385.934073584915,"standard_error":2648.881260611792},"slope":null,"std_dev":{"confidence_interval":{"confidence_level":0.95,"lower_bound":16603.846948988823,"upper_bound":25767.524673825326},"point_estimate":21152.25473131926,"standard_error":2374.217063536894}}