{"mean":{"confidence_interval":{"confidence_level":0.95,"lower_bound":6625225.66534375,"upper_bound":6655854.918812499},"point_estimate":6639427.79,"standard_error":7821.627350101326},"median":{"confidence_interval":{"confidence_level":0.95,"lower_bound":6607933.25,"upper_bound":6621520.375},"point_estimate":6616788.125,"standard_error":3734.944568600768},"median_abs_dev":{"confidence_interval":{"confidence_level":0.95,"lower_bound":18875.6289023906,"upper_bound":35351.11377239227},"point_estimate":26237.108421698213,"standard_error":4230.881911090239},"slope":null,"std_dev":{"confidence_interval":{"confidence_level":0.95,"lower_bound":49317.181817833174,"upper_bound":102479.78946644202},"point_estimate":78620.84305317322,"standard_error":13571.63830359221}}