{"mean":{"confidence_interval":{"confidence_level":0.95,"lower_bound":6559447.371843751,"upper_bound":6648571.6399375005},"point_estimate":6592533.12875,"standard_error":24425.36903457857},"median":{"confidence_interval":{"confidence_level":0.95,"lower_bound":6555195.25,"upper_bound":6557361.875},"point_estimate":6556266.25,"standard_error":543.2518115204282},"median_abs_dev":{"confidence_interval":{"confidence_level":0.95,"lower_bound":3906.7412765789777,"upper_bound":7250.0065337866545},"point_estimate":5453.3733531832695,"standard_error":874.9542763629142},"slope":null,"std_dev":{"confidence_interval":{"confidence_level":0.95,"lower_bound":15267.344709398181,"upper_bound":411124.6879501986},"point_estimate":245563.14385199104,"standard_error":121019.73822859192}}