{"mean":{"confidence_interval":{"confidence_level":0.95,"lower_bound":7819673.216392856,"upper_bound":7878009.906357142},"point_estimate":7846882.608571428,"standard_error":14880.777774147246},"median":{"confidence_interval":{"confidence_level":0.95,"lower_bound":7778113.857142857,"upper_bound":7782759.0},"point_estimate":7780555.214285715,"standard_error":1413.8518403608336},"median_abs_dev":{"confidence_interval":{"confidence_level":0.95,"lower_bound":6305.179988060974,"upper_bound":18415.586073059174},"point_estimate":11295.081999472999,"standard_error":3329.1086378244063},"slope":null,"std_dev":{"confidence_interval":{"confidence_level":0.95,"lower_bound":103056.48458713462,"upper_bound":188787.64684978404},"point_estimate":149347.07183343716,"standard_error":21897.23494277986}}