{"mean":{"confidence_interval":{"confidence_level":0.95,"lower_bound":6565899.89046875,"upper_bound":6578759.0537812505},"point_estimate":6571356.56375,"standard_error":3324.4444939340947},"median":{"confidence_interval":{"confidence_level":0.95,"lower_bound":6562906.0,"upper_bound":6565078.5},"point_estimate":6563471.25,"standard_error":698.9282020791534},"median_abs_dev":{"confidence_interval":{"confidence_level":0.95,"lower_bound":5384.52511690557,"upper_bound":9870.594649761915},"point_estimate":7993.159770593047,"standard_error":1155.2071331841832},"slope":null,"std_dev":{"confidence_interval":{"confidence_level":0.95,"lower_bound":10917.744206361127,"upper_bound":51943.433564060164},"point_estimate":33421.6363458312,"standard_error":11108.168680692439}}