{"mean":{"confidence_interval":{"confidence_level":0.95,"lower_bound":6602667.052875,"upper_bound":6661848.344312499},"point_estimate":6630505.36625,"standard_error":15122.235294833405},"median":{"confidence_interval":{"confidence_level":0.95,"lower_bound":6558343.0625,"upper_bound":6566594.5},"point_estimate":6561486.0625,"standard_error":1931.7054035614008},"median_abs_dev":{"confidence_interval":{"confidence_level":0.95,"lower_bound":6741.196755319834,"upper_bound":18329.805088955898},"point_estimate":11047.593703866005,"standard_error":2751.1871529744144},"slope":null,"std_dev":{"confidence_interval":{"confidence_level":0.95,"lower_bound":103677.8840578903,"upper_bound":196974.52067097634},"point_estimate":152578.7814400292,"standard_error":23901.300692146855}}