{"mean":{"confidence_interval":{"confidence_level":0.95,"lower_bound":6557881.7175,"upper_bound":6593196.42},"point_estimate":6572170.06125,"standard_error":9513.63481942084},"median":{"confidence_interval":{"confidence_level":0.95,"lower_bound":6554838.8125,"upper_bound":6557452.375},"point_estimate":6555929.0625,"standard_error":728.9287637306921},"median_abs_dev":{"confidence_interval":{"confidence_level":0.95,"lower_bound":3808.0580323934555,"upper_bound":7471.191917359829},"point_estimate":5301.684843376279,"standard_error":937.5601778192279},"slope":null,"std_dev":{"confidence_interval":{"confidence_level":0.95,"lower_bound":8003.137971171682,"upper_bound":149910.15111224214},"point_estimate":95459.74264669114,"standard_error":38710.25317194478}}