{"mean":{"confidence_interval":{"confidence_level":0.95,"lower_bound":1864927.4197546109,"upper_bound":1868406.7687044956},"point_estimate":1866514.7961577964,"standard_error":893.8163282066099},"median":{"confidence_interval":{"confidence_level":0.95,"lower_bound":1863467.5,"upper_bound":1865209.1115288222},"point_estimate":1864454.3365384615,"standard_error":472.39469247439087},"median_abs_dev":{"confidence_interval":{"confidence_level":0.95,"lower_bound":2460.600540659062,"upper_bound":4093.70688814356},"point_estimate":3072.6162409045974,"standard_error":417.94541326481215},"slope":{"confidence_interval":{"confidence_level":0.95,"lower_bound":1864906.636607176,"upper_bound":1868494.4094459682},"point_estimate":1866503.0517422787,"standard_error":923.1560490216981},"std_dev":{"confidence_interval":{"confidence_level":0.95,"lower_bound":5216.3463299247305,"upper_bound":12215.150333898668},"point_estimate":8984.463548227537,"standard_error":1792.8474734048782}}