{"mean":{"confidence_interval":{"confidence_level":0.95,"lower_bound":1792247.6261765552,"upper_bound":1823556.0479306034},"point_estimate":1804149.4954366076,"standard_error":8353.770927816755},"median":{"confidence_interval":{"confidence_level":0.95,"lower_bound":1789842.3766233767,"upper_bound":1791772.4611631539},"point_estimate":1790686.4028944913,"standard_error":504.57698164662656},"median_abs_dev":{"confidence_interval":{"confidence_level":0.95,"lower_bound":2305.852046840731,"upper_bound":4542.402702114676},"point_estimate":3014.215126207536,"standard_error":595.1002571483627},"slope":{"confidence_interval":{"confidence_level":0.95,"lower_bound":1790773.8570109406,"upper_bound":1792863.8138907242},"point_estimate":1791773.8447140534,"standard_error":534.9129516408491},"std_dev":{"confidence_interval":{"confidence_level":0.95,"lower_bound":5128.464753425953,"upper_bound":140577.1544952714},"point_estimate":84170.93514618506,"standard_error":40386.5211837253}}