{"mean":{"confidence_interval":{"confidence_level":0.95,"lower_bound":1786165.1915991348,"upper_bound":1788897.4998970975},"point_estimate":1787355.4142756888,"standard_error":701.167550220781},"median":{"confidence_interval":{"confidence_level":0.95,"lower_bound":1785706.08,"upper_bound":1786848.4257087},"point_estimate":1786358.6847826086,"standard_error":308.16876732752957},"median_abs_dev":{"confidence_interval":{"confidence_level":0.95,"lower_bound":2173.4916238290193,"upper_bound":3781.9786205983796},"point_estimate":2798.4501284753246,"standard_error":407.4654090826842},"slope":{"confidence_interval":{"confidence_level":0.95,"lower_bound":1786100.2658219629,"upper_bound":1787426.6148988034},"point_estimate":1786743.3451514703,"standard_error":339.29208319381684},"std_dev":{"confidence_interval":{"confidence_level":0.95,"lower_bound":3248.634774773948,"upper_bound":10726.380192784956},"point_estimate":7035.818213446459,"standard_error":2132.118870079803}}