{"mean":{"confidence_interval":{"confidence_level":0.95,"lower_bound":1920676.0548341773,"upper_bound":1926842.0121760478},"point_estimate":1923080.7106049592,"standard_error":1640.248362476064},"median":{"confidence_interval":{"confidence_level":0.95,"lower_bound":1920261.3970588236,"upper_bound":1921913.9907012195},"point_estimate":1920885.151098901,"standard_error":405.0843156785721},"median_abs_dev":{"confidence_interval":{"confidence_level":0.95,"lower_bound":2573.166476424425,"upper_bound":4928.27704001626},"point_estimate":3733.572718403924,"standard_error":582.5041077346923},"slope":{"confidence_interval":{"confidence_level":0.95,"lower_bound":1921945.880805732,"upper_bound":1923854.8828252966},"point_estimate":1922924.555847495,"standard_error":487.98566126601935},"std_dev":{"confidence_interval":{"confidence_level":0.95,"lower_bound":4548.515732976452,"upper_bound":27364.74112234765},"point_estimate":16568.09502779307,"standard_error":7495.3311651297045}}