{"mean":{"confidence_interval":{"confidence_level":0.95,"lower_bound":1781139.59173726,"upper_bound":1784617.9248547293},"point_estimate":1782522.589764183,"standard_error":919.0567073497213},"median":{"confidence_interval":{"confidence_level":0.95,"lower_bound":1780604.168539326,"upper_bound":1781322.914893617},"point_estimate":1780937.5993740219,"standard_error":214.16102360422957},"median_abs_dev":{"confidence_interval":{"confidence_level":0.95,"lower_bound":1485.1619887996733,"upper_bound":2813.0763838346475},"point_estimate":2091.1932369446145,"standard_error":336.95158756068906},"slope":{"confidence_interval":{"confidence_level":0.95,"lower_bound":1781260.46216431,"upper_bound":1783471.218574713},"point_estimate":1782156.5240727058,"standard_error":579.1475361856633},"std_dev":{"confidence_interval":{"confidence_level":0.95,"lower_bound":2743.852671703071,"upper_bound":15104.479740579462},"point_estimate":9222.137025215687,"standard_error":3968.085590085846}}