{"mean":{"confidence_interval":{"confidence_level":0.95,"lower_bound":1777874.9889474846,"upper_bound":1781364.7204175326},"point_estimate":1779387.847048873,"standard_error":901.6025369936497},"median":{"confidence_interval":{"confidence_level":0.95,"lower_bound":1776997.5849056605,"upper_bound":1778268.0149204244},"point_estimate":1777479.5928442029,"standard_error":325.68988309224187},"median_abs_dev":{"confidence_interval":{"confidence_level":0.95,"lower_bound":1753.5336801924514,"upper_bound":3377.9433127113516},"point_estimate":2262.1326416325983,"standard_error":405.09184774706364},"slope":{"confidence_interval":{"confidence_level":0.95,"lower_bound":1777687.029704999,"upper_bound":1778897.1208880593},"point_estimate":1778278.521377272,"standard_error":308.98358469042273},"std_dev":{"confidence_interval":{"confidence_level":0.95,"lower_bound":3073.2973151430065,"upper_bound":13543.95292212564},"point_estimate":9060.181346557318,"standard_error":2654.3389538122265}}