{"mean":{"confidence_interval":{"confidence_level":0.95,"lower_bound":1867166.7861968374,"upper_bound":1873395.373590487},"point_estimate":1869550.217352534,"standard_error":1676.9373233021263},"median":{"confidence_interval":{"confidence_level":0.95,"lower_bound":1865772.9545454546,"upper_bound":1867597.9344262294},"point_estimate":1866606.1975961537,"standard_error":425.91652334310083},"median_abs_dev":{"confidence_interval":{"confidence_level":0.95,"lower_bound":2289.6594468503613,"upper_bound":4121.548105890496},"point_estimate":3232.4141303196448,"standard_error":508.18169965513715},"slope":{"confidence_interval":{"confidence_level":0.95,"lower_bound":1866502.23921045,"upper_bound":1869157.1888047117},"point_estimate":1867681.489268509,"standard_error":682.9422947733012},"std_dev":{"confidence_interval":{"confidence_level":0.95,"lower_bound":4060.560895813543,"upper_bound":27980.218328818326},"point_estimate":16839.86455254581,"standard_error":7916.0080192277765}}