{"mean":{"confidence_interval":{"confidence_level":0.95,"lower_bound":1759981.4610681888,"upper_bound":1769836.8792413087},"point_estimate":1764222.8548596394,"standard_error":2540.8693621952257},"median":{"confidence_interval":{"confidence_level":0.95,"lower_bound":1758270.1707317072,"upper_bound":1759489.8382352942},"point_estimate":1758759.6254807692,"standard_error":297.3503819118424},"median_abs_dev":{"confidence_interval":{"confidence_level":0.95,"lower_bound":1712.1248834636278,"upper_bound":2966.8543077474583},"point_estimate":2295.418775068028,"standard_error":307.6310363318758},"slope":{"confidence_interval":{"confidence_level":0.95,"lower_bound":1759044.7222138771,"upper_bound":1761571.402586319},"point_estimate":1760133.594003251,"standard_error":651.4736836750257},"std_dev":{"confidence_interval":{"confidence_level":0.95,"lower_bound":5176.835096019226,"upper_bound":38882.60980434413},"point_estimate":25524.750509216232,"standard_error":8379.234113785275}}