{"mean":{"confidence_interval":{"confidence_level":0.95,"lower_bound":1774419.2794822964,"upper_bound":1779411.0277291427},"point_estimate":1776386.2767043987,"standard_error":1312.009387582546},"median":{"confidence_interval":{"confidence_level":0.95,"lower_bound":1773318.7236842103,"upper_bound":1775432.3166666667},"point_estimate":1774210.6629629629,"standard_error":528.4330638498468},"median_abs_dev":{"confidence_interval":{"confidence_level":0.95,"lower_bound":3031.667551130651,"upper_bound":5205.486148554457},"point_estimate":4115.099284837151,"standard_error":550.4726648968925},"slope":{"confidence_interval":{"confidence_level":0.95,"lower_bound":1774192.1840448193,"upper_bound":1776017.6983664893},"point_estimate":1775076.8251751144,"standard_error":468.4279894823081},"std_dev":{"confidence_interval":{"confidence_level":0.95,"lower_bound":4339.671834468398,"upper_bound":21484.99183543125},"point_estimate":13165.435604363623,"standard_error":5671.453609869821}}