{"mean":{"confidence_interval":{"confidence_level":0.95,"lower_bound":1784854.1057943206,"upper_bound":1789014.1077683666},"point_estimate":1786576.431752838,"standard_error":1080.5278088332611},"median":{"confidence_interval":{"confidence_level":0.95,"lower_bound":1783722.4476744186,"upper_bound":1785626.9333333333},"point_estimate":1784760.0515181683,"standard_error":458.4662857330821},"median_abs_dev":{"confidence_interval":{"confidence_level":0.95,"lower_bound":2997.676689938346,"upper_bound":5538.6858699581335},"point_estimate":4297.095934642518,"standard_error":659.4424847120578},"slope":{"confidence_interval":{"confidence_level":0.95,"lower_bound":1785219.3299120138,"upper_bound":1787564.7285514313},"point_estimate":1786342.589182799,"standard_error":598.5642747166434},"std_dev":{"confidence_interval":{"confidence_level":0.95,"lower_bound":4483.757448185871,"upper_bound":17112.00694557576},"point_estimate":10815.5287322112,"standard_error":4042.4972629695008}}