{"mean":{"confidence_interval":{"confidence_level":0.95,"lower_bound":1775295.5381940908,"upper_bound":1778746.933847982},"point_estimate":1776681.1894531345,"standard_error":907.1575160067873},"median":{"confidence_interval":{"confidence_level":0.95,"lower_bound":1774586.294117647,"upper_bound":1776411.3764705881},"point_estimate":1775193.962244898,"standard_error":506.15649875936674},"median_abs_dev":{"confidence_interval":{"confidence_level":0.95,"lower_bound":2195.4670714525882,"upper_bound":3347.9186155702764},"point_estimate":2705.01394780964,"standard_error":287.22379815843794},"slope":{"confidence_interval":{"confidence_level":0.95,"lower_bound":1775992.0279457427,"upper_bound":1777852.2746427879},"point_estimate":1776825.881229496,"standard_error":477.0776802350823},"std_dev":{"confidence_interval":{"confidence_level":0.95,"lower_bound":2703.1193331352297,"upper_bound":14928.270553228438},"point_estimate":9155.36128817335,"standard_error":3838.804123994452}}