{"mean":{"confidence_interval":{"confidence_level":0.95,"lower_bound":1864301.4444120429,"upper_bound":1872485.3423052796},"point_estimate":1867963.7879554457,"standard_error":2106.036464094243},"median":{"confidence_interval":{"confidence_level":0.95,"lower_bound":1861875.9846153846,"upper_bound":1865207.2075471699},"point_estimate":1863635.427536232,"standard_error":811.0181921530626},"median_abs_dev":{"confidence_interval":{"confidence_level":0.95,"lower_bound":4680.588641851217,"upper_bound":8573.355437266466},"point_estimate":5985.284103522406,"standard_error":1042.4259223396846},"slope":{"confidence_interval":{"confidence_level":0.95,"lower_bound":1862503.6122555062,"upper_bound":1870091.254046166},"point_estimate":1865501.8577449387,"standard_error":1998.3151252155346},"std_dev":{"confidence_interval":{"confidence_level":0.95,"lower_bound":9483.57980040363,"upper_bound":30021.320437065802},"point_estimate":21181.335937831544,"standard_error":5210.778843202311}}