{"mean":{"confidence_interval":{"confidence_level":0.95,"lower_bound":1790583.705801006,"upper_bound":1795752.77163225},"point_estimate":1792521.4666703283,"standard_error":1424.433088382292},"median":{"confidence_interval":{"confidence_level":0.95,"lower_bound":1790033.816091954,"upper_bound":1791545.6276595744},"point_estimate":1790568.7568151597,"standard_error":363.93246225416726},"median_abs_dev":{"confidence_interval":{"confidence_level":0.95,"lower_bound":2516.4278462336597,"upper_bound":3877.2913542667175},"point_estimate":3359.3416133326436,"standard_error":363.52902632525166},"slope":{"confidence_interval":{"confidence_level":0.95,"lower_bound":1790759.74873687,"upper_bound":1792086.9004055802},"point_estimate":1791402.7616403133,"standard_error":338.7785635533164},"std_dev":{"confidence_interval":{"confidence_level":0.95,"lower_bound":3154.80599038878,"upper_bound":24000.523326117498},"point_estimate":14303.008336940622,"standard_error":7124.350841251215}}