{"mean":{"confidence_interval":{"confidence_level":0.95,"lower_bound":1781339.1523854346,"upper_bound":1792362.8794444036},"point_estimate":1785891.4305802018,"standard_error":2882.054953921639},"median":{"confidence_interval":{"confidence_level":0.95,"lower_bound":1779954.7965116277,"upper_bound":1781798.5472408026},"point_estimate":1780742.8142743856,"standard_error":493.0450774844013},"median_abs_dev":{"confidence_interval":{"confidence_level":0.95,"lower_bound":2789.4165572739084,"upper_bound":4863.974719101724},"point_estimate":3627.8727155923957,"standard_error":527.3371636405234},"slope":{"confidence_interval":{"confidence_level":0.95,"lower_bound":1781184.1299512375,"upper_bound":1785632.8484099265},"point_estimate":1783019.4884586965,"standard_error":1152.9046239791164},"std_dev":{"confidence_interval":{"confidence_level":0.95,"lower_bound":6254.754996696376,"upper_bound":46349.69835897798},"point_estimate":28920.78712869048,"standard_error":10840.16151185206}}