{"mean":{"confidence_interval":{"confidence_level":0.95,"lower_bound":1849559.8932379463,"upper_bound":1858926.7846779544},"point_estimate":1853596.0615423233,"standard_error":2429.211280948116},"median":{"confidence_interval":{"confidence_level":0.95,"lower_bound":1846349.5022727274,"upper_bound":1848234.5},"point_estimate":1847314.2850255247,"standard_error":472.12921324935195},"median_abs_dev":{"confidence_interval":{"confidence_level":0.95,"lower_bound":2669.07489816133,"upper_bound":4790.799760469339},"point_estimate":3859.0927390631005,"standard_error":539.6846141571718},"slope":{"confidence_interval":{"confidence_level":0.95,"lower_bound":1849143.7446632774,"upper_bound":1854550.1975506032},"point_estimate":1851645.5078764593,"standard_error":1378.9742216308664},"std_dev":{"confidence_interval":{"confidence_level":0.95,"lower_bound":8591.400234260833,"upper_bound":37514.827530321825},"point_estimate":24396.758509321975,"standard_error":7736.979435106729}}