{"mean":{"confidence_interval":{"confidence_level":0.95,"lower_bound":1860565.2117922432,"upper_bound":1865128.9556326217},"point_estimate":1862509.1602607977,"standard_error":1176.6799061241707},"median":{"confidence_interval":{"confidence_level":0.95,"lower_bound":1859225.807891705,"upper_bound":1860941.141304348},"point_estimate":1860138.4064327485,"standard_error":474.25994006335134},"median_abs_dev":{"confidence_interval":{"confidence_level":0.95,"lower_bound":2522.100679781173,"upper_bound":4062.1347304200617},"point_estimate":3379.989330011752,"standard_error":389.401974946427},"slope":{"confidence_interval":{"confidence_level":0.95,"lower_bound":1859469.3146749907,"upper_bound":1862177.0490912716},"point_estimate":1860699.9483729866,"standard_error":692.9137492614798},"std_dev":{"confidence_interval":{"confidence_level":0.95,"lower_bound":4476.906473605338,"upper_bound":18437.823294738668},"point_estimate":11834.632063223558,"standard_error":3943.853613149531}}