{"mean":{"confidence_interval":{"confidence_level":0.95,"lower_bound":1784650.9160396475,"upper_bound":1790955.4915141936},"point_estimate":1787028.0776988836,"standard_error":1727.2874357724206},"median":{"confidence_interval":{"confidence_level":0.95,"lower_bound":1783767.4603174604,"upper_bound":1785829.25},"point_estimate":1784852.2995356037,"standard_error":516.9156323264169},"median_abs_dev":{"confidence_interval":{"confidence_level":0.95,"lower_bound":2326.1647352380787,"upper_bound":3865.1177918566123},"point_estimate":2811.6303888335133,"standard_error":401.08847706268443},"slope":{"confidence_interval":{"confidence_level":0.95,"lower_bound":1783672.699771161,"upper_bound":1785348.8891368816},"point_estimate":1784476.0268420274,"standard_error":426.86082597181195},"std_dev":{"confidence_interval":{"confidence_level":0.95,"lower_bound":3915.0882039658236,"upper_bound":29001.09491952978},"point_estimate":17335.43213446464,"standard_error":8513.135474438053}}