{"mean":{"confidence_interval":{"confidence_level":0.95,"lower_bound":1857295.7526488702,"upper_bound":1865439.7844715083},"point_estimate":1860791.7833196705,"standard_error":2100.0621490690314},"median":{"confidence_interval":{"confidence_level":0.95,"lower_bound":1855150.303030303,"upper_bound":1857529.5777777778},"point_estimate":1856366.0631578946,"standard_error":566.2854097226406},"median_abs_dev":{"confidence_interval":{"confidence_level":0.95,"lower_bound":3159.2280323964605,"upper_bound":4879.001949847589},"point_estimate":3696.313539272522,"standard_error":441.87111215364155},"slope":{"confidence_interval":{"confidence_level":0.95,"lower_bound":1854566.570055377,"upper_bound":1859371.198086717},"point_estimate":1856487.8439337963,"standard_error":1240.0894805408495},"std_dev":{"confidence_interval":{"confidence_level":0.95,"lower_bound":7030.83727701718,"upper_bound":32647.751618046954},"point_estimate":21117.533988793497,"standard_error":6921.763860355013}}