{"mean":{"confidence_interval":{"confidence_level":0.95,"lower_bound":1805519.9671159084,"upper_bound":1811016.3129294345},"point_estimate":1807702.7147733655,"standard_error":1446.2151954463066},"median":{"confidence_interval":{"confidence_level":0.95,"lower_bound":1804486.4090909092,"upper_bound":1806292.625825385},"point_estimate":1805325.239064857,"standard_error":456.3757866225425},"median_abs_dev":{"confidence_interval":{"confidence_level":0.95,"lower_bound":2710.250770771899,"upper_bound":4424.127198379139},"point_estimate":3416.6709997543044,"standard_error":433.6057491170233},"slope":{"confidence_interval":{"confidence_level":0.95,"lower_bound":1805368.6541589033,"upper_bound":1807718.9107403834},"point_estimate":1806452.9784394857,"standard_error":599.8874816944129},"std_dev":{"confidence_interval":{"confidence_level":0.95,"lower_bound":4287.157741850843,"upper_bound":23680.997692223922},"point_estimate":14536.464671281059,"standard_error":6134.578572346994}}