{"mean":{"confidence_interval":{"confidence_level":0.95,"lower_bound":1793566.2172642727,"upper_bound":1803835.2072550985},"point_estimate":1797811.3789249668,"standard_error":2725.895506870164},"median":{"confidence_interval":{"confidence_level":0.95,"lower_bound":1793210.6630094044,"upper_bound":1794399.3083333333},"point_estimate":1793783.8542392566,"standard_error":298.73282551513023},"median_abs_dev":{"confidence_interval":{"confidence_level":0.95,"lower_bound":2118.532404055294,"upper_bound":4233.265545315092},"point_estimate":2784.265144678284,"standard_error":545.251369727187},"slope":{"confidence_interval":{"confidence_level":0.95,"lower_bound":1792694.2334532563,"upper_bound":1802019.7706384044},"point_estimate":1796213.1726496231,"standard_error":2498.233554524951},"std_dev":{"confidence_interval":{"confidence_level":0.95,"lower_bound":4228.057568158836,"upper_bound":42543.57901347469},"point_estimate":27334.56579850402,"standard_error":10507.41746750251}}