{"mean":{"confidence_interval":{"confidence_level":0.95,"lower_bound":1910874.5999664706,"upper_bound":1937272.046549891},"point_estimate":1920547.4846116148,"standard_error":7527.28262518297},"median":{"confidence_interval":{"confidence_level":0.95,"lower_bound":1909189.1666666667,"upper_bound":1910948.4943820224},"point_estimate":1910163.6317948718,"standard_error":444.0969269066487},"median_abs_dev":{"confidence_interval":{"confidence_level":0.95,"lower_bound":2602.8120792454315,"upper_bound":4654.865980135018},"point_estimate":3355.9761840625824,"standard_error":510.09687420754307},"slope":{"confidence_interval":{"confidence_level":0.95,"lower_bound":1910451.5126298233,"upper_bound":1917392.0753868837},"point_estimate":1912919.7395980493,"standard_error":1941.0213989971785},"std_dev":{"confidence_interval":{"confidence_level":0.95,"lower_bound":8829.833042020264,"upper_bound":129224.98873543246},"point_estimate":76349.95587780056,"standard_error":40487.782242938534}}