{"mean":{"confidence_interval":{"confidence_level":0.95,"lower_bound":1858497.668055821,"upper_bound":1864776.244979099},"point_estimate":1860896.5251587043,"standard_error":1696.0896217466068},"median":{"confidence_interval":{"confidence_level":0.95,"lower_bound":1857715.76859319,"upper_bound":1858698.0},"point_estimate":1858083.7907509157,"standard_error":254.91352479258},"median_abs_dev":{"confidence_interval":{"confidence_level":0.95,"lower_bound":1785.5160693251664,"upper_bound":3102.3441537920603},"point_estimate":2492.7509913316353,"standard_error":344.2122568355752},"slope":{"confidence_interval":{"confidence_level":0.95,"lower_bound":1858185.8221064813,"upper_bound":1860094.6685425795},"point_estimate":1859045.0991665435,"standard_error":487.89370913104017},"std_dev":{"confidence_interval":{"confidence_level":0.95,"lower_bound":3815.981954389803,"upper_bound":28428.815675969217},"point_estimate":17096.920102893768,"standard_error":8083.398131778552}}