{"mean":{"confidence_interval":{"confidence_level":0.95,"lower_bound":1856892.3667976717,"upper_bound":1858993.7316913905},"point_estimate":1857819.0224264096,"standard_error":540.9866919735837},"median":{"confidence_interval":{"confidence_level":0.95,"lower_bound":1856801.6455696202,"upper_bound":1857789.0714285714},"point_estimate":1857369.4038194446,"standard_error":267.7721732102633},"median_abs_dev":{"confidence_interval":{"confidence_level":0.95,"lower_bound":1445.1532812953028,"upper_bound":2431.36129195443},"point_estimate":1978.3981317639796,"standard_error":254.08687177076038},"slope":{"confidence_interval":{"confidence_level":0.95,"lower_bound":1856534.5686704873,"upper_bound":1858303.817674262},"point_estimate":1857323.3969233043,"standard_error":451.19782205287817},"std_dev":{"confidence_interval":{"confidence_level":0.95,"lower_bound":2447.168975078793,"upper_bound":8038.073774967119},"point_estimate":5421.811707888704,"standard_error":1497.4997582434114}}