{"mean":{"confidence_interval":{"confidence_level":0.95,"lower_bound":1784254.2193632189,"upper_bound":1788426.6378962977},"point_estimate":1786076.0093609986,"standard_error":1074.7266965768488},"median":{"confidence_interval":{"confidence_level":0.95,"lower_bound":1783455.533707865,"upper_bound":1784565.2717391304},"point_estimate":1783840.6082251081,"standard_error":344.3804850727895},"median_abs_dev":{"confidence_interval":{"confidence_level":0.95,"lower_bound":1927.6757951247266,"upper_bound":3893.579694940346},"point_estimate":3067.1097845639033,"standard_error":481.3077797581261},"slope":{"confidence_interval":{"confidence_level":0.95,"lower_bound":1784074.6268125458,"upper_bound":1785676.9062883477},"point_estimate":1784862.2768257721,"standard_error":409.32584700748754},"std_dev":{"confidence_interval":{"confidence_level":0.95,"lower_bound":3589.4013358339594,"upper_bound":16155.73389279546},"point_estimate":10832.332117779473,"standard_error":3125.8954756504104}}