{"mean":{"confidence_interval":{"confidence_level":0.95,"lower_bound":1849533.365810381,"upper_bound":1852875.5260231323},"point_estimate":1850918.8688118297,"standard_error":868.1915199163788},"median":{"confidence_interval":{"confidence_level":0.95,"lower_bound":1849426.531397174,"upper_bound":1850848.5833333333},"point_estimate":1850118.4691780822,"standard_error":357.90242739889624},"median_abs_dev":{"confidence_interval":{"confidence_level":0.95,"lower_bound":2533.3699507620536,"upper_bound":4436.838811926043},"point_estimate":3399.1457386869183,"standard_error":508.0699113438283},"slope":{"confidence_interval":{"confidence_level":0.95,"lower_bound":1849883.294211057,"upper_bound":1851667.1105013045},"point_estimate":1850746.6999142899,"standard_error":453.72873101580524},"std_dev":{"confidence_interval":{"confidence_level":0.95,"lower_bound":3646.8658582061375,"upper_bound":13907.041616414686},"point_estimate":8721.06418544565,"standard_error":3348.8291950260095}}