{"mean":{"confidence_interval":{"confidence_level":0.95,"lower_bound":1836385.4697110744,"upper_bound":1839436.2293210065},"point_estimate":1837728.4842299556,"standard_error":784.1920891817753},"median":{"confidence_interval":{"confidence_level":0.95,"lower_bound":1835760.45,"upper_bound":1836608.686853002},"point_estimate":1836308.6668533036,"standard_error":224.77445171931925},"median_abs_dev":{"confidence_interval":{"confidence_level":0.95,"lower_bound":1452.4094788476802,"upper_bound":2749.648003945002},"point_estimate":1915.357921115264,"standard_error":337.3384559223577},"slope":{"confidence_interval":{"confidence_level":0.95,"lower_bound":1835928.359244859,"upper_bound":1840355.6561768027},"point_estimate":1837768.1534239692,"standard_error":1162.7630331482628},"std_dev":{"confidence_interval":{"confidence_level":0.95,"lower_bound":3374.4115957167705,"upper_bound":11582.81351427415},"point_estimate":7854.139432262477,"standard_error":2143.9105104598348}}