{"mean":{"confidence_interval":{"confidence_level":0.95,"lower_bound":-0.011422610004784103,"upper_bound":0.003994786570287183},"point_estimate":-0.0036121749175058726,"standard_error":0.0038215796588566293},"median":{"confidence_interval":{"confidence_level":0.95,"lower_bound":-0.005035629580356895,"upper_bound":-0.0015808301396077486},"point_estimate":-0.0036205289662248896,"standard_error":0.0008959019047049593}}