{"mean":{"confidence_interval":{"confidence_level":0.95,"lower_bound":0.09403213833271076,"upper_bound":0.12744551884051472},"point_estimate":0.11182322639247166,"standard_error":0.00846189567559741},"median":{"confidence_interval":{"confidence_level":0.95,"lower_bound":0.10007944190769313,"upper_bound":0.11188676093783623},"point_estimate":0.10611159868717612,"standard_error":0.0030741348891384734}}