{"mean":{"confidence_interval":{"confidence_level":0.95,"lower_bound":0.8648599080234797,"upper_bound":0.9455805052062658},"point_estimate":0.908281805752531,"standard_error":0.020429715099463897},"median":{"confidence_interval":{"confidence_level":0.95,"lower_bound":0.9083585434738604,"upper_bound":0.9257376429270672},"point_estimate":0.9176761257855697,"standard_error":0.003941645951527915}}