{"mean":{"confidence_interval":{"confidence_level":0.95,"lower_bound":0.19517463321433542,"upper_bound":0.22144955840340574},"point_estimate":0.20981579121580274,"standard_error":0.006586795591108347},"median":{"confidence_interval":{"confidence_level":0.95,"lower_bound":0.20757732670328113,"upper_bound":0.21112032226754218},"point_estimate":0.20884032339213054,"standard_error":0.0009097239417215435}}