{"mean":{"confidence_interval":{"confidence_level":0.95,"lower_bound":0.01447952393955251,"upper_bound":0.04404699599254388},"point_estimate":0.028582180256778278,"standard_error":0.0075672065215663},"median":{"confidence_interval":{"confidence_level":0.95,"lower_bound":0.023900738904807373,"upper_bound":0.026339764756834416},"point_estimate":0.025557835191060585,"standard_error":0.0006342192938867664}}