{"mean":{"confidence_interval":{"confidence_level":0.95,"lower_bound":-0.009760293447905815,"upper_bound":0.014497363980677344},"point_estimate":0.0010368260840820653,"standard_error":0.006014382856867654},"median":{"confidence_interval":{"confidence_level":0.95,"lower_bound":-0.002591418506995624,"upper_bound":0.0009410880321156778},"point_estimate":-0.0010515675341020714,"standard_error":0.0009209734832252596}}