{"mean":{"confidence_interval":{"confidence_level":0.95,"lower_bound":0.007661877863472277,"upper_bound":0.036543828729626034},"point_estimate":0.02244056910545167,"standard_error":0.00706456099395141},"median":{"confidence_interval":{"confidence_level":0.95,"lower_bound":0.020071295314011417,"upper_bound":0.024196938838505933},"point_estimate":0.022735547886491236,"standard_error":0.0010724476888832892}}