{"mean":{"confidence_interval":{"confidence_level":0.95,"lower_bound":0.07669041110219504,"upper_bound":0.11208792348479193},"point_estimate":0.09454033108015802,"standard_error":0.008891663353370098},"median":{"confidence_interval":{"confidence_level":0.95,"lower_bound":0.08915155225736116,"upper_bound":0.0930475835562703},"point_estimate":0.09085419336079825,"standard_error":0.0010121166651046842}}