{"mean":{"confidence_interval":{"confidence_level":0.95,"lower_bound":0.23471716302305823,"upper_bound":0.2645753985305202},"point_estimate":0.2513573204260853,"standard_error":0.007601950132543242},"median":{"confidence_interval":{"confidence_level":0.95,"lower_bound":0.25049524989754324,"upper_bound":0.25389252403211904},"point_estimate":0.2516887180723988,"standard_error":0.0008402981749285595}}