{"mean":{"confidence_interval":{"confidence_level":0.95,"lower_bound":-0.008102574802904458,"upper_bound":0.01892031605048483},"point_estimate":0.005641546620754889,"standard_error":0.006633887528001852},"median":{"confidence_interval":{"confidence_level":0.95,"lower_bound":0.003810401915129047,"upper_bound":0.0078610256472742},"point_estimate":0.005046494438916804,"standard_error":0.001037902397237961}}