{"mean":{"confidence_interval":{"confidence_level":0.95,"lower_bound":-0.01568574435695857,"upper_bound":0.00018687143648169445},"point_estimate":-0.0072931233683669605,"standard_error":0.0039685364139707855},"median":{"confidence_interval":{"confidence_level":0.95,"lower_bound":-0.008166348835950465,"upper_bound":-0.005957416360494726},"point_estimate":-0.006974278190343575,"standard_error":0.000541500551960193}}