{"mean":{"confidence_interval":{"confidence_level":0.95,"lower_bound":0.05718407324700297,"upper_bound":0.08625114320211746},"point_estimate":0.07319686440047213,"standard_error":0.007462253221739163},"median":{"confidence_interval":{"confidence_level":0.95,"lower_bound":0.06991534098944285,"upper_bound":0.07471008215364483},"point_estimate":0.0716863102285743,"standard_error":0.0012366970416486758}}