{"mean":{"confidence_interval":{"confidence_level":0.95,"lower_bound":0.019703273087836003,"upper_bound":0.04814703985640057},"point_estimate":0.034542622575875814,"standard_error":0.007078449601064873},"median":{"confidence_interval":{"confidence_level":0.95,"lower_bound":0.033202639960443925,"upper_bound":0.03678849381107563},"point_estimate":0.03507674199605271,"standard_error":0.0008693337592099602}}