{"mean":{"confidence_interval":{"confidence_level":0.95,"lower_bound":15507.94278628091,"upper_bound":15579.616458123788},"point_estimate":15544.324189120805,"standard_error":18.245314541316816},"median":{"confidence_interval":{"confidence_level":0.95,"lower_bound":15459.60721937709,"upper_bound":15636.767821517493},"point_estimate":15534.780063355607,"standard_error":45.35914447610623},"median_abs_dev":{"confidence_interval":{"confidence_level":0.95,"lower_bound":144.62057244667596,"upper_bound":256.46827230386697},"point_estimate":241.16424173355404,"standard_error":31.837125031488426},"slope":{"confidence_interval":{"confidence_level":0.95,"lower_bound":15646.04457703907,"upper_bound":15688.164118309094},"point_estimate":15669.216500480272,"standard_error":10.711522838783027},"std_dev":{"confidence_interval":{"confidence_level":0.95,"lower_bound":154.42174379109974,"upper_bound":216.67146876087543},"point_estimate":182.64004656409907,"standard_error":16.55222079576782}}