{"mean":{"confidence_interval":{"confidence_level":0.95,"lower_bound":48618.14320338771,"upper_bound":49367.20504322274},"point_estimate":48998.187182271846,"standard_error":190.6742508965634},"median":{"confidence_interval":{"confidence_level":0.95,"lower_bound":48632.82141812866,"upper_bound":49479.02180149168},"point_estimate":49037.118984896384,"standard_error":211.55935468494937},"median_abs_dev":{"confidence_interval":{"confidence_level":0.95,"lower_bound":1368.617009557598,"upper_bound":2031.9887327128677},"point_estimate":1746.8473853351475,"standard_error":168.2212993764373},"slope":{"confidence_interval":{"confidence_level":0.95,"lower_bound":49201.59298064991,"upper_bound":49824.01733494869},"point_estimate":49519.200479216364,"standard_error":158.6792849673534},"std_dev":{"confidence_interval":{"confidence_level":0.95,"lower_bound":1453.1686167350585,"upper_bound":2377.279186065079},"point_estimate":1917.8070238943133,"standard_error":237.0960387496217}}