{"mean":{"confidence_interval":{"confidence_level":0.95,"lower_bound":62531.65861318281,"upper_bound":63640.0034840113},"point_estimate":63105.74809898044,"standard_error":282.2631438388262},"median":{"confidence_interval":{"confidence_level":0.95,"lower_bound":62468.13653846154,"upper_bound":62964.734375},"point_estimate":62787.06036891624,"standard_error":116.97966606855398},"median_abs_dev":{"confidence_interval":{"confidence_level":0.95,"lower_bound":844.5517634387057,"upper_bound":1618.7822651599683},"point_estimate":1308.6600984668153,"standard_error":206.38573468886187},"slope":{"confidence_interval":{"confidence_level":0.95,"lower_bound":63573.29747695918,"upper_bound":64554.253408930774},"point_estimate":64047.70152116891,"standard_error":250.73430506082508},"std_dev":{"confidence_interval":{"confidence_level":0.95,"lower_bound":1957.8905525399878,"upper_bound":3813.2546844814615},"point_estimate":2844.6892013979837,"standard_error":494.2626957176263}}