{"mean":{"confidence_interval":{"confidence_level":0.95,"lower_bound":48848.06213229242,"upper_bound":49310.87733542514},"point_estimate":49083.02973158099,"standard_error":116.94368496229139},"median":{"confidence_interval":{"confidence_level":0.95,"lower_bound":49055.792207792205,"upper_bound":49166.24975633528},"point_estimate":49124.49409860656,"standard_error":29.820122150416942},"median_abs_dev":{"confidence_interval":{"confidence_level":0.95,"lower_bound":160.02262337653121,"upper_bound":304.60060584226},"point_estimate":215.56026461225153,"standard_error":36.380135995390354},"slope":{"confidence_interval":{"confidence_level":0.95,"lower_bound":49170.46064350531,"upper_bound":49275.68012020237},"point_estimate":49221.57914318084,"standard_error":26.84708722620073},"std_dev":{"confidence_interval":{"confidence_level":0.95,"lower_bound":440.8121217059234,"upper_bound":1760.3405785016787},"point_estimate":1178.4940444927909,"standard_error":345.3896962965482}}