{"mean":{"confidence_interval":{"confidence_level":0.95,"lower_bound":27773.87634076708,"upper_bound":27910.744246326267},"point_estimate":27847.17956874599,"standard_error":35.05906089289199},"median":{"confidence_interval":{"confidence_level":0.95,"lower_bound":27858.851897446686,"upper_bound":27938.340361445782},"point_estimate":27910.35648148148,"standard_error":23.84853697091683},"median_abs_dev":{"confidence_interval":{"confidence_level":0.95,"lower_bound":106.82527483958258,"upper_bound":183.4202035359054},"point_estimate":129.5308780968251,"standard_error":20.32756982713548},"slope":{"confidence_interval":{"confidence_level":0.95,"lower_bound":27909.478081320125,"upper_bound":27978.929215883425},"point_estimate":27942.163210268787,"standard_error":17.731584259828626},"std_dev":{"confidence_interval":{"confidence_level":0.95,"lower_bound":183.66985753922546,"upper_bound":504.8057666016225},"point_estimate":352.70168608773116,"standard_error":83.784074295697}}