{"mean":{"confidence_interval":{"confidence_level":0.95,"lower_bound":60875.99914858877,"upper_bound":61674.76012107673},"point_estimate":61309.224826333135,"standard_error":204.1249833152054},"median":{"confidence_interval":{"confidence_level":0.95,"lower_bound":61412.83928571428,"upper_bound":61676.396306818184},"point_estimate":61536.429662698414,"standard_error":67.10527257722853},"median_abs_dev":{"confidence_interval":{"confidence_level":0.95,"lower_bound":425.0125587253514,"upper_bound":812.7223454547928},"point_estimate":642.8496086783491,"standard_error":99.67339791130888},"slope":{"confidence_interval":{"confidence_level":0.95,"lower_bound":61753.70346490486,"upper_bound":62122.99794550809},"point_estimate":61933.28691369883,"standard_error":94.30623575165816},"std_dev":{"confidence_interval":{"confidence_level":0.95,"lower_bound":1119.1285001272142,"upper_bound":2973.340614716066},"point_estimate":2049.71555844229,"standard_error":497.5743131048422}}