{"mean":{"confidence_interval":{"confidence_level":0.95,"lower_bound":29284.059764800877,"upper_bound":29440.704425002947},"point_estimate":29368.66510388263,"standard_error":40.1178558835447},"median":{"confidence_interval":{"confidence_level":0.95,"lower_bound":29364.0727124183,"upper_bound":29432.68586326141},"point_estimate":29384.77350902161,"standard_error":16.589183685009647},"median_abs_dev":{"confidence_interval":{"confidence_level":0.95,"lower_bound":120.12395805551182,"upper_bound":228.3762638015307},"point_estimate":184.035925984527,"standard_error":27.85116577588204},"slope":{"confidence_interval":{"confidence_level":0.95,"lower_bound":29362.4899777654,"upper_bound":29425.71997554091},"point_estimate":29393.384047757718,"standard_error":16.143832319913756},"std_dev":{"confidence_interval":{"confidence_level":0.95,"lower_bound":227.54397310171095,"upper_bound":574.5999079648609},"point_estimate":403.5030910047142,"standard_error":91.91097284792612}}