{"mean":{"confidence_interval":{"confidence_level":0.95,"lower_bound":38789.10806429877,"upper_bound":39129.12621284425},"point_estimate":38965.620477119555,"standard_error":86.14454220404198},"median":{"confidence_interval":{"confidence_level":0.95,"lower_bound":38975.65205724508,"upper_bound":39075.58097165992},"point_estimate":39044.28035159285,"standard_error":19.12595398509211},"median_abs_dev":{"confidence_interval":{"confidence_level":0.95,"lower_bound":157.57661133453448,"upper_bound":251.03160210340795},"point_estimate":208.42506499581646,"standard_error":23.497242386933525},"slope":{"confidence_interval":{"confidence_level":0.95,"lower_bound":39059.165738046286,"upper_bound":39198.80142898591},"point_estimate":39122.62526969115,"standard_error":35.680763147690485},"std_dev":{"confidence_interval":{"confidence_level":0.95,"lower_bound":420.30551481372356,"upper_bound":1236.738319025176},"point_estimate":860.070027279916,"standard_error":208.95963572281755}}