{"mean":{"confidence_interval":{"confidence_level":0.95,"lower_bound":29154.081837214242,"upper_bound":29305.60882528195},"point_estimate":29241.328216300764,"standard_error":39.20877040018623},"median":{"confidence_interval":{"confidence_level":0.95,"lower_bound":29322.823529411766,"upper_bound":29351.819428424966},"point_estimate":29336.03465772274,"standard_error":6.705415254161084},"median_abs_dev":{"confidence_interval":{"confidence_level":0.95,"lower_bound":54.47616064675113,"upper_bound":93.73946120372106},"point_estimate":72.33101399017652,"standard_error":10.051313371171185},"slope":{"confidence_interval":{"confidence_level":0.95,"lower_bound":29359.534814399532,"upper_bound":29377.05530577681},"point_estimate":29368.626190857012,"standard_error":4.478571470453946},"std_dev":{"confidence_interval":{"confidence_level":0.95,"lower_bound":140.4397333957646,"upper_bound":618.1242283004113},"point_estimate":395.11776095065574,"standard_error":132.49435067991982}}