{"mean":{"confidence_interval":{"confidence_level":0.95,"lower_bound":27737.42504304041,"upper_bound":27852.755874149156},"point_estimate":27799.366430781098,"standard_error":29.456905071483746},"median":{"confidence_interval":{"confidence_level":0.95,"lower_bound":27776.82125603865,"upper_bound":27879.284118357486},"point_estimate":27826.96532229345,"standard_error":24.733844113735184},"median_abs_dev":{"confidence_interval":{"confidence_level":0.95,"lower_bound":157.19945307794544,"upper_bound":253.84212457026737},"point_estimate":201.78978948909236,"standard_error":24.41426090547341},"slope":{"confidence_interval":{"confidence_level":0.95,"lower_bound":27752.946600708696,"upper_bound":27831.763551452445},"point_estimate":27789.17755718109,"standard_error":20.102383497289676},"std_dev":{"confidence_interval":{"confidence_level":0.95,"lower_bound":183.92909365956245,"upper_bound":413.9504026528318},"point_estimate":296.59048805642317,"standard_error":61.856042755744824}}