{"mean":{"confidence_interval":{"confidence_level":0.95,"lower_bound":15445.777135613589,"upper_bound":15563.62468404769},"point_estimate":15498.933772244629,"standard_error":30.32265168486427},"median":{"confidence_interval":{"confidence_level":0.95,"lower_bound":15449.514973958334,"upper_bound":15480.949404761905},"point_estimate":15463.5263671875,"standard_error":7.050417519031084},"median_abs_dev":{"confidence_interval":{"confidence_level":0.95,"lower_bound":51.23759868745132,"upper_bound":84.9259772473835},"point_estimate":70.05932281572369,"standard_error":8.830882234642369},"slope":{"confidence_interval":{"confidence_level":0.95,"lower_bound":15476.44805166581,"upper_bound":15548.909188394264},"point_estimate":15508.439265784322,"standard_error":18.59885869942058},"std_dev":{"confidence_interval":{"confidence_level":0.95,"lower_bound":120.76187125482579,"upper_bound":431.9830600193922},"point_estimate":305.3763390084035,"standard_error":75.30700403686691}}