{"mean":{"confidence_interval":{"confidence_level":0.95,"lower_bound":48237.412975575644,"upper_bound":48646.20071651818},"point_estimate":48471.84874968093,"standard_error":105.94647627219462},"median":{"confidence_interval":{"confidence_level":0.95,"lower_bound":48632.72321428572,"upper_bound":48719.79957356077},"point_estimate":48688.408653846156,"standard_error":20.318855912566512},"median_abs_dev":{"confidence_interval":{"confidence_level":0.95,"lower_bound":163.36144507650016,"upper_bound":345.02666779396526},"point_estimate":260.0863410427002,"standard_error":42.61625299400388},"slope":{"confidence_interval":{"confidence_level":0.95,"lower_bound":48777.70382976575,"upper_bound":48872.662915087705},"point_estimate":48826.50359616346,"standard_error":24.273441496538062},"std_dev":{"confidence_interval":{"confidence_level":0.95,"lower_bound":412.31374389918017,"upper_bound":1645.9034131837677},"point_estimate":1063.6137440601094,"standard_error":343.55713094584314}}