{"mean":{"confidence_interval":{"confidence_level":0.95,"lower_bound":60369.485043600274,"upper_bound":61096.75898378151},"point_estimate":60775.86628043349,"standard_error":187.21784154048342},"median":{"confidence_interval":{"confidence_level":0.95,"lower_bound":60868.62230749661,"upper_bound":61138.774305555555},"point_estimate":61034.79911679885,"standard_error":62.39637256186923},"median_abs_dev":{"confidence_interval":{"confidence_level":0.95,"lower_bound":389.0197687555542,"upper_bound":612.596162822528},"point_estimate":487.76839427012044,"standard_error":54.42985393854135},"slope":{"confidence_interval":{"confidence_level":0.95,"lower_bound":60820.17826637241,"upper_bound":61119.90171843289},"point_estimate":60951.99365874834,"standard_error":76.47882407607179},"std_dev":{"confidence_interval":{"confidence_level":0.95,"lower_bound":821.4408538730986,"upper_bound":2863.330787564116},"point_estimate":1878.3418981153677,"standard_error":557.409185696464}}