{"mean":{"confidence_interval":{"confidence_level":0.95,"lower_bound":56069.376079062116,"upper_bound":56809.17706887887},"point_estimate":56468.19699783697,"standard_error":188.18147426499698},"median":{"confidence_interval":{"confidence_level":0.95,"lower_bound":56477.860239820766,"upper_bound":56670.6231884058},"point_estimate":56553.98713979519,"standard_error":50.10002694452132},"median_abs_dev":{"confidence_interval":{"confidence_level":0.95,"lower_bound":306.1161751243816,"upper_bound":523.0337055672389},"point_estimate":398.891201810864,"standard_error":56.34578506720908},"slope":{"confidence_interval":{"confidence_level":0.95,"lower_bound":56893.48126265532,"upper_bound":57561.80154995439},"point_estimate":57208.19249802241,"standard_error":171.6198955761884},"std_dev":{"confidence_interval":{"confidence_level":0.95,"lower_bound":1007.9148635033932,"upper_bound":2746.6849693247127},"point_estimate":1888.7411675612245,"standard_error":462.9462200895355}}