{"mean":{"confidence_interval":{"confidence_level":0.95,"lower_bound":51881.97569676161,"upper_bound":55137.69310252303},"point_estimate":53246.408320407194,"standard_error":851.198430780583},"median":{"confidence_interval":{"confidence_level":0.95,"lower_bound":52061.15418157424,"upper_bound":52269.752173913046},"point_estimate":52156.51523742027,"standard_error":46.21401887229722},"median_abs_dev":{"confidence_interval":{"confidence_level":0.95,"lower_bound":344.75115475888396,"upper_bound":568.6132176607498},"point_estimate":438.39558096292757,"standard_error":58.94576836513348},"slope":{"confidence_interval":{"confidence_level":0.95,"lower_bound":52412.47948611048,"upper_bound":55690.37077540108},"point_estimate":53730.069064430325,"standard_error":858.6887178246445},"std_dev":{"confidence_interval":{"confidence_level":0.95,"lower_bound":1713.6982640821843,"upper_bound":13277.073465465362},"point_estimate":8539.269611040758,"standard_error":3066.1360257878123}}