{"mean":{"confidence_interval":{"confidence_level":0.95,"lower_bound":48704.949026566734,"upper_bound":49322.853329787824},"point_estimate":49006.555423083504,"standard_error":156.4422726898003},"median":{"confidence_interval":{"confidence_level":0.95,"lower_bound":48933.28412698413,"upper_bound":49058.93262411348},"point_estimate":49004.28449328449,"standard_error":31.266227644266998},"median_abs_dev":{"confidence_interval":{"confidence_level":0.95,"lower_bound":195.93000871934822,"upper_bound":354.6483111582774},"point_estimate":257.6878506518241,"standard_error":39.28129591257797},"slope":{"confidence_interval":{"confidence_level":0.95,"lower_bound":49090.386321725986,"upper_bound":49333.45117781149},"point_estimate":49197.16721906732,"standard_error":62.60456305790884},"std_dev":{"confidence_interval":{"confidence_level":0.95,"lower_bound":617.555865892006,"upper_bound":2306.3114932659787},"point_estimate":1576.9076317458503,"standard_error":425.6039153945696}}