{"mean":{"confidence_interval":{"confidence_level":0.95,"lower_bound":64345.137260549796,"upper_bound":65168.802587867336},"point_estimate":64806.23141507064,"standard_error":211.54845485008948},"median":{"confidence_interval":{"confidence_level":0.95,"lower_bound":64939.712890625,"upper_bound":65154.53385416667},"point_estimate":65021.33348214286,"standard_error":65.95329804143302},"median_abs_dev":{"confidence_interval":{"confidence_level":0.95,"lower_bound":399.7029401965784,"upper_bound":684.4269047744451},"point_estimate":516.1519577114743,"standard_error":69.58993332033789},"slope":{"confidence_interval":{"confidence_level":0.95,"lower_bound":65206.4439925978,"upper_bound":65687.28172067842},"point_estimate":65422.96618497857,"standard_error":123.96436855774866},"std_dev":{"confidence_interval":{"confidence_level":0.95,"lower_bound":894.1453599436028,"upper_bound":3250.9947067842427},"point_estimate":2121.954758883664,"standard_error":645.7420439094702}}