{"mean":{"confidence_interval":{"confidence_level":0.95,"lower_bound":48708.2332664221,"upper_bound":49176.920250645926},"point_estimate":48962.19188406478,"standard_error":119.77319594782391},"median":{"confidence_interval":{"confidence_level":0.95,"lower_bound":49075.54095238095,"upper_bound":49155.75471698113},"point_estimate":49100.2637736991,"standard_error":22.993924988223732},"median_abs_dev":{"confidence_interval":{"confidence_level":0.95,"lower_bound":131.97650105524897,"upper_bound":252.7834589381175},"point_estimate":177.87666608776075,"standard_error":29.273158889291576},"slope":{"confidence_interval":{"confidence_level":0.95,"lower_bound":49173.977904219566,"upper_bound":49360.34794176837},"point_estimate":49260.54841351939,"standard_error":47.98287863377504},"std_dev":{"confidence_interval":{"confidence_level":0.95,"lower_bound":467.5452015444757,"upper_bound":1819.8656500255277},"point_estimate":1208.0392274164828,"standard_error":349.878333814809}}