{"mean":{"confidence_interval":{"confidence_level":0.95,"lower_bound":48243.03015953704,"upper_bound":48643.07832433779},"point_estimate":48464.877652661075,"standard_error":102.48626238100107},"median":{"confidence_interval":{"confidence_level":0.95,"lower_bound":48323.79833647207,"upper_bound":48677.36591478697},"point_estimate":48384.519540024696,"standard_error":84.29082869961209},"median_abs_dev":{"confidence_interval":{"confidence_level":0.95,"lower_bound":220.32319141011658,"upper_bound":572.6332858928394},"point_estimate":444.67693571652023,"standard_error":93.99347607946598},"slope":{"confidence_interval":{"confidence_level":0.95,"lower_bound":48369.930371247094,"upper_bound":48543.34671113852},"point_estimate":48446.684247925856,"standard_error":44.21708605725941},"std_dev":{"confidence_interval":{"confidence_level":0.95,"lower_bound":517.4325130470475,"upper_bound":1542.3410257102757},"point_estimate":1029.4861724548848,"standard_error":285.6099333431129}}