{"mean":{"confidence_interval":{"confidence_level":0.95,"lower_bound":48550.607442020286,"upper_bound":48990.75731954597},"point_estimate":48800.01117690497,"standard_error":113.12602005859965},"median":{"confidence_interval":{"confidence_level":0.95,"lower_bound":48915.442577030815,"upper_bound":49011.920258671365},"point_estimate":48964.21442922375,"standard_error":23.24132694698547},"median_abs_dev":{"confidence_interval":{"confidence_level":0.95,"lower_bound":146.6744533889713,"upper_bound":277.17178004815264},"point_estimate":190.56655712925678,"standard_error":33.440035080739605},"slope":{"confidence_interval":{"confidence_level":0.95,"lower_bound":49065.26285454376,"upper_bound":49354.98437844922},"point_estimate":49196.541216688835,"standard_error":74.3438937495367},"std_dev":{"confidence_interval":{"confidence_level":0.95,"lower_bound":504.46916945088674,"upper_bound":1744.471146530941},"point_estimate":1136.7857733376177,"standard_error":355.1140185595817}}