{"mean":{"confidence_interval":{"confidence_level":0.95,"lower_bound":6530836.3245,"upper_bound":6542182.5859375},"point_estimate":6535166.76625,"standard_error":3093.0767338967207},"median":{"confidence_interval":{"confidence_level":0.95,"lower_bound":6528663.25,"upper_bound":6531065.125},"point_estimate":6529836.0625,"standard_error":517.7902917279835},"median_abs_dev":{"confidence_interval":{"confidence_level":0.95,"lower_bound":3873.4777562320232,"upper_bound":6433.927910774946},"point_estimate":4949.474687129259,"standard_error":671.1914320365001},"slope":null,"std_dev":{"confidence_interval":{"confidence_level":0.95,"lower_bound":7579.362519455938,"upper_bound":51876.897141214606},"point_estimate":31152.00514550789,"standard_error":15001.515396429757}}