{"mean":{"confidence_interval":{"confidence_level":0.95,"lower_bound":6533383.32128125,"upper_bound":6539649.85403125},"point_estimate":6535772.01,"standard_error":1679.3904880047805},"median":{"confidence_interval":{"confidence_level":0.95,"lower_bound":6532890.375,"upper_bound":6534009.3125},"point_estimate":6533226.5625,"standard_error":299.753462716554},"median_abs_dev":{"confidence_interval":{"confidence_level":0.95,"lower_bound":1814.6097052842379,"upper_bound":3945.664159012958},"point_estimate":3030.3416837006807,"standard_error":560.2544517513711},"slope":null,"std_dev":{"confidence_interval":{"confidence_level":0.95,"lower_bound":3838.1724778923553,"upper_bound":27985.608511373484},"point_estimate":16869.060209063817,"standard_error":7866.700007447227}}