{"mean":{"confidence_interval":{"confidence_level":0.95,"lower_bound":6531448.17,"upper_bound":6536007.60215625},"point_estimate":6533524.81,"standard_error":1172.3443423825938},"median":{"confidence_interval":{"confidence_level":0.95,"lower_bound":6530022.3125,"upper_bound":6531557.75},"point_estimate":6530811.375,"standard_error":501.0623919017289},"median_abs_dev":{"confidence_interval":{"confidence_level":0.95,"lower_bound":3225.0255927443504,"upper_bound":5099.587934464216},"point_estimate":4301.022523641586,"standard_error":493.05809885753604},"slope":null,"std_dev":{"confidence_interval":{"confidence_level":0.95,"lower_bound":6280.082962295504,"upper_bound":16709.013887790476},"point_estimate":11834.277400047511,"standard_error":2701.4578518201233}}