{"mean":{"confidence_interval":{"confidence_level":0.95,"lower_bound":6522905.25209375,"upper_bound":6543367.83234375},"point_estimate":6530006.84375,"standard_error":6359.153952691553},"median":{"confidence_interval":{"confidence_level":0.95,"lower_bound":6521884.125,"upper_bound":6523146.5},"point_estimate":6522640.5,"standard_error":369.4523541427577},"median_abs_dev":{"confidence_interval":{"confidence_level":0.95,"lower_bound":1781.0658808797598,"upper_bound":3594.6562986820936},"point_estimate":2905.3399734199047,"standard_error":458.28839948690774},"slope":null,"std_dev":{"confidence_interval":{"confidence_level":0.95,"lower_bound":3603.183441836341,"upper_bound":108796.55694691498},"point_estimate":63567.27885549026,"standard_error":37640.72584095745}}