{"mean":{"confidence_interval":{"confidence_level":0.95,"lower_bound":13067551.5428125,"upper_bound":13075127.790749999},"point_estimate":13071014.02,"standard_error":1940.6416694497234},"median":{"confidence_interval":{"confidence_level":0.95,"lower_bound":13063688.5,"upper_bound":13069947.25},"point_estimate":13067453.875,"standard_error":1235.5269145692105},"median_abs_dev":{"confidence_interval":{"confidence_level":0.95,"lower_bound":8846.67404294014,"upper_bound":14952.947359532118},"point_estimate":12357.656105607748,"standard_error":1695.0221452637174},"slope":null,"std_dev":{"confidence_interval":{"confidence_level":0.95,"lower_bound":11863.301167209225,"upper_bound":27608.884302786886},"point_estimate":19559.469014705443,"standard_error":4345.046133407171}}