{"mean":{"confidence_interval":{"confidence_level":0.95,"lower_bound":7378615.7608571425,"upper_bound":7381307.711428577},"point_estimate":7379868.277142857,"standard_error":690.4408073935891},"median":{"confidence_interval":{"confidence_level":0.95,"lower_bound":7377277.0,"upper_bound":7378872.285714285},"point_estimate":7378026.0,"standard_error":390.9666635730024},"median_abs_dev":{"confidence_interval":{"confidence_level":0.95,"lower_bound":2227.1828604593043,"upper_bound":5340.854605181074},"point_estimate":3660.009835021639,"standard_error":902.6135752715578},"slope":null,"std_dev":{"confidence_interval":{"confidence_level":0.95,"lower_bound":4569.736592692723,"upper_bound":9354.788218550273},"point_estimate":6968.682243599086,"standard_error":1242.199660009341}}