{"mean":{"confidence_interval":{"confidence_level":0.95,"lower_bound":6526134.22765625,"upper_bound":6536786.194281249},"point_estimate":6530748.0725,"standard_error":2682.106374924491},"median":{"confidence_interval":{"confidence_level":0.95,"lower_bound":6524629.875,"upper_bound":6526455.875},"point_estimate":6525194.625,"standard_error":504.0908395369054},"median_abs_dev":{"confidence_interval":{"confidence_level":0.95,"lower_bound":2773.851888254285,"upper_bound":4616.445668041706},"point_estimate":3447.7862387895584,"standard_error":479.0676821012224},"slope":null,"std_dev":{"confidence_interval":{"confidence_level":0.95,"lower_bound":4153.165753392144,"upper_bound":39733.99017396244},"point_estimate":26843.30023947474,"standard_error":8045.508344071881}}