{"mean":{"confidence_interval":{"confidence_level":0.95,"lower_bound":6523718.02646875,"upper_bound":6528559.35315625},"point_estimate":6525725.28625,"standard_error":1256.9506341085118},"median":{"confidence_interval":{"confidence_level":0.95,"lower_bound":6522241.375,"upper_bound":6523540.5},"point_estimate":6522937.5625,"standard_error":311.894298414586},"median_abs_dev":{"confidence_interval":{"confidence_level":0.95,"lower_bound":2482.706318423152,"upper_bound":4280.266124010086},"point_estimate":3597.7141611278057,"standard_error":484.08986455001735},"slope":null,"std_dev":{"confidence_interval":{"confidence_level":0.95,"lower_bound":4781.258078689045,"upper_bound":19983.881718226847},"point_estimate":12642.122824854885,"standard_error":4646.373689318292}}