{"mean":{"confidence_interval":{"confidence_level":0.95,"lower_bound":6528279.865,"upper_bound":6534042.45390625},"point_estimate":6530966.69125,"standard_error":1473.7679950365155},"median":{"confidence_interval":{"confidence_level":0.95,"lower_bound":6525376.5,"upper_bound":6528734.0},"point_estimate":6526488.5625,"standard_error":928.075205711589},"median_abs_dev":{"confidence_interval":{"confidence_level":0.95,"lower_bound":4522.207907214761,"upper_bound":7557.924015820026},"point_estimate":5998.321506008506,"standard_error":738.7448388791221},"slope":null,"std_dev":{"confidence_interval":{"confidence_level":0.95,"lower_bound":9782.86100235229,"upper_bound":18857.44207258351},"point_estimate":14815.097711497447,"standard_error":2320.603765538541}}