{"mean":{"confidence_interval":{"confidence_level":0.95,"lower_bound":6523973.57225,"upper_bound":6528341.7014999995},"point_estimate":6525752.0775,"standard_error":1138.1952788455615},"median":{"confidence_interval":{"confidence_level":0.95,"lower_bound":6522502.5,"upper_bound":6524084.875},"point_estimate":6523470.125,"standard_error":350.5502794257908},"median_abs_dev":{"confidence_interval":{"confidence_level":0.95,"lower_bound":2377.534382790327,"upper_bound":4117.458114400506},"point_estimate":3414.520401880145,"standard_error":410.15822247205585},"slope":null,"std_dev":{"confidence_interval":{"confidence_level":0.95,"lower_bound":4035.2311968884974,"upper_bound":18361.133569410744},"point_estimate":11458.100469476494,"standard_error":4504.759804143377}}