{"mean":{"confidence_interval":{"confidence_level":0.95,"lower_bound":6527593.74146875,"upper_bound":6538577.9038125},"point_estimate":6532198.23,"standard_error":2848.4574391333263},"median":{"confidence_interval":{"confidence_level":0.95,"lower_bound":6524755.125,"upper_bound":6526085.25},"point_estimate":6525403.3125,"standard_error":373.9708860380103},"median_abs_dev":{"confidence_interval":{"confidence_level":0.95,"lower_bound":2814.716050028801,"upper_bound":4938.818499818444},"point_estimate":3875.1456812024117,"standard_error":534.6492497135},"slope":null,"std_dev":{"confidence_interval":{"confidence_level":0.95,"lower_bound":9113.525431208309,"upper_bound":45034.46393998086},"point_estimate":28548.320578737883,"standard_error":10071.878619876083}}