{"mean":{"confidence_interval":{"confidence_level":0.95,"lower_bound":7390526.578571433,"upper_bound":7433507.255714285},"point_estimate":7409275.232857146,"standard_error":11125.421965366173},"median":{"confidence_interval":{"confidence_level":0.95,"lower_bound":7381638.142857143,"upper_bound":7384446.571428572},"point_estimate":7382912.785714285,"standard_error":771.3888470737725},"median_abs_dev":{"confidence_interval":{"confidence_level":0.95,"lower_bound":4479.887620465899,"upper_bound":8200.472254413007},"point_estimate":6296.602088212277,"standard_error":937.1301854151175},"slope":null,"std_dev":{"confidence_interval":{"confidence_level":0.95,"lower_bound":35756.032133405286,"upper_bound":169381.45162341997},"point_estimate":112330.05962545243,"standard_error":34760.78652993875}}