{"mean":{"confidence_interval":{"confidence_level":0.95,"lower_bound":7381211.247714287,"upper_bound":7406099.458571428},"point_estimate":7389935.072857138,"standard_error":7596.133926069498},"median":{"confidence_interval":{"confidence_level":0.95,"lower_bound":7379052.857142857,"upper_bound":7382138.285714285},"point_estimate":7380592.357142857,"standard_error":693.8470043149182},"median_abs_dev":{"confidence_interval":{"confidence_level":0.95,"lower_bound":4046.333028163623,"upper_bound":6018.720493146253},"point_estimate":5083.4117097517965,"standard_error":486.35016045399914},"slope":null,"std_dev":{"confidence_interval":{"confidence_level":0.95,"lower_bound":6141.166730904001,"upper_bound":130146.90268632652},"point_estimate":76132.81943310282,"standard_error":44145.25830424392}}