{"mean":{"confidence_interval":{"confidence_level":0.95,"lower_bound":6529765.287312499,"upper_bound":6533646.75009375},"point_estimate":6531585.4175,"standard_error":993.0663543670718},"median":{"confidence_interval":{"confidence_level":0.95,"lower_bound":6527749.25,"upper_bound":6530173.1875},"point_estimate":6529049.1875,"standard_error":639.2676753240806},"median_abs_dev":{"confidence_interval":{"confidence_level":0.95,"lower_bound":4208.174700289965,"upper_bound":6609.801332652569},"point_estimate":5640.644262358546,"standard_error":611.5428801295873},"slope":null,"std_dev":{"confidence_interval":{"confidence_level":0.95,"lower_bound":6765.180815416661,"upper_bound":13050.107541184821},"point_estimate":10031.958350477407,"standard_error":1625.5275830311464}}