{"mean":{"confidence_interval":{"confidence_level":0.95,"lower_bound":6526849.70425,"upper_bound":6569888.5666875},"point_estimate":6544482.6175,"standard_error":11283.847213430994},"median":{"confidence_interval":{"confidence_level":0.95,"lower_bound":6522666.5625,"upper_bound":6523951.5625},"point_estimate":6523267.0625,"standard_error":367.94675011476255},"median_abs_dev":{"confidence_interval":{"confidence_level":0.95,"lower_bound":2275.3276471048594,"upper_bound":4391.095105167477},"point_estimate":3299.3409164249897,"standard_error":537.1055511899747},"slope":null,"std_dev":{"confidence_interval":{"confidence_level":0.95,"lower_bound":19960.325403353585,"upper_bound":182042.10803633445},"point_estimate":113373.03107259682,"standard_error":44336.607960569345}}