{"mean":{"confidence_interval":{"confidence_level":0.95,"lower_bound":6534851.81578125,"upper_bound":6544615.82625},"point_estimate":6538855.435,"standard_error":2559.5974469877274},"median":{"confidence_interval":{"confidence_level":0.95,"lower_bound":6531291.375,"upper_bound":6533935.0},"point_estimate":6533136.6875,"standard_error":623.5331251001356},"median_abs_dev":{"confidence_interval":{"confidence_level":0.95,"lower_bound":3167.48218126595,"upper_bound":5951.7331183981105},"point_estimate":4820.951801910996,"standard_error":696.0594249641439},"slope":null,"std_dev":{"confidence_interval":{"confidence_level":0.95,"lower_bound":7977.684976400753,"upper_bound":41326.77317835579},"point_estimate":25835.998263286987,"standard_error":9850.174417800068}}