{"mean":{"confidence_interval":{"confidence_level":0.95,"lower_bound":13065343.934875,"upper_bound":13077580.1585},"point_estimate":13070342.9625,"standard_error":3206.709670653783},"median":{"confidence_interval":{"confidence_level":0.95,"lower_bound":13062622.75,"upper_bound":13067208.75},"point_estimate":13064513.375,"standard_error":1159.4915904768775},"median_abs_dev":{"confidence_interval":{"confidence_level":0.95,"lower_bound":6744.90325525403,"upper_bound":12054.093760997057},"point_estimate":9269.585685431957,"standard_error":1288.827299026452},"slope":null,"std_dev":{"confidence_interval":{"confidence_level":0.95,"lower_bound":10270.30071761833,"upper_bound":51729.91768504564},"point_estimate":32166.1941127633,"standard_error":12520.169310181946}}