{"mean":{"confidence_interval":{"confidence_level":0.95,"lower_bound":6525477.5390625,"upper_bound":6531473.38821875},"point_estimate":6527959.28,"standard_error":1555.534146247126},"median":{"confidence_interval":{"confidence_level":0.95,"lower_bound":6524286.375,"upper_bound":6525649.5625},"point_estimate":6525025.1875,"standard_error":331.2467978889233},"median_abs_dev":{"confidence_interval":{"confidence_level":0.95,"lower_bound":1931.8277657032013,"upper_bound":3253.936292231083},"point_estimate":2338.523470982909,"standard_error":341.3079490133683},"slope":null,"std_dev":{"confidence_interval":{"confidence_level":0.95,"lower_bound":3815.878258481547,"upper_bound":24928.597326307066},"point_estimate":15629.72832237415,"standard_error":5840.709183735698}}