{"mean":{"confidence_interval":{"confidence_level":0.95,"lower_bound":6524024.00884375,"upper_bound":6527810.0625},"point_estimate":6525692.705,"standard_error":971.219647048196},"median":{"confidence_interval":{"confidence_level":0.95,"lower_bound":6522274.0,"upper_bound":6523949.0},"point_estimate":6523312.875,"standard_error":396.5409960157703},"median_abs_dev":{"confidence_interval":{"confidence_level":0.95,"lower_bound":2577.036741748452,"upper_bound":5207.169095054269},"point_estimate":3803.517569974065,"standard_error":632.7684716754533},"slope":null,"std_dev":{"confidence_interval":{"confidence_level":0.95,"lower_bound":5142.811755621473,"upper_bound":14470.8299826265},"point_estimate":9758.711090518414,"standard_error":2722.6207031812714}}