{"mean":{"confidence_interval":{"confidence_level":0.95,"lower_bound":6524931.9381875,"upper_bound":6530285.73134375},"point_estimate":6527043.9225,"standard_error":1406.898795738702},"median":{"confidence_interval":{"confidence_level":0.95,"lower_bound":6523988.875,"upper_bound":6525302.0},"point_estimate":6524412.1875,"standard_error":337.36696563599764},"median_abs_dev":{"confidence_interval":{"confidence_level":0.95,"lower_bound":3316.2054911255836,"upper_bound":5040.031430209049},"point_estimate":4457.158833369613,"standard_error":427.5645176776659},"slope":null,"std_dev":{"confidence_interval":{"confidence_level":0.95,"lower_bound":4434.368978645674,"upper_bound":23097.112088142563},"point_estimate":14135.628233368823,"standard_error":6123.251284472298}}