{"mean":{"confidence_interval":{"confidence_level":0.95,"lower_bound":6525614.8745625,"upper_bound":6553914.1625},"point_estimate":6536293.86125,"standard_error":7638.4995696089145},"median":{"confidence_interval":{"confidence_level":0.95,"lower_bound":6523708.5,"upper_bound":6525272.75},"point_estimate":6524677.25,"standard_error":408.0534417673271},"median_abs_dev":{"confidence_interval":{"confidence_level":0.95,"lower_bound":2696.015389636159,"upper_bound":4363.291722536087},"point_estimate":3563.0583867430687,"standard_error":446.71979850164496},"slope":null,"std_dev":{"confidence_interval":{"confidence_level":0.95,"lower_bound":5875.974151323453,"upper_bound":128944.43966904195},"point_estimate":77260.89056094608,"standard_error":37077.73668476634}}