{"mean":{"confidence_interval":{"confidence_level":0.95,"lower_bound":-0.08597049271049537,"upper_bound":-0.08149987574745476},"point_estimate":-0.08379924261593064,"standard_error":0.0011218823727681014},"median":{"confidence_interval":{"confidence_level":0.95,"lower_bound":-0.08662687801343316,"upper_bound":-0.0834752370200007},"point_estimate":-0.08471704311827377,"standard_error":0.000785406367095169}}