{"mean":{"confidence_interval":{"confidence_level":0.95,"lower_bound":-0.0017957241186317195,"upper_bound":0.0058414541421056175},"point_estimate":0.0022030803047767833,"standard_error":0.0019388183325435755},"median":{"confidence_interval":{"confidence_level":0.95,"lower_bound":0.0014160571966306678,"upper_bound":0.005188525898002549},"point_estimate":0.003548163638215751,"standard_error":0.0009940290141333102}}