{"mean":{"confidence_interval":{"confidence_level":0.95,"lower_bound":-0.002622617422964185,"upper_bound":0.0007361559440547816},"point_estimate":-0.000937175588794803,"standard_error":0.000847772415068526},"median":{"confidence_interval":{"confidence_level":0.95,"lower_bound":-0.0032526111793457213,"upper_bound":-0.00017358050619598053},"point_estimate":-0.0017203179327885953,"standard_error":0.0007883802366961663}}