{"mean":{"confidence_interval":{"confidence_level":0.95,"lower_bound":0.041349559280732126,"upper_bound":0.056939965048750464},"point_estimate":0.04829065448682246,"standard_error":0.003921564392581907},"median":{"confidence_interval":{"confidence_level":0.95,"lower_bound":0.04185650350795213,"upper_bound":0.05086462099732585},"point_estimate":0.046135769473265587,"standard_error":0.002478510084422164}}