{"mean":{"confidence_interval":{"confidence_level":0.95,"lower_bound":-0.001638521205156949,"upper_bound":0.0029092866334154525},"point_estimate":0.0005975190291489518,"standard_error":0.001150582429836414},"median":{"confidence_interval":{"confidence_level":0.95,"lower_bound":-0.0016913992888418772,"upper_bound":0.0017014650077218363},"point_estimate":0.00006956060357921068,"standard_error":0.0008567181887569354}}