{"mean":{"confidence_interval":{"confidence_level":0.95,"lower_bound":-0.37641130564368563,"upper_bound":-0.3727759721656361},"point_estimate":-0.37467556000285784,"standard_error":0.0009287897761786658},"median":{"confidence_interval":{"confidence_level":0.95,"lower_bound":-0.377417340610664,"upper_bound":-0.37424781623888703},"point_estimate":-0.37602479925305865,"standard_error":0.0008118212006111795}}