{"mean":{"confidence_interval":{"confidence_level":0.95,"lower_bound":-0.0008030276894733481,"upper_bound":0.005191972344504818},"point_estimate":0.002219480888650871,"standard_error":0.0015343821071985694},"median":{"confidence_interval":{"confidence_level":0.95,"lower_bound":-0.0005131258773746177,"upper_bound":0.004985188247416561},"point_estimate":0.002239266994663147,"standard_error":0.0014030435884998442}}