{"mean":{"confidence_interval":{"confidence_level":0.95,"lower_bound":-0.01505522924211271,"upper_bound":-0.007277663303639295},"point_estimate":-0.010759880876027084,"standard_error":0.001996182697649138},"median":{"confidence_interval":{"confidence_level":0.95,"lower_bound":-0.009831054823843166,"upper_bound":-0.006607708947464541},"point_estimate":-0.008452042865468745,"standard_error":0.0008356284587434986}}