{"mean":{"confidence_interval":{"confidence_level":0.95,"lower_bound":-0.0034769811240039435,"upper_bound":0.008524467014181785},"point_estimate":0.002033506414024444,"standard_error":0.0030551596535030637},"median":{"confidence_interval":{"confidence_level":0.95,"lower_bound":-0.0015253790067640827,"upper_bound":0.002239164673394356},"point_estimate":0.0002158991812346578,"standard_error":0.0009036563502051317}}