{"mean":{"confidence_interval":{"confidence_level":0.95,"lower_bound":0.0012435604247167113,"upper_bound":0.005279847309041128},"point_estimate":0.0033739975713611425,"standard_error":0.0010310952024860135},"median":{"confidence_interval":{"confidence_level":0.95,"lower_bound":0.0012998618995763156,"upper_bound":0.005691642239658655},"point_estimate":0.003414467777641761,"standard_error":0.0011147689201325098}}