{"mean":{"confidence_interval":{"confidence_level":0.95,"lower_bound":-0.005139876279361258,"upper_bound":-0.0007949049085915779},"point_estimate":-0.002962849278820401,"standard_error":0.0011063563657616557},"median":{"confidence_interval":{"confidence_level":0.95,"lower_bound":-0.00325929634460322,"upper_bound":0.00033252963295105076},"point_estimate":-0.0012108540725763728,"standard_error":0.0009172252388997156}}