{"mean":{"confidence_interval":{"confidence_level":0.95,"lower_bound":-0.009542578287132553,"upper_bound":0.0007659530018383873},"point_estimate":-0.004039617270625295,"standard_error":0.002631074367461393},"median":{"confidence_interval":{"confidence_level":0.95,"lower_bound":-0.0018009854585964158,"upper_bound":0.0017291595767854329},"point_estimate":-0.0002297008501828124,"standard_error":0.0009187406173251932}}