{"mean":{"confidence_interval":{"confidence_level":0.95,"lower_bound":-0.0008299029325625638,"upper_bound":0.004861280042958092},"point_estimate":0.002052246778067257,"standard_error":0.001442492593699106},"median":{"confidence_interval":{"confidence_level":0.95,"lower_bound":-0.000492905483085311,"upper_bound":0.003408260871772484},"point_estimate":0.0012974290691958323,"standard_error":0.0010071539266268742}}