{"mean":{"confidence_interval":{"confidence_level":0.95,"lower_bound":-0.0035998717091478643,"upper_bound":0.000525904475206184},"point_estimate":-0.0015942382517638576,"standard_error":0.0010508908967076275},"median":{"confidence_interval":{"confidence_level":0.95,"lower_bound":-0.0032792545241702165,"upper_bound":-0.0006557472997806846},"point_estimate":-0.0016341362520779779,"standard_error":0.0007250062920309481}}