{"mean":{"confidence_interval":{"confidence_level":0.95,"lower_bound":-0.009180064608389544,"upper_bound":-0.004569693170523973},"point_estimate":-0.006728460451343898,"standard_error":0.0011760617755773453},"median":{"confidence_interval":{"confidence_level":0.95,"lower_bound":-0.008221999083930731,"upper_bound":-0.005077046665367235},"point_estimate":-0.006460579357745688,"standard_error":0.0007812073909522247}}