{"mean":{"confidence_interval":{"confidence_level":0.95,"lower_bound":-0.0012240883345516118,"upper_bound":0.00204555666321292},"point_estimate":0.0003984526989366799,"standard_error":0.00084122182891723},"median":{"confidence_interval":{"confidence_level":0.95,"lower_bound":-0.0017302117052057087,"upper_bound":0.0018823731935387097},"point_estimate":-0.0003273444742115661,"standard_error":0.0009370390165682785}}