{"mean":{"confidence_interval":{"confidence_level":0.95,"lower_bound":0.0048222163533290455,"upper_bound":0.01889367412771447},"point_estimate":0.010846708383022818,"standard_error":0.0034713613973274015},"median":{"confidence_interval":{"confidence_level":0.95,"lower_bound":0.00042443268269209966,"upper_bound":0.0038459894079474477},"point_estimate":0.0018365184210051844,"standard_error":0.0009012480997737173}}