{"mean":{"confidence_interval":{"confidence_level":0.95,"lower_bound":-0.05003828628463263,"upper_bound":-0.04243701494383508},"point_estimate":-0.04627869630917936,"standard_error":0.001957709518132763},"median":{"confidence_interval":{"confidence_level":0.95,"lower_bound":-0.0546723391170969,"upper_bound":-0.04754513080403655},"point_estimate":-0.051232175814905356,"standard_error":0.00181760383580974}}