{"mean":{"confidence_interval":{"confidence_level":0.95,"lower_bound":-0.016298626847616283,"upper_bound":-0.0011200636466133663},"point_estimate":-0.006855816533689274,"standard_error":0.004206376505711787},"median":{"confidence_interval":{"confidence_level":0.95,"lower_bound":-0.0018524524280575383,"upper_bound":0.0012455957491861458},"point_estimate":0.00008512069319621673,"standard_error":0.0007910380982227866}}