{"mean":{"confidence_interval":{"confidence_level":0.95,"lower_bound":-0.001277347276297391,"upper_bound":0.00982471047006997},"point_estimate":0.003259804751255313,"standard_error":0.002856891181618217},"median":{"confidence_interval":{"confidence_level":0.95,"lower_bound":-0.002367333620317824,"upper_bound":0.000805811153464786},"point_estimate":-0.00041761292564124197,"standard_error":0.0008037412612621537}}