{"mean":{"confidence_interval":{"confidence_level":0.95,"lower_bound":-0.002453765998976534,"upper_bound":0.001328370747725904},"point_estimate":-0.0005619876273168511,"standard_error":0.000962230834253735},"median":{"confidence_interval":{"confidence_level":0.95,"lower_bound":-0.002388413273404666,"upper_bound":-0.00018496201567508308},"point_estimate":-0.0012290448061774706,"standard_error":0.0005353763709873259}}