{"mean":{"confidence_interval":{"confidence_level":0.95,"lower_bound":-0.009242521032950703,"upper_bound":-0.0022208173116571063},"point_estimate":-0.0056504938138917105,"standard_error":0.0017878823141618692},"median":{"confidence_interval":{"confidence_level":0.95,"lower_bound":-0.004089910114882023,"upper_bound":0.0005930869451711285},"point_estimate":-0.0011001872405153046,"standard_error":0.0012079656809098047}}