{"mean":{"confidence_interval":{"confidence_level":0.95,"lower_bound":0.0017754261404584763,"upper_bound":0.014434296086497933},"point_estimate":0.006922490749013965,"standard_error":0.003257958800024545},"median":{"confidence_interval":{"confidence_level":0.95,"lower_bound":0.000887572802870995,"upper_bound":0.0040286496906905},"point_estimate":0.0025709782334955023,"standard_error":0.0008331944097304227}}