{"mean":{"confidence_interval":{"confidence_level":0.95,"lower_bound":-0.0642209624357182,"upper_bound":-0.05743371171100554},"point_estimate":-0.061229066852986236,"standard_error":0.0017779800053867858},"median":{"confidence_interval":{"confidence_level":0.95,"lower_bound":-0.06331281761605725,"upper_bound":-0.060947912891885836},"point_estimate":-0.06218322619158312,"standard_error":0.0006301196414200289}}