{"mean":{"confidence_interval":{"confidence_level":0.95,"lower_bound":-0.008600594565735009,"upper_bound":-0.0035675228209055125},"point_estimate":-0.006069108152436331,"standard_error":0.0012827409961776995},"median":{"confidence_interval":{"confidence_level":0.95,"lower_bound":-0.007395621616024695,"upper_bound":-0.003862893923936239},"point_estimate":-0.0055851899309441455,"standard_error":0.0008933777920443656}}