{"mean":{"confidence_interval":{"confidence_level":0.95,"lower_bound":-0.0013691649129609711,"upper_bound":0.002277977306209305},"point_estimate":0.00044884312534310133,"standard_error":0.0009258996439093178},"median":{"confidence_interval":{"confidence_level":0.95,"lower_bound":-0.0011548905507310072,"upper_bound":0.002049283747727726},"point_estimate":0.00043523945879409,"standard_error":0.0008172180374792968}}