{"mean":{"confidence_interval":{"confidence_level":0.95,"lower_bound":0.26489688159121055,"upper_bound":0.26789382629967595},"point_estimate":0.26638343050077884,"standard_error":0.00076501148756159},"median":{"confidence_interval":{"confidence_level":0.95,"lower_bound":0.26551211705478117,"upper_bound":0.2677421642593656},"point_estimate":0.2669546159074756,"standard_error":0.0005675893291305926}}