{"mean":{"confidence_interval":{"confidence_level":0.95,"lower_bound":-0.00047180840455485207,"upper_bound":0.004224406067748469},"point_estimate":0.0019202671205598154,"standard_error":0.00120371918694932},"median":{"confidence_interval":{"confidence_level":0.95,"lower_bound":-0.0007792602450245231,"upper_bound":0.0038961869001377103},"point_estimate":0.0019203697429324151,"standard_error":0.001225271821613182}}