{"mean":{"confidence_interval":{"confidence_level":0.95,"lower_bound":0.002680749893825791,"upper_bound":0.006281524696576374},"point_estimate":0.0045164282063800965,"standard_error":0.0009186159813057797},"median":{"confidence_interval":{"confidence_level":0.95,"lower_bound":0.003859841866413749,"upper_bound":0.0065607486361867196},"point_estimate":0.0052835133101836185,"standard_error":0.0006944082092970689}}