{"mean":{"confidence_interval":{"confidence_level":0.95,"lower_bound":-0.0005162782554569727,"upper_bound":0.003535200325451048},"point_estimate":0.0014741193369327554,"standard_error":0.0010238131527026627},"median":{"confidence_interval":{"confidence_level":0.95,"lower_bound":-0.0010813499213310565,"upper_bound":0.00200249557909582},"point_estimate":0.000464560994753338,"standard_error":0.0007728313426109238}}