{"mean":{"confidence_interval":{"confidence_level":0.95,"lower_bound":0.02930923075628205,"upper_bound":0.035960432022865356},"point_estimate":0.03230388173818022,"standard_error":0.0016724001457095363},"median":{"confidence_interval":{"confidence_level":0.95,"lower_bound":0.028212694815489936,"upper_bound":0.031189788751469605},"point_estimate":0.030075098764498875,"standard_error":0.0007538976523965895}}