{"mean":{"confidence_interval":{"confidence_level":0.95,"lower_bound":-0.010212921625223702,"upper_bound":-0.003929607427592241},"point_estimate":-0.007273025388976118,"standard_error":0.0015958235031977028},"median":{"confidence_interval":{"confidence_level":0.95,"lower_bound":-0.009965773041558549,"upper_bound":-0.006051890790698122},"point_estimate":-0.008572863653814378,"standard_error":0.0009829989148055689}}