{"mean":{"confidence_interval":{"confidence_level":0.95,"lower_bound":-0.09827696428274833,"upper_bound":-0.09403404465458713},"point_estimate":-0.09609176573265199,"standard_error":0.0010770573187997084},"median":{"confidence_interval":{"confidence_level":0.95,"lower_bound":-0.09749126191227686,"upper_bound":-0.09305268050775972},"point_estimate":-0.09517785388546218,"standard_error":0.0011072725880822859}}