{"mean":{"confidence_interval":{"confidence_level":0.95,"lower_bound":-0.007827028906142494,"upper_bound":-0.003078343741293736},"point_estimate":-0.005364593295864362,"standard_error":0.0012116168349126705},"median":{"confidence_interval":{"confidence_level":0.95,"lower_bound":-0.00594274405218953,"upper_bound":-0.002871436403834582},"point_estimate":-0.004116325581279168,"standard_error":0.0008288866052483681}}