{"mean":{"confidence_interval":{"confidence_level":0.95,"lower_bound":0.5217994776042751,"upper_bound":0.6040216751561709},"point_estimate":0.5662198778797682,"standard_error":0.02052477404011255},"median":{"confidence_interval":{"confidence_level":0.95,"lower_bound":0.632843833712533,"upper_bound":0.638299342913339},"point_estimate":0.6357543816343754,"standard_error":0.0014019240598639564}}