{"mean":{"confidence_interval":{"confidence_level":0.95,"lower_bound":-0.08246997796639831,"upper_bound":-0.07113963672312919},"point_estimate":-0.07667298251289789,"standard_error":0.0028935089925007196},"median":{"confidence_interval":{"confidence_level":0.95,"lower_bound":-0.08060283571205007,"upper_bound":-0.0694514282213885},"point_estimate":-0.07732799475529895,"standard_error":0.0029283433374529154}}