{"mean":{"confidence_interval":{"confidence_level":0.95,"lower_bound":-0.005728172146646498,"upper_bound":0.00037931250845488706},"point_estimate":-0.0024031029120639147,"standard_error":0.0015635676269351929},"median":{"confidence_interval":{"confidence_level":0.95,"lower_bound":-0.002783617898536761,"upper_bound":0.0003439451821452},"point_estimate":-0.0013529419322204639,"standard_error":0.0007669744261021616}}