{"mean":{"confidence_interval":{"confidence_level":0.95,"lower_bound":-0.015510450728778177,"upper_bound":-0.010875127678019828},"point_estimate":-0.013264853587802494,"standard_error":0.0011758636763307725},"median":{"confidence_interval":{"confidence_level":0.95,"lower_bound":-0.01770455633825818,"upper_bound":-0.013905044778607323},"point_estimate":-0.0157558389923792,"standard_error":0.0009752990438625604}}