{"mean":{"confidence_interval":{"confidence_level":0.95,"lower_bound":-0.0021190183241903927,"upper_bound":0.011809553156198548},"point_estimate":0.005617328633237495,"standard_error":0.003556165634488984},"median":{"confidence_interval":{"confidence_level":0.95,"lower_bound":0.002214320896519073,"upper_bound":0.005756643914578197},"point_estimate":0.003739445518532891,"standard_error":0.0009132525630658372}}