{"mean":{"confidence_interval":{"confidence_level":0.95,"lower_bound":-0.005840583161176584,"upper_bound":0.0019181027941770775},"point_estimate":-0.002401712882004081,"standard_error":0.0019701746467819916},"median":{"confidence_interval":{"confidence_level":0.95,"lower_bound":-0.0069642556935278765,"upper_bound":-0.0017554535259364235},"point_estimate":-0.005043829246394238,"standard_error":0.0013645412496718103}}