{"mean":{"confidence_interval":{"confidence_level":0.95,"lower_bound":0.09272505068769497,"upper_bound":0.10393147618641839},"point_estimate":0.09835111178452305,"standard_error":0.002885899598285829},"median":{"confidence_interval":{"confidence_level":0.95,"lower_bound":0.08810903391715894,"upper_bound":0.10406413477653609},"point_estimate":0.09655832047381607,"standard_error":0.004397006386082553}}