{"mean":{"confidence_interval":{"confidence_level":0.95,"lower_bound":0.020163710100672663,"upper_bound":0.02690326400608911},"point_estimate":0.023525491178040037,"standard_error":0.0016993539141974335},"median":{"confidence_interval":{"confidence_level":0.95,"lower_bound":0.018645454446134156,"upper_bound":0.02680551943820353},"point_estimate":0.021691753961954774,"standard_error":0.001989917430910612}}