{"mean":{"confidence_interval":{"confidence_level":0.95,"lower_bound":0.0009933121375624077,"upper_bound":0.004813803968922947},"point_estimate":0.0029319446061710774,"standard_error":0.0009638066610252933},"median":{"confidence_interval":{"confidence_level":0.95,"lower_bound":0.001983103134105546,"upper_bound":0.005225168415282644},"point_estimate":0.0034244246157761893,"standard_error":0.0008376407673005269}}