{"mean":{"confidence_interval":{"confidence_level":0.95,"lower_bound":0.004667583522705918,"upper_bound":0.011367396441344085},"point_estimate":0.008590251038786967,"standard_error":0.0017413554873379922},"median":{"confidence_interval":{"confidence_level":0.95,"lower_bound":0.00842818360507036,"upper_bound":0.011731731049101834},"point_estimate":0.009765295138799424,"standard_error":0.0008627965362467628}}