{"mean":{"confidence_interval":{"confidence_level":0.95,"lower_bound":-0.053243802179503266,"upper_bound":-0.048188194495264916},"point_estimate":-0.05065331740865553,"standard_error":0.001287953075478356},"median":{"confidence_interval":{"confidence_level":0.95,"lower_bound":-0.05077596344819413,"upper_bound":-0.04759141056760863},"point_estimate":-0.04895038234034321,"standard_error":0.0008479731556195363}}