{"mean":{"confidence_interval":{"confidence_level":0.95,"lower_bound":-0.006086166520661518,"upper_bound":0.00013778728678214732},"point_estimate":-0.002726537842288046,"standard_error":0.0015864096748862634},"median":{"confidence_interval":{"confidence_level":0.95,"lower_bound":-0.00318396716395164,"upper_bound":-0.0015759449469510134},"point_estimate":-0.0022353028638805172,"standard_error":0.0004009927387451572}}