{"mean":{"confidence_interval":{"confidence_level":0.95,"lower_bound":0.003649715166610485,"upper_bound":0.007008255164833821},"point_estimate":0.005373807010143672,"standard_error":0.0008567307508044509},"median":{"confidence_interval":{"confidence_level":0.95,"lower_bound":0.00364512104059056,"upper_bound":0.007121461026603493},"point_estimate":0.0054072617436675685,"standard_error":0.0008603087247599524}}