{"mean":{"confidence_interval":{"confidence_level":0.95,"lower_bound":-0.0015681349176296178,"upper_bound":0.00428692085745424},"point_estimate":0.001731641781122395,"standard_error":0.001500142157620726},"median":{"confidence_interval":{"confidence_level":0.95,"lower_bound":0.00040348925911559697,"upper_bound":0.005498796840136766},"point_estimate":0.0031512725551143816,"standard_error":0.0013656561436535906}}