{"mean":{"confidence_interval":{"confidence_level":0.95,"lower_bound":0.0043913449497988925,"upper_bound":0.009239196499802812},"point_estimate":0.006905418081686321,"standard_error":0.0012294499009067102},"median":{"confidence_interval":{"confidence_level":0.95,"lower_bound":0.005390060888627257,"upper_bound":0.009923381650353669},"point_estimate":0.007659750255459619,"standard_error":0.0011456710261785877}}