{"mean":{"confidence_interval":{"confidence_level":0.95,"lower_bound":-0.0022265389550634868,"upper_bound":0.0017780650153787377},"point_estimate":-0.00015789181295322585,"standard_error":0.001023595127346941},"median":{"confidence_interval":{"confidence_level":0.95,"lower_bound":-0.0013460482691890485,"upper_bound":0.0031390075743034096},"point_estimate":0.0009411900762239522,"standard_error":0.0011118184410560037}}