{"mean":{"confidence_interval":{"confidence_level":0.95,"lower_bound":-0.004817105875477104,"upper_bound":-0.0004996765343993464},"point_estimate":-0.0026231421442172165,"standard_error":0.001104718694613099},"median":{"confidence_interval":{"confidence_level":0.95,"lower_bound":-0.005276346920640718,"upper_bound":-0.0015169259197019835},"point_estimate":-0.003216933163031399,"standard_error":0.0009971634857127716}}