{"mean":{"confidence_interval":{"confidence_level":0.95,"lower_bound":-0.0037785311092563773,"upper_bound":0.000031843508541084494},"point_estimate":-0.001816178457791695,"standard_error":0.0009664122508138965},"median":{"confidence_interval":{"confidence_level":0.95,"lower_bound":-0.0031945452064735536,"upper_bound":0.0006368041122607873},"point_estimate":-0.001478053581325578,"standard_error":0.000993720060485701}}