{"mean":{"confidence_interval":{"confidence_level":0.95,"lower_bound":-0.012416892636528874,"upper_bound":-0.00010975974904047719},"point_estimate":-0.006254333030134118,"standard_error":0.0031484493816227284},"median":{"confidence_interval":{"confidence_level":0.95,"lower_bound":-0.004437246149096707,"upper_bound":0.0012002741047560939},"point_estimate":-0.0003812722415893477,"standard_error":0.0017719499661927698}}