{"mean":{"confidence_interval":{"confidence_level":0.95,"lower_bound":-0.22455581617474737,"upper_bound":-0.22317704113765433},"point_estimate":-0.22394191804283536,"standard_error":0.0003516260186274986},"median":{"confidence_interval":{"confidence_level":0.95,"lower_bound":-0.22456610796797916,"upper_bound":-0.223951609195011},"point_estimate":-0.2242096441297432,"standard_error":0.00015522723949516713}}