{"mean":{"confidence_interval":{"confidence_level":0.95,"lower_bound":0.002387161040810959,"upper_bound":0.0054672095856782565},"point_estimate":0.0039501718201930824,"standard_error":0.000783633059245204},"median":{"confidence_interval":{"confidence_level":0.95,"lower_bound":0.0031371803975350776,"upper_bound":0.004492511969592661},"point_estimate":0.00363979192915731,"standard_error":0.00033591247288857444}}