{"mean":{"confidence_interval":{"confidence_level":0.95,"lower_bound":-0.0007735233157439345,"upper_bound":0.0014674201112155393},"point_estimate":0.0003574938636621283,"standard_error":0.0005704164201933798},"median":{"confidence_interval":{"confidence_level":0.95,"lower_bound":0.00010215146635661476,"upper_bound":0.0016314076779673226},"point_estimate":0.0009558939559979329,"standard_error":0.00040458492968711715}}