{"mean":{"confidence_interval":{"confidence_level":0.95,"lower_bound":0.11532833592558613,"upper_bound":0.12801942832795746},"point_estimate":0.12276571754189969,"standard_error":0.0033146807261240554},"median":{"confidence_interval":{"confidence_level":0.95,"lower_bound":0.12732585783298012,"upper_bound":0.12906507642262666},"point_estimate":0.12851786347861327,"standard_error":0.00046279778434913884}}