{"mean":{"confidence_interval":{"confidence_level":0.95,"lower_bound":-0.012133301050553413,"upper_bound":0.0031154816471031326},"point_estimate":-0.0028973451627489766,"standard_error":0.004078237363029014},"median":{"confidence_interval":{"confidence_level":0.95,"lower_bound":-0.0018305378406058518,"upper_bound":-0.00004818264900152691},"point_estimate":-0.0011345585499523692,"standard_error":0.00044747008474275296}}