{"mean":{"confidence_interval":{"confidence_level":0.95,"lower_bound":-0.0017053682015592347,"upper_bound":0.0005029574582616266},"point_estimate":-0.0005899606950950931,"standard_error":0.0005560809618218717},"median":{"confidence_interval":{"confidence_level":0.95,"lower_bound":-0.0015167742302353451,"upper_bound":-0.0003163971147823972},"point_estimate":-0.0010728504730423971,"standard_error":0.00031221876759518426}}