{"mean":{"confidence_interval":{"confidence_level":0.95,"lower_bound":0.12748141018567272,"upper_bound":0.12931298536081626},"point_estimate":0.1284347645578463,"standard_error":0.0004681206795306671},"median":{"confidence_interval":{"confidence_level":0.95,"lower_bound":0.12850705943428786,"upper_bound":0.13001385827789114},"point_estimate":0.12922042800255484,"standard_error":0.0003766830240918418}}