{"mean":{"confidence_interval":{"confidence_level":0.95,"lower_bound":-0.2270768656350343,"upper_bound":-0.22507967901215423},"point_estimate":-0.22595289030976218,"standard_error":0.0005124123386987557},"median":{"confidence_interval":{"confidence_level":0.95,"lower_bound":-0.2258196596484605,"upper_bound":-0.22488950447386225},"point_estimate":-0.2253175159019596,"standard_error":0.00023434457898600513}}