{"mean":{"confidence_interval":{"confidence_level":0.95,"lower_bound":-0.0019349109271040662,"upper_bound":0.002219226898658104},"point_estimate":-0.00001851795539198342,"standard_error":0.0010426412346967748},"median":{"confidence_interval":{"confidence_level":0.95,"lower_bound":-0.0011928738370640124,"upper_bound":-0.00034198344078451015},"point_estimate":-0.0008590728123160085,"standard_error":0.00022323059671376855}}