{"mean":{"confidence_interval":{"confidence_level":0.95,"lower_bound":-0.08003257770546875,"upper_bound":-0.06796752678012184},"point_estimate":-0.07391471153291274,"standard_error":0.003078095671357783},"median":{"confidence_interval":{"confidence_level":0.95,"lower_bound":-0.07888390395180805,"upper_bound":-0.059574921954931304},"point_estimate":-0.06609744802827755,"standard_error":0.0057224958432482015}}