{"mean":{"confidence_interval":{"confidence_level":0.95,"lower_bound":-0.04469829569624375,"upper_bound":-0.033400561246524095},"point_estimate":-0.03943896372586908,"standard_error":0.0028752079933104598},"median":{"confidence_interval":{"confidence_level":0.95,"lower_bound":-0.04707586497041505,"upper_bound":-0.03543586113701591},"point_estimate":-0.04175484923053152,"standard_error":0.002820776899018837}}