{"mean":{"confidence_interval":{"confidence_level":0.95,"lower_bound":-0.041968253775842713,"upper_bound":-0.029118712189137648},"point_estimate":-0.03567130933702023,"standard_error":0.003268324970775665},"median":{"confidence_interval":{"confidence_level":0.95,"lower_bound":-0.04454255376464389,"upper_bound":-0.035361681228613606},"point_estimate":-0.04074044350590755,"standard_error":0.002357363050618494}}