{"mean":{"confidence_interval":{"confidence_level":0.95,"lower_bound":0.11142155327890733,"upper_bound":0.1258307397245922},"point_estimate":0.11909563940097789,"standard_error":0.003740758677381437},"median":{"confidence_interval":{"confidence_level":0.95,"lower_bound":0.10598840145932864,"upper_bound":0.12307617065864052},"point_estimate":0.11527515876944294,"standard_error":0.004621487377382271}}