{"mean":{"confidence_interval":{"confidence_level":0.95,"lower_bound":-0.06275027275583478,"upper_bound":-0.05668800878932954},"point_estimate":-0.05961998924965095,"standard_error":0.0015571038344918003},"median":{"confidence_interval":{"confidence_level":0.95,"lower_bound":-0.06173094913627819,"upper_bound":-0.05524155986558177},"point_estimate":-0.05877511479519126,"standard_error":0.0015628770311174889}}