{"mean":{"confidence_interval":{"confidence_level":0.95,"lower_bound":-0.031578234849512055,"upper_bound":-0.025621672523452932},"point_estimate":-0.02862196899500713,"standard_error":0.0015286256049233662},"median":{"confidence_interval":{"confidence_level":0.95,"lower_bound":-0.03260168706853155,"upper_bound":-0.026209719240931295},"point_estimate":-0.02938411925670381,"standard_error":0.0016441422637369532}}