{"mean":{"confidence_interval":{"confidence_level":0.95,"lower_bound":0.1439111662743337,"upper_bound":0.15268944798222683},"point_estimate":0.14817098708211285,"standard_error":0.0021818265840929966},"median":{"confidence_interval":{"confidence_level":0.95,"lower_bound":0.14152405421895287,"upper_bound":0.15668117663341286},"point_estimate":0.15073641929545678,"standard_error":0.0037953716137303388}}