{"mean":{"confidence_interval":{"confidence_level":0.95,"lower_bound":-0.06106106081495938,"upper_bound":-0.054022741822356474},"point_estimate":-0.057538245545722844,"standard_error":0.001801459528079332},"median":{"confidence_interval":{"confidence_level":0.95,"lower_bound":-0.06269763107985411,"upper_bound":-0.0530530652268415},"point_estimate":-0.05772481350349623,"standard_error":0.002499355223903766}}