{"mean":{"confidence_interval":{"confidence_level":0.95,"lower_bound":0.027533765277582396,"upper_bound":0.03376709366264087},"point_estimate":0.030623922771254364,"standard_error":0.0015866561686023273},"median":{"confidence_interval":{"confidence_level":0.95,"lower_bound":0.024635761552048274,"upper_bound":0.029269442841597826},"point_estimate":0.02709421153306768,"standard_error":0.0013207505383210476}}