{"mean":{"confidence_interval":{"confidence_level":0.95,"lower_bound":0.015543854934772394,"upper_bound":0.021296621292804296},"point_estimate":0.01845377292213235,"standard_error":0.0014597902317636914},"median":{"confidence_interval":{"confidence_level":0.95,"lower_bound":0.0144371914975292,"upper_bound":0.018860303834857504},"point_estimate":0.01685308987076861,"standard_error":0.0011233193069176064}}