{"mean":{"confidence_interval":{"confidence_level":0.95,"lower_bound":0.0262515010374349,"upper_bound":0.03146933300789913},"point_estimate":0.02889650091562901,"standard_error":0.0013298931160774163},"median":{"confidence_interval":{"confidence_level":0.95,"lower_bound":0.027334045587617428,"upper_bound":0.03186630709133054},"point_estimate":0.029290421758385143,"standard_error":0.0011954658047280853}}