{"mean":{"confidence_interval":{"confidence_level":0.95,"lower_bound":0.02341264909637686,"upper_bound":0.03218422413741628},"point_estimate":0.02779997162122938,"standard_error":0.0022368423708946914},"median":{"confidence_interval":{"confidence_level":0.95,"lower_bound":0.025078675705458877,"upper_bound":0.030486162334252942},"point_estimate":0.027949835776648113,"standard_error":0.0014088333246997458}}