{"mean":{"confidence_interval":{"confidence_level":0.95,"lower_bound":-0.04524019090919373,"upper_bound":-0.03485856480448216},"point_estimate":-0.040172535350949,"standard_error":0.002646580095003882},"median":{"confidence_interval":{"confidence_level":0.95,"lower_bound":-0.04302201020649719,"upper_bound":-0.03265126614227032},"point_estimate":-0.037855653268565326,"standard_error":0.002626944158069476}}