{"mean":{"confidence_interval":{"confidence_level":0.95,"lower_bound":-0.008897805030477149,"upper_bound":-0.004205414159057806},"point_estimate":-0.006506296059178074,"standard_error":0.0012019150019754233},"median":{"confidence_interval":{"confidence_level":0.95,"lower_bound":-0.008657691810280754,"upper_bound":-0.00270483306207836},"point_estimate":-0.005813200167114951,"standard_error":0.0015377804166648384}}