{"mean":{"confidence_interval":{"confidence_level":0.95,"lower_bound":0.005344511724573737,"upper_bound":0.012423266766159107},"point_estimate":0.008842524652417527,"standard_error":0.0018062642925212786},"median":{"confidence_interval":{"confidence_level":0.95,"lower_bound":0.004083145600186633,"upper_bound":0.010232790640969824},"point_estimate":0.0075227537949260626,"standard_error":0.0015564093909178807}}