{"mean":{"confidence_interval":{"confidence_level":0.95,"lower_bound":0.09389116799041937,"upper_bound":0.10401910525209199},"point_estimate":0.09908422174462328,"standard_error":0.002555698486831546},"median":{"confidence_interval":{"confidence_level":0.95,"lower_bound":0.09104841867494717,"upper_bound":0.1081504979995247},"point_estimate":0.09717488356070514,"standard_error":0.004443488578716347}}