{"mean":{"confidence_interval":{"confidence_level":0.95,"lower_bound":-0.0588385021742376,"upper_bound":-0.054367667111334804},"point_estimate":-0.05667755890344717,"standard_error":0.0011305520233340514},"median":{"confidence_interval":{"confidence_level":0.95,"lower_bound":-0.05966412014797162,"upper_bound":-0.054499653193914255},"point_estimate":-0.05717566310096289,"standard_error":0.0013059235545652588}}