{"mean":{"confidence_interval":{"confidence_level":0.95,"lower_bound":0.05017779357034811,"upper_bound":0.059039686422750856},"point_estimate":0.05449468748008224,"standard_error":0.002245091421608748},"median":{"confidence_interval":{"confidence_level":0.95,"lower_bound":0.047972541149923664,"upper_bound":0.05673955741893044},"point_estimate":0.051964150119109265,"standard_error":0.002124041716618974}}