{"mean":{"confidence_interval":{"confidence_level":0.95,"lower_bound":-0.10974392712164743,"upper_bound":-0.10618930644293745},"point_estimate":-0.10797500273685356,"standard_error":0.0009071796556621078},"median":{"confidence_interval":{"confidence_level":0.95,"lower_bound":-0.10856780836694113,"upper_bound":-0.1047790603954397},"point_estimate":-0.10698550740481338,"standard_error":0.0009720345517347582}}