{"mean":{"confidence_interval":{"confidence_level":0.95,"lower_bound":0.12645469899888895,"upper_bound":0.1443393937860452},"point_estimate":0.13419584757506464,"standard_error":0.004571020090821971},"median":{"confidence_interval":{"confidence_level":0.95,"lower_bound":0.11917458985844842,"upper_bound":0.13099475130607008},"point_estimate":0.12436761875950264,"standard_error":0.0030863354889453603}}