{"mean":{"confidence_interval":{"confidence_level":0.95,"lower_bound":0.021573037659591142,"upper_bound":0.03277900667117491},"point_estimate":0.027037892735855218,"standard_error":0.002858054726186705},"median":{"confidence_interval":{"confidence_level":0.95,"lower_bound":0.015810321002977634,"upper_bound":0.027515202295450125},"point_estimate":0.021200409851937607,"standard_error":0.002792665861314175}}