{"mean":{"confidence_interval":{"confidence_level":0.95,"lower_bound":17161.221431929484,"upper_bound":17250.831446000553},"point_estimate":17201.104376770934,"standard_error":23.069215206930497},"median":{"confidence_interval":{"confidence_level":0.95,"lower_bound":17142.6452020202,"upper_bound":17187.383561643837},"point_estimate":17165.26267748479,"standard_error":11.579319543408886},"median_abs_dev":{"confidence_interval":{"confidence_level":0.95,"lower_bound":50.9029731831859,"upper_bound":89.02549529448152},"point_estimate":64.26958669154585,"standard_error":9.338250195498295},"slope":{"confidence_interval":{"confidence_level":0.95,"lower_bound":17170.007669128645,"upper_bound":17318.770734819267},"point_estimate":17233.789866632185,"standard_error":38.41379490466053},"std_dev":{"confidence_interval":{"confidence_level":0.95,"lower_bound":96.30392707174184,"upper_bound":336.52874902192104},"point_estimate":231.32586646081776,"standard_error":61.039405365893124}}