{"mean":{"confidence_interval":{"confidence_level":0.95,"lower_bound":17313.0298034242,"upper_bound":17394.5313690877},"point_estimate":17349.748312635984,"standard_error":20.864550775561725},"median":{"confidence_interval":{"confidence_level":0.95,"lower_bound":17284.552884615383,"upper_bound":17336.771195652174},"point_estimate":17315.300694444446,"standard_error":13.067977581099234},"median_abs_dev":{"confidence_interval":{"confidence_level":0.95,"lower_bound":75.63034789880106,"upper_bound":118.54377982926871},"point_estimate":97.54811970495867,"standard_error":10.904835988284109},"slope":{"confidence_interval":{"confidence_level":0.95,"lower_bound":17315.061510492178,"upper_bound":17389.440478534027},"point_estimate":17346.690956110535,"standard_error":19.183756707535057},"std_dev":{"confidence_interval":{"confidence_level":0.95,"lower_bound":109.4839555933474,"upper_bound":294.82154843227426},"point_estimate":209.38515588452583,"standard_error":49.229630152589635}}