{"mean":{"confidence_interval":{"confidence_level":0.95,"lower_bound":15084.406661190762,"upper_bound":15163.635000671626},"point_estimate":15118.595538604355,"standard_error":20.394548592489414},"median":{"confidence_interval":{"confidence_level":0.95,"lower_bound":15078.291819291819,"upper_bound":15109.728494623656},"point_estimate":15091.124262899262,"standard_error":7.851206822400252},"median_abs_dev":{"confidence_interval":{"confidence_level":0.95,"lower_bound":54.35350262545758,"upper_bound":106.15815945054379},"point_estimate":76.23265518069174,"standard_error":13.464093836603725},"slope":{"confidence_interval":{"confidence_level":0.95,"lower_bound":15101.51039101974,"upper_bound":15209.85156801124},"point_estimate":15146.573464238214,"standard_error":28.410256246406558},"std_dev":{"confidence_interval":{"confidence_level":0.95,"lower_bound":91.07024379297552,"upper_bound":317.9936732240598},"point_estimate":205.67897754506248,"standard_error":66.83567220033595}}