{"mean":{"confidence_interval":{"confidence_level":0.95,"lower_bound":17292.616627949224,"upper_bound":17363.323825289503},"point_estimate":17324.368136643425,"standard_error":18.152809173592484},"median":{"confidence_interval":{"confidence_level":0.95,"lower_bound":17272.219414893618,"upper_bound":17311.65892857143},"point_estimate":17291.13897804054,"standard_error":9.728488711404816},"median_abs_dev":{"confidence_interval":{"confidence_level":0.95,"lower_bound":73.23141004603737,"upper_bound":118.94046397627012},"point_estimate":93.4931874715323,"standard_error":11.029031332834656},"slope":{"confidence_interval":{"confidence_level":0.95,"lower_bound":17293.60502642292,"upper_bound":17385.802402744564},"point_estimate":17331.655802423527,"standard_error":23.8672737524736},"std_dev":{"confidence_interval":{"confidence_level":0.95,"lower_bound":97.64503559606918,"upper_bound":268.2372758983567},"point_estimate":181.5844022149037,"standard_error":48.53553379812715}}