{"mean":{"confidence_interval":{"confidence_level":0.95,"lower_bound":15317.04550578316,"upper_bound":15410.784998686151},"point_estimate":15361.036401838519,"standard_error":23.896428929074},"median":{"confidence_interval":{"confidence_level":0.95,"lower_bound":15286.967548076922,"upper_bound":15374.239583333334},"point_estimate":15315.405303030304,"standard_error":24.495261234693068},"median_abs_dev":{"confidence_interval":{"confidence_level":0.95,"lower_bound":114.89590962061924,"upper_bound":205.8075579133501},"point_estimate":147.47502884731162,"standard_error":23.79960439735597},"slope":{"confidence_interval":{"confidence_level":0.95,"lower_bound":15353.635628988553,"upper_bound":15445.983746262691},"point_estimate":15394.79744643121,"standard_error":23.72934432409328},"std_dev":{"confidence_interval":{"confidence_level":0.95,"lower_bound":159.2012061860258,"upper_bound":312.87341947010435},"point_estimate":239.7756027301848,"standard_error":39.25959632296727}}