{"mean":{"confidence_interval":{"confidence_level":0.95,"lower_bound":17443.90582154684,"upper_bound":17530.171201697784},"point_estimate":17482.498475754423,"standard_error":22.120475472920596},"median":{"confidence_interval":{"confidence_level":0.95,"lower_bound":17412.403169014084,"upper_bound":17487.05448717949},"point_estimate":17450.008152173912,"standard_error":19.317874097883834},"median_abs_dev":{"confidence_interval":{"confidence_level":0.95,"lower_bound":84.62972278843446,"upper_bound":131.18034665104904},"point_estimate":106.29102702903111,"standard_error":11.782139800587371},"slope":{"confidence_interval":{"confidence_level":0.95,"lower_bound":17460.45221607022,"upper_bound":17597.08825072261},"point_estimate":17516.61281254618,"standard_error":35.70282544372092},"std_dev":{"confidence_interval":{"confidence_level":0.95,"lower_bound":117.71162933628035,"upper_bound":328.6366503841091},"point_estimate":221.94088409110418,"standard_error":60.37893191605076}}