{"mean":{"confidence_interval":{"confidence_level":0.95,"lower_bound":15402.286449059568,"upper_bound":15546.188705249795},"point_estimate":15462.605924997639,"standard_error":37.39779046244609},"median":{"confidence_interval":{"confidence_level":0.95,"lower_bound":15367.578767123288,"upper_bound":15406.747093023256},"point_estimate":15387.93517138599,"standard_error":9.328987837493255},"median_abs_dev":{"confidence_interval":{"confidence_level":0.95,"lower_bound":63.37964955394571,"upper_bound":111.58796426132014},"point_estimate":89.49724270953341,"standard_error":11.997313193032596},"slope":{"confidence_interval":{"confidence_level":0.95,"lower_bound":15386.03353981367,"upper_bound":15549.046065510953},"point_estimate":15452.206483670756,"standard_error":42.85743777279739},"std_dev":{"confidence_interval":{"confidence_level":0.95,"lower_bound":139.41363947119333,"upper_bound":594.6146395656432},"point_estimate":377.6380099045707,"standard_error":135.20522225357468}}