{"mean":{"confidence_interval":{"confidence_level":0.95,"lower_bound":17260.184986544507,"upper_bound":17420.592007717547},"point_estimate":17326.718760950418,"standard_error":41.81677742903211},"median":{"confidence_interval":{"confidence_level":0.95,"lower_bound":17231.638157894737,"upper_bound":17269.03205128205},"point_estimate":17250.880376344085,"standard_error":10.309620493597572},"median_abs_dev":{"confidence_interval":{"confidence_level":0.95,"lower_bound":78.58938141725957,"upper_bound":138.3318104545306},"point_estimate":106.4381533988077,"standard_error":14.86137582122467},"slope":{"confidence_interval":{"confidence_level":0.95,"lower_bound":17257.32703060501,"upper_bound":17339.502357970847},"point_estimate":17295.50796401655,"standard_error":21.052656859327186},"std_dev":{"confidence_interval":{"confidence_level":0.95,"lower_bound":132.20791306631318,"upper_bound":671.2135629285864},"point_estimate":421.06663887189194,"standard_error":156.4138409614619}}