{"mean":{"confidence_interval":{"confidence_level":0.95,"lower_bound":18494.47450483824,"upper_bound":18651.86410783502},"point_estimate":18568.6625198876,"standard_error":40.114818806250675},"median":{"confidence_interval":{"confidence_level":0.95,"lower_bound":18393.139105902777,"upper_bound":18468.344551282054},"point_estimate":18425.5546875,"standard_error":17.47785240456587},"median_abs_dev":{"confidence_interval":{"confidence_level":0.95,"lower_bound":94.8040312718338,"upper_bound":182.54989144381176},"point_estimate":141.16834278276542,"standard_error":21.11403008434678},"slope":{"confidence_interval":{"confidence_level":0.95,"lower_bound":18525.75054907296,"upper_bound":18704.4809839824},"point_estimate":18610.106374685976,"standard_error":45.63760859234071},"std_dev":{"confidence_interval":{"confidence_level":0.95,"lower_bound":285.7443757228842,"upper_bound":504.8804448666327},"point_estimate":403.7275699832304,"standard_error":55.9064191823548}}