{"mean":{"confidence_interval":{"confidence_level":0.95,"lower_bound":19422.80287018015,"upper_bound":19644.89473849139},"point_estimate":19530.512686970887,"standard_error":56.46650413535299},"median":{"confidence_interval":{"confidence_level":0.95,"lower_bound":19406.817554557125,"upper_bound":19571.242042682927},"point_estimate":19499.788944259875,"standard_error":42.03256273041484},"median_abs_dev":{"confidence_interval":{"confidence_level":0.95,"lower_bound":249.24829197625274,"upper_bound":384.71095704136366},"point_estimate":322.87535052750667,"standard_error":35.628629996785286},"slope":{"confidence_interval":{"confidence_level":0.95,"lower_bound":19450.5465522618,"upper_bound":19802.039355554734},"point_estimate":19605.035890350227,"standard_error":90.77009364037636},"std_dev":{"confidence_interval":{"confidence_level":0.95,"lower_bound":337.0939412218433,"upper_bound":764.2403207614994},"point_estimate":568.1046030801738,"standard_error":107.28183330369677}}