{"mean":{"confidence_interval":{"confidence_level":0.95,"lower_bound":8133.631431198309,"upper_bound":8236.116188263015},"point_estimate":8176.3423280289035,"standard_error":26.65313789238778},"median":{"confidence_interval":{"confidence_level":0.95,"lower_bound":8085.460088691796,"upper_bound":8116.946524064171},"point_estimate":8099.3755219660725,"standard_error":8.563133289453255},"median_abs_dev":{"confidence_interval":{"confidence_level":0.95,"lower_bound":37.75014023889166,"upper_bound":85.3778261979446},"point_estimate":56.05130765873666,"standard_error":12.02753623003889},"slope":{"confidence_interval":{"confidence_level":0.95,"lower_bound":8192.600106583193,"upper_bound":8319.266530681023},"point_estimate":8251.72032752529,"standard_error":32.30146966586256},"std_dev":{"confidence_interval":{"confidence_level":0.95,"lower_bound":114.32772548391068,"upper_bound":420.0347218017543},"point_estimate":266.37863492780934,"standard_error":99.9229912922716}}