{"mean":{"confidence_interval":{"confidence_level":0.95,"lower_bound":17451.571210243797,"upper_bound":17534.01730142204},"point_estimate":17490.808716251868,"standard_error":21.026542208474787},"median":{"confidence_interval":{"confidence_level":0.95,"lower_bound":17437.546195652176,"upper_bound":17482.67156862745},"point_estimate":17446.94044612795,"standard_error":11.961341382933787},"median_abs_dev":{"confidence_interval":{"confidence_level":0.95,"lower_bound":85.45437233200295,"upper_bound":149.17882168190437},"point_estimate":121.18801436946423,"standard_error":16.501025210232793},"slope":{"confidence_interval":{"confidence_level":0.95,"lower_bound":17448.51897346951,"upper_bound":17529.293889747936},"point_estimate":17485.251855696763,"standard_error":20.756412970004096},"std_dev":{"confidence_interval":{"confidence_level":0.95,"lower_bound":141.60794809187254,"upper_bound":283.0516705043008},"point_estimate":210.99819139742593,"standard_error":37.32484722391107}}