{"mean":{"confidence_interval":{"confidence_level":0.95,"lower_bound":17480.289576325406,"upper_bound":17559.415873334776},"point_estimate":17518.176115493447,"standard_error":20.225017479764485},"median":{"confidence_interval":{"confidence_level":0.95,"lower_bound":17464.569444444445,"upper_bound":17506.296875},"point_estimate":17482.186584249084,"standard_error":11.733921408522257},"median_abs_dev":{"confidence_interval":{"confidence_level":0.95,"lower_bound":96.6456620341972,"upper_bound":180.0878141997084},"point_estimate":134.70050616821896,"standard_error":22.631101011990417},"slope":{"confidence_interval":{"confidence_level":0.95,"lower_bound":17494.81902590954,"upper_bound":17588.172160409376},"point_estimate":17536.354547436087,"standard_error":23.93695083476847},"std_dev":{"confidence_interval":{"confidence_level":0.95,"lower_bound":145.78762328508967,"upper_bound":255.26355901478087},"point_estimate":203.08124558104967,"standard_error":28.1382239449714}}