{"mean":{"confidence_interval":{"confidence_level":0.95,"lower_bound":17174.956563311334,"upper_bound":17643.233765981557},"point_estimate":17350.014431047086,"standard_error":129.5573943573475},"median":{"confidence_interval":{"confidence_level":0.95,"lower_bound":17108.271007586074,"upper_bound":17203.545180722893},"point_estimate":17164.297627005348,"standard_error":24.39960300951522},"median_abs_dev":{"confidence_interval":{"confidence_level":0.95,"lower_bound":137.8384807532913,"upper_bound":226.59500805274885},"point_estimate":172.9515920770451,"standard_error":22.79300893252385},"slope":{"confidence_interval":{"confidence_level":0.95,"lower_bound":17169.93626595647,"upper_bound":17323.087727247777},"point_estimate":17237.49280848234,"standard_error":39.3164511538069},"std_dev":{"confidence_interval":{"confidence_level":0.95,"lower_bound":237.50899777916928,"upper_bound":2187.980736108881},"point_estimate":1302.9619275505534,"standard_error":651.9523483954124}}