{"mean":{"confidence_interval":{"confidence_level":0.95,"lower_bound":17593.23857388367,"upper_bound":17728.38048584179},"point_estimate":17654.98610818126,"standard_error":34.73306300958639},"median":{"confidence_interval":{"confidence_level":0.95,"lower_bound":17582.659169045146,"upper_bound":17702.4667721519},"point_estimate":17642.39402173913,"standard_error":31.99800304225227},"median_abs_dev":{"confidence_interval":{"confidence_level":0.95,"lower_bound":155.53149517307486,"upper_bound":245.5610558177438},"point_estimate":199.32257978458966,"standard_error":23.635416029866825},"slope":{"confidence_interval":{"confidence_level":0.95,"lower_bound":17650.828863575258,"upper_bound":17798.958067501982},"point_estimate":17713.801909265552,"standard_error":38.367293431354256},"std_dev":{"confidence_interval":{"confidence_level":0.95,"lower_bound":187.66251696449575,"upper_bound":497.144183277526},"point_estimate":348.71389635961583,"standard_error":81.89145826150822}}