{"mean":{"confidence_interval":{"confidence_level":0.95,"lower_bound":15797.192777999899,"upper_bound":15900.279263323024},"point_estimate":15847.916373477918,"standard_error":26.34892268633408},"median":{"confidence_interval":{"confidence_level":0.95,"lower_bound":15713.220665708812,"upper_bound":15834.854365079365},"point_estimate":15794.233455882353,"standard_error":30.80720936610592},"median_abs_dev":{"confidence_interval":{"confidence_level":0.95,"lower_bound":178.5204625818509,"upper_bound":331.6225140215601},"point_estimate":257.0690254082172,"standard_error":37.67074464350684},"slope":{"confidence_interval":{"confidence_level":0.95,"lower_bound":15767.070530280376,"upper_bound":15897.36068312529},"point_estimate":15829.2009428107,"standard_error":33.33617136454982},"std_dev":{"confidence_interval":{"confidence_level":0.95,"lower_bound":227.96793477784627,"upper_bound":298.1175927027655},"point_estimate":265.04472384838596,"standard_error":17.89198844089397}}