{"mean":{"confidence_interval":{"confidence_level":0.95,"lower_bound":48599.70907876807,"upper_bound":48664.31653314126},"point_estimate":48632.43043000712,"standard_error":16.545187469942405},"median":{"confidence_interval":{"confidence_level":0.95,"lower_bound":48622.77672546751,"upper_bound":48661.663265306124},"point_estimate":48638.648412698414,"standard_error":10.847010807498139},"median_abs_dev":{"confidence_interval":{"confidence_level":0.95,"lower_bound":88.12106544432612,"upper_bound":142.33939037619598},"point_estimate":115.58852419789226,"standard_error":13.219075042021643},"slope":{"confidence_interval":{"confidence_level":0.95,"lower_bound":48620.845950165436,"upper_bound":48662.92817844428},"point_estimate":48641.54494500623,"standard_error":10.734733213018924},"std_dev":{"confidence_interval":{"confidence_level":0.95,"lower_bound":130.9108940474207,"upper_bound":199.37750445426062},"point_estimate":166.21134798384062,"standard_error":17.54977538188726}}