{"mean":{"confidence_interval":{"confidence_level":0.95,"lower_bound":17320.49961991129,"upper_bound":17562.848423734573},"point_estimate":17411.28746737363,"standard_error":65.41837873465435},"median":{"confidence_interval":{"confidence_level":0.95,"lower_bound":17298.109546703297,"upper_bound":17345.168604651164},"point_estimate":17317.679913651315,"standard_error":10.703896736353684},"median_abs_dev":{"confidence_interval":{"confidence_level":0.95,"lower_bound":55.52460451424255,"upper_bound":107.89233775844178},"point_estimate":77.17459188204319,"standard_error":13.200442050547034},"slope":{"confidence_interval":{"confidence_level":0.95,"lower_bound":17325.00747518357,"upper_bound":17569.34463790134},"point_estimate":17423.669406679473,"standard_error":64.36753467275717},"std_dev":{"confidence_interval":{"confidence_level":0.95,"lower_bound":100.2348996767466,"upper_bound":1099.0913027123584},"point_estimate":656.9145418293489,"standard_error":315.4442714007762}}