{"mean":{"confidence_interval":{"confidence_level":0.95,"lower_bound":17322.789015480263,"upper_bound":17475.548372711983},"point_estimate":17397.05504671178,"standard_error":38.940705813745716},"median":{"confidence_interval":{"confidence_level":0.95,"lower_bound":17230.572916666668,"upper_bound":17400.584375},"point_estimate":17317.73778409091,"standard_error":47.800548339471206},"median_abs_dev":{"confidence_interval":{"confidence_level":0.95,"lower_bound":266.8459729732243,"upper_bound":459.46032493860565},"point_estimate":367.8679717425015,"standard_error":49.594944293099736},"slope":{"confidence_interval":{"confidence_level":0.95,"lower_bound":17418.30623770518,"upper_bound":17590.82307973061},"point_estimate":17504.16172269839,"standard_error":44.1084063058206},"std_dev":{"confidence_interval":{"confidence_level":0.95,"lower_bound":322.92309268517636,"upper_bound":460.0303012528807},"point_estimate":391.7006684944489,"standard_error":35.28392815859976}}