{"mean":{"confidence_interval":{"confidence_level":0.95,"lower_bound":19191.094411055856,"upper_bound":19407.417462743073},"point_estimate":19298.59928323032,"standard_error":55.264232291639445},"median":{"confidence_interval":{"confidence_level":0.95,"lower_bound":19093.3046875,"upper_bound":19356.833406496928},"point_estimate":19247.924269153227,"standard_error":57.98767180054166},"median_abs_dev":{"confidence_interval":{"confidence_level":0.95,"lower_bound":399.82299905556516,"upper_bound":626.8995086043046},"point_estimate":514.007126741027,"standard_error":56.71440933130377},"slope":{"confidence_interval":{"confidence_level":0.95,"lower_bound":19078.791482386012,"upper_bound":19293.99002066638},"point_estimate":19181.419915398255,"standard_error":54.93420613157137},"std_dev":{"confidence_interval":{"confidence_level":0.95,"lower_bound":466.36732922254123,"upper_bound":635.0697724690531},"point_estimate":554.6076141870675,"standard_error":43.055650139458486}}