{"mean":{"confidence_interval":{"confidence_level":0.95,"lower_bound":17159.04556354496,"upper_bound":17434.909452086187},"point_estimate":17262.48648006423,"standard_error":75.81966616186956},"median":{"confidence_interval":{"confidence_level":0.95,"lower_bound":17139.671296296296,"upper_bound":17198.64375},"point_estimate":17169.24105691057,"standard_error":14.309387065619289},"median_abs_dev":{"confidence_interval":{"confidence_level":0.95,"lower_bound":74.59213856437869,"upper_bound":145.63293351916593},"point_estimate":112.70120470057262,"standard_error":18.869347031029484},"slope":{"confidence_interval":{"confidence_level":0.95,"lower_bound":17178.847606678508,"upper_bound":17340.09391528662},"point_estimate":17244.190119329098,"standard_error":42.56390972335056},"std_dev":{"confidence_interval":{"confidence_level":0.95,"lower_bound":129.0919887477053,"upper_bound":1289.2506693658531},"point_estimate":767.6474108198521,"standard_error":380.34215436097986}}