{"mean":{"confidence_interval":{"confidence_level":0.95,"lower_bound":15604.72257339028,"upper_bound":15735.1160131048},"point_estimate":15666.650114885979,"standard_error":33.22948496637254},"median":{"confidence_interval":{"confidence_level":0.95,"lower_bound":15519.79423076923,"upper_bound":15715.853723404256},"point_estimate":15583.585874288283,"standard_error":53.69577709993046},"median_abs_dev":{"confidence_interval":{"confidence_level":0.95,"lower_bound":214.65928929387874,"upper_bound":339.8067426726427},"point_estimate":266.77978706963944,"standard_error":31.955444827182564},"slope":{"confidence_interval":{"confidence_level":0.95,"lower_bound":15623.380873895292,"upper_bound":15835.833697758797},"point_estimate":15714.75483966307,"standard_error":54.887668877531304},"std_dev":{"confidence_interval":{"confidence_level":0.95,"lower_bound":244.7778767181848,"upper_bound":440.5125589661945},"point_estimate":333.5305133280211,"standard_error":54.84663426075575}}