{"mean":{"confidence_interval":{"confidence_level":0.95,"lower_bound":18258.493410379953,"upper_bound":18378.08252576881},"point_estimate":18308.014788916524,"standard_error":31.12058040788428},"median":{"confidence_interval":{"confidence_level":0.95,"lower_bound":18236.92361111111,"upper_bound":18263.01388888889},"point_estimate":18249.773396381577,"standard_error":7.298050457317917},"median_abs_dev":{"confidence_interval":{"confidence_level":0.95,"lower_bound":57.90222851428418,"upper_bound":96.1035514779784},"point_estimate":73.91626925413412,"standard_error":9.577331556418843},"slope":{"confidence_interval":{"confidence_level":0.95,"lower_bound":18261.900685667668,"upper_bound":18336.021001340898},"point_estimate":18295.15302497414,"standard_error":19.013957641337694},"std_dev":{"confidence_interval":{"confidence_level":0.95,"lower_bound":112.16412683155802,"upper_bound":496.873655378904},"point_estimate":312.7263266253554,"standard_error":116.82985121685398}}