{"mean":{"confidence_interval":{"confidence_level":0.95,"lower_bound":17336.17644853924,"upper_bound":17465.087124894006},"point_estimate":17389.639807519223,"standard_error":33.59126790077554},"median":{"confidence_interval":{"confidence_level":0.95,"lower_bound":17322.252976190477,"upper_bound":17363.95774872449},"point_estimate":17348.69492542973,"standard_error":11.138610366126338},"median_abs_dev":{"confidence_interval":{"confidence_level":0.95,"lower_bound":69.77090204540463,"upper_bound":127.10056568706277},"point_estimate":96.753978370081,"standard_error":14.907861097575786},"slope":{"confidence_interval":{"confidence_level":0.95,"lower_bound":17350.07052041665,"upper_bound":17417.461932407987},"point_estimate":17381.265122654055,"standard_error":17.217042367690453},"std_dev":{"confidence_interval":{"confidence_level":0.95,"lower_bound":119.18308288670045,"upper_bound":540.093027108289},"point_estimate":338.2968855537543,"standard_error":129.19179920452413}}