{"mean":{"confidence_interval":{"confidence_level":0.95,"lower_bound":15291.565094097105,"upper_bound":15461.874628666887},"point_estimate":15359.524620425182,"standard_error":44.90188194482343},"median":{"confidence_interval":{"confidence_level":0.95,"lower_bound":15269.011736817762,"upper_bound":15308.258397435897},"point_estimate":15290.61015625,"standard_error":11.25574364261705},"median_abs_dev":{"confidence_interval":{"confidence_level":0.95,"lower_bound":59.477128625086785,"upper_bound":99.7935321858506},"point_estimate":73.66468552457539,"standard_error":9.92709644962446},"slope":{"confidence_interval":{"confidence_level":0.95,"lower_bound":15274.437705565626,"upper_bound":15496.3999928086},"point_estimate":15348.726854219003,"standard_error":63.64626893052174},"std_dev":{"confidence_interval":{"confidence_level":0.95,"lower_bound":121.30486709221788,"upper_bound":736.3547529434597},"point_estimate":452.1969294145599,"standard_error":189.85982591371106}}