{"mean":{"confidence_interval":{"confidence_level":0.95,"lower_bound":55557266.9445,"upper_bound":56206797.05675},"point_estimate":55869329.88,"standard_error":165596.25544755635},"median":{"confidence_interval":{"confidence_level":0.95,"lower_bound":56122189.0,"upper_bound":56321389.5},"point_estimate":56209400.5,"standard_error":47464.15005928617},"median_abs_dev":{"confidence_interval":{"confidence_level":0.95,"lower_bound":347694.8980271816,"upper_bound":704782.0668876171},"point_estimate":469434.88836586475,"standard_error":94162.40979324844},"slope":null,"std_dev":{"confidence_interval":{"confidence_level":0.95,"lower_bound":1185440.8156216159,"upper_bound":2229575.2835921617},"point_estimate":1665298.0753721502,"standard_error":282466.9076121804}}