{"mean":{"confidence_interval":{"confidence_level":0.95,"lower_bound":41797362.772125,"upper_bound":42053625.2},"point_estimate":41908960.355,"standard_error":65847.2512786509},"median":{"confidence_interval":{"confidence_level":0.95,"lower_bound":41729315.0,"upper_bound":41812747.5},"point_estimate":41776488.5,"standard_error":22492.094553062412},"median_abs_dev":{"confidence_interval":{"confidence_level":0.95,"lower_bound":136661.6177737713,"upper_bound":225754.7566920519},"point_estimate":192463.3449330926,"standard_error":22660.416428245593},"slope":null,"std_dev":{"confidence_interval":{"confidence_level":0.95,"lower_bound":247082.7391173559,"upper_bound":980044.503610446},"point_estimate":664912.9908765627,"standard_error":191280.99656781292}}