{"mean":{"confidence_interval":{"confidence_level":0.95,"lower_bound":47040668.14,"upper_bound":47279355.208500005},"point_estimate":47155069.03,"standard_error":61153.730700870285},"median":{"confidence_interval":{"confidence_level":0.95,"lower_bound":46852957.5,"upper_bound":47151260.0},"point_estimate":46954091.5,"standard_error":75455.95601435902},"median_abs_dev":{"confidence_interval":{"confidence_level":0.95,"lower_bound":350210.8701825142,"upper_bound":634626.91873312},"point_estimate":445208.4634959698,"standard_error":74391.07525866882},"slope":null,"std_dev":{"confidence_interval":{"confidence_level":0.95,"lower_bound":488231.076983303,"upper_bound":731072.0932637907},"point_estimate":612957.0547983436,"standard_error":62202.186329344244}}