{"mean":{"confidence_interval":{"confidence_level":0.95,"lower_bound":52442595.0855,"upper_bound":53872033.021749996},"point_estimate":53122818.19,"standard_error":364338.13438674},"median":{"confidence_interval":{"confidence_level":0.95,"lower_bound":50652432.0,"upper_bound":52300134.0},"point_estimate":50905899.5,"standard_error":405644.90529120277},"median_abs_dev":{"confidence_interval":{"confidence_level":0.95,"lower_bound":514833.5821598768,"upper_bound":2902637.9349678755},"point_estimate":897073.8008737564,"standard_error":579743.5671916219},"slope":null,"std_dev":{"confidence_interval":{"confidence_level":0.95,"lower_bound":2832063.0187346516,"upper_bound":4666307.096696297},"point_estimate":3650828.0939494097,"standard_error":546572.5265792828}}