{"mean":{"confidence_interval":{"confidence_level":0.95,"lower_bound":56151025.12,"upper_bound":57202550.006000005},"point_estimate":56682592.68,"standard_error":267725.16488988715},"median":{"confidence_interval":{"confidence_level":0.95,"lower_bound":56522360.0,"upper_bound":57844200.5},"point_estimate":56867570.5,"standard_error":271407.98050536436},"median_abs_dev":{"confidence_interval":{"confidence_level":0.95,"lower_bound":2400485.0303828716,"upper_bound":3821122.351244017},"point_estimate":2994527.257436514,"standard_error":338205.0555606764},"slope":null,"std_dev":{"confidence_interval":{"confidence_level":0.95,"lower_bound":2356560.416831135,"upper_bound":2996700.1075759307},"point_estimate":2691330.293213151,"standard_error":162296.2820905878}}