{"mean":{"confidence_interval":{"confidence_level":0.95,"lower_bound":55294931.58,"upper_bound":55844966.3005},"point_estimate":55531046.58,"standard_error":141548.38000097626},"median":{"confidence_interval":{"confidence_level":0.95,"lower_bound":54938655.0,"upper_bound":55964610.0},"point_estimate":55851062.5,"standard_error":339364.55030468095},"median_abs_dev":{"confidence_interval":{"confidence_level":0.95,"lower_bound":461831.3744008541,"upper_bound":1200306.266990304},"point_estimate":991879.3974906206,"standard_error":202990.48534601388},"slope":null,"std_dev":{"confidence_interval":{"confidence_level":0.95,"lower_bound":737077.0869759509,"upper_bound":2199579.027374326},"point_estimate":1425898.7537401386,"standard_error":476967.9359539758}}