{"mean":{"confidence_interval":{"confidence_level":0.95,"lower_bound":52269314.8965,"upper_bound":53166082.32775},"point_estimate":52693753.24,"standard_error":228884.49202645654},"median":{"confidence_interval":{"confidence_level":0.95,"lower_bound":51561456.0,"upper_bound":51811140.0},"point_estimate":51667222.5,"standard_error":70971.7761119693},"median_abs_dev":{"confidence_interval":{"confidence_level":0.95,"lower_bound":443751.0677218437,"upper_bound":1013475.6900072098},"point_estimate":685642.4425274134,"standard_error":143876.5899305141},"slope":null,"std_dev":{"confidence_interval":{"confidence_level":0.95,"lower_bound":1822734.6532572093,"upper_bound":2673066.4443521434},"point_estimate":2302950.105481387,"standard_error":217380.9418495797}}