{"mean":{"confidence_interval":{"confidence_level":0.95,"lower_bound":53161543.69,"upper_bound":54211879.848500006},"point_estimate":53672926.73,"standard_error":267914.1973804328},"median":{"confidence_interval":{"confidence_level":0.95,"lower_bound":52027604.0,"upper_bound":52422596.0},"point_estimate":52135425.0,"standard_error":115167.68071410482},"median_abs_dev":{"confidence_interval":{"confidence_level":0.95,"lower_bound":578663.9588266611,"upper_bound":1250595.316797495},"point_estimate":825406.4007461071,"standard_error":191255.1127369871},"slope":null,"std_dev":{"confidence_interval":{"confidence_level":0.95,"lower_bound":2359472.7968269405,"upper_bound":2948655.347248262},"point_estimate":2700242.356614447,"standard_error":150435.823217199}}