{"mean":{"confidence_interval":{"confidence_level":0.95,"lower_bound":56292873.73775,"upper_bound":56446675.96},"point_estimate":56372024.64,"standard_error":39346.82569200093},"median":{"confidence_interval":{"confidence_level":0.95,"lower_bound":56388063.0,"upper_bound":56531756.0},"point_estimate":56440197.0,"standard_error":30928.16853512714},"median_abs_dev":{"confidence_interval":{"confidence_level":0.95,"lower_bound":200454.18814122677,"upper_bound":348889.87360596657},"point_estimate":255903.427156806,"standard_error":39964.41966519718},"slope":null,"std_dev":{"confidence_interval":{"confidence_level":0.95,"lower_bound":314188.2691714526,"upper_bound":463395.3577229466},"point_estimate":393345.5945268321,"standard_error":38400.98831790741}}