{"mean":{"confidence_interval":{"confidence_level":0.95,"lower_bound":52966886.69,"upper_bound":53781392.958749995},"point_estimate":53360069.47,"standard_error":208253.05057934814},"median":{"confidence_interval":{"confidence_level":0.95,"lower_bound":52925933.5,"upper_bound":53231738.0},"point_estimate":53047094.0,"standard_error":85057.0903963725},"median_abs_dev":{"confidence_interval":{"confidence_level":0.95,"lower_bound":459204.9485474825,"upper_bound":1168064.9066627026},"point_estimate":734375.5036622286,"standard_error":179246.1541096227},"slope":null,"std_dev":{"confidence_interval":{"confidence_level":0.95,"lower_bound":1621563.2096754892,"upper_bound":2540956.2382565155},"point_estimate":2085876.8428609455,"standard_error":236121.92059801472}}