{"mean":{"confidence_interval":{"confidence_level":0.95,"lower_bound":55829457.0,"upper_bound":57087621.6105},"point_estimate":56474771.42,"standard_error":322592.6873322334},"median":{"confidence_interval":{"confidence_level":0.95,"lower_bound":57071786.0,"upper_bound":58152124.0},"point_estimate":57557561.5,"standard_error":272269.00475271285},"median_abs_dev":{"confidence_interval":{"confidence_level":0.95,"lower_bound":1811793.5066342354,"upper_bound":3626416.5553182364},"point_estimate":2844204.963505268,"standard_error":483888.734948519},"slope":null,"std_dev":{"confidence_interval":{"confidence_level":0.95,"lower_bound":2898730.4306132686,"upper_bound":3501220.3578731706},"point_estimate":3243849.198236817,"standard_error":153501.34645259916}}