{"mean":{"confidence_interval":{"confidence_level":0.95,"lower_bound":54334606.94625001,"upper_bound":54749343.55},"point_estimate":54520115.77,"standard_error":107049.95967078091},"median":{"confidence_interval":{"confidence_level":0.95,"lower_bound":54353024.0,"upper_bound":54573467.5},"point_estimate":54520032.5,"standard_error":72867.82074114989},"median_abs_dev":{"confidence_interval":{"confidence_level":0.95,"lower_bound":380638.26944231987,"upper_bound":785765.0503648816},"point_estimate":588714.5040482283,"standard_error":95574.86722768849},"slope":null,"std_dev":{"confidence_interval":{"confidence_level":0.95,"lower_bound":567047.61371292,"upper_bound":1602971.8650541347},"point_estimate":1079257.3805858674,"standard_error":297342.80087689316}}