{"mean":{"confidence_interval":{"confidence_level":0.95,"lower_bound":56117679.28625,"upper_bound":56359896.102},"point_estimate":56239102.89,"standard_error":61752.266040006725},"median":{"confidence_interval":{"confidence_level":0.95,"lower_bound":56049707.0,"upper_bound":56270074.0},"point_estimate":56072645.5,"standard_error":58628.64904144018},"median_abs_dev":{"confidence_interval":{"confidence_level":0.95,"lower_bound":290510.2757424116,"upper_bound":582074.6800661087},"point_estimate":367807.1079701185,"standard_error":76813.66652629877},"slope":null,"std_dev":{"confidence_interval":{"confidence_level":0.95,"lower_bound":513157.3679390951,"upper_bound":709450.6395029818},"point_estimate":616944.9334460782,"standard_error":49791.60333520039}}