{"mean":{"confidence_interval":{"confidence_level":0.95,"lower_bound":56637559.35475,"upper_bound":57008904.74},"point_estimate":56816352.24,"standard_error":94539.9879595711},"median":{"confidence_interval":{"confidence_level":0.95,"lower_bound":56765463.0,"upper_bound":57061473.5},"point_estimate":56980856.0,"standard_error":92571.87778171942},"median_abs_dev":{"confidence_interval":{"confidence_level":0.95,"lower_bound":452701.52376294136,"upper_bound":1243854.6760171652},"point_estimate":813084.5123648643,"standard_error":236784.46048441902},"slope":null,"std_dev":{"confidence_interval":{"confidence_level":0.95,"lower_bound":731484.4093033845,"upper_bound":1183721.3425650124},"point_estimate":959747.6606256074,"standard_error":116497.56590406562}}