{"mean":{"confidence_interval":{"confidence_level":0.95,"lower_bound":53993151.269499995,"upper_bound":54486063.93},"point_estimate":54241862.34,"standard_error":125305.61879531077},"median":{"confidence_interval":{"confidence_level":0.95,"lower_bound":54373596.0,"upper_bound":54797493.5},"point_estimate":54619090.5,"standard_error":121879.07862474305},"median_abs_dev":{"confidence_interval":{"confidence_level":0.95,"lower_bound":679797.2921311855,"upper_bound":1371914.2487436533},"point_estimate":1174835.9407424927,"standard_error":199814.21635612386},"slope":null,"std_dev":{"confidence_interval":{"confidence_level":0.95,"lower_bound":1092640.6467362363,"upper_bound":1413709.6388285775},"point_estimate":1263368.434883716,"standard_error":81926.58759636605}}