{"mean":{"confidence_interval":{"confidence_level":0.95,"lower_bound":53226198.91,"upper_bound":53584447.15},"point_estimate":53410916.61,"standard_error":91505.3926699945},"median":{"confidence_interval":{"confidence_level":0.95,"lower_bound":53480070.0,"upper_bound":53762626.0},"point_estimate":53622756.0,"standard_error":73716.7429865627},"median_abs_dev":{"confidence_interval":{"confidence_level":0.95,"lower_bound":393115.8308207989,"upper_bound":709674.6838657558},"point_estimate":497597.6161658764,"standard_error":81882.25781983272},"slope":null,"std_dev":{"confidence_interval":{"confidence_level":0.95,"lower_bound":743084.6829370264,"upper_bound":1066220.3861527073},"point_estimate":917399.5572750304,"standard_error":82834.58052308027}}