{"mean":{"confidence_interval":{"confidence_level":0.95,"lower_bound":5936.9127511304205,"upper_bound":6476.862372053789},"point_estimate":6207.906197649621,"standard_error":136.35993311191024},"median":{"confidence_interval":{"confidence_level":0.95,"lower_bound":7068.295782463929,"upper_bound":7071.7928792569655},"point_estimate":7069.3506022408965,"standard_error":4.655871548650346},"median_abs_dev":{"confidence_interval":{"confidence_level":0.95,"lower_bound":7.61654821859812,"upper_bound":32.49488915628993},"point_estimate":13.252760733733329,"standard_error":9.710721470852842},"slope":{"confidence_interval":{"confidence_level":0.95,"lower_bound":6953.396321253561,"upper_bound":7036.895860369119},"point_estimate":7001.553739253644,"standard_error":21.377930646934836},"std_dev":{"confidence_interval":{"confidence_level":0.95,"lower_bound":1210.5369811786456,"upper_bound":1466.9744960617568},"point_estimate":1370.929718930817,"standard_error":65.11276071855676}}