{"mean":{"confidence_interval":{"confidence_level":0.95,"lower_bound":-0.08798292156527682,"upper_bound":-0.08454319879149327},"point_estimate":-0.08623769284520078,"standard_error":0.0008815216404660188},"median":{"confidence_interval":{"confidence_level":0.95,"lower_bound":-0.08756211722790497,"upper_bound":-0.08427818650864025},"point_estimate":-0.08579126796246028,"standard_error":0.0008400764539371252}}