{"mean":{"confidence_interval":{"confidence_level":0.95,"lower_bound":-0.001638952361786769,"upper_bound":0.0023893986667857135},"point_estimate":0.00039419190269462945,"standard_error":0.0010160451819165564},"median":{"confidence_interval":{"confidence_level":0.95,"lower_bound":-0.0010723843174283987,"upper_bound":0.0021209507882504752},"point_estimate":0.000692709467461361,"standard_error":0.0008075545788214729}}