{"mean":{"confidence_interval":{"confidence_level":0.95,"lower_bound":-0.0008165695773717173,"upper_bound":0.004583081887648269},"point_estimate":0.0017941249185533525,"standard_error":0.0013568718384693763},"median":{"confidence_interval":{"confidence_level":0.95,"lower_bound":-0.0008655482357314837,"upper_bound":0.0024604758204178623},"point_estimate":0.000654670359073295,"standard_error":0.0008406527206545469}}