{"mean":{"confidence_interval":{"confidence_level":0.95,"lower_bound":-0.002401305106056272,"upper_bound":0.0021107563633975808},"point_estimate":-0.00015443785155766498,"standard_error":0.0011491839357753674},"median":{"confidence_interval":{"confidence_level":0.95,"lower_bound":-0.001175900039956601,"upper_bound":0.0010314493404404157},"point_estimate":-0.0004367550064277026,"standard_error":0.0005404071763921997}}