{"mean":{"confidence_interval":{"confidence_level":0.95,"lower_bound":-0.0035767267228379138,"upper_bound":0.0025772115403925955},"point_estimate":-0.0009282461676035636,"standard_error":0.001599804386561896},"median":{"confidence_interval":{"confidence_level":0.95,"lower_bound":-0.0025277699403747356,"upper_bound":0.00021827405337826455},"point_estimate":-0.0011339924994637762,"standard_error":0.0007015650140868598}}