{"mean":{"confidence_interval":{"confidence_level":0.95,"lower_bound":0.03801023880639121,"upper_bound":0.04542976368003705},"point_estimate":0.041357142450533235,"standard_error":0.0018708185431381115},"median":{"confidence_interval":{"confidence_level":0.95,"lower_bound":0.03719189610777551,"upper_bound":0.04143796648806661},"point_estimate":0.039088929639908176,"standard_error":0.001110070040016032}}