{"mean":{"confidence_interval":{"confidence_level":0.95,"lower_bound":0.005211380156654577,"upper_bound":0.008192686979482316},"point_estimate":0.006703939157630678,"standard_error":0.0007595595640745781},"median":{"confidence_interval":{"confidence_level":0.95,"lower_bound":0.006696187995567149,"upper_bound":0.008915057280161953},"point_estimate":0.0076778753239667985,"standard_error":0.0005648250781247281}}