{"mean":{"confidence_interval":{"confidence_level":0.95,"lower_bound":0.00187862762812136,"upper_bound":0.005689958366815051},"point_estimate":0.0037932376340887863,"standard_error":0.0009712503061644969},"median":{"confidence_interval":{"confidence_level":0.95,"lower_bound":0.0027003072263949157,"upper_bound":0.006426673908593861},"point_estimate":0.004664256633859276,"standard_error":0.0009498634004748053}}