{"mean":{"confidence_interval":{"confidence_level":0.95,"lower_bound":0.1001216766726564,"upper_bound":0.10488071585023681},"point_estimate":0.10249488823753516,"standard_error":0.0012131426954051698},"median":{"confidence_interval":{"confidence_level":0.95,"lower_bound":0.09996749540396843,"upper_bound":0.10334495281046108},"point_estimate":0.10156793591473945,"standard_error":0.000850218549429344}}