{"mean":{"confidence_interval":{"confidence_level":0.95,"lower_bound":-0.004253751374494096,"upper_bound":-0.0005124909494668962},"point_estimate":-0.0023592864630579413,"standard_error":0.0009532951269727443},"median":{"confidence_interval":{"confidence_level":0.95,"lower_bound":-0.003666201470450159,"upper_bound":-0.0012747095137707332},"point_estimate":-0.0021615256897770108,"standard_error":0.0006049870821677984}}