{"mean":{"confidence_interval":{"confidence_level":0.95,"lower_bound":-0.0941871532315378,"upper_bound":-0.08888003295896453},"point_estimate":-0.09157068869036977,"standard_error":0.0013493658079264165},"median":{"confidence_interval":{"confidence_level":0.95,"lower_bound":-0.09367598543039113,"upper_bound":-0.09118668759328463},"point_estimate":-0.09235648009768804,"standard_error":0.0006104276056347214}}