{"mean":{"confidence_interval":{"confidence_level":0.95,"lower_bound":-0.002890522107199192,"upper_bound":0.0019025562199441433},"point_estimate":-0.0005042005831489282,"standard_error":0.0012219996538748669},"median":{"confidence_interval":{"confidence_level":0.95,"lower_bound":-0.0036353027685478434,"upper_bound":0.0007786138685597077},"point_estimate":-0.0014885248588548672,"standard_error":0.0011733926899921648}}