{"mean":{"confidence_interval":{"confidence_level":0.95,"lower_bound":-0.012686266922682717,"upper_bound":-0.0018841844282384422},"point_estimate":-0.006640091800159342,"standard_error":0.002790806985842758},"median":{"confidence_interval":{"confidence_level":0.95,"lower_bound":-0.0028030932411183818,"upper_bound":-0.0001400705626279919},"point_estimate":-0.0014811733235388092,"standard_error":0.000611887349152694}}