{"mean":{"confidence_interval":{"confidence_level":0.95,"lower_bound":0.09864617642543912,"upper_bound":0.11206699423364079},"point_estimate":0.10582990408300663,"standard_error":0.0034129128227649835},"median":{"confidence_interval":{"confidence_level":0.95,"lower_bound":0.10250979038293284,"upper_bound":0.11405339668310743},"point_estimate":0.10887977082491163,"standard_error":0.002829722860068734}}