{"mean":{"confidence_interval":{"confidence_level":0.95,"lower_bound":0.026414294731871076,"upper_bound":0.04537251654275045},"point_estimate":0.034687341404100236,"standard_error":0.004813988229865152},"median":{"confidence_interval":{"confidence_level":0.95,"lower_bound":0.020596479932428746,"upper_bound":0.03577699228037469},"point_estimate":0.02632308687915641,"standard_error":0.003874325639044978}}