{"mean":{"confidence_interval":{"confidence_level":0.95,"lower_bound":-0.008319702992403017,"upper_bound":-0.0014042346909411787},"point_estimate":-0.004682258734545641,"standard_error":0.001762055964091519},"median":{"confidence_interval":{"confidence_level":0.95,"lower_bound":-0.0034287240247414807,"upper_bound":0.0006554032362187101},"point_estimate":-0.0015183326946670572,"standard_error":0.0010296642582487468}}