{"mean":{"confidence_interval":{"confidence_level":0.95,"lower_bound":-0.03893414636661552,"upper_bound":-0.03275956154336446},"point_estimate":-0.03591822461660843,"standard_error":0.0015813464480033661},"median":{"confidence_interval":{"confidence_level":0.95,"lower_bound":-0.04179399407423123,"upper_bound":-0.036750353310249895},"point_estimate":-0.04036314895050941,"standard_error":0.0013081367623054693}}