{"mean":{"confidence_interval":{"confidence_level":0.95,"lower_bound":-0.04822983929728349,"upper_bound":-0.04331426861713087},"point_estimate":-0.04588357143510202,"standard_error":0.0012662193801120096},"median":{"confidence_interval":{"confidence_level":0.95,"lower_bound":-0.04977935965606761,"upper_bound":-0.044730284846284656},"point_estimate":-0.0471214450980636,"standard_error":0.0012874591298275223}}