{"mean":{"confidence_interval":{"confidence_level":0.95,"lower_bound":-0.041179316817222186,"upper_bound":-0.03464772213545522},"point_estimate":-0.03746057195778785,"standard_error":0.0016677480468206144},"median":{"confidence_interval":{"confidence_level":0.95,"lower_bound":-0.037165320889194886,"upper_bound":-0.034765277548472584},"point_estimate":-0.03627040225710165,"standard_error":0.00064338825160135}}