{"mean":{"confidence_interval":{"confidence_level":0.95,"lower_bound":0.014424058004653528,"upper_bound":0.019720957260624436},"point_estimate":0.017049976977320247,"standard_error":0.001348128929495407},"median":{"confidence_interval":{"confidence_level":0.95,"lower_bound":0.013513140245294819,"upper_bound":0.018069951203866896},"point_estimate":0.01613025415998348,"standard_error":0.001139398524728302}}