{"mean":{"confidence_interval":{"confidence_level":0.95,"lower_bound":-0.029439124822965037,"upper_bound":-0.0204567749081016},"point_estimate":-0.02413169356149447,"standard_error":0.0023530779379080328},"median":{"confidence_interval":{"confidence_level":0.95,"lower_bound":-0.023703906995817814,"upper_bound":-0.020737498958779077},"point_estimate":-0.02188913755448596,"standard_error":0.0007369444788665357}}