{"mean":{"confidence_interval":{"confidence_level":0.95,"lower_bound":-0.1254481019443303,"upper_bound":-0.12258771188772485},"point_estimate":-0.12406654828874053,"standard_error":0.0007112780064692085},"median":{"confidence_interval":{"confidence_level":0.95,"lower_bound":-0.12497995701402564,"upper_bound":-0.12208538985636797},"point_estimate":-0.1234399651697069,"standard_error":0.0006854801459436935}}