{"mean":{"confidence_interval":{"confidence_level":0.95,"lower_bound":-0.005298913856710538,"upper_bound":-0.0011089290473659007},"point_estimate":-0.0031096477358465435,"standard_error":0.0010674273446585956},"median":{"confidence_interval":{"confidence_level":0.95,"lower_bound":-0.004888574790067435,"upper_bound":-0.0006841803428165852},"point_estimate":-0.002962331318056899,"standard_error":0.0010562507893636447}}