{"mean":{"confidence_interval":{"confidence_level":0.95,"lower_bound":-0.03831362809442218,"upper_bound":-0.026388807007201587},"point_estimate":-0.03227764427965807,"standard_error":0.0030428830662394845},"median":{"confidence_interval":{"confidence_level":0.95,"lower_bound":-0.0321210112088498,"upper_bound":-0.01874104661555198},"point_estimate":-0.026430943768362636,"standard_error":0.003265290851083456}}