{"mean":{"confidence_interval":{"confidence_level":0.95,"lower_bound":0.17602584443387034,"upper_bound":0.18444691396044885},"point_estimate":0.1799315600262128,"standard_error":0.0021293470077931665},"median":{"confidence_interval":{"confidence_level":0.95,"lower_bound":0.17088169035771072,"upper_bound":0.1748570919946888},"point_estimate":0.1728874296842804,"standard_error":0.0010395266759970188}}