{"mean":{"confidence_interval":{"confidence_level":0.95,"lower_bound":-0.007499912725455482,"upper_bound":0.00010205651291318824},"point_estimate":-0.004096833573027481,"standard_error":0.001896444640950575},"median":{"confidence_interval":{"confidence_level":0.95,"lower_bound":-0.0069704561522616615,"upper_bound":-0.0027960276712782894},"point_estimate":-0.004816898430501482,"standard_error":0.0010785021909115221}}