{"mean":{"confidence_interval":{"confidence_level":0.95,"lower_bound":-0.10130056017933897,"upper_bound":-0.08848118377653681},"point_estimate":-0.09420521813339888,"standard_error":0.0032703304789470505},"median":{"confidence_interval":{"confidence_level":0.95,"lower_bound":-0.09385221376787967,"upper_bound":-0.09031116951567664},"point_estimate":-0.09199283928626778,"standard_error":0.0009421359460308428}}