{"mean":{"confidence_interval":{"confidence_level":0.95,"lower_bound":-0.06644242073475237,"upper_bound":-0.014914478522810406},"point_estimate":-0.03800325620441791,"standard_error":0.013257656395476767},"median":{"confidence_interval":{"confidence_level":0.95,"lower_bound":-0.003690497737072418,"upper_bound":-0.0005829674053854372},"point_estimate":-0.0016394627091549374,"standard_error":0.000785830083826073}}