{"mean":{"confidence_interval":{"confidence_level":0.95,"lower_bound":0.0018342658981053647,"upper_bound":0.009295785164138641},"point_estimate":0.005149124816766326,"standard_error":0.0019016685336074443},"median":{"confidence_interval":{"confidence_level":0.95,"lower_bound":-0.00204223101019263,"upper_bound":0.0014544112416075006},"point_estimate":-0.0005226576743458944,"standard_error":0.0008377842030608239}}