{"mean":{"confidence_interval":{"confidence_level":0.95,"lower_bound":0.000637182944425486,"upper_bound":0.004403027842293755},"point_estimate":0.0025334887157160146,"standard_error":0.0009635656079060766},"median":{"confidence_interval":{"confidence_level":0.95,"lower_bound":0.0016336151325990755,"upper_bound":0.004129071405540197},"point_estimate":0.00294367937356399,"standard_error":0.0006527868787109778}}