{"mean":{"confidence_interval":{"confidence_level":0.95,"lower_bound":-0.006309204626853066,"upper_bound":0.00010572466080760577},"point_estimate":-0.002648363131243281,"standard_error":0.001656302872317278},"median":{"confidence_interval":{"confidence_level":0.95,"lower_bound":-0.0016946434761822005,"upper_bound":0.00034625612903194103},"point_estimate":-0.0006748277907066003,"standard_error":0.0004942802386770147}}