{"mean":{"confidence_interval":{"confidence_level":0.95,"lower_bound":-0.0004445014287344337,"upper_bound":0.003664426707749429},"point_estimate":0.0015742701543586257,"standard_error":0.001041203310370246},"median":{"confidence_interval":{"confidence_level":0.95,"lower_bound":-0.0011485621394055068,"upper_bound":0.0012920105945763982},"point_estimate":0.00017418379578582055,"standard_error":0.0005791190255760728}}