{"mean":{"confidence_interval":{"confidence_level":0.95,"lower_bound":-0.06421914036672946,"upper_bound":-0.053472856259788586},"point_estimate":-0.05884414037445573,"standard_error":0.0027426758007008567},"median":{"confidence_interval":{"confidence_level":0.95,"lower_bound":-0.06667468762594482,"upper_bound":-0.052580031986834475},"point_estimate":-0.061760635364896954,"standard_error":0.003930987682864065}}