{"mean":{"confidence_interval":{"confidence_level":0.95,"lower_bound":0.43117172405590054,"upper_bound":0.4422325255973721},"point_estimate":0.436268333425625,"standard_error":0.0027989442337681223},"median":{"confidence_interval":{"confidence_level":0.95,"lower_bound":0.43099173032953253,"upper_bound":0.4377141818909134},"point_estimate":0.43584803413578865,"standard_error":0.0016493027652082488}}