{"mean":{"confidence_interval":{"confidence_level":0.95,"lower_bound":-0.016668028556038772,"upper_bound":0.0004513472440368482},"point_estimate":-0.0066043331026082175,"standard_error":0.004507935316058627},"median":{"confidence_interval":{"confidence_level":0.95,"lower_bound":-0.001407664787109487,"upper_bound":0.0025806117040001464},"point_estimate":0.001238475361419189,"standard_error":0.0010340849964507342}}