{"mean":{"confidence_interval":{"confidence_level":0.95,"lower_bound":-0.006900973850443168,"upper_bound":0.0006178350571726164},"point_estimate":-0.0038501014774202647,"standard_error":0.001909514202759113},"median":{"confidence_interval":{"confidence_level":0.95,"lower_bound":-0.00852459964701664,"upper_bound":-0.006120671857940074},"point_estimate":-0.007612398880826099,"standard_error":0.0006362885439479479}}