{"mean":{"confidence_interval":{"confidence_level":0.95,"lower_bound":0.03361372018962734,"upper_bound":0.03867821539890827},"point_estimate":0.03603456287219631,"standard_error":0.001287319123992129},"median":{"confidence_interval":{"confidence_level":0.95,"lower_bound":0.034474057480794684,"upper_bound":0.038406292679662994},"point_estimate":0.03673881195511974,"standard_error":0.001126674158029807}}