{"mean":{"confidence_interval":{"confidence_level":0.95,"lower_bound":-0.0005561277238120743,"upper_bound":0.012975443704628279},"point_estimate":0.004629202951775158,"standard_error":0.003751292269727112},"median":{"confidence_interval":{"confidence_level":0.95,"lower_bound":-0.0011430707513923812,"upper_bound":0.002942073569820902},"point_estimate":0.00045811200980039324,"standard_error":0.0010259134421046244}}