{"mean":{"confidence_interval":{"confidence_level":0.95,"lower_bound":-0.00011976209483830097,"upper_bound":0.0046687398578496245},"point_estimate":0.002323581299828792,"standard_error":0.0012136014762060556},"median":{"confidence_interval":{"confidence_level":0.95,"lower_bound":0.0005837440912446201,"upper_bound":0.006175097872505253},"point_estimate":0.0029679033409142352,"standard_error":0.001483381175622157}}