{"mean":{"confidence_interval":{"confidence_level":0.95,"lower_bound":0.015449652144249176,"upper_bound":0.03769966211276562},"point_estimate":0.028242296230311714,"standard_error":0.005783163079303162},"median":{"confidence_interval":{"confidence_level":0.95,"lower_bound":0.038033414057680126,"upper_bound":0.04361598557815061},"point_estimate":0.041739925207621376,"standard_error":0.0015539317940178876}}