{"mean":{"confidence_interval":{"confidence_level":0.95,"lower_bound":0.000752580693421457,"upper_bound":0.005003800600351631},"point_estimate":0.002890479159392001,"standard_error":0.0010755913243420425},"median":{"confidence_interval":{"confidence_level":0.95,"lower_bound":0.0012740019369732458,"upper_bound":0.0045854588832403564},"point_estimate":0.002915030312586664,"standard_error":0.0008128416334459837}}