{"mean":{"confidence_interval":{"confidence_level":0.95,"lower_bound":-0.0005026275724318536,"upper_bound":0.0030585929177534203},"point_estimate":0.0012441429113023705,"standard_error":0.0009085048244437877},"median":{"confidence_interval":{"confidence_level":0.95,"lower_bound":-0.0019494834900296576,"upper_bound":0.001252257830833603},"point_estimate":-0.0003305076062314338,"standard_error":0.0008206981623667917}}