{"mean":{"confidence_interval":{"confidence_level":0.95,"lower_bound":-0.03269243609798273,"upper_bound":-0.02827296624259245},"point_estimate":-0.03057969779680969,"standard_error":0.0011234017240135525},"median":{"confidence_interval":{"confidence_level":0.95,"lower_bound":-0.033472951941849294,"upper_bound":-0.030473923754216536},"point_estimate":-0.03210639325666942,"standard_error":0.0007667889203664168}}