{"mean":{"confidence_interval":{"confidence_level":0.95,"lower_bound":-0.017478378673155538,"upper_bound":-0.013732266424347432},"point_estimate":-0.015721186303808254,"standard_error":0.0009525288293459323},"median":{"confidence_interval":{"confidence_level":0.95,"lower_bound":-0.017637493844474217,"upper_bound":-0.01438276745549183},"point_estimate":-0.01621186510064132,"standard_error":0.0008410662093112607}}