{"mean":{"confidence_interval":{"confidence_level":0.95,"lower_bound":0.000787596757145376,"upper_bound":0.005299932094079007},"point_estimate":0.0030380759873172014,"standard_error":0.0011458186962189653},"median":{"confidence_interval":{"confidence_level":0.95,"lower_bound":0.0005258435090580438,"upper_bound":0.005715996752499747},"point_estimate":0.003785333400974311,"standard_error":0.0013468912416912176}}