{"mean":{"confidence_interval":{"confidence_level":0.95,"lower_bound":-0.017242798224192883,"upper_bound":-0.009716643651644388},"point_estimate":-0.013416986699041455,"standard_error":0.0019161068857858543},"median":{"confidence_interval":{"confidence_level":0.95,"lower_bound":-0.013611266893292728,"upper_bound":-0.0065924353268493885},"point_estimate":-0.008627940336091044,"standard_error":0.001973386021712965}}