{"mean":{"confidence_interval":{"confidence_level":0.95,"lower_bound":0.05081904065649391,"upper_bound":0.06529665310595066},"point_estimate":0.057517781699720105,"standard_error":0.0037535672323945634},"median":{"confidence_interval":{"confidence_level":0.95,"lower_bound":0.04832586432104158,"upper_bound":0.050933883442906724},"point_estimate":0.049903660783960024,"standard_error":0.0006816275633862485}}