{"mean":{"confidence_interval":{"confidence_level":0.95,"lower_bound":-0.0009199998898875184,"upper_bound":0.005519123050369704},"point_estimate":0.001803858615319065,"standard_error":0.0016554092969633416},"median":{"confidence_interval":{"confidence_level":0.95,"lower_bound":-0.0011697232013631043,"upper_bound":0.000882619677607277},"point_estimate":-0.00010147511751779081,"standard_error":0.000502933219871521}}