{"mean":{"confidence_interval":{"confidence_level":0.95,"lower_bound":-0.006549030197556751,"upper_bound":-0.001220652829871916},"point_estimate":-0.0037349480605833874,"standard_error":0.0013600453510079417},"median":{"confidence_interval":{"confidence_level":0.95,"lower_bound":-0.002407418765508984,"upper_bound":-0.00007181906369646551},"point_estimate":-0.0015244139197555517,"standard_error":0.0005877737535568333}}