{"mean":{"confidence_interval":{"confidence_level":0.95,"lower_bound":-0.008739033764026575,"upper_bound":-0.0028602861064614183},"point_estimate":-0.006115776478704205,"standard_error":0.0015107854115337103},"median":{"confidence_interval":{"confidence_level":0.95,"lower_bound":-0.008016877869888805,"upper_bound":-0.005329404611458366},"point_estimate":-0.00658304920105679,"standard_error":0.0006814581824993533}}