{"mean":{"confidence_interval":{"confidence_level":0.95,"lower_bound":-0.04516617899048748,"upper_bound":-0.04170854571207634},"point_estimate":-0.043395772950284406,"standard_error":0.0008817199680074302},"median":{"confidence_interval":{"confidence_level":0.95,"lower_bound":-0.04226922369234731,"upper_bound":-0.04021750836721011},"point_estimate":-0.04095557188844012,"standard_error":0.0005324335296819012}}