{"mean":{"confidence_interval":{"confidence_level":0.95,"lower_bound":0.09615293374974472,"upper_bound":0.10344276213830406},"point_estimate":0.09971521676008144,"standard_error":0.0018355084691462475},"median":{"confidence_interval":{"confidence_level":0.95,"lower_bound":0.09426423916373183,"upper_bound":0.10002826639203688},"point_estimate":0.09717399403207994,"standard_error":0.0013124653538143466}}