{"mean":{"confidence_interval":{"confidence_level":0.95,"lower_bound":-0.5194954541003887,"upper_bound":-0.509517963364701},"point_estimate":-0.5145599917359703,"standard_error":0.0025366988631796883},"median":{"confidence_interval":{"confidence_level":0.95,"lower_bound":-0.5291774412472996,"upper_bound":-0.5090866540246934},"point_estimate":-0.5256391290958748,"standard_error":0.00471962205425462}}