{"mean":{"confidence_interval":{"confidence_level":0.95,"lower_bound":-0.18784312092109665,"upper_bound":-0.18396136788718795},"point_estimate":-0.18588828614455988,"standard_error":0.000989847169759895},"median":{"confidence_interval":{"confidence_level":0.95,"lower_bound":-0.1900056605343734,"upper_bound":-0.1854332531571773},"point_estimate":-0.18807025610325157,"standard_error":0.0011569050063200946}}