{"mean":{"confidence_interval":{"confidence_level":0.95,"lower_bound":1.003002069426843,"upper_bound":1.0135358236558392},"point_estimate":1.0082662016483828,"standard_error":0.0026743634482835526},"median":{"confidence_interval":{"confidence_level":0.95,"lower_bound":1.0007745244663582,"upper_bound":1.0143118759965275},"point_estimate":1.0072013322032065,"standard_error":0.0033026905213320813}}