{"mean":{"confidence_interval":{"confidence_level":0.95,"lower_bound":0.2178608159259696,"upper_bound":0.22313716652156762},"point_estimate":0.22036355395427143,"standard_error":0.0013353332359840415},"median":{"confidence_interval":{"confidence_level":0.95,"lower_bound":0.2160048422005838,"upper_bound":0.22093911811030775},"point_estimate":0.21837674591107104,"standard_error":0.0012257898085709332}}