{"mean":{"confidence_interval":{"confidence_level":0.95,"lower_bound":-0.11618083963072033,"upper_bound":-0.10642926464660522},"point_estimate":-0.11146683543539782,"standard_error":0.0024934548709179753},"median":{"confidence_interval":{"confidence_level":0.95,"lower_bound":-0.12312385276036453,"upper_bound":-0.11595665401917132},"point_estimate":-0.11938803217725535,"standard_error":0.0018526925096151996}}