{"mean":{"confidence_interval":{"confidence_level":0.95,"lower_bound":0.04042897823126453,"upper_bound":0.0585876401293563},"point_estimate":0.04952730475361067,"standard_error":0.004566575286957612},"median":{"confidence_interval":{"confidence_level":0.95,"lower_bound":0.04241400783541538,"upper_bound":0.04972445729404746},"point_estimate":0.046727004044520015,"standard_error":0.0019384533226042657}}