{"mean":{"confidence_interval":{"confidence_level":0.95,"lower_bound":-0.23090866050539632,"upper_bound":-0.2054146482005158},"point_estimate":-0.21830242508773012,"standard_error":0.006553185605843194},"median":{"confidence_interval":{"confidence_level":0.95,"lower_bound":-0.26945122310047753,"upper_bound":-0.15888601154206117},"point_estimate":-0.25853785860802636,"standard_error":0.039491583611171305}}