{"mean":{"confidence_interval":{"confidence_level":0.95,"lower_bound":-0.07237877863243258,"upper_bound":-0.042728530161885825},"point_estimate":-0.05708526187704932,"standard_error":0.007580468051448368},"median":{"confidence_interval":{"confidence_level":0.95,"lower_bound":-0.03345924621007479,"upper_bound":-0.01809353877859865},"point_estimate":-0.026446068521326804,"standard_error":0.004024642494729151}}