{"mean":{"confidence_interval":{"confidence_level":0.95,"lower_bound":0.019615011664871403,"upper_bound":0.025977800355090196},"point_estimate":0.022498703180265478,"standard_error":0.001587182008615889},"median":{"confidence_interval":{"confidence_level":0.95,"lower_bound":0.01820358124059762,"upper_bound":0.02507778801545508},"point_estimate":0.02191318917073648,"standard_error":0.0018205455709686103}}