{"mean":{"confidence_interval":{"confidence_level":0.95,"lower_bound":-0.2017279158057277,"upper_bound":-0.18907020816382408},"point_estimate":-0.19589198552787013,"standard_error":0.0032259370524723337},"median":{"confidence_interval":{"confidence_level":0.95,"lower_bound":-0.20693160983775016,"upper_bound":-0.20263992072910686},"point_estimate":-0.20536541368913852,"standard_error":0.0011024551078002206}}