{"mean":{"confidence_interval":{"confidence_level":0.95,"lower_bound":-0.11283422053950583,"upper_bound":-0.09074849079488168},"point_estimate":-0.1021009214240074,"standard_error":0.005651097983177489},"median":{"confidence_interval":{"confidence_level":0.95,"lower_bound":-0.10852137715485799,"upper_bound":-0.08755546109738432},"point_estimate":-0.09826946142023596,"standard_error":0.005491045554796301}}