{"mean":{"confidence_interval":{"confidence_level":0.95,"lower_bound":0.07983590690478715,"upper_bound":0.0951738098264614},"point_estimate":0.08815490438395979,"standard_error":0.003932188984570256},"median":{"confidence_interval":{"confidence_level":0.95,"lower_bound":0.09292684458655898,"upper_bound":0.10181743560921674},"point_estimate":0.0973708981887258,"standard_error":0.0022824841019914157}}