{"mean":{"confidence_interval":{"confidence_level":0.95,"lower_bound":0.014515208715647973,"upper_bound":0.030347651994081737},"point_estimate":0.022171270596887727,"standard_error":0.003948456440032405},"median":{"confidence_interval":{"confidence_level":0.95,"lower_bound":0.014618535936234744,"upper_bound":0.030350092942593943},"point_estimate":0.022758966231563704,"standard_error":0.00392969608851854}}