{"mean":{"confidence_interval":{"confidence_level":0.95,"lower_bound":-0.025491347492504764,"upper_bound":-0.01801831773173453},"point_estimate":-0.021733933898212543,"standard_error":0.0019069380749395415},"median":{"confidence_interval":{"confidence_level":0.95,"lower_bound":-0.020531969191965555,"upper_bound":-0.013777316680383844},"point_estimate":-0.01789279026089574,"standard_error":0.0017103365505510908}}