{"mean":{"confidence_interval":{"confidence_level":0.95,"lower_bound":0.10350430760482573,"upper_bound":0.13632076509699684},"point_estimate":0.12040241878119184,"standard_error":0.008293668934314095},"median":{"confidence_interval":{"confidence_level":0.95,"lower_bound":0.15517064722977958,"upper_bound":0.1712886260609876},"point_estimate":0.1604541175341312,"standard_error":0.004318898677575017}}