{"mean":{"confidence_interval":{"confidence_level":0.95,"lower_bound":-0.03779908359682665,"upper_bound":-0.020674461585872224},"point_estimate":-0.029223908102623763,"standard_error":0.004371235184745565},"median":{"confidence_interval":{"confidence_level":0.95,"lower_bound":-0.030967646054789078,"upper_bound":-0.011965702647707688},"point_estimate":-0.023232447395505007,"standard_error":0.004409037852463144}}