{"mean":{"confidence_interval":{"confidence_level":0.95,"lower_bound":0.13414786458268257,"upper_bound":0.14406381707307192},"point_estimate":0.13886743713884742,"standard_error":0.0025346778738611635},"median":{"confidence_interval":{"confidence_level":0.95,"lower_bound":0.13566710303543172,"upper_bound":0.1439503160639688},"point_estimate":0.1399920921544786,"standard_error":0.002099276540873312}}