{"mean":{"confidence_interval":{"confidence_level":0.95,"lower_bound":-0.21502074613488456,"upper_bound":-0.21167013044159086},"point_estimate":-0.21326600153267727,"standard_error":0.000852788864024018},"median":{"confidence_interval":{"confidence_level":0.95,"lower_bound":-0.21428862513680014,"upper_bound":-0.2113005293231507},"point_estimate":-0.21286095852088216,"standard_error":0.0007692712086081189}}