{"mean":{"confidence_interval":{"confidence_level":0.95,"lower_bound":0.18511596390344326,"upper_bound":0.2036981949735545},"point_estimate":0.1934205628278003,"standard_error":0.0048661147585176145},"median":{"confidence_interval":{"confidence_level":0.95,"lower_bound":0.1861672545644304,"upper_bound":0.21110324067878294},"point_estimate":0.1991127268015509,"standard_error":0.006584709190073994}}