{"mean":{"confidence_interval":{"confidence_level":0.95,"lower_bound":-0.014280149267117253,"upper_bound":-0.008851995871369166},"point_estimate":-0.011384540958832123,"standard_error":0.0013830517345975982},"median":{"confidence_interval":{"confidence_level":0.95,"lower_bound":-0.011464070803501425,"upper_bound":-0.008260899226924523},"point_estimate":-0.009220593760026485,"standard_error":0.0007922729539038765}}