{"mean":{"confidence_interval":{"confidence_level":0.95,"lower_bound":-0.08561714336326265,"upper_bound":-0.07161415417884698},"point_estimate":-0.07847075652246382,"standard_error":0.00357269006595676},"median":{"confidence_interval":{"confidence_level":0.95,"lower_bound":-0.08036871707709659,"upper_bound":-0.06524508413899677},"point_estimate":-0.0758552064680793,"standard_error":0.0039028412573403636}}