{"mean":{"confidence_interval":{"confidence_level":0.95,"lower_bound":-0.07399583918599018,"upper_bound":-0.06200994417747363},"point_estimate":-0.06785606824462664,"standard_error":0.0030691347835736203},"median":{"confidence_interval":{"confidence_level":0.95,"lower_bound":-0.06347233981078004,"upper_bound":-0.05124699256906584},"point_estimate":-0.055873601732390976,"standard_error":0.0032111514239826096}}