{"mean":{"confidence_interval":{"confidence_level":0.95,"lower_bound":-0.1558215782560075,"upper_bound":-0.14224125150174316},"point_estimate":-0.149674766147055,"standard_error":0.0034616279645576674},"median":{"confidence_interval":{"confidence_level":0.95,"lower_bound":-0.1562547726207273,"upper_bound":-0.14586221507254138},"point_estimate":-0.15163905788451038,"standard_error":0.0025467624550271056}}