{"mean":{"confidence_interval":{"confidence_level":0.95,"lower_bound":-0.15243494709876254,"upper_bound":-0.1440681885802598},"point_estimate":-0.14883701094556223,"standard_error":0.002145572395576935},"median":{"confidence_interval":{"confidence_level":0.95,"lower_bound":-0.15399685127151364,"upper_bound":-0.15010341393351745},"point_estimate":-0.15284112213841938,"standard_error":0.0010228491487032354}}