{"mean":{"confidence_interval":{"confidence_level":0.95,"lower_bound":-0.049730047982226064,"upper_bound":-0.040092023398136244},"point_estimate":-0.04497800732614876,"standard_error":0.002462716597451153},"median":{"confidence_interval":{"confidence_level":0.95,"lower_bound":-0.06095899320167564,"upper_bound":-0.05362291978014777},"point_estimate":-0.05772931702129325,"standard_error":0.0018826653725830128}}