{"mean":{"confidence_interval":{"confidence_level":0.95,"lower_bound":-0.0007203269079532751,"upper_bound":0.0037689914131658116},"point_estimate":0.0017424751852654907,"standard_error":0.0011445745025861216},"median":{"confidence_interval":{"confidence_level":0.95,"lower_bound":0.0009912627583597011,"upper_bound":0.0031972901738179793},"point_estimate":0.0020407153829424818,"standard_error":0.0005475165963483166}}