{"mean":{"confidence_interval":{"confidence_level":0.95,"lower_bound":-0.16835566814425174,"upper_bound":-0.1637509095943118},"point_estimate":-0.16611280931028938,"standard_error":0.0011742271662489076},"median":{"confidence_interval":{"confidence_level":0.95,"lower_bound":-0.16792921546438144,"upper_bound":-0.16339571099607686},"point_estimate":-0.1652979281004272,"standard_error":0.001158786593177713}}