{"mean":{"confidence_interval":{"confidence_level":0.95,"lower_bound":0.3677618088466168,"upper_bound":0.3962516236975762},"point_estimate":0.3839679503243838,"standard_error":0.007329153488248282},"median":{"confidence_interval":{"confidence_level":0.95,"lower_bound":0.38906908889325353,"upper_bound":0.39764520615217536},"point_estimate":0.3920166613937657,"standard_error":0.0021104539083638837}}