{"mean":{"confidence_interval":{"confidence_level":0.95,"lower_bound":-0.003419501114934556,"upper_bound":0.004219646386789352},"point_estimate":0.0004644617346107882,"standard_error":0.0019555191271803845},"median":{"confidence_interval":{"confidence_level":0.95,"lower_bound":-0.005461052303182084,"upper_bound":0.004139644822569455},"point_estimate":-0.0009501354033302212,"standard_error":0.0024364628204296816}}