{"mean":{"confidence_interval":{"confidence_level":0.95,"lower_bound":-0.3770972075790221,"upper_bound":-0.3686606532718174},"point_estimate":-0.37282571890485816,"standard_error":0.0021628750930970876},"median":{"confidence_interval":{"confidence_level":0.95,"lower_bound":-0.38131208291258367,"upper_bound":-0.3678668047548658},"point_estimate":-0.37550206178711665,"standard_error":0.0034060830056213734}}