{"mean":{"confidence_interval":{"confidence_level":0.95,"lower_bound":-0.15072655386662853,"upper_bound":-0.11698586615909004},"point_estimate":-0.13476973197256426,"standard_error":0.008438204520162454},"median":{"confidence_interval":{"confidence_level":0.95,"lower_bound":-0.18781389410905747,"upper_bound":-0.17470972207298707},"point_estimate":-0.1777330501715344,"standard_error":0.0035901701438225088}}