{"mean":{"confidence_interval":{"confidence_level":0.95,"lower_bound":-0.02258840339363355,"upper_bound":-0.01668244720763065},"point_estimate":-0.019646225799761274,"standard_error":0.0015019604059056035},"median":{"confidence_interval":{"confidence_level":0.95,"lower_bound":-0.0234532825328706,"upper_bound":-0.01627381802381933},"point_estimate":-0.02041508299258843,"standard_error":0.001826045282653188}}