{"mean":{"confidence_interval":{"confidence_level":0.95,"lower_bound":-0.2575481757104568,"upper_bound":-0.2547633246521414},"point_estimate":-0.25624910392467426,"standard_error":0.0007061512432934757},"median":{"confidence_interval":{"confidence_level":0.95,"lower_bound":-0.2584348768930391,"upper_bound":-0.2561089047245432},"point_estimate":-0.25700649581467494,"standard_error":0.0005985273077668845}}