{"mean":{"confidence_interval":{"confidence_level":0.95,"lower_bound":0.5147042885692301,"upper_bound":0.5230682156358284},"point_estimate":0.5190378315559327,"standard_error":0.002141247492654671},"median":{"confidence_interval":{"confidence_level":0.95,"lower_bound":0.5201996295726165,"upper_bound":0.5299327915869205},"point_estimate":0.5254951340253082,"standard_error":0.0025950913507665437}}