{"mean":{"confidence_interval":{"confidence_level":0.95,"lower_bound":-0.22177304102048484,"upper_bound":-0.19765665687048156},"point_estimate":-0.20938185453821634,"standard_error":0.006269703221915192},"median":{"confidence_interval":{"confidence_level":0.95,"lower_bound":-0.2395677993162847,"upper_bound":-0.2375973844408143},"point_estimate":-0.23872569195578308,"standard_error":0.000506214987243373}}