{"mean":{"confidence_interval":{"confidence_level":0.95,"lower_bound":-0.22125792539190947,"upper_bound":-0.21124433092368766},"point_estimate":-0.21546468217221892,"standard_error":0.00259281266498951},"median":{"confidence_interval":{"confidence_level":0.95,"lower_bound":-0.2151165054904569,"upper_bound":-0.2098558862628586},"point_estimate":-0.21195593192564033,"standard_error":0.0013774839785539428}}