{"mean":{"confidence_interval":{"confidence_level":0.95,"lower_bound":-0.11380159987764948,"upper_bound":-0.1085423665646984},"point_estimate":-0.11131227648670405,"standard_error":0.001324640105481197},"median":{"confidence_interval":{"confidence_level":0.95,"lower_bound":-0.11243284422471207,"upper_bound":-0.1105958352598182},"point_estimate":-0.11150077296027705,"standard_error":0.0004686833253199202}}