{"mean":{"confidence_interval":{"confidence_level":0.95,"lower_bound":0.042351888066376984,"upper_bound":0.06497327785303379},"point_estimate":0.0529746527655226,"standard_error":0.005776750365289088},"median":{"confidence_interval":{"confidence_level":0.95,"lower_bound":0.02995166310497832,"upper_bound":0.043406815677324406},"point_estimate":0.03447583078681982,"standard_error":0.003027209936971744}}