{"mean":{"confidence_interval":{"confidence_level":0.95,"lower_bound":-0.0607103206430558,"upper_bound":-0.05496555586347284},"point_estimate":-0.05795097697481144,"standard_error":0.001463691139506093},"median":{"confidence_interval":{"confidence_level":0.95,"lower_bound":-0.06308441333369597,"upper_bound":-0.0572809567956597},"point_estimate":-0.059462567768899466,"standard_error":0.001563447751355848}}