{"mean":{"confidence_interval":{"confidence_level":0.95,"lower_bound":-0.1532127916489465,"upper_bound":-0.13328282588719761},"point_estimate":-0.1433050683147602,"standard_error":0.005088057602445417},"median":{"confidence_interval":{"confidence_level":0.95,"lower_bound":-0.1525058142255652,"upper_bound":-0.11991395434109142},"point_estimate":-0.14140377194128761,"standard_error":0.008115290161392003}}