{"mean":{"confidence_interval":{"confidence_level":0.95,"lower_bound":-0.036437653464693714,"upper_bound":-0.028795694482252544},"point_estimate":-0.03229717133479881,"standard_error":0.001964680625605714},"median":{"confidence_interval":{"confidence_level":0.95,"lower_bound":-0.03406647908713856,"upper_bound":-0.029184684792215032},"point_estimate":-0.03125959201842243,"standard_error":0.0012510166397653479}}