{"mean":{"confidence_interval":{"confidence_level":0.95,"lower_bound":0.19199536392961636,"upper_bound":0.2029053772369928},"point_estimate":0.1974980846691432,"standard_error":0.002811982316690318},"median":{"confidence_interval":{"confidence_level":0.95,"lower_bound":0.2033244295622243,"upper_bound":0.21585398121088195},"point_estimate":0.2106790221086412,"standard_error":0.00290977176909417}}