{"mean":{"confidence_interval":{"confidence_level":0.95,"lower_bound":-0.027458575466197184,"upper_bound":-0.02157028073977023},"point_estimate":-0.024444506059526194,"standard_error":0.0015032015853748434},"median":{"confidence_interval":{"confidence_level":0.95,"lower_bound":-0.028223506668367083,"upper_bound":-0.02265056402645227},"point_estimate":-0.025660660440753658,"standard_error":0.0014022781582879442}}