{"mean":{"confidence_interval":{"confidence_level":0.95,"lower_bound":-0.004214857453104958,"upper_bound":0.0025907826540667858},"point_estimate":-0.001674776354525398,"standard_error":0.0018150453348133669},"median":{"confidence_interval":{"confidence_level":0.95,"lower_bound":-0.005530008143176279,"upper_bound":-0.003580668482021654},"point_estimate":-0.004535835405270583,"standard_error":0.00045408691245470904}}