{"mean":{"confidence_interval":{"confidence_level":0.95,"lower_bound":-0.0008691314822801357,"upper_bound":0.004260233842919786},"point_estimate":0.001703197635198217,"standard_error":0.001311850350216339},"median":{"confidence_interval":{"confidence_level":0.95,"lower_bound":-0.0027324990433788,"upper_bound":0.00662648476438954},"point_estimate":0.003507809350128621,"standard_error":0.0024528011497476653}}