{"mean":{"confidence_interval":{"confidence_level":0.95,"lower_bound":70023.10958349837,"upper_bound":71146.45449968336},"point_estimate":70532.62734024021,"standard_error":289.37944100252145},"median":{"confidence_interval":{"confidence_level":0.95,"lower_bound":69570.63157894737,"upper_bound":69832.1048545153},"point_estimate":69675.57950450451,"standard_error":68.92127745588377},"median_abs_dev":{"confidence_interval":{"confidence_level":0.95,"lower_bound":428.5407413382393,"upper_bound":896.672345747552},"point_estimate":559.8792453955231,"standard_error":124.40987511620037},"slope":{"confidence_interval":{"confidence_level":0.95,"lower_bound":69651.6059029767,"upper_bound":69911.29848014831},"point_estimate":69772.8167646914,"standard_error":66.14093117425735},"std_dev":{"confidence_interval":{"confidence_level":0.95,"lower_bound":1473.3901911963687,"upper_bound":4002.385972568102},"point_estimate":2918.1243586140577,"standard_error":633.6537715731185}}