{"mean":{"confidence_interval":{"confidence_level":0.95,"lower_bound":70351.07684815946,"upper_bound":70812.64930240093},"point_estimate":70576.59801011514,"standard_error":117.5383558827745},"median":{"confidence_interval":{"confidence_level":0.95,"lower_bound":69846.15463917526,"upper_bound":70087.75510204081},"point_estimate":69940.3383116883,"standard_error":58.98042872919064},"median_abs_dev":{"confidence_interval":{"confidence_level":0.95,"lower_bound":260.26770524087533,"upper_bound":728.4657329395351},"point_estimate":382.27904336471204,"standard_error":116.27076389601629},"slope":{"confidence_interval":{"confidence_level":0.95,"lower_bound":69881.21570629602,"upper_bound":70001.62731727761},"point_estimate":69937.14203536771,"standard_error":30.694512745346614},"std_dev":{"confidence_interval":{"confidence_level":0.95,"lower_bound":1038.761233660302,"upper_bound":1294.5859496746784},"point_estimate":1183.0839902940509,"standard_error":65.34134742652259}}