{"mean":{"confidence_interval":{"confidence_level":0.95,"lower_bound":69438.86434244897,"upper_bound":69803.69453828648},"point_estimate":69616.12249221581,"standard_error":93.09603056740929},"median":{"confidence_interval":{"confidence_level":0.95,"lower_bound":69178.82434210526,"upper_bound":69416.14283723524},"point_estimate":69292.03181742462,"standard_error":67.17578021555437},"median_abs_dev":{"confidence_interval":{"confidence_level":0.95,"lower_bound":373.11314509403707,"upper_bound":801.5952689581237},"point_estimate":536.4648843784756,"standard_error":120.25725218230096},"slope":{"confidence_interval":{"confidence_level":0.95,"lower_bound":69231.95668850512,"upper_bound":69412.00495598509},"point_estimate":69317.71827348406,"standard_error":45.79574837583333},"std_dev":{"confidence_interval":{"confidence_level":0.95,"lower_bound":788.263337998248,"upper_bound":1055.0917251447875},"point_estimate":936.3517041473772,"standard_error":67.89384981740805}}