{"mean":{"confidence_interval":{"confidence_level":0.95,"lower_bound":67369.94353851408,"upper_bound":67744.23429301297},"point_estimate":67552.01032170435,"standard_error":95.60268311560482},"median":{"confidence_interval":{"confidence_level":0.95,"lower_bound":67056.44894688643,"upper_bound":67304.27083333333},"point_estimate":67131.07909742587,"standard_error":58.765634282336286},"median_abs_dev":{"confidence_interval":{"confidence_level":0.95,"lower_bound":365.522192683247,"upper_bound":749.4315237981056},"point_estimate":481.500742046742,"standard_error":95.57241313695974},"slope":{"confidence_interval":{"confidence_level":0.95,"lower_bound":66985.59632574006,"upper_bound":67122.00089834949},"point_estimate":67051.4083493424,"standard_error":34.873720602379706},"std_dev":{"confidence_interval":{"confidence_level":0.95,"lower_bound":808.7446971448787,"upper_bound":1083.3564675484124},"point_estimate":960.8483999640085,"standard_error":70.03138496514198}}