{"mean":{"confidence_interval":{"confidence_level":0.95,"lower_bound":66423.89204496214,"upper_bound":66877.22003129598},"point_estimate":66645.46147706876,"standard_error":115.79082906014567},"median":{"confidence_interval":{"confidence_level":0.95,"lower_bound":65974.07189542483,"upper_bound":66164.61193415638},"point_estimate":66051.01385416667,"standard_error":52.584617694771474},"median_abs_dev":{"confidence_interval":{"confidence_level":0.95,"lower_bound":291.69993844652157,"upper_bound":784.7486139311576},"point_estimate":463.0955027405619,"standard_error":132.36456359867267},"slope":{"confidence_interval":{"confidence_level":0.95,"lower_bound":65984.01271109338,"upper_bound":66246.8257780597},"point_estimate":66092.02534751983,"standard_error":68.63527674991946},"std_dev":{"confidence_interval":{"confidence_level":0.95,"lower_bound":1001.9138280820498,"upper_bound":1295.2165347578655},"point_estimate":1160.5342883459318,"standard_error":74.68684781067383}}