{"mean":{"confidence_interval":{"confidence_level":0.95,"lower_bound":92128.30438571556,"upper_bound":92547.7515742068},"point_estimate":92331.71598666122,"standard_error":106.85321608511191},"median":{"confidence_interval":{"confidence_level":0.95,"lower_bound":91804.50053571428,"upper_bound":92022.4409010989},"point_estimate":91885.95294117647,"standard_error":55.73882940818215},"median_abs_dev":{"confidence_interval":{"confidence_level":0.95,"lower_bound":434.5561556127063,"upper_bound":843.8585468799258},"point_estimate":603.6037974315576,"standard_error":107.04072755858232},"slope":{"confidence_interval":{"confidence_level":0.95,"lower_bound":91746.50191378621,"upper_bound":91997.99120651859},"point_estimate":91861.86249918723,"standard_error":64.12075533408422},"std_dev":{"confidence_interval":{"confidence_level":0.95,"lower_bound":903.6764648416156,"upper_bound":1223.9003423696774},"point_estimate":1076.917625983674,"standard_error":81.76624473276841}}