{"mean":{"confidence_interval":{"confidence_level":0.95,"lower_bound":45381.403147006924,"upper_bound":45519.12369391308},"point_estimate":45449.18584603363,"standard_error":35.060080699344404},"median":{"confidence_interval":{"confidence_level":0.95,"lower_bound":45446.198185941044,"upper_bound":45560.45919860627},"point_estimate":45520.87419198448,"standard_error":29.54580011615317},"median_abs_dev":{"confidence_interval":{"confidence_level":0.95,"lower_bound":167.38631354177832,"upper_bound":381.05170365367303},"point_estimate":256.1299291924485,"standard_error":56.526043925783156},"slope":{"confidence_interval":{"confidence_level":0.95,"lower_bound":45551.53574307691,"upper_bound":45715.83227937338},"point_estimate":45622.09866706074,"standard_error":42.854268126412066},"std_dev":{"confidence_interval":{"confidence_level":0.95,"lower_bound":271.95776695636175,"upper_bound":434.9459898356267},"point_estimate":352.59470859453,"standard_error":42.1005291148589}}