{"mean":{"confidence_interval":{"confidence_level":0.95,"lower_bound":71010.91333899317,"upper_bound":71354.16837085318},"point_estimate":71176.7709306161,"standard_error":87.7557791570861},"median":{"confidence_interval":{"confidence_level":0.95,"lower_bound":70802.27642276423,"upper_bound":70940.84056253557},"point_estimate":70875.93165245335,"standard_error":34.789575132290075},"median_abs_dev":{"confidence_interval":{"confidence_level":0.95,"lower_bound":260.2195143727357,"upper_bound":647.6720261334126},"point_estimate":448.5180852292514,"standard_error":97.5803714561273},"slope":{"confidence_interval":{"confidence_level":0.95,"lower_bound":70807.85067745489,"upper_bound":70987.52886908692},"point_estimate":70889.04302398897,"standard_error":46.275525984860266},"std_dev":{"confidence_interval":{"confidence_level":0.95,"lower_bound":721.1117007574763,"upper_bound":1007.7177726105256},"point_estimate":878.3042167992802,"standard_error":72.96602898805848}}