{"mean":{"confidence_interval":{"confidence_level":0.95,"lower_bound":61917.16952751279,"upper_bound":62474.81071251576},"point_estimate":62192.61169712538,"standard_error":142.51934834890213},"median":{"confidence_interval":{"confidence_level":0.95,"lower_bound":61204.80592870059,"upper_bound":63130.25},"point_estimate":61368.050470085465,"standard_error":476.3440037327875},"median_abs_dev":{"confidence_interval":{"confidence_level":0.95,"lower_bound":567.6092009595696,"upper_bound":2177.451338842506},"point_estimate":1116.374302639944,"standard_error":438.47250515939066},"slope":{"confidence_interval":{"confidence_level":0.95,"lower_bound":61180.98039617264,"upper_bound":61402.5612594289},"point_estimate":61280.86367026255,"standard_error":56.439367971052235},"std_dev":{"confidence_interval":{"confidence_level":0.95,"lower_bound":1302.03522828048,"upper_bound":1541.3339361394683},"point_estimate":1427.6012557495012,"standard_error":61.00633947076322}}