{"mean":{"confidence_interval":{"confidence_level":0.95,"lower_bound":67376.07821797553,"upper_bound":67784.48346949201},"point_estimate":67573.54882989937,"standard_error":103.85924074322402},"median":{"confidence_interval":{"confidence_level":0.95,"lower_bound":67054.77906976744,"upper_bound":67279.36173145851},"point_estimate":67153.54112160852,"standard_error":55.484575201018046},"median_abs_dev":{"confidence_interval":{"confidence_level":0.95,"lower_bound":262.0014967981935,"upper_bound":581.0082378662371},"point_estimate":398.0490223449887,"standard_error":77.68955938835428},"slope":{"confidence_interval":{"confidence_level":0.95,"lower_bound":67126.78070667559,"upper_bound":67487.17801661509},"point_estimate":67278.10343825427,"standard_error":94.19186606897911},"std_dev":{"confidence_interval":{"confidence_level":0.95,"lower_bound":839.9003821845553,"upper_bound":1205.032833282379},"point_estimate":1044.5234181551918,"standard_error":93.22122577846328}}