{"mean":{"confidence_interval":{"confidence_level":0.95,"lower_bound":73996.64351751961,"upper_bound":74506.57491879024},"point_estimate":74243.64049311074,"standard_error":129.91303013308232},"median":{"confidence_interval":{"confidence_level":0.95,"lower_bound":73455.72887864822,"upper_bound":73676.31086956522},"point_estimate":73556.28781297134,"standard_error":61.962312046158324},"median_abs_dev":{"confidence_interval":{"confidence_level":0.95,"lower_bound":304.6132859736069,"upper_bound":823.6160489307597},"point_estimate":459.3847151859618,"standard_error":139.41979329647435},"slope":{"confidence_interval":{"confidence_level":0.95,"lower_bound":73489.28748063034,"upper_bound":73666.54766153895},"point_estimate":73569.42287276489,"standard_error":45.19157080044},"std_dev":{"confidence_interval":{"confidence_level":0.95,"lower_bound":1067.9112202369383,"upper_bound":1566.8304213300244},"point_estimate":1306.0642302381264,"standard_error":131.16150359048098}}