{"mean":{"confidence_interval":{"confidence_level":0.95,"lower_bound":69975.03418280915,"upper_bound":70568.92920832084},"point_estimate":70237.30663474974,"standard_error":152.104859617732},"median":{"confidence_interval":{"confidence_level":0.95,"lower_bound":69646.28787878787,"upper_bound":69794.9328358209},"point_estimate":69689.91346153847,"standard_error":43.327467725084546},"median_abs_dev":{"confidence_interval":{"confidence_level":0.95,"lower_bound":215.74552317962198,"upper_bound":824.9184443291311},"point_estimate":518.0794602466995,"standard_error":161.79591187628375},"slope":{"confidence_interval":{"confidence_level":0.95,"lower_bound":69692.8984956538,"upper_bound":69933.59759696182},"point_estimate":69803.65044283532,"standard_error":61.55279512302101},"std_dev":{"confidence_interval":{"confidence_level":0.95,"lower_bound":852.9744065891994,"upper_bound":2254.741270900368},"point_estimate":1525.0497337386125,"standard_error":424.4991121723276}}