{"mean":{"confidence_interval":{"confidence_level":0.95,"lower_bound":66280.04477029377,"upper_bound":66740.7361334716},"point_estimate":66504.8826960384,"standard_error":117.56292595376169},"median":{"confidence_interval":{"confidence_level":0.95,"lower_bound":65823.49382716049,"upper_bound":66020.77906976744},"point_estimate":65943.22484511373,"standard_error":55.34241089626263},"median_abs_dev":{"confidence_interval":{"confidence_level":0.95,"lower_bound":336.9514843249779,"upper_bound":906.9489239973026},"point_estimate":587.9078250464215,"standard_error":149.93357468504934},"slope":{"confidence_interval":{"confidence_level":0.95,"lower_bound":65884.66951321455,"upper_bound":66293.22337757172},"point_estimate":66064.19681493522,"standard_error":105.38713965146415},"std_dev":{"confidence_interval":{"confidence_level":0.95,"lower_bound":1010.5458486919307,"upper_bound":1338.2009388589286},"point_estimate":1178.3009905905471,"standard_error":83.80573645802227}}