{"mean":{"confidence_interval":{"confidence_level":0.95,"lower_bound":66641.12775752644,"upper_bound":67381.56298105276},"point_estimate":66993.10270586371,"standard_error":189.21952634376996},"median":{"confidence_interval":{"confidence_level":0.95,"lower_bound":65952.40178571429,"upper_bound":66122.93810491677},"point_estimate":66018.99520944741,"standard_error":56.76342117126013},"median_abs_dev":{"confidence_interval":{"confidence_level":0.95,"lower_bound":253.26065583371485,"upper_bound":760.7149945657018},"point_estimate":460.3430447960323,"standard_error":138.86923048784973},"slope":{"confidence_interval":{"confidence_level":0.95,"lower_bound":66008.54017587242,"upper_bound":66360.46304108764},"point_estimate":66153.41881779223,"standard_error":91.60019197554595},"std_dev":{"confidence_interval":{"confidence_level":0.95,"lower_bound":1408.4970117072367,"upper_bound":2442.4248414474564},"point_estimate":1900.4163052672627,"standard_error":278.89629821789174}}