{"mean":{"confidence_interval":{"confidence_level":0.95,"lower_bound":62181.44979528162,"upper_bound":62439.308919191},"point_estimate":62298.35452976424,"standard_error":66.30961110573159},"median":{"confidence_interval":{"confidence_level":0.95,"lower_bound":62079.29830508475,"upper_bound":62198.72167832167},"point_estimate":62121.686998304125,"standard_error":31.29287225982055},"median_abs_dev":{"confidence_interval":{"confidence_level":0.95,"lower_bound":172.50288740513588,"upper_bound":333.25165003988707},"point_estimate":233.46205265522116,"standard_error":44.86786054422653},"slope":{"confidence_interval":{"confidence_level":0.95,"lower_bound":62215.42808693324,"upper_bound":62581.24533230161},"point_estimate":62376.39679858135,"standard_error":94.85050250336124},"std_dev":{"confidence_interval":{"confidence_level":0.95,"lower_bound":324.8468312604004,"upper_bound":930.3426864614171},"point_estimate":666.3622030767419,"standard_error":151.1588338294497}}