{"mean":{"confidence_interval":{"confidence_level":0.95,"lower_bound":73924.90719806192,"upper_bound":74450.4203906917},"point_estimate":74179.3531357097,"standard_error":134.53646475764236},"median":{"confidence_interval":{"confidence_level":0.95,"lower_bound":73358.6572629521,"upper_bound":73634.35454545454},"point_estimate":73474.5395483871,"standard_error":70.7892728404427},"median_abs_dev":{"confidence_interval":{"confidence_level":0.95,"lower_bound":270.88321252338534,"upper_bound":945.9118919158419},"point_estimate":441.7045917467234,"standard_error":180.33097028011534},"slope":{"confidence_interval":{"confidence_level":0.95,"lower_bound":73401.36271446395,"upper_bound":73521.4004796137},"point_estimate":73456.54631535392,"standard_error":30.639071203405333},"std_dev":{"confidence_interval":{"confidence_level":0.95,"lower_bound":1098.1924979046055,"upper_bound":1622.6882385669035},"point_estimate":1350.4310111803968,"standard_error":137.27603119986802}}