{"mean":{"confidence_interval":{"confidence_level":0.95,"lower_bound":46076.699972422204,"upper_bound":46333.81386169841},"point_estimate":46202.059115142394,"standard_error":65.65304347468872},"median":{"confidence_interval":{"confidence_level":0.95,"lower_bound":45891.668560606064,"upper_bound":45984.07609724613},"point_estimate":45964.457786239494,"standard_error":22.268035134960993},"median_abs_dev":{"confidence_interval":{"confidence_level":0.95,"lower_bound":191.99192673044703,"upper_bound":383.52797249657095},"point_estimate":300.45480002987847,"standard_error":48.5128166027359},"slope":{"confidence_interval":{"confidence_level":0.95,"lower_bound":45884.1288589522,"upper_bound":45951.07706965},"point_estimate":45917.56141052165,"standard_error":17.061518489457562},"std_dev":{"confidence_interval":{"confidence_level":0.95,"lower_bound":549.9739525718569,"upper_bound":751.5714597360956},"point_estimate":662.8062995767366,"standard_error":51.47443054813345}}