{"mean":{"confidence_interval":{"confidence_level":0.95,"lower_bound":68470.75900211977,"upper_bound":68962.6255884982},"point_estimate":68707.71946625356,"standard_error":125.44330933359842},"median":{"confidence_interval":{"confidence_level":0.95,"lower_bound":68103.79004329005,"upper_bound":68301.54445317501},"point_estimate":68151.03802083334,"standard_error":49.79391583055845},"median_abs_dev":{"confidence_interval":{"confidence_level":0.95,"lower_bound":349.8213830773323,"upper_bound":917.7094114813381},"point_estimate":460.4923835948149,"standard_error":148.8020756109403},"slope":{"confidence_interval":{"confidence_level":0.95,"lower_bound":68156.40854218102,"upper_bound":68783.0799835582},"point_estimate":68416.60820008867,"standard_error":164.66955696353784},"std_dev":{"confidence_interval":{"confidence_level":0.95,"lower_bound":998.8887727266233,"upper_bound":1498.4152733939784},"point_estimate":1259.500594732549,"standard_error":128.3085859740205}}