{"mean":{"confidence_interval":{"confidence_level":0.95,"lower_bound":73493.76875519528,"upper_bound":73910.22578565114},"point_estimate":73697.29814428955,"standard_error":106.40926299993666},"median":{"confidence_interval":{"confidence_level":0.95,"lower_bound":73110.78571428571,"upper_bound":73371.27016129033},"point_estimate":73225.45590107291,"standard_error":68.16242902552835},"median_abs_dev":{"confidence_interval":{"confidence_level":0.95,"lower_bound":396.9762543244921,"upper_bound":923.832015773541},"point_estimate":629.372041058557,"standard_error":140.72427559573154},"slope":{"confidence_interval":{"confidence_level":0.95,"lower_bound":73096.6387280913,"upper_bound":73271.57646206066},"point_estimate":73180.52517560711,"standard_error":44.584615351224166},"std_dev":{"confidence_interval":{"confidence_level":0.95,"lower_bound":920.3233916387384,"upper_bound":1197.8164566121138},"point_estimate":1070.7177848244721,"standard_error":70.42658639645484}}