{"mean":{"confidence_interval":{"confidence_level":0.95,"lower_bound":70372.81714241208,"upper_bound":71400.00020576015},"point_estimate":70802.64540161005,"standard_error":266.59823968364776},"median":{"confidence_interval":{"confidence_level":0.95,"lower_bound":69784.23536769138,"upper_bound":70087.79629629629},"point_estimate":69848.92973023959,"standard_error":78.84405159374597},"median_abs_dev":{"confidence_interval":{"confidence_level":0.95,"lower_bound":352.72869171916466,"upper_bound":864.3448024325902},"point_estimate":464.9719860483069,"standard_error":132.2989744764174},"slope":{"confidence_interval":{"confidence_level":0.95,"lower_bound":69793.19622198965,"upper_bound":69930.86055353432},"point_estimate":69856.61423279642,"standard_error":35.00491581936613},"std_dev":{"confidence_interval":{"confidence_level":0.95,"lower_bound":1184.8617499468116,"upper_bound":4218.323320474059},"point_estimate":2679.087944114991,"standard_error":991.9970558384362}}