{"mean":{"confidence_interval":{"confidence_level":0.95,"lower_bound":68062.35119378005,"upper_bound":68447.0511748487},"point_estimate":68250.57361394487,"standard_error":98.19380740188691},"median":{"confidence_interval":{"confidence_level":0.95,"lower_bound":67660.9100403342,"upper_bound":67904.35964912281},"point_estimate":67721.76283670033,"standard_error":62.048110501192724},"median_abs_dev":{"confidence_interval":{"confidence_level":0.95,"lower_bound":237.14838741777868,"upper_bound":692.5693942329511},"point_estimate":340.8279130124507,"standard_error":115.37817401457997},"slope":{"confidence_interval":{"confidence_level":0.95,"lower_bound":67690.24139705482,"upper_bound":67879.43083958051},"point_estimate":67770.99886557313,"standard_error":49.050269532445604},"std_dev":{"confidence_interval":{"confidence_level":0.95,"lower_bound":874.7363717529695,"upper_bound":1064.1286795606295},"point_estimate":984.349303664026,"standard_error":48.392110636392204}}