{"mean":{"confidence_interval":{"confidence_level":0.95,"lower_bound":70589.40183037486,"upper_bound":71021.78886883482},"point_estimate":70800.99117605259,"standard_error":110.2723574819748},"median":{"confidence_interval":{"confidence_level":0.95,"lower_bound":70166.01824561405,"upper_bound":70519.12681159421},"point_estimate":70277.9618625622,"standard_error":100.50754380706157},"median_abs_dev":{"confidence_interval":{"confidence_level":0.95,"lower_bound":435.7486670474905,"upper_bound":1016.4493919219537},"point_estimate":622.8883970124855,"standard_error":152.62332803791625},"slope":{"confidence_interval":{"confidence_level":0.95,"lower_bound":70174.39905919188,"upper_bound":70363.22944163247},"point_estimate":70262.96824343628,"standard_error":48.21182273366834},"std_dev":{"confidence_interval":{"confidence_level":0.95,"lower_bound":949.7584666993052,"upper_bound":1248.5780808306893},"point_estimate":1104.498405955871,"standard_error":76.2083200390438}}