{"mean":{"confidence_interval":{"confidence_level":0.95,"lower_bound":68895.46280778416,"upper_bound":70036.54426252101},"point_estimate":69359.59215597821,"standard_error":299.03884070477545},"median":{"confidence_interval":{"confidence_level":0.95,"lower_bound":68368.01822916667,"upper_bound":68738.37349020474},"point_estimate":68501.68768726592,"standard_error":105.50505720179459},"median_abs_dev":{"confidence_interval":{"confidence_level":0.95,"lower_bound":472.319390520017,"upper_bound":1089.7111284408397},"point_estimate":738.6755871082208,"standard_error":161.17161000428587},"slope":{"confidence_interval":{"confidence_level":0.95,"lower_bound":68529.48035694874,"upper_bound":69011.46093630514},"point_estimate":68749.86983990937,"standard_error":123.89013401746861},"std_dev":{"confidence_interval":{"confidence_level":0.95,"lower_bound":1099.2430570992917,"upper_bound":4847.05383439756},"point_estimate":3008.2621195012225,"standard_error":1208.4782904589174}}