{"mean":{"confidence_interval":{"confidence_level":0.95,"lower_bound":6605797.45471875,"upper_bound":6682141.35684375},"point_estimate":6640589.8925,"standard_error":19560.473611959533},"median":{"confidence_interval":{"confidence_level":0.95,"lower_bound":6559206.625,"upper_bound":6565023.375},"point_estimate":6561339.875,"standard_error":1501.4479509923613},"median_abs_dev":{"confidence_interval":{"confidence_level":0.95,"lower_bound":7785.31778678298,"upper_bound":30966.139025241137},"point_estimate":11294.353936985135,"standard_error":6169.269674006605},"slope":null,"std_dev":{"confidence_interval":{"confidence_level":0.95,"lower_bound":111965.20621295845,"upper_bound":268767.8718185538},"point_estimate":196569.48271037228,"standard_error":40516.2340770835}}