{"mean":{"confidence_interval":{"confidence_level":0.95,"lower_bound":6565669.119281249,"upper_bound":6608930.2421562495},"point_estimate":6584988.22625,"standard_error":11124.843304175902},"median":{"confidence_interval":{"confidence_level":0.95,"lower_bound":6554601.625,"upper_bound":6557284.375},"point_estimate":6555794.4375,"standard_error":814.836125626559},"median_abs_dev":{"confidence_interval":{"confidence_level":0.95,"lower_bound":4013.490791246295,"upper_bound":6854.059678316116},"point_estimate":5502.577139809728,"standard_error":716.1159947813228},"slope":null,"std_dev":{"confidence_interval":{"confidence_level":0.95,"lower_bound":51681.046225586106,"upper_bound":155645.64100046715},"point_estimate":111243.76638839353,"standard_error":26277.501518762147}}