{"mean":{"confidence_interval":{"confidence_level":0.95,"lower_bound":6907775.485035713,"upper_bound":6953780.336714286},"point_estimate":6929274.309999999,"standard_error":11758.99492116869},"median":{"confidence_interval":{"confidence_level":0.95,"lower_bound":6876215.571428572,"upper_bound":6880423.0},"point_estimate":6877782.857142856,"standard_error":1057.7228287899652},"median_abs_dev":{"confidence_interval":{"confidence_level":0.95,"lower_bound":4952.625212074707,"upper_bound":11299.55362689222},"point_estimate":7157.46317292874,"standard_error":1620.2832001753404},"slope":null,"std_dev":{"confidence_interval":{"confidence_level":0.95,"lower_bound":77104.47905289609,"upper_bound":154867.7415308664},"point_estimate":118499.44201231617,"standard_error":19868.464028500857}}