{"mean":{"confidence_interval":{"confidence_level":0.95,"lower_bound":6588047.43071875,"upper_bound":6637035.9791875},"point_estimate":6608159.38875,"standard_error":12885.728699149628},"median":{"confidence_interval":{"confidence_level":0.95,"lower_bound":6579226.0,"upper_bound":6590511.875},"point_estimate":6583408.5625,"standard_error":2561.4954150982358},"median_abs_dev":{"confidence_interval":{"confidence_level":0.95,"lower_bound":15383.874308131639,"upper_bound":28780.045364052057},"point_estimate":22605.66511116922,"standard_error":3253.550617478037},"slope":null,"std_dev":{"confidence_interval":{"confidence_level":0.95,"lower_bound":27071.045554762743,"upper_bound":208779.56502387204},"point_estimate":129780.40612587209,"standard_error":50431.29522534582}}