{"mean":{"confidence_interval":{"confidence_level":0.95,"lower_bound":6588410.52503125,"upper_bound":6642060.6714375},"point_estimate":6612824.88875,"standard_error":13728.960718279162},"median":{"confidence_interval":{"confidence_level":0.95,"lower_bound":6561660.625,"upper_bound":6568680.0},"point_estimate":6564324.0,"standard_error":1892.210140598793},"median_abs_dev":{"confidence_interval":{"confidence_level":0.95,"lower_bound":7924.682184308767,"upper_bound":16632.71228064779},"point_estimate":11588.835356757045,"standard_error":2163.5550434751813},"slope":null,"std_dev":{"confidence_interval":{"confidence_level":0.95,"lower_bound":77181.60778051274,"upper_bound":188114.8439947116},"point_estimate":138120.30256018782,"standard_error":28325.81272091606}}