{"mean":{"confidence_interval":{"confidence_level":0.95,"lower_bound":6557152.0399375,"upper_bound":6568056.2160625},"point_estimate":6561741.01375,"standard_error":2843.0144031992763},"median":{"confidence_interval":{"confidence_level":0.95,"lower_bound":6554872.875,"upper_bound":6557367.0},"point_estimate":6556328.0,"standard_error":599.8555161073887},"median_abs_dev":{"confidence_interval":{"confidence_level":0.95,"lower_bound":3778.4986954182386,"upper_bound":6252.033743066712},"point_estimate":5138.506183773279,"standard_error":625.4004804614548},"slope":null,"std_dev":{"confidence_interval":{"confidence_level":0.95,"lower_bound":6680.510305691331,"upper_bound":43944.4119219052},"point_estimate":28625.0726880219,"standard_error":10082.72800169072}}