{"mean":{"confidence_interval":{"confidence_level":0.95,"lower_bound":6875751.920785715,"upper_bound":6882534.650000001},"point_estimate":6878523.872857144,"standard_error":1764.557868307806},"median":{"confidence_interval":{"confidence_level":0.95,"lower_bound":6873468.5,"upper_bound":6876759.785714285},"point_estimate":6875316.0,"standard_error":842.2059832998698},"median_abs_dev":{"confidence_interval":{"confidence_level":0.95,"lower_bound":4657.479269812642,"upper_bound":7587.9466652863275},"point_estimate":6202.562889882398,"standard_error":769.877294015911},"slope":null,"std_dev":{"confidence_interval":{"confidence_level":0.95,"lower_bound":6594.705842120886,"upper_bound":28386.672469120233},"point_estimate":17742.360251921495,"standard_error":6960.898561653622}}