{"mean":{"confidence_interval":{"confidence_level":0.95,"lower_bound":6034220.16884375,"upper_bound":6038458.111125001},"point_estimate":6036245.28125,"standard_error":1081.9593016544504},"median":{"confidence_interval":{"confidence_level":0.95,"lower_bound":6032868.6875,"upper_bound":6035855.8125},"point_estimate":6033998.375,"standard_error":737.5195858834882},"median_abs_dev":{"confidence_interval":{"confidence_level":0.95,"lower_bound":5118.491084128618,"upper_bound":9619.849929213524},"point_estimate":7722.7706003934145,"standard_error":1153.0330469080325},"slope":null,"std_dev":{"confidence_interval":{"confidence_level":0.95,"lower_bound":7960.750040542265,"upper_bound":13822.247889174358},"point_estimate":10846.164403327439,"standard_error":1534.3349017510357}}