{"mean":{"confidence_interval":{"confidence_level":0.95,"lower_bound":6557025.80390625,"upper_bound":6562988.757375},"point_estimate":6559644.72125,"standard_error":1531.7750433454344},"median":{"confidence_interval":{"confidence_level":0.95,"lower_bound":6555180.375,"upper_bound":6557078.125},"point_estimate":6555904.5,"standard_error":477.9834633705059},"median_abs_dev":{"confidence_interval":{"confidence_level":0.95,"lower_bound":3077.506895363331,"upper_bound":5654.728962108493},"point_estimate":3939.5461175590754,"standard_error":668.4162296978963},"slope":null,"std_dev":{"confidence_interval":{"confidence_level":0.95,"lower_bound":6388.869798429915,"upper_bound":22533.06882191593},"point_estimate":15401.662428818929,"standard_error":4207.9446211454915}}