{"mean":{"confidence_interval":{"confidence_level":0.95,"lower_bound":6560552.47559375,"upper_bound":6569548.002125},"point_estimate":6564390.64625,"standard_error":2326.0543715726108},"median":{"confidence_interval":{"confidence_level":0.95,"lower_bound":6558451.5625,"upper_bound":6560817.1875},"point_estimate":6559462.125,"standard_error":580.6488035028518},"median_abs_dev":{"confidence_interval":{"confidence_level":0.95,"lower_bound":3856.6131815314293,"upper_bound":6759.265942499042},"point_estimate":5436.416115984321,"standard_error":737.4291890694506},"slope":null,"std_dev":{"confidence_interval":{"confidence_level":0.95,"lower_bound":7114.050479802913,"upper_bound":34892.92000687131},"point_estimate":23248.52770653406,"standard_error":7438.933887945417}}