{"mean":{"confidence_interval":{"confidence_level":0.95,"lower_bound":6555756.9395,"upper_bound":6564863.67521875},"point_estimate":6559337.885,"standard_error":2411.8866458661623},"median":{"confidence_interval":{"confidence_level":0.95,"lower_bound":6553933.875,"upper_bound":6555752.25},"point_estimate":6554814.8125,"standard_error":423.88603932251334},"median_abs_dev":{"confidence_interval":{"confidence_level":0.95,"lower_bound":3862.358256429434,"upper_bound":6341.358074918389},"point_estimate":5211.616894975305,"standard_error":625.7593753149873},"slope":null,"std_dev":{"confidence_interval":{"confidence_level":0.95,"lower_bound":6896.0651706239105,"upper_bound":39643.07860926079},"point_estimate":24174.709179141082,"standard_error":10615.323244656003}}