{"mean":{"confidence_interval":{"confidence_level":0.95,"lower_bound":6565489.6836875,"upper_bound":6572138.47925},"point_estimate":6568309.1275,"standard_error":1722.44454267249},"median":{"confidence_interval":{"confidence_level":0.95,"lower_bound":6563442.25,"upper_bound":6568704.0},"point_estimate":6566026.5625,"standard_error":1483.275463489348},"median_abs_dev":{"confidence_interval":{"confidence_level":0.95,"lower_bound":8030.132107436657,"upper_bound":12384.250242635608},"point_estimate":11012.196629494429,"standard_error":1134.5543081371704},"slope":null,"std_dev":{"confidence_interval":{"confidence_level":0.95,"lower_bound":8188.447707800186,"upper_bound":26991.68962647067},"point_estimate":17279.447651961418,"standard_error":6116.647141613523}}