{"mean":{"confidence_interval":{"confidence_level":0.95,"lower_bound":6580489.37296875,"upper_bound":6628787.85178125},"point_estimate":6602873.80625,"standard_error":12362.654877124276},"median":{"confidence_interval":{"confidence_level":0.95,"lower_bound":6557651.0,"upper_bound":6561192.0},"point_estimate":6558844.9375,"standard_error":775.7334806974585},"median_abs_dev":{"confidence_interval":{"confidence_level":0.95,"lower_bound":5586.436700820923,"upper_bound":10190.477176895341},"point_estimate":7110.642136260867,"standard_error":1189.7624597828174},"slope":null,"std_dev":{"confidence_interval":{"confidence_level":0.95,"lower_bound":83208.01511531013,"upper_bound":157125.7525249848},"point_estimate":124088.52808714463,"standard_error":18872.747396076753}}