{"mean":{"confidence_interval":{"confidence_level":0.95,"lower_bound":6570561.97353125,"upper_bound":6574642.41990625},"point_estimate":6572523.53,"standard_error":1042.591037574255},"median":{"confidence_interval":{"confidence_level":0.95,"lower_bound":6567792.375,"upper_bound":6572482.75},"point_estimate":6570502.125,"standard_error":1380.7971969335654},"median_abs_dev":{"confidence_interval":{"confidence_level":0.95,"lower_bound":6028.05226860568,"upper_bound":10357.443416118622},"point_estimate":8419.314600527287,"standard_error":1128.4657377183469},"slope":null,"std_dev":{"confidence_interval":{"confidence_level":0.95,"lower_bound":7999.5993416790625,"upper_bound":13008.216361914563},"point_estimate":10511.756237383297,"standard_error":1290.7820727986823}}