{"mean":{"confidence_interval":{"confidence_level":0.95,"lower_bound":7805151.107142856,"upper_bound":7864760.449928571},"point_estimate":7832405.682857144,"standard_error":15258.603851155094},"median":{"confidence_interval":{"confidence_level":0.95,"lower_bound":7774766.428571428,"upper_bound":7778823.357142856},"point_estimate":7776950.071428572,"standard_error":1189.0490380485935},"median_abs_dev":{"confidence_interval":{"confidence_level":0.95,"lower_bound":7732.182462725926,"upper_bound":16463.849107708644},"point_estimate":11988.091587169027,"standard_error":2228.6196469422257},"slope":null,"std_dev":{"confidence_interval":{"confidence_level":0.95,"lower_bound":92458.93597389155,"upper_bound":202573.40387560095},"point_estimate":153527.44526849457,"standard_error":28063.737278915134}}