{"mean":{"confidence_interval":{"confidence_level":0.95,"lower_bound":6609356.947656251,"upper_bound":6683904.4886875},"point_estimate":6644094.1925,"standard_error":19106.174398716794},"median":{"confidence_interval":{"confidence_level":0.95,"lower_bound":6560696.125,"upper_bound":6564613.4375},"point_estimate":6561867.5625,"standard_error":1050.693311527582},"median_abs_dev":{"confidence_interval":{"confidence_level":0.95,"lower_bound":4730.5132035166025,"upper_bound":12554.100602120161},"point_estimate":7824.884673580527,"standard_error":2059.4945337961385},"slope":null,"std_dev":{"confidence_interval":{"confidence_level":0.95,"lower_bound":129781.7430941161,"upper_bound":242003.90985653902},"point_estimate":191481.25611599916,"standard_error":28635.467251045306}}