{"mean":{"confidence_interval":{"confidence_level":0.95,"lower_bound":7425186.755428575,"upper_bound":7475364.119214284},"point_estimate":7445095.92571429,"standard_error":13369.856528805625},"median":{"confidence_interval":{"confidence_level":0.95,"lower_bound":7421322.571428572,"upper_bound":7426314.571428572},"point_estimate":7423698.142857144,"standard_error":1229.7804736346848},"median_abs_dev":{"confidence_interval":{"confidence_level":0.95,"lower_bound":5800.460597021436,"upper_bound":10330.12121660359},"point_estimate":7490.942267007711,"standard_error":1158.040149435076},"slope":null,"std_dev":{"confidence_interval":{"confidence_level":0.95,"lower_bound":10017.652569569855,"upper_bound":213537.83602985702},"point_estimate":134268.2642260702,"standard_error":55695.88957894304}}