{"mean":{"confidence_interval":{"confidence_level":0.95,"lower_bound":7814890.167392851,"upper_bound":7872471.235714283},"point_estimate":7841505.482857139,"standard_error":14783.312918019512},"median":{"confidence_interval":{"confidence_level":0.95,"lower_bound":7778650.857142857,"upper_bound":7786425.142857143},"point_estimate":7781699.5,"standard_error":2182.1499822591572},"median_abs_dev":{"confidence_interval":{"confidence_level":0.95,"lower_bound":10837.170407601667,"upper_bound":23900.252875685},"point_estimate":16153.879813211108,"standard_error":3456.3860769279922},"slope":null,"std_dev":{"confidence_interval":{"confidence_level":0.95,"lower_bound":87952.83123280414,"upper_bound":198254.32899149985},"point_estimate":148799.78828753167,"standard_error":28059.33638826385}}