{"mean":{"confidence_interval":{"confidence_level":0.95,"lower_bound":6571639.61775,"upper_bound":7098105.341875},"point_estimate":6753549.67625,"standard_error":163591.29953006533},"median":{"confidence_interval":{"confidence_level":0.95,"lower_bound":6556648.5,"upper_bound":6559479.9375},"point_estimate":6558341.125,"standard_error":925.9562680692352},"median_abs_dev":{"confidence_interval":{"confidence_level":0.95,"lower_bound":3992.1784166246653,"upper_bound":7819.4175861775875},"point_estimate":5804.934871941805,"standard_error":1050.8358527418404},"slope":null,"std_dev":{"confidence_interval":{"confidence_level":0.95,"lower_bound":65789.4992315281,"upper_bound":2804874.146137099},"point_estimate":1639183.986937141,"standard_error":971839.2902613054}}