{"mean":{"confidence_interval":{"confidence_level":0.95,"lower_bound":2573476.2034999994,"upper_bound":2584172.3042916665},"point_estimate":2578876.3477777783,"standard_error":2719.6984930247377},"median":{"confidence_interval":{"confidence_level":0.95,"lower_bound":2577402.611111111,"upper_bound":2582515.027777778},"point_estimate":2579236.083333333,"standard_error":1164.7588989891153},"median_abs_dev":{"confidence_interval":{"confidence_level":0.95,"lower_bound":9206.86346987891,"upper_bound":17414.28982416785},"point_estimate":13077.314251164556,"standard_error":2101.274162517632},"slope":null,"std_dev":{"confidence_interval":{"confidence_level":0.95,"lower_bound":21078.076791796728,"upper_bound":32997.29501522202},"point_estimate":27335.82167889316,"standard_error":3049.4199066328024}}