{"mean":{"confidence_interval":{"confidence_level":0.95,"lower_bound":6574285.201343751,"upper_bound":6610015.1454375},"point_estimate":6590746.89375,"standard_error":9158.853469649455},"median":{"confidence_interval":{"confidence_level":0.95,"lower_bound":6555263.25,"upper_bound":6558502.3125},"point_estimate":6556437.6875,"standard_error":909.1960813003195},"median_abs_dev":{"confidence_interval":{"confidence_level":0.95,"lower_bound":3968.5494795441628,"upper_bound":8231.951028853655},"point_estimate":5751.375947892666,"standard_error":1077.3943695808575},"slope":null,"std_dev":{"confidence_interval":{"confidence_level":0.95,"lower_bound":57828.02541035613,"upper_bound":119931.29482790073},"point_estimate":92145.6343254234,"standard_error":15832.380718125816}}