{"mean":{"confidence_interval":{"confidence_level":0.95,"lower_bound":6586889.44228125,"upper_bound":6652656.2674375},"point_estimate":6615993.39875,"standard_error":16922.28658246794},"median":{"confidence_interval":{"confidence_level":0.95,"lower_bound":6556492.1875,"upper_bound":6560174.8125},"point_estimate":6557974.3125,"standard_error":968.6320956741563},"median_abs_dev":{"confidence_interval":{"confidence_level":0.95,"lower_bound":5322.0705930143595,"upper_bound":13645.201520249248},"point_estimate":7982.688908278942,"standard_error":2100.487868586479},"slope":null,"std_dev":{"confidence_interval":{"confidence_level":0.95,"lower_bound":78288.61043125176,"upper_bound":250271.437375094},"point_estimate":170077.00302842964,"standard_error":45105.69451839489}}