{"mean":{"confidence_interval":{"confidence_level":0.95,"lower_bound":6579567.5298125,"upper_bound":6624320.04090625},"point_estimate":6599798.38,"standard_error":11523.007797928065},"median":{"confidence_interval":{"confidence_level":0.95,"lower_bound":6557658.125,"upper_bound":6561799.5},"point_estimate":6560221.4375,"standard_error":1242.0123891230078},"median_abs_dev":{"confidence_interval":{"confidence_level":0.95,"lower_bound":5576.3364885002375,"upper_bound":11655.645018070936},"point_estimate":8355.099489167333,"standard_error":1636.3355060570534},"slope":null,"std_dev":{"confidence_interval":{"confidence_level":0.95,"lower_bound":60527.24482449084,"upper_bound":163781.1259235638},"point_estimate":115823.34894979646,"standard_error":26867.963956157688}}