{"mean":{"confidence_interval":{"confidence_level":0.95,"lower_bound":6579969.1649687495,"upper_bound":6615020.14878125},"point_estimate":6596175.86625,"standard_error":8973.250553583257},"median":{"confidence_interval":{"confidence_level":0.95,"lower_bound":6557785.25,"upper_bound":6565221.1875},"point_estimate":6561131.8125,"standard_error":1772.112604454235},"median_abs_dev":{"confidence_interval":{"confidence_level":0.95,"lower_bound":5991.835131123662,"upper_bound":15783.388669788837},"point_estimate":10098.729720711708,"standard_error":2290.4223575887695},"slope":null,"std_dev":{"confidence_interval":{"confidence_level":0.95,"lower_bound":58723.9157385347,"upper_bound":116514.30786059776},"point_estimate":89964.6175330141,"standard_error":14785.332444357204}}