{"mean":{"confidence_interval":{"confidence_level":0.95,"lower_bound":-0.0053046525161870245,"upper_bound":0.007566602718278679},"point_estimate":0.0013387741940447118,"standard_error":0.0032734881362929172},"median":{"confidence_interval":{"confidence_level":0.95,"lower_bound":-0.0011866215647117697,"upper_bound":0.001802589519244835},"point_estimate":-0.00030123512875845915,"standard_error":0.0006386703950882077}}