{"mean":{"confidence_interval":{"confidence_level":0.95,"lower_bound":-0.11348663534876888,"upper_bound":-0.10365528999771742},"point_estimate":-0.1096351001308935,"standard_error":0.002548917954531739},"median":{"confidence_interval":{"confidence_level":0.95,"lower_bound":-0.11462245665736592,"upper_bound":-0.1140365948560732},"point_estimate":-0.11435115364581616,"standard_error":0.00014517268077775982}}