{"mean":{"confidence_interval":{"confidence_level":0.95,"lower_bound":-0.004639315729099935,"upper_bound":-0.0023227403038698228},"point_estimate":-0.003337999843304962,"standard_error":0.0005964857849822246},"median":{"confidence_interval":{"confidence_level":0.95,"lower_bound":-0.003033982495162463,"upper_bound":-0.0018549734983125399},"point_estimate":-0.002400561937687673,"standard_error":0.0002919692134663499}}