{"mean":{"confidence_interval":{"confidence_level":0.95,"lower_bound":0.01121758700212074,"upper_bound":0.02297250131435715},"point_estimate":0.01688648752441746,"standard_error":0.0032250447898000277},"median":{"confidence_interval":{"confidence_level":0.95,"lower_bound":0.0008477435309708348,"upper_bound":0.0020107384278684453},"point_estimate":0.001236833529225434,"standard_error":0.0004111947828977386}}