{"mean":{"confidence_interval":{"confidence_level":0.95,"lower_bound":-0.005674426935972494,"upper_bound":0.005709596408455155},"point_estimate":-0.00011407405888697042,"standard_error":0.0029024531626579836},"median":{"confidence_interval":{"confidence_level":0.95,"lower_bound":-0.0022393946023578915,"upper_bound":-0.0008035464170383921},"point_estimate":-0.0015480792493283158,"standard_error":0.0003582342130228726}}