{"mean":{"confidence_interval":{"confidence_level":0.95,"lower_bound":-0.11530148706164395,"upper_bound":-0.11388018754709625},"point_estimate":-0.11456932933363528,"standard_error":0.00036625568346711305},"median":{"confidence_interval":{"confidence_level":0.95,"lower_bound":-0.11493157988296987,"upper_bound":-0.11427527247438951},"point_estimate":-0.1145797968152843,"standard_error":0.00016752794048203795}}