{"mean":{"confidence_interval":{"confidence_level":0.95,"lower_bound":-0.012819470315493206,"upper_bound":-0.0014267739799024293},"point_estimate":-0.007074486323243034,"standard_error":0.0029027662385587537},"median":{"confidence_interval":{"confidence_level":0.95,"lower_bound":-0.0007450964547981442,"upper_bound":0.00011874079711171603},"point_estimate":-0.0003672711317523891,"standard_error":0.00023118136989082834}}