{"mean":{"confidence_interval":{"confidence_level":0.95,"lower_bound":-0.009891043349406922,"upper_bound":-0.003099822037534095},"point_estimate":-0.006171062788991932,"standard_error":0.0017420061949261142},"median":{"confidence_interval":{"confidence_level":0.95,"lower_bound":-0.0007257601455017415,"upper_bound":0.00022579478477258164},"point_estimate":-0.00009990542438986783,"standard_error":0.00024223787933711272}}