{"mean":{"confidence_interval":{"confidence_level":0.95,"lower_bound":-0.08252797581867412,"upper_bound":-0.010443849979038253},"point_estimate":-0.03723079237790616,"standard_error":0.02172707586943068},"median":{"confidence_interval":{"confidence_level":0.95,"lower_bound":-0.003131973849481905,"upper_bound":-0.0006742238904564601},"point_estimate":-0.0012951271675827325,"standard_error":0.0008146165561507828}}