{"mean":{"confidence_interval":{"confidence_level":0.95,"lower_bound":-0.12357824662829713,"upper_bound":-0.11648735110011636},"point_estimate":-0.11945945096283694,"standard_error":0.0018326275638428664},"median":{"confidence_interval":{"confidence_level":0.95,"lower_bound":-0.11500465030018081,"upper_bound":-0.11383929576463847},"point_estimate":-0.11420867493090792,"standard_error":0.00028810102062106494}}