{"mean":{"confidence_interval":{"confidence_level":0.95,"lower_bound":-0.00006474873450333363,"upper_bound":0.001116613560691126},"point_estimate":0.0005341309343855905,"standard_error":0.00029949788050184214},"median":{"confidence_interval":{"confidence_level":0.95,"lower_bound":-0.0004008318425304802,"upper_bound":0.0005027785319910993},"point_estimate":0.00007774262323856362,"standard_error":0.0002179299979546081}}