{"mean":{"confidence_interval":{"confidence_level":0.95,"lower_bound":0.004495507741391142,"upper_bound":0.013584948821873954},"point_estimate":0.008703888903183854,"standard_error":0.0022657859641283524},"median":{"confidence_interval":{"confidence_level":0.95,"lower_bound":-0.0003113172553373955,"upper_bound":0.0004903219304883688},"point_estimate":-0.00003956878956412613,"standard_error":0.00019120153395510187}}