{"mean":{"confidence_interval":{"confidence_level":0.95,"lower_bound":0.013010112150237525,"upper_bound":0.02558021793413627},"point_estimate":0.01951064116525747,"standard_error":0.003211666506509374},"median":{"confidence_interval":{"confidence_level":0.95,"lower_bound":0.007697356483273854,"upper_bound":0.010863737277463814},"point_estimate":0.010050835775359035,"standard_error":0.0008252519087206211}}