{"mean":{"confidence_interval":{"confidence_level":0.95,"lower_bound":-0.007836052187942052,"upper_bound":0.001980420643426938},"point_estimate":-0.003024119655000712,"standard_error":0.002496658287443659},"median":{"confidence_interval":{"confidence_level":0.95,"lower_bound":-0.0006652144567039775,"upper_bound":0.00017713477327729876},"point_estimate":-0.00036424075357288643,"standard_error":0.00023026017577480441}}