{"mean":{"confidence_interval":{"confidence_level":0.95,"lower_bound":-0.006896226915000461,"upper_bound":0.00048146917142663905},"point_estimate":-0.0033997806487225946,"standard_error":0.001856309534251784},"median":{"confidence_interval":{"confidence_level":0.95,"lower_bound":-0.0002218536133563205,"upper_bound":0.0003910358798020428},"point_estimate":0.00019113847484431012,"standard_error":0.00016242153084230178}}