{"mean":{"confidence_interval":{"confidence_level":0.95,"lower_bound":-0.005963706887919434,"upper_bound":0.007543586218879004},"point_estimate":0.0009516488391592137,"standard_error":0.003461863522450254},"median":{"confidence_interval":{"confidence_level":0.95,"lower_bound":-0.00021432242357211084,"upper_bound":0.0009549669120709758},"point_estimate":0.00043147429248446834,"standard_error":0.00029664990893994817}}