{"mean":{"confidence_interval":{"confidence_level":0.95,"lower_bound":-0.005825124041478013,"upper_bound":-0.0029327626351190023},"point_estimate":-0.004176186537244053,"standard_error":0.0007484489689601792},"median":{"confidence_interval":{"confidence_level":0.95,"lower_bound":-0.004111419256116289,"upper_bound":-0.003241255406038479},"point_estimate":-0.003662344360453984,"standard_error":0.0002119988018394167}}