{"mean":{"confidence_interval":{"confidence_level":0.95,"lower_bound":-0.009735055249878992,"upper_bound":-0.0014317647049904964},"point_estimate":-0.005184468243657148,"standard_error":0.0021361887629723388},"median":{"confidence_interval":{"confidence_level":0.95,"lower_bound":-0.004856853362915081,"upper_bound":-0.003144286795158102},"point_estimate":-0.003808826728881942,"standard_error":0.0004003571945230828}}