{"mean":{"confidence_interval":{"confidence_level":0.95,"lower_bound":-0.018019738572424907,"upper_bound":-0.005428764080350479},"point_estimate":-0.011245974702476347,"standard_error":0.0032296000202814397},"median":{"confidence_interval":{"confidence_level":0.95,"lower_bound":-0.0006365605801228469,"upper_bound":0.0008294046205677744},"point_estimate":0.00033418889944925034,"standard_error":0.0003671058543874658}}