{"mean":{"confidence_interval":{"confidence_level":0.95,"lower_bound":-0.01014783352378565,"upper_bound":0.026687322332745452},"point_estimate":0.00247536128228254,"standard_error":0.009312594396262195},"median":{"confidence_interval":{"confidence_level":0.95,"lower_bound":-0.002602845489505961,"upper_bound":-0.0016491534693942103},"point_estimate":-0.002196057006515373,"standard_error":0.0002478067008318324}}