{"mean":{"confidence_interval":{"confidence_level":0.95,"lower_bound":-0.1276296210786198,"upper_bound":-0.12555217245754832},"point_estimate":-0.12660780299574337,"standard_error":0.0005281339651920734},"median":{"confidence_interval":{"confidence_level":0.95,"lower_bound":-0.12745198228201182,"upper_bound":-0.1262214808613279},"point_estimate":-0.1269094899572022,"standard_error":0.00030301117561162214}}