{"mean":{"confidence_interval":{"confidence_level":0.95,"lower_bound":-0.5396707485362551,"upper_bound":-0.5393100772484507},"point_estimate":-0.5394936389479739,"standard_error":0.00009180549564541012},"median":{"confidence_interval":{"confidence_level":0.95,"lower_bound":-0.5397006263938441,"upper_bound":-0.5394095998741162},"point_estimate":-0.5396064415514963,"standard_error":0.00007822067581407975}}