{"mean":{"confidence_interval":{"confidence_level":0.95,"lower_bound":-0.007101965742722262,"upper_bound":-0.0016435299871818251},"point_estimate":-0.004028590105947805,"standard_error":0.0014006997382627635},"median":{"confidence_interval":{"confidence_level":0.95,"lower_bound":-0.0007875982867289189,"upper_bound":0.00022829272880819929},"point_estimate":-0.0001659605276057574,"standard_error":0.0002669126635127688}}