{"mean":{"confidence_interval":{"confidence_level":0.95,"lower_bound":-0.011451200441894455,"upper_bound":-0.0017136433104832885},"point_estimate":-0.006527824613397848,"standard_error":0.002466277079123886},"median":{"confidence_interval":{"confidence_level":0.95,"lower_bound":-0.0016771152288885816,"upper_bound":-0.000846082938287538},"point_estimate":-0.0013372510255623693,"standard_error":0.00021381061511685092}}