{"mean":{"confidence_interval":{"confidence_level":0.95,"lower_bound":-0.015166700062976145,"upper_bound":-0.0038046348905615675},"point_estimate":-0.008837045791285858,"standard_error":0.0029175958106802367},"median":{"confidence_interval":{"confidence_level":0.95,"lower_bound":0.0018953601713231532,"upper_bound":0.0037793742881122583},"point_estimate":0.002689367848897506,"standard_error":0.0005208389382154116}}