{"mean":{"confidence_interval":{"confidence_level":0.95,"lower_bound":-0.004695878706700221,"upper_bound":0.0071498520044702245},"point_estimate":0.0012144773232984907,"standard_error":0.0030113551301667453},"median":{"confidence_interval":{"confidence_level":0.95,"lower_bound":-0.0010423047514580563,"upper_bound":-0.00010678778123685007},"point_estimate":-0.0005273840148609654,"standard_error":0.0002389429819049107}}