{"mean":{"confidence_interval":{"confidence_level":0.95,"lower_bound":-0.0006384337246765181,"upper_bound":0.0005866610178908488},"point_estimate":-0.00011937834506015044,"standard_error":0.0003189958460476753},"median":{"confidence_interval":{"confidence_level":0.95,"lower_bound":-0.0006536866915314299,"upper_bound":-0.0001819510228415755},"point_estimate":-0.00047759825781579224,"standard_error":0.0001216609340359792}}