{"mean":{"confidence_interval":{"confidence_level":0.95,"lower_bound":-0.008517300779709788,"upper_bound":0.006590202932152038},"point_estimate":-0.0013412919837341164,"standard_error":0.003870180068015091},"median":{"confidence_interval":{"confidence_level":0.95,"lower_bound":-0.000909075254935332,"upper_bound":0.00028677735971638363},"point_estimate":-0.00037924970675484726,"standard_error":0.0003159209393178256}}