{"mean":{"confidence_interval":{"confidence_level":0.95,"lower_bound":-0.00015709429113971668,"upper_bound":0.0073825761799227955},"point_estimate":0.0030230899094407793,"standard_error":0.0020190287632685976},"median":{"confidence_interval":{"confidence_level":0.95,"lower_bound":-0.000689516790560174,"upper_bound":0.00004797737129447199},"point_estimate":-0.0002697395648664225,"standard_error":0.00019521495670496097}}