{"mean":{"confidence_interval":{"confidence_level":0.95,"lower_bound":-0.0011553873227042792,"upper_bound":0.005963473954683716},"point_estimate":0.002697095636206459,"standard_error":0.0018036078210989638},"median":{"confidence_interval":{"confidence_level":0.95,"lower_bound":-0.0003642373568342183,"upper_bound":0.0002392656859805692},"point_estimate":-0.000010198111662362841,"standard_error":0.00016349792946398144}}