{"mean":{"confidence_interval":{"confidence_level":0.95,"lower_bound":-0.001440265879583285,"upper_bound":0.001283205017038352},"point_estimate":0.00007594201900040787,"standard_error":0.000696884691818803},"median":{"confidence_interval":{"confidence_level":0.95,"lower_bound":0.00013109170831038242,"upper_bound":0.001074518517584},"point_estimate":0.0005831150982358313,"standard_error":0.00023588148458504712}}