{"mean":{"confidence_interval":{"confidence_level":0.95,"lower_bound":-0.006240673970684118,"upper_bound":-0.00040161785421273624},"point_estimate":-0.0031894512330461477,"standard_error":0.0014914324937594385},"median":{"confidence_interval":{"confidence_level":0.95,"lower_bound":-0.0008015962553821199,"upper_bound":0.0003936082233286786},"point_estimate":-0.0001702545432591407,"standard_error":0.00029716973962974353}}