{"mean":{"confidence_interval":{"confidence_level":0.95,"lower_bound":-0.0005930333620185773,"upper_bound":0.0027363546989199214},"point_estimate":0.0008970964406671555,"standard_error":0.0008649897802190355},"median":{"confidence_interval":{"confidence_level":0.95,"lower_bound":-0.00042040338470028527,"upper_bound":0.0006679593006060358},"point_estimate":0.00013139078844326413,"standard_error":0.0002823598674339812}}