{"mean":{"confidence_interval":{"confidence_level":0.95,"lower_bound":0.0003942613746600988,"upper_bound":0.008802537527237345},"point_estimate":0.003830201363273833,"standard_error":0.0023444358312249745},"median":{"confidence_interval":{"confidence_level":0.95,"lower_bound":0.0004170776081346972,"upper_bound":0.0012742594176533562},"point_estimate":0.0007582753525894326,"standard_error":0.00020617338183798788}}