{"mean":{"confidence_interval":{"confidence_level":0.95,"lower_bound":-0.016025807576975564,"upper_bound":-0.0063103757419940044},"point_estimate":-0.01087534070653573,"standard_error":0.0024895585180282954},"median":{"confidence_interval":{"confidence_level":0.95,"lower_bound":-0.0015013601091089259,"upper_bound":-0.000534545303550793},"point_estimate":-0.001097806711997662,"standard_error":0.0002587928569356837}}