{"mean":{"confidence_interval":{"confidence_level":0.95,"lower_bound":-0.03456929509346962,"upper_bound":0.0070620404452393275},"point_estimate":-0.0079184128839912,"standard_error":0.012773061552012504},"median":{"confidence_interval":{"confidence_level":0.95,"lower_bound":0.00004421611083851334,"upper_bound":0.0006813064552864123},"point_estimate":0.0003101853637308416,"standard_error":0.0001590524051359168}}