{"mean":{"confidence_interval":{"confidence_level":0.95,"lower_bound":0.008810385319282566,"upper_bound":0.019962947946659787},"point_estimate":0.013389240932229152,"standard_error":0.0027131933928549695},"median":{"confidence_interval":{"confidence_level":0.95,"lower_bound":-0.0004083598264578159,"upper_bound":0.00043751758351096015},"point_estimate":0.00005332691238058018,"standard_error":0.00022061703026364412}}