{"mean":{"confidence_interval":{"confidence_level":0.95,"lower_bound":0.0033317661175977786,"upper_bound":0.010813549806714654},"point_estimate":0.006482550584613556,"standard_error":0.0019246785428022617},"median":{"confidence_interval":{"confidence_level":0.95,"lower_bound":-0.000350196945644815,"upper_bound":0.000290343359211181},"point_estimate":-0.00008334234151274877,"standard_error":0.00016553152945989459}}