{"mean":{"confidence_interval":{"confidence_level":0.95,"lower_bound":-0.011737640873259845,"upper_bound":0.003744371283980875},"point_estimate":-0.004023276152452349,"standard_error":0.003927114200740936},"median":{"confidence_interval":{"confidence_level":0.95,"lower_bound":-0.0005741431025784172,"upper_bound":0.0009431339449736953},"point_estimate":0.00024095096866982857,"standard_error":0.0003749470975152383}}