{"mean":{"confidence_interval":{"confidence_level":0.95,"lower_bound":0.004642684023139831,"upper_bound":0.011267672542721461},"point_estimate":0.007859090612001962,"standard_error":0.001728741330463821},"median":{"confidence_interval":{"confidence_level":0.95,"lower_bound":0.0011315607378272752,"upper_bound":0.0022144534185200015},"point_estimate":0.0017587120088262687,"standard_error":0.0002702074078457721}}