{"mean":{"confidence_interval":{"confidence_level":0.95,"lower_bound":1.179914119163389,"upper_bound":1.1945969431073706},"point_estimate":1.1876309423913476,"standard_error":0.003743738224869637},"median":{"confidence_interval":{"confidence_level":0.95,"lower_bound":1.2001107456769682,"upper_bound":1.2041122688355623},"point_estimate":1.2021698816264053,"standard_error":0.0009999886998747383}}