{"mean":{"confidence_interval":{"confidence_level":0.95,"lower_bound":0.00022989744366370138,"upper_bound":0.0017931888873312096},"point_estimate":0.0009346518930521963,"standard_error":0.00039578857379112534},"median":{"confidence_interval":{"confidence_level":0.95,"lower_bound":-9.823087901872363e-6,"upper_bound":0.0006463363982185388},"point_estimate":0.00035307591375133285,"standard_error":0.00017127944226991235}}