{"mean":{"confidence_interval":{"confidence_level":0.95,"lower_bound":0.007553372170933265,"upper_bound":0.019246428292758702},"point_estimate":0.012384773535215166,"standard_error":0.0029614544261642745},"median":{"confidence_interval":{"confidence_level":0.95,"lower_bound":0.0007630158258213893,"upper_bound":0.0015032505030976306},"point_estimate":0.0011379899128021176,"standard_error":0.00019561628526565245}}