{"mean":{"confidence_interval":{"confidence_level":0.95,"lower_bound":0.008671634646944282,"upper_bound":0.02610161755117334},"point_estimate":0.01618224211257524,"standard_error":0.004424028987307243},"median":{"confidence_interval":{"confidence_level":0.95,"lower_bound":-0.00013619576951573453,"upper_bound":0.0020516617494956545},"point_estimate":0.00029838770016810123,"standard_error":0.0012401619693534498}}