{"mean":{"confidence_interval":{"confidence_level":0.95,"lower_bound":-0.11277664880077165,"upper_bound":-0.10866693791721074},"point_estimate":-0.11092955915865221,"standard_error":0.001074243416409679},"median":{"confidence_interval":{"confidence_level":0.95,"lower_bound":-0.11524845712193459,"upper_bound":-0.11459418175308833},"point_estimate":-0.11497205223956675,"standard_error":0.0001598459359785579}}