{"mean":{"confidence_interval":{"confidence_level":0.95,"lower_bound":1.31893982225555,"upper_bound":1.339382021228},"point_estimate":1.3267145850080695,"standard_error":0.005496989690149338},"median":{"confidence_interval":{"confidence_level":0.95,"lower_bound":1.3189737327826294,"upper_bound":1.3216620886178476},"point_estimate":1.3203106867460161,"standard_error":0.0006656289509875369}}