{"mean":{"confidence_interval":{"confidence_level":0.95,"lower_bound":-0.001930289229516251,"upper_bound":0.006482266697709241},"point_estimate":0.0016938001729651653,"standard_error":0.0020828514926005777},"median":{"confidence_interval":{"confidence_level":0.95,"lower_bound":-0.00392390052375613,"upper_bound":-0.0020980306188161935},"point_estimate":-0.0027369750472727716,"standard_error":0.0004880201090443352}}