{"mean":{"confidence_interval":{"confidence_level":0.95,"lower_bound":-0.04625765291993499,"upper_bound":-0.03179771585619959},"point_estimate":-0.03919521296948525,"standard_error":0.0036690089973093476},"median":{"confidence_interval":{"confidence_level":0.95,"lower_bound":-0.0559587553645603,"upper_bound":-0.0362907867398905},"point_estimate":-0.04947371833927583,"standard_error":0.005280015763216659}}