{"mean":{"confidence_interval":{"confidence_level":0.95,"lower_bound":-0.008376648216988958,"upper_bound":0.0058253506868764455},"point_estimate":-0.0010871679123196643,"standard_error":0.0036145082094858763},"median":{"confidence_interval":{"confidence_level":0.95,"lower_bound":0.0006328232397277212,"upper_bound":0.0019499806284293264},"point_estimate":0.001371728209704992,"standard_error":0.000344719632269044}}