{"mean":{"confidence_interval":{"confidence_level":0.95,"lower_bound":0.13079545491713332,"upper_bound":0.13252773646983274},"point_estimate":0.13161664043153265,"standard_error":0.00043877790726386327},"median":{"confidence_interval":{"confidence_level":0.95,"lower_bound":0.1313017411125197,"upper_bound":0.13207958240130002},"point_estimate":0.13161154186721746,"standard_error":0.0001930417337909767}}