{"mean":{"confidence_interval":{"confidence_level":0.95,"lower_bound":-0.02920902327212913,"upper_bound":-0.01388878656835054},"point_estimate":-0.021223787649060966,"standard_error":0.0039001195266435266},"median":{"confidence_interval":{"confidence_level":0.95,"lower_bound":-0.002397378214065715,"upper_bound":-0.0006501854616056679},"point_estimate":-0.0009362296001809156,"standard_error":0.0005431198086770203}}