{"mean":{"confidence_interval":{"confidence_level":0.95,"lower_bound":-0.009797662705057575,"upper_bound":-0.004474922092211656},"point_estimate":-0.006916292788907374,"standard_error":0.0013601691622222806},"median":{"confidence_interval":{"confidence_level":0.95,"lower_bound":-0.0025813350184504813,"upper_bound":-0.0003529961851904841},"point_estimate":-0.0010803215193297966,"standard_error":0.000635838538932704}}