{"mean":{"confidence_interval":{"confidence_level":0.95,"lower_bound":-0.028195837464053592,"upper_bound":0.003732297382620858},"point_estimate":-0.008052298183038764,"standard_error":0.0095809163955151},"median":{"confidence_interval":{"confidence_level":0.95,"lower_bound":0.00013233914811450198,"upper_bound":0.0006423425504673563},"point_estimate":0.0004108810336227453,"standard_error":0.00012969765997234635}}