{"mean":{"confidence_interval":{"confidence_level":0.95,"lower_bound":-0.03554082028217634,"upper_bound":0.03460701600444808},"point_estimate":-0.00045438465557434693,"standard_error":0.01619465173783522},"median":{"confidence_interval":{"confidence_level":0.95,"lower_bound":0.0001717406979588887,"upper_bound":0.0005317426967091625},"point_estimate":0.0003362208220771823,"standard_error":0.00009431804579792256}}