{"mean":{"confidence_interval":{"confidence_level":0.95,"lower_bound":0.0006127392311992331,"upper_bound":0.001917382779600401},"point_estimate":0.0011533198551263446,"standard_error":0.0003210888325006432},"median":{"confidence_interval":{"confidence_level":0.95,"lower_bound":0.0005436212533722617,"upper_bound":0.001332983969434214},"point_estimate":0.001047453589084535,"standard_error":0.00020939839711870718}}