{"mean":{"confidence_interval":{"confidence_level":0.95,"lower_bound":1.3182787180861366,"upper_bound":1.3273296361998699},"point_estimate":1.3226898849374766,"standard_error":0.002448516053404239},"median":{"confidence_interval":{"confidence_level":0.95,"lower_bound":1.3132340616628984,"upper_bound":1.3191623631859852},"point_estimate":1.3164776067382444,"standard_error":0.0017955094748910324}}