{"mean":{"confidence_interval":{"confidence_level":0.95,"lower_bound":1857499.8671706992,"upper_bound":1866992.8143157002},"point_estimate":1861312.1900441165,"standard_error":2512.8858035230246},"median":{"confidence_interval":{"confidence_level":0.95,"lower_bound":1856738.6805555555,"upper_bound":1857916.2484326018},"point_estimate":1857216.8964621476,"standard_error":339.57311639592103},"median_abs_dev":{"confidence_interval":{"confidence_level":0.95,"lower_bound":1729.9073031949818,"upper_bound":2998.613589329396},"point_estimate":2310.872870799341,"standard_error":315.2955091606135},"slope":{"confidence_interval":{"confidence_level":0.95,"lower_bound":1857330.8052050641,"upper_bound":1865895.7323752579},"point_estimate":1860466.3108585784,"standard_error":2327.7562086990724},"std_dev":{"confidence_interval":{"confidence_level":0.95,"lower_bound":3547.3226914786974,"upper_bound":41015.81440364017},"point_estimate":25345.604244307917,"standard_error":10480.069211942731}}