{"mean":{"confidence_interval":{"confidence_level":0.95,"lower_bound":1833175.2753614392,"upper_bound":1835514.015437735},"point_estimate":1834241.1497985858,"standard_error":596.1577600739287},"median":{"confidence_interval":{"confidence_level":0.95,"lower_bound":1832556.3460829493,"upper_bound":1834031.5662650603},"point_estimate":1832976.6041666665,"standard_error":403.72500395234954},"median_abs_dev":{"confidence_interval":{"confidence_level":0.95,"lower_bound":2793.5703321347137,"upper_bound":4619.355519474711},"point_estimate":3645.4858328658806,"standard_error":456.0870400049523},"slope":{"confidence_interval":{"confidence_level":0.95,"lower_bound":1832715.3308936805,"upper_bound":1835144.8942995528},"point_estimate":1833818.957422787,"standard_error":623.0282349057708},"std_dev":{"confidence_interval":{"confidence_level":0.95,"lower_bound":3463.634020834255,"upper_bound":8407.375567847414},"point_estimate":5976.271194780983,"standard_error":1302.8939336170606}}