{"mean":{"confidence_interval":{"confidence_level":0.95,"lower_bound":1875503.7105626531,"upper_bound":1882028.3586738943},"point_estimate":1878345.3395751286,"standard_error":1686.3786309709676},"median":{"confidence_interval":{"confidence_level":0.95,"lower_bound":1874209.0440935194,"upper_bound":1875896.3625},"point_estimate":1875019.086111111,"standard_error":392.09366038309935},"median_abs_dev":{"confidence_interval":{"confidence_level":0.95,"lower_bound":2595.427528299851,"upper_bound":3969.7720844131363},"point_estimate":3320.3598511499263,"standard_error":349.0331966863154},"slope":{"confidence_interval":{"confidence_level":0.95,"lower_bound":1874993.243115802,"upper_bound":1878005.4910019455},"point_estimate":1876331.797594207,"standard_error":771.6036889630436},"std_dev":{"confidence_interval":{"confidence_level":0.95,"lower_bound":4997.066139403503,"upper_bound":25401.09365284456},"point_estimate":16989.37900540575,"standard_error":5064.068116250909}}