{"mean":{"confidence_interval":{"confidence_level":0.95,"lower_bound":1786030.4980074912,"upper_bound":1788591.672974567},"point_estimate":1787180.1857799373,"standard_error":655.7055823548295},"median":{"confidence_interval":{"confidence_level":0.95,"lower_bound":1785457.2898255815,"upper_bound":1787246.5833333333},"point_estimate":1786251.1777871621,"standard_error":521.9868003565499},"median_abs_dev":{"confidence_interval":{"confidence_level":0.95,"lower_bound":2394.156117839929,"upper_bound":4024.721754633867},"point_estimate":3369.4789635668026,"standard_error":408.9355899664885},"slope":{"confidence_interval":{"confidence_level":0.95,"lower_bound":1786397.2096235114,"upper_bound":1788205.3186321184},"point_estimate":1787264.4068774937,"standard_error":458.0974632715112},"std_dev":{"confidence_interval":{"confidence_level":0.95,"lower_bound":3228.8012471806323,"upper_bound":9379.551497254854},"point_estimate":6593.763272073493,"standard_error":1597.649998693336}}