{"mean":{"confidence_interval":{"confidence_level":0.95,"lower_bound":1925744.7248487738,"upper_bound":1935266.31348924},"point_estimate":1929832.2714637816,"standard_error":2470.4616830788905},"median":{"confidence_interval":{"confidence_level":0.95,"lower_bound":1923850.396551724,"upper_bound":1926807.5606060605},"point_estimate":1924898.8406066536,"standard_error":820.9440880340715},"median_abs_dev":{"confidence_interval":{"confidence_level":0.95,"lower_bound":3771.2680752303727,"upper_bound":6247.722620330751},"point_estimate":5143.158628285128,"standard_error":653.2243573203426},"slope":{"confidence_interval":{"confidence_level":0.95,"lower_bound":1924897.5208089198,"upper_bound":1931759.9711440634},"point_estimate":1927642.5532555047,"standard_error":1786.9466021263102},"std_dev":{"confidence_interval":{"confidence_level":0.95,"lower_bound":6008.6682897767105,"upper_bound":37892.38061940439},"point_estimate":24845.433060036274,"standard_error":8112.674631786568}}