{"mean":{"confidence_interval":{"confidence_level":0.95,"lower_bound":1846171.7931865007,"upper_bound":1860785.2205378872},"point_estimate":1852191.179556419,"standard_error":3802.3368400369295},"median":{"confidence_interval":{"confidence_level":0.95,"lower_bound":1843079.0972222222,"upper_bound":1845257.4761904762},"point_estimate":1843857.4886363638,"standard_error":601.071975756844},"median_abs_dev":{"confidence_interval":{"confidence_level":0.95,"lower_bound":2685.472978626766,"upper_bound":4919.783625298124},"point_estimate":3667.6611098860976,"standard_error":584.4567228286774},"slope":{"confidence_interval":{"confidence_level":0.95,"lower_bound":1843336.1162416132,"upper_bound":1848815.8896014357},"point_estimate":1845548.373820009,"standard_error":1422.124447743812},"std_dev":{"confidence_interval":{"confidence_level":0.95,"lower_bound":8299.677651740012,"upper_bound":61482.44572983589},"point_estimate":38251.06252271395,"standard_error":14631.3210251512}}