{"mean":{"confidence_interval":{"confidence_level":0.95,"lower_bound":1844611.7640821496,"upper_bound":1850475.6074521106},"point_estimate":1847326.1610765227,"standard_error":1495.6141428206456},"median":{"confidence_interval":{"confidence_level":0.95,"lower_bound":1845607.8421052631,"upper_bound":1847456.9125},"point_estimate":1846473.8653724748,"standard_error":499.03806182592274},"median_abs_dev":{"confidence_interval":{"confidence_level":0.95,"lower_bound":2324.579791535768,"upper_bound":4212.680090636383},"point_estimate":3033.484666348398,"standard_error":470.2708574231666},"slope":{"confidence_interval":{"confidence_level":0.95,"lower_bound":1843605.9257138157,"upper_bound":1848636.9220390618},"point_estimate":1846140.1909383775,"standard_error":1278.4549674471348},"std_dev":{"confidence_interval":{"confidence_level":0.95,"lower_bound":8786.92301185063,"upper_bound":21554.540857098273},"point_estimate":15056.26630629327,"standard_error":3486.3493988657256}}