{"mean":{"confidence_interval":{"confidence_level":0.95,"lower_bound":1806199.8593427169,"upper_bound":1809655.0268457383},"point_estimate":1807799.2363564626,"standard_error":886.2615050987932},"median":{"confidence_interval":{"confidence_level":0.95,"lower_bound":1804604.042105263,"upper_bound":1806110.21875},"point_estimate":1805433.3653846155,"standard_error":405.81901422506064},"median_abs_dev":{"confidence_interval":{"confidence_level":0.95,"lower_bound":2727.168473714171,"upper_bound":5481.159088988262},"point_estimate":4071.6449397207607,"standard_error":716.3796559582368},"slope":{"confidence_interval":{"confidence_level":0.95,"lower_bound":1806430.4060218262,"upper_bound":1810761.142401902},"point_estimate":1808489.1210994532,"standard_error":1108.9404069328502},"std_dev":{"confidence_interval":{"confidence_level":0.95,"lower_bound":5405.580942105985,"upper_bound":11873.860260082602},"point_estimate":8894.01716796209,"standard_error":1652.8519866319834}}