{"mean":{"confidence_interval":{"confidence_level":0.95,"lower_bound":1797277.0909437684,"upper_bound":1809689.7123134208},"point_estimate":1802795.3401949021,"standard_error":3192.562064312811},"median":{"confidence_interval":{"confidence_level":0.95,"lower_bound":1791490.4419625811,"upper_bound":1796139.4795348835},"point_estimate":1793820.4038120569,"standard_error":1220.454231523946},"median_abs_dev":{"confidence_interval":{"confidence_level":0.95,"lower_bound":5875.473408494136,"upper_bound":11743.005387702999},"point_estimate":8080.970576475387,"standard_error":1524.006030439715},"slope":{"confidence_interval":{"confidence_level":0.95,"lower_bound":1802238.599417394,"upper_bound":1817136.136742014},"point_estimate":1809327.2204965272,"standard_error":3826.268643167832},"std_dev":{"confidence_interval":{"confidence_level":0.95,"lower_bound":16647.44345112929,"upper_bound":47442.30627448004},"point_estimate":32108.57459774948,"standard_error":8669.070727317223}}