{"mean":{"confidence_interval":{"confidence_level":0.95,"lower_bound":1776987.837004984,"upper_bound":1783059.7848990576},"point_estimate":1779549.3588994876,"standard_error":1579.5775757888755},"median":{"confidence_interval":{"confidence_level":0.95,"lower_bound":1776103.1048876746,"upper_bound":1777422.4285714286},"point_estimate":1776622.8988095238,"standard_error":312.8141837758857},"median_abs_dev":{"confidence_interval":{"confidence_level":0.95,"lower_bound":2156.3404097158773,"upper_bound":3969.62531803101},"point_estimate":3171.058343937369,"standard_error":464.4880328332089},"slope":{"confidence_interval":{"confidence_level":0.95,"lower_bound":1776378.4171070606,"upper_bound":1787441.720155228},"point_estimate":1780210.1645130783,"standard_error":3155.8647860768538},"std_dev":{"confidence_interval":{"confidence_level":0.95,"lower_bound":3826.2159266733283,"upper_bound":24849.887690879434},"point_estimate":15836.51723027989,"standard_error":5536.697116834398}}