{"mean":{"confidence_interval":{"confidence_level":0.95,"lower_bound":1810443.788904706,"upper_bound":1818867.4907423535},"point_estimate":1814147.1352638826,"standard_error":2165.917336821107},"median":{"confidence_interval":{"confidence_level":0.95,"lower_bound":1808426.398148148,"upper_bound":1809618.3846153845},"point_estimate":1808831.225609756,"standard_error":331.2915251130392},"median_abs_dev":{"confidence_interval":{"confidence_level":0.95,"lower_bound":2020.5322997645508,"upper_bound":3897.4063495761116},"point_estimate":2744.300701718912,"standard_error":463.4930612415357},"slope":{"confidence_interval":{"confidence_level":0.95,"lower_bound":1810374.9448280074,"upper_bound":1828909.9220726937},"point_estimate":1818161.2315472143,"standard_error":4876.934401154007},"std_dev":{"confidence_interval":{"confidence_level":0.95,"lower_bound":7477.610409745588,"upper_bound":32193.60211979295},"point_estimate":21812.295412563883,"standard_error":6160.744355059417}}