{"mean":{"confidence_interval":{"confidence_level":0.95,"lower_bound":1802259.513299502,"upper_bound":1807568.3254594563},"point_estimate":1804692.2091017228,"standard_error":1365.071953056351},"median":{"confidence_interval":{"confidence_level":0.95,"lower_bound":1800092.5740740742,"upper_bound":1803376.710553814},"point_estimate":1802284.8544444446,"standard_error":823.8507632361888},"median_abs_dev":{"confidence_interval":{"confidence_level":0.95,"lower_bound":4463.805271345081,"upper_bound":6878.377480898877},"point_estimate":5602.187570772793,"standard_error":597.0625139522335},"slope":{"confidence_interval":{"confidence_level":0.95,"lower_bound":1804111.120018841,"upper_bound":1808652.8008557647},"point_estimate":1806167.2896143047,"standard_error":1163.5474848393148},"std_dev":{"confidence_interval":{"confidence_level":0.95,"lower_bound":7499.15697765659,"upper_bound":18673.300165998156},"point_estimate":13764.504191780636,"standard_error":2849.2121891601787}}