{"mean":{"confidence_interval":{"confidence_level":0.95,"lower_bound":1839686.5248240996,"upper_bound":1866330.6937380163},"point_estimate":1850261.8191500932,"standard_error":7024.4159165955725},"median":{"confidence_interval":{"confidence_level":0.95,"lower_bound":1837514.4992063493,"upper_bound":1838826.5492957747},"point_estimate":1838279.206170551,"standard_error":311.3797842361169},"median_abs_dev":{"confidence_interval":{"confidence_level":0.95,"lower_bound":1910.859005758028,"upper_bound":3247.539227146913},"point_estimate":2590.036260684289,"standard_error":337.9666963815857},"slope":{"confidence_interval":{"confidence_level":0.95,"lower_bound":1839454.4586933872,"upper_bound":1850914.6748244383},"point_estimate":1843944.6896763707,"standard_error":3000.108592655768},"std_dev":{"confidence_interval":{"confidence_level":0.95,"lower_bound":8416.282886910301,"upper_bound":116138.61660924542},"point_estimate":70798.92318641284,"standard_error":30505.382360847598}}