{"mean":{"confidence_interval":{"confidence_level":0.95,"lower_bound":1805283.8568572537,"upper_bound":1807740.2781692739},"point_estimate":1806371.0210886186,"standard_error":630.5767315470647},"median":{"confidence_interval":{"confidence_level":0.95,"lower_bound":1804552.1081081082,"upper_bound":1805696.5163043477},"point_estimate":1805219.0735507247,"standard_error":252.69960913885524},"median_abs_dev":{"confidence_interval":{"confidence_level":0.95,"lower_bound":1716.1143232827637,"upper_bound":3167.9339517778217},"point_estimate":2424.6283399145623,"standard_error":375.47136688755353},"slope":{"confidence_interval":{"confidence_level":0.95,"lower_bound":1805081.334859001,"upper_bound":1806378.4866240823},"point_estimate":1805704.6499660115,"standard_error":331.1056292861865},"std_dev":{"confidence_interval":{"confidence_level":0.95,"lower_bound":3248.554678071475,"upper_bound":9468.200067606003},"point_estimate":6344.837512532351,"standard_error":1778.9614235506028}}