{"mean":{"confidence_interval":{"confidence_level":0.95,"lower_bound":1776873.5888504256,"upper_bound":1782322.458794021},"point_estimate":1779028.0677987149,"standard_error":1437.5127131969732},"median":{"confidence_interval":{"confidence_level":0.95,"lower_bound":1775809.0777972029,"upper_bound":1776983.9582798458},"point_estimate":1776345.1170653908,"standard_error":274.3976667487258},"median_abs_dev":{"confidence_interval":{"confidence_level":0.95,"lower_bound":1724.174757097759,"upper_bound":3404.250180592103},"point_estimate":2372.3457936031978,"standard_error":404.7630955092572},"slope":{"confidence_interval":{"confidence_level":0.95,"lower_bound":1776636.2059891627,"upper_bound":1779902.382056271},"point_estimate":1778100.0230855623,"standard_error":843.6038153377638},"std_dev":{"confidence_interval":{"confidence_level":0.95,"lower_bound":3628.834857311459,"upper_bound":23759.268486980338},"point_estimate":14491.56870507289,"standard_error":6249.773744962345}}