{"mean":{"confidence_interval":{"confidence_level":0.95,"lower_bound":1765007.0296107926,"upper_bound":1771333.4711848418},"point_estimate":1767490.8534450328,"standard_error":1684.9242672575913},"median":{"confidence_interval":{"confidence_level":0.95,"lower_bound":1763048.95,"upper_bound":1764843.0007142858},"point_estimate":1764000.941860465,"standard_error":478.2482065761516},"median_abs_dev":{"confidence_interval":{"confidence_level":0.95,"lower_bound":2511.165447049138,"upper_bound":5470.095206334687},"point_estimate":3932.8729862836603,"standard_error":766.8287298078523},"slope":{"confidence_interval":{"confidence_level":0.95,"lower_bound":1764816.7178525648,"upper_bound":1767349.6123357394},"point_estimate":1765985.0252962909,"standard_error":647.407201693925},"std_dev":{"confidence_interval":{"confidence_level":0.95,"lower_bound":5217.011534256286,"upper_bound":27762.249715018577},"point_estimate":16917.67121170279,"standard_error":7543.23615477947}}