{"mean":{"confidence_interval":{"confidence_level":0.95,"lower_bound":1855406.5710860037,"upper_bound":1859707.8922596436},"point_estimate":1857143.0373450003,"standard_error":1135.4817405510412},"median":{"confidence_interval":{"confidence_level":0.95,"lower_bound":1854309.7760416665,"upper_bound":1855783.5009157509},"point_estimate":1855077.6247877758,"standard_error":396.1301239532395},"median_abs_dev":{"confidence_interval":{"confidence_level":0.95,"lower_bound":2496.988136578662,"upper_bound":4029.048891547302},"point_estimate":3416.802686181767,"standard_error":388.7315977404956},"slope":{"confidence_interval":{"confidence_level":0.95,"lower_bound":1854523.563406324,"upper_bound":1856047.8409343716},"point_estimate":1855211.572927442,"standard_error":388.2770271278001},"std_dev":{"confidence_interval":{"confidence_level":0.95,"lower_bound":3527.390117944043,"upper_bound":18651.833430719536},"point_estimate":11478.336319472002,"standard_error":4794.969054040376}}