{"mean":{"confidence_interval":{"confidence_level":0.95,"lower_bound":1853193.12882618,"upper_bound":1858282.0655037542},"point_estimate":1855264.9725946751,"standard_error":1330.4933840081696},"median":{"confidence_interval":{"confidence_level":0.95,"lower_bound":1852322.82535461,"upper_bound":1853366.0209492028},"point_estimate":1852779.168701443,"standard_error":317.658636838375},"median_abs_dev":{"confidence_interval":{"confidence_level":0.95,"lower_bound":1720.1560788684071,"upper_bound":3328.107238914537},"point_estimate":2419.9030984226815,"standard_error":406.1056049028885},"slope":{"confidence_interval":{"confidence_level":0.95,"lower_bound":1853012.0023821278,"upper_bound":1855205.8947198407},"point_estimate":1853995.6139530072,"standard_error":562.3300400930749},"std_dev":{"confidence_interval":{"confidence_level":0.95,"lower_bound":3461.2064622418034,"upper_bound":21661.981335861226},"point_estimate":13426.309599588883,"standard_error":5278.317320268433}}