{"mean":{"confidence_interval":{"confidence_level":0.95,"lower_bound":1795538.5060216628,"upper_bound":1800411.3901358685},"point_estimate":1797373.7176462882,"standard_error":1339.3991227469542},"median":{"confidence_interval":{"confidence_level":0.95,"lower_bound":1794613.868627451,"upper_bound":1795846.8307692308},"point_estimate":1795121.039018952,"standard_error":315.1083959675102},"median_abs_dev":{"confidence_interval":{"confidence_level":0.95,"lower_bound":1806.3427848538909,"upper_bound":3139.1881429693763},"point_estimate":2506.9903970358423,"standard_error":347.36294308123007},"slope":{"confidence_interval":{"confidence_level":0.95,"lower_bound":1795261.0099749898,"upper_bound":1796761.437827209},"point_estimate":1795938.901616669,"standard_error":382.6938752016482},"std_dev":{"confidence_interval":{"confidence_level":0.95,"lower_bound":3004.3199189097572,"upper_bound":22562.48762274653},"point_estimate":13470.447801432601,"standard_error":6687.353113860942}}