{"mean":{"confidence_interval":{"confidence_level":0.95,"lower_bound":-0.0006667260200166653,"upper_bound":0.011898815567524257},"point_estimate":0.005344725250792992,"standard_error":0.0031881460946967186},"median":{"confidence_interval":{"confidence_level":0.95,"lower_bound":-0.0002242885440664416,"upper_bound":0.016377004348888224},"point_estimate":0.009731993436015163,"standard_error":0.004284698581172066}}