{"mean":{"confidence_interval":{"confidence_level":0.95,"lower_bound":-0.036181181966696445,"upper_bound":-0.03173660076973282},"point_estimate":-0.03399575291802348,"standard_error":0.001123169367055028},"median":{"confidence_interval":{"confidence_level":0.95,"lower_bound":-0.038324298130247215,"upper_bound":-0.030499979038617675},"point_estimate":-0.03438075063057611,"standard_error":0.0023086037141298857}}