{"mean":{"confidence_interval":{"confidence_level":0.95,"lower_bound":0.04165850997836559,"upper_bound":0.052887706474564485},"point_estimate":0.04727905336954619,"standard_error":0.0029974415277949826},"median":{"confidence_interval":{"confidence_level":0.95,"lower_bound":0.03560576924114689,"upper_bound":0.04441387723335288},"point_estimate":0.042723368839810094,"standard_error":0.002435125783378973}}