{"mean":{"confidence_interval":{"confidence_level":0.95,"lower_bound":0.015757969814352107,"upper_bound":0.02801784331194302},"point_estimate":0.020427822078873392,"standard_error":0.0031428391214774866},"median":{"confidence_interval":{"confidence_level":0.95,"lower_bound":0.018908499334683526,"upper_bound":0.019804774849765394},"point_estimate":0.019426250344737772,"standard_error":0.0002266158322974392}}