{"mean":{"confidence_interval":{"confidence_level":0.95,"lower_bound":-0.07438773646911132,"upper_bound":-0.059759565677909764},"point_estimate":-0.06676009131405358,"standard_error":0.0037326439069774917},"median":{"confidence_interval":{"confidence_level":0.95,"lower_bound":-0.06903081609120587,"upper_bound":-0.05668901353400757},"point_estimate":-0.06401531831253904,"standard_error":0.002788541245912493}}