{"mean":{"confidence_interval":{"confidence_level":0.95,"lower_bound":0.013595846437670896,"upper_bound":0.028029896432652586},"point_estimate":0.020272722575328084,"standard_error":0.0036498631916629704},"median":{"confidence_interval":{"confidence_level":0.95,"lower_bound":0.013253214255465107,"upper_bound":0.02711415165756903},"point_estimate":0.019618239704700224,"standard_error":0.0033803726054239727}}