{"mean":{"confidence_interval":{"confidence_level":0.95,"lower_bound":-0.005206814364932099,"upper_bound":0.0002393473259851278},"point_estimate":-0.0019697846584069145,"standard_error":0.0014311237644222838},"median":{"confidence_interval":{"confidence_level":0.95,"lower_bound":-0.0004016295428089789,"upper_bound":0.0007578333393520875},"point_estimate":0.00011825925285302574,"standard_error":0.0003117551179532419}}