{"mean":{"confidence_interval":{"confidence_level":0.95,"lower_bound":-0.3319614828463449,"upper_bound":-0.05202777998161987},"point_estimate":-0.19391780599295894,"standard_error":0.0727273714320306},"median":{"confidence_interval":{"confidence_level":0.95,"lower_bound":-0.05579896392342476,"upper_bound":-0.048721377227586404},"point_estimate":-0.052540487193254215,"standard_error":0.0017857544810222282}}