{"mean":{"confidence_interval":{"confidence_level":0.95,"lower_bound":-0.005591317834834846,"upper_bound":-0.0009767077372138393},"point_estimate":-0.0029628651484914226,"standard_error":0.0011917504122352734},"median":{"confidence_interval":{"confidence_level":0.95,"lower_bound":-0.0022262030168976876,"upper_bound":-0.0001650638455110709},"point_estimate":-0.0014777608758220762,"standard_error":0.0005492851196912321}}