{"mean":{"confidence_interval":{"confidence_level":0.95,"lower_bound":-0.0030571312970243403,"upper_bound":0.0047912070213602664},"point_estimate":0.0008194521861681903,"standard_error":0.002006064787683489},"median":{"confidence_interval":{"confidence_level":0.95,"lower_bound":0.002842230565879955,"upper_bound":0.005638180145671071},"point_estimate":0.0043481507430565,"standard_error":0.0006898306485169667}}