{"mean":{"confidence_interval":{"confidence_level":0.95,"lower_bound":0.27045540534407286,"upper_bound":0.3375446304213846},"point_estimate":0.30202427828407497,"standard_error":0.016618954595793198},"median":{"confidence_interval":{"confidence_level":0.95,"lower_bound":0.2585329423541822,"upper_bound":0.3651675236769669},"point_estimate":0.3033061779941346,"standard_error":0.025976315458851786}}