{"mean":{"confidence_interval":{"confidence_level":0.95,"lower_bound":-0.021642616864898576,"upper_bound":-0.013058524334908193},"point_estimate":-0.01707771340034292,"standard_error":0.002176861980915135},"median":{"confidence_interval":{"confidence_level":0.95,"lower_bound":-0.016751475578226198,"upper_bound":-0.015488808041975166},"point_estimate":-0.016080653741226136,"standard_error":0.0003650488411245974}}