{"mean":{"confidence_interval":{"confidence_level":0.95,"lower_bound":0.018234618491952403,"upper_bound":0.038412404314346955},"point_estimate":0.028344396777562952,"standard_error":0.005161841564162114},"median":{"confidence_interval":{"confidence_level":0.95,"lower_bound":0.009439422777768748,"upper_bound":0.047243461044685464},"point_estimate":0.027118143597697042,"standard_error":0.009041552397371127}}