{"mean":{"confidence_interval":{"confidence_level":0.95,"lower_bound":-0.056002469427866415,"upper_bound":-0.04670362861519584},"point_estimate":-0.05132900841257282,"standard_error":0.0023747017627420187},"median":{"confidence_interval":{"confidence_level":0.95,"lower_bound":-0.05624749465858197,"upper_bound":-0.046896064798948256},"point_estimate":-0.050858949684488675,"standard_error":0.002267324565477563}}