{"mean":{"confidence_interval":{"confidence_level":0.95,"lower_bound":-0.013164060468065064,"upper_bound":-0.002975658019483052},"point_estimate":-0.006609144490174468,"standard_error":0.003067098912675149},"median":{"confidence_interval":{"confidence_level":0.95,"lower_bound":-0.005335045675582961,"upper_bound":-0.004140044114846697},"point_estimate":-0.005019603653311444,"standard_error":0.00029950496746260853}}