{"mean":{"confidence_interval":{"confidence_level":0.95,"lower_bound":-0.0011770857622758174,"upper_bound":0.004852717658381275},"point_estimate":0.0014213124146300604,"standard_error":0.0015482801879827199},"median":{"confidence_interval":{"confidence_level":0.95,"lower_bound":0.0009109215416236438,"upper_bound":0.0019753235498969346},"point_estimate":0.0014878536567706213,"standard_error":0.0002709140561277567}}