{"mean":{"confidence_interval":{"confidence_level":0.95,"lower_bound":-0.03757078915189386,"upper_bound":-0.01894726163014933},"point_estimate":-0.028437595642250568,"standard_error":0.0047555037219026795},"median":{"confidence_interval":{"confidence_level":0.95,"lower_bound":-0.04567229886715863,"upper_bound":-0.02227125631393012},"point_estimate":-0.02831638502001088,"standard_error":0.006143213764448706}}