{"mean":{"confidence_interval":{"confidence_level":0.95,"lower_bound":0.0027920191103047724,"upper_bound":0.008572621826486939},"point_estimate":0.005777998682842567,"standard_error":0.00147739992629284},"median":{"confidence_interval":{"confidence_level":0.95,"lower_bound":0.0015867152760069558,"upper_bound":0.009910892524257975},"point_estimate":0.008313032196007653,"standard_error":0.0022084234069008175}}