{"mean":{"confidence_interval":{"confidence_level":0.95,"lower_bound":-0.044597152668915396,"upper_bound":-0.03740716028570637},"point_estimate":-0.04099577669531418,"standard_error":0.0018245937722946794},"median":{"confidence_interval":{"confidence_level":0.95,"lower_bound":-0.049431495255763847,"upper_bound":-0.045197434354212196},"point_estimate":-0.048814465150122444,"standard_error":0.00128929461632037}}