{"mean":{"confidence_interval":{"confidence_level":0.95,"lower_bound":0.0005341626357919002,"upper_bound":0.023131308963904123},"point_estimate":0.011936130739641726,"standard_error":0.005743275361511133},"median":{"confidence_interval":{"confidence_level":0.95,"lower_bound":0.001421490639994305,"upper_bound":0.026645188063206593},"point_estimate":0.019270008825316376,"standard_error":0.006436212983956843}}