{"mean":{"confidence_interval":{"confidence_level":0.95,"lower_bound":-0.40146219128620536,"upper_bound":-0.39028878064832706},"point_estimate":-0.39553526060580013,"standard_error":0.0029348061074625604},"median":{"confidence_interval":{"confidence_level":0.95,"lower_bound":-0.40002765909079036,"upper_bound":-0.38597812848854224},"point_estimate":-0.390014589079276,"standard_error":0.0038944383671760683}}