{"mean":{"confidence_interval":{"confidence_level":0.95,"lower_bound":-0.030573130798387808,"upper_bound":-0.020405415726598146},"point_estimate":-0.025054935226171082,"standard_error":0.0026016064645489113},"median":{"confidence_interval":{"confidence_level":0.95,"lower_bound":-0.024706864510431217,"upper_bound":-0.01875755464527884},"point_estimate":-0.021569491054904466,"standard_error":0.0014214435553982102}}