{"mean":{"confidence_interval":{"confidence_level":0.95,"lower_bound":-0.171285900605982,"upper_bound":-0.1540926446892794},"point_estimate":-0.16240899193423608,"standard_error":0.00438115164056768},"median":{"confidence_interval":{"confidence_level":0.95,"lower_bound":-0.16358366521124224,"upper_bound":-0.14688243985255145},"point_estimate":-0.15444357131884678,"standard_error":0.00478931535358093}}