{"mean":{"confidence_interval":{"confidence_level":0.95,"lower_bound":-0.0033395374372207076,"upper_bound":0.006872585557622955},"point_estimate":0.002035266411400949,"standard_error":0.002619937858555316},"median":{"confidence_interval":{"confidence_level":0.95,"lower_bound":-0.00491369936838959,"upper_bound":0.005512956571353866},"point_estimate":-0.0010620720293041952,"standard_error":0.0027002675912938348}}