{"mean":{"confidence_interval":{"confidence_level":0.95,"lower_bound":-0.056010968430841086,"upper_bound":-0.04857598107670179},"point_estimate":-0.0519118971112309,"standard_error":0.0019115893446842412},"median":{"confidence_interval":{"confidence_level":0.95,"lower_bound":-0.056458795424402575,"upper_bound":-0.04606422496258322},"point_estimate":-0.050306375942065884,"standard_error":0.0030227432184701834}}