{"mean":{"confidence_interval":{"confidence_level":0.95,"lower_bound":-0.02075176107762408,"upper_bound":-0.015999631312034412},"point_estimate":-0.01844018008988102,"standard_error":0.0012188196079922521},"median":{"confidence_interval":{"confidence_level":0.95,"lower_bound":-0.023642016546664747,"upper_bound":-0.02253535282819541},"point_estimate":-0.02311774465138683,"standard_error":0.00029974113738126675}}