{"mean":{"confidence_interval":{"confidence_level":0.95,"lower_bound":-0.00813224812593585,"upper_bound":-0.002503750505738885},"point_estimate":-0.0054432789168066265,"standard_error":0.0014434379058941306},"median":{"confidence_interval":{"confidence_level":0.95,"lower_bound":-0.008227807522095731,"upper_bound":-0.002416809042138479},"point_estimate":-0.005789793959827483,"standard_error":0.0014850521998808857}}