{"mean":{"confidence_interval":{"confidence_level":0.95,"lower_bound":-0.0012836758670722397,"upper_bound":0.005785677225125645},"point_estimate":0.001668915570999241,"standard_error":0.0018082855079910132},"median":{"confidence_interval":{"confidence_level":0.95,"lower_bound":-0.0020794379278002983,"upper_bound":-0.0009408649977667993},"point_estimate":-0.001304079577107209,"standard_error":0.00028941226306509424}}