{"mean":{"confidence_interval":{"confidence_level":0.95,"lower_bound":-0.07319827673105327,"upper_bound":-0.055770296944723574},"point_estimate":-0.06448066697705135,"standard_error":0.0044632107977418305},"median":{"confidence_interval":{"confidence_level":0.95,"lower_bound":-0.07308276102594347,"upper_bound":-0.05274151465104637},"point_estimate":-0.06566364627544974,"standard_error":0.005176889153504837}}