{"mean":{"confidence_interval":{"confidence_level":0.95,"lower_bound":0.061598786153420196,"upper_bound":0.07173405478847347},"point_estimate":0.06667995500708646,"standard_error":0.0024982828794625324},"median":{"confidence_interval":{"confidence_level":0.95,"lower_bound":0.06355751780217522,"upper_bound":0.0740690710773686},"point_estimate":0.0685100906358358,"standard_error":0.0025455054288907107}}