{"mean":{"confidence_interval":{"confidence_level":0.95,"lower_bound":0.016304126160494467,"upper_bound":0.03518900558471874},"point_estimate":0.02576562205286348,"standard_error":0.004799299116619584},"median":{"confidence_interval":{"confidence_level":0.95,"lower_bound":0.014394497935609464,"upper_bound":0.037288997641555355},"point_estimate":0.03340229600294298,"standard_error":0.007086370437483109}}