{"mean":{"confidence_interval":{"confidence_level":0.95,"lower_bound":-0.00006857239651873677,"upper_bound":0.004170073890947345},"point_estimate":0.0019807938741716047,"standard_error":0.0010788027348446333},"median":{"confidence_interval":{"confidence_level":0.95,"lower_bound":-0.0006787716210576722,"upper_bound":0.0015177754876134486},"point_estimate":0.0004927996756058928,"standard_error":0.0005548359624063924}}