{"mean":{"confidence_interval":{"confidence_level":0.95,"lower_bound":1514691.957197681,"upper_bound":1520163.4239115135},"point_estimate":1517259.1472301292,"standard_error":1393.5581420523743},"median":{"confidence_interval":{"confidence_level":0.95,"lower_bound":1511131.9846320348,"upper_bound":1513805.8505747127},"point_estimate":1512645.1258169934,"standard_error":701.1990237643499},"median_abs_dev":{"confidence_interval":{"confidence_level":0.95,"lower_bound":3108.6613393301845,"upper_bound":5569.161749072603},"point_estimate":4339.2444211905695,"standard_error":647.0334258324555},"slope":{"confidence_interval":{"confidence_level":0.95,"lower_bound":1512070.0046306779,"upper_bound":1516157.3830688389},"point_estimate":1513843.7373784543,"standard_error":1053.3283016750358},"std_dev":{"confidence_interval":{"confidence_level":0.95,"lower_bound":9457.281583704797,"upper_bound":17773.869201429097},"point_estimate":13985.82856167824,"standard_error":2123.4503303619063}}