{"mean":{"confidence_interval":{"confidence_level":0.95,"lower_bound":1536845.8772098501,"upper_bound":1540783.896639398},"point_estimate":1538660.575355035,"standard_error":1007.6288589714927},"median":{"confidence_interval":{"confidence_level":0.95,"lower_bound":1535231.3636363635,"upper_bound":1536991.4444444445},"point_estimate":1536049.7460391426,"standard_error":384.6050624679128},"median_abs_dev":{"confidence_interval":{"confidence_level":0.95,"lower_bound":2739.2418273688077,"upper_bound":4570.811353170083},"point_estimate":3557.8178076694026,"standard_error":459.1035057699356},"slope":{"confidence_interval":{"confidence_level":0.95,"lower_bound":1535880.7226622063,"upper_bound":1539035.3191704997},"point_estimate":1537303.3603989952,"standard_error":810.574297487199},"std_dev":{"confidence_interval":{"confidence_level":0.95,"lower_bound":6136.14580268872,"upper_bound":13496.425183808813},"point_estimate":10145.716601509925,"standard_error":1879.092376154304}}