{"mean":{"confidence_interval":{"confidence_level":0.95,"lower_bound":1343155.0243703693,"upper_bound":1346950.1148375443},"point_estimate":1344691.9100909617,"standard_error":993.8640512220603},"median":{"confidence_interval":{"confidence_level":0.95,"lower_bound":1342391.0328571429,"upper_bound":1344088.4137931035},"point_estimate":1343309.6798076923,"standard_error":463.5429637562054},"median_abs_dev":{"confidence_interval":{"confidence_level":0.95,"lower_bound":2341.87349283539,"upper_bound":4303.842919151997},"point_estimate":3135.7892981879504,"standard_error":480.19940793883},"slope":{"confidence_interval":{"confidence_level":0.95,"lower_bound":1342658.3174834463,"upper_bound":1344114.5671383156},"point_estimate":1343375.0557972514,"standard_error":370.8912651004853},"std_dev":{"confidence_interval":{"confidence_level":0.95,"lower_bound":3415.9525986429308,"upper_bound":16123.014693109328},"point_estimate":9995.799970501157,"standard_error":4037.9474733859274}}