{"mean":{"confidence_interval":{"confidence_level":0.95,"lower_bound":1526136.8200581318,"upper_bound":1531008.0752136859},"point_estimate":1528414.6035667923,"standard_error":1244.0298221332857},"median":{"confidence_interval":{"confidence_level":0.95,"lower_bound":1524319.5384615385,"upper_bound":1529531.735188216},"point_estimate":1526834.5116959065,"standard_error":1422.8494441631965},"median_abs_dev":{"confidence_interval":{"confidence_level":0.95,"lower_bound":7004.055752427249,"upper_bound":11443.274421265767},"point_estimate":8725.085589279557,"standard_error":1169.018140125968},"slope":{"confidence_interval":{"confidence_level":0.95,"lower_bound":1527571.667101012,"upper_bound":1532005.2645288121},"point_estimate":1529767.5146711986,"standard_error":1129.0122220141075},"std_dev":{"confidence_interval":{"confidence_level":0.95,"lower_bound":8177.987358531081,"upper_bound":17044.080005416614},"point_estimate":12499.277259067816,"standard_error":2367.629947588359}}