{"mean":{"confidence_interval":{"confidence_level":0.95,"lower_bound":1545009.0881873106,"upper_bound":1549736.4979727268},"point_estimate":1547189.541965191,"standard_error":1210.590921167478},"median":{"confidence_interval":{"confidence_level":0.95,"lower_bound":1542881.0019607842,"upper_bound":1547080.9130434783},"point_estimate":1544213.7081447965,"standard_error":1018.8938532068881},"median_abs_dev":{"confidence_interval":{"confidence_level":0.95,"lower_bound":5393.104611270061,"upper_bound":8119.330442235367},"point_estimate":6665.922252845886,"standard_error":672.3711039939212},"slope":{"confidence_interval":{"confidence_level":0.95,"lower_bound":1544042.9441219207,"upper_bound":1549949.7333707253},"point_estimate":1546707.7955814984,"standard_error":1515.334299837912},"std_dev":{"confidence_interval":{"confidence_level":0.95,"lower_bound":7188.949810368255,"upper_bound":16452.139932794747},"point_estimate":12216.890159207407,"standard_error":2358.894470263599}}