{"mean":{"confidence_interval":{"confidence_level":0.95,"lower_bound":1600255.7374836258,"upper_bound":1611001.5861141537},"point_estimate":1605559.1764598573,"standard_error":2750.3552518299093},"median":{"confidence_interval":{"confidence_level":0.95,"lower_bound":1592879.5274725275,"upper_bound":1610716.6748251747},"point_estimate":1600480.2287014062,"standard_error":4505.4357796042295},"median_abs_dev":{"confidence_interval":{"confidence_level":0.95,"lower_bound":23520.302091542366,"upper_bound":37044.602690856205},"point_estimate":32456.26709582233,"standard_error":3476.240256948359},"slope":{"confidence_interval":{"confidence_level":0.95,"lower_bound":1586576.7515227394,"upper_bound":1596462.424876391},"point_estimate":1591137.5881276785,"standard_error":2497.857679848298},"std_dev":{"confidence_interval":{"confidence_level":0.95,"lower_bound":23934.707738675916,"upper_bound":31159.68464322371},"point_estimate":27624.080223672132,"standard_error":1843.9329597623005}}