{"mean":{"confidence_interval":{"confidence_level":0.95,"lower_bound":1372708.1210793143,"upper_bound":1377338.800265097},"point_estimate":1374749.2016418714,"standard_error":1191.6571110050306},"median":{"confidence_interval":{"confidence_level":0.95,"lower_bound":1371279.686868687,"upper_bound":1373216.3815903198},"point_estimate":1372027.8822055138,"standard_error":496.44644887369304},"median_abs_dev":{"confidence_interval":{"confidence_level":0.95,"lower_bound":3555.7159868737017,"upper_bound":5615.318240780181},"point_estimate":4488.985397789456,"standard_error":490.3782155396888},"slope":{"confidence_interval":{"confidence_level":0.95,"lower_bound":1370699.2348123062,"upper_bound":1373026.7075383328},"point_estimate":1371707.2755608098,"standard_error":596.2778030265276},"std_dev":{"confidence_interval":{"confidence_level":0.95,"lower_bound":4922.672383228547,"upper_bound":17555.83400516617},"point_estimate":11947.45681380668,"standard_error":3206.6797925181786}}