{"mean":{"confidence_interval":{"confidence_level":0.95,"lower_bound":1342094.8850520733,"upper_bound":1344269.1499861083},"point_estimate":1343052.9962278232,"standard_error":556.5928998214364},"median":{"confidence_interval":{"confidence_level":0.95,"lower_bound":1341529.8902439023,"upper_bound":1343226.4761904762},"point_estimate":1342522.5607142858,"standard_error":418.7621953201416},"median_abs_dev":{"confidence_interval":{"confidence_level":0.95,"lower_bound":2320.4028046379103,"upper_bound":3596.4446849004125},"point_estimate":2895.633006897595,"standard_error":329.9981032268952},"slope":{"confidence_interval":{"confidence_level":0.95,"lower_bound":1342519.5299290363,"upper_bound":1344002.972936233},"point_estimate":1343258.2344613567,"standard_error":377.616746893094},"std_dev":{"confidence_interval":{"confidence_level":0.95,"lower_bound":2820.1313346580655,"upper_bound":8429.875237093142},"point_estimate":5589.411624882912,"standard_error":1634.610113025477}}