{"mean":{"confidence_interval":{"confidence_level":0.95,"lower_bound":1537436.7946443507,"upper_bound":1541907.7993961358},"point_estimate":1539472.7187530678,"standard_error":1141.2301461634775},"median":{"confidence_interval":{"confidence_level":0.95,"lower_bound":1535518.8435032894,"upper_bound":1538012.1340206186},"point_estimate":1536701.629699796,"standard_error":586.0715400110408},"median_abs_dev":{"confidence_interval":{"confidence_level":0.95,"lower_bound":2949.1170639888687,"upper_bound":4977.607531114207},"point_estimate":3566.652172622043,"standard_error":515.0815622231916},"slope":{"confidence_interval":{"confidence_level":0.95,"lower_bound":1536900.9247723736,"upper_bound":1539879.2168753236},"point_estimate":1538251.800774346,"standard_error":762.3786450811248},"std_dev":{"confidence_interval":{"confidence_level":0.95,"lower_bound":6378.613518600845,"upper_bound":15627.282776716143},"point_estimate":11488.847104249071,"standard_error":2348.5850720064486}}