{"mean":{"confidence_interval":{"confidence_level":0.95,"lower_bound":1388499.7456063605,"upper_bound":1392449.6332184626},"point_estimate":1390084.9070063725,"standard_error":1035.1978601332457},"median":{"confidence_interval":{"confidence_level":0.95,"lower_bound":1387399.4047619049,"upper_bound":1388899.6578125},"point_estimate":1388119.7350543477,"standard_error":403.5006295607629},"median_abs_dev":{"confidence_interval":{"confidence_level":0.95,"lower_bound":2204.9175274324316,"upper_bound":4144.2673988382285},"point_estimate":3350.364028890397,"standard_error":498.42290158446895},"slope":{"confidence_interval":{"confidence_level":0.95,"lower_bound":1388562.722136579,"upper_bound":1390006.3721103435},"point_estimate":1389292.7185636174,"standard_error":367.34449362405684},"std_dev":{"confidence_interval":{"confidence_level":0.95,"lower_bound":3519.9992989119482,"upper_bound":16811.769913910473},"point_estimate":10380.660234196646,"standard_error":4266.574023084865}}