{"mean":{"confidence_interval":{"confidence_level":0.95,"lower_bound":1539790.754420711,"upper_bound":1545961.3572874223},"point_estimate":1542600.659685403,"standard_error":1578.8640066916269},"median":{"confidence_interval":{"confidence_level":0.95,"lower_bound":1535950.2121212122,"upper_bound":1540712.8227567654},"point_estimate":1538570.0121124033,"standard_error":1218.2987540955908},"median_abs_dev":{"confidence_interval":{"confidence_level":0.95,"lower_bound":5827.4430129245275,"upper_bound":9745.586650976073},"point_estimate":8211.03723637586,"standard_error":1001.8005368356852},"slope":{"confidence_interval":{"confidence_level":0.95,"lower_bound":1539152.8181669072,"upper_bound":1545080.7147837689},"point_estimate":1542024.6010432984,"standard_error":1515.3478124917099},"std_dev":{"confidence_interval":{"confidence_level":0.95,"lower_bound":9247.95869027842,"upper_bound":22579.626047991216},"point_estimate":15879.877705416657,"standard_error":3626.0499066969132}}