{"mean":{"confidence_interval":{"confidence_level":0.95,"lower_bound":1521830.3560236178,"upper_bound":1526195.4421935028},"point_estimate":1523733.744847731,"standard_error":1125.6920970575497},"median":{"confidence_interval":{"confidence_level":0.95,"lower_bound":1521014.0631755018,"upper_bound":1522962.5172413792},"point_estimate":1521928.964285714,"standard_error":476.47604204538374},"median_abs_dev":{"confidence_interval":{"confidence_level":0.95,"lower_bound":2905.956139434816,"upper_bound":4985.282896649334},"point_estimate":3719.4419836636685,"standard_error":524.6026743412312},"slope":{"confidence_interval":{"confidence_level":0.95,"lower_bound":1521275.979978247,"upper_bound":1523368.2426265518},"point_estimate":1522297.730492094,"standard_error":532.7435396687993},"std_dev":{"confidence_interval":{"confidence_level":0.95,"lower_bound":4514.8472489877295,"upper_bound":17298.239383698896},"point_estimate":11311.942299273716,"standard_error":3443.7468034130966}}