{"mean":{"confidence_interval":{"confidence_level":0.95,"lower_bound":1531452.9193412387,"upper_bound":1537584.3084422015},"point_estimate":1534137.5916834846,"standard_error":1577.9085619259513},"median":{"confidence_interval":{"confidence_level":0.95,"lower_bound":1529392.8360655739,"upper_bound":1531814.6215239153},"point_estimate":1530278.9282615948,"standard_error":590.8677413136338},"median_abs_dev":{"confidence_interval":{"confidence_level":0.95,"lower_bound":3877.500815907607,"upper_bound":6265.552429389151},"point_estimate":5080.127602910439,"standard_error":613.9369661978795},"slope":{"confidence_interval":{"confidence_level":0.95,"lower_bound":1532062.8296359829,"upper_bound":1536719.3785915186},"point_estimate":1534229.6461327027,"standard_error":1195.6820823978412},"std_dev":{"confidence_interval":{"confidence_level":0.95,"lower_bound":7354.910797741787,"upper_bound":23806.267869807976},"point_estimate":15823.137734537015,"standard_error":4590.041572606767}}