{"mean":{"confidence_interval":{"confidence_level":0.95,"lower_bound":1375890.155912468,"upper_bound":1382632.2609821926},"point_estimate":1378485.9419875112,"standard_error":1775.82725183534},"median":{"confidence_interval":{"confidence_level":0.95,"lower_bound":1375096.7615740742,"upper_bound":1377396.495931779},"point_estimate":1376200.5836988303,"standard_error":563.2998238582974},"median_abs_dev":{"confidence_interval":{"confidence_level":0.95,"lower_bound":3632.7036419138076,"upper_bound":5890.447871315276},"point_estimate":4666.571667151709,"standard_error":561.3138204705465},"slope":{"confidence_interval":{"confidence_level":0.95,"lower_bound":1377255.5571653333,"upper_bound":1380455.921852856},"point_estimate":1378748.7836589331,"standard_error":821.2835844817399},"std_dev":{"confidence_interval":{"confidence_level":0.95,"lower_bound":4857.005072748323,"upper_bound":29295.55235203807},"point_estimate":17771.356231432983,"standard_error":7931.761287493691}}