{"mean":{"confidence_interval":{"confidence_level":0.95,"lower_bound":-0.017869242263330035,"upper_bound":-0.0032372068568776095},"point_estimate":-0.010529780518608312,"standard_error":0.003733473226073132},"median":{"confidence_interval":{"confidence_level":0.95,"lower_bound":-0.0037389589221589192,"upper_bound":0.0044738446727032866},"point_estimate":0.0003297237860078184,"standard_error":0.0020148501411270748}}