{"mean":{"confidence_interval":{"confidence_level":0.95,"lower_bound":0.02508962938373614,"upper_bound":0.04962508184631332},"point_estimate":0.035867766073131246,"standard_error":0.00631492374150404},"median":{"confidence_interval":{"confidence_level":0.95,"lower_bound":0.02811585878750833,"upper_bound":0.04477671745976952},"point_estimate":0.04020178480926484,"standard_error":0.003957498619810372}}