{"mean":{"confidence_interval":{"confidence_level":0.95,"lower_bound":0.00011427057323816995,"upper_bound":0.01864150368286763},"point_estimate":0.009510797922195335,"standard_error":0.0047178576689698385},"median":{"confidence_interval":{"confidence_level":0.95,"lower_bound":-0.004518569721101984,"upper_bound":0.014497845611334048},"point_estimate":-0.00032468075594216383,"standard_error":0.005106548433165041}}