{"mean":{"confidence_interval":{"confidence_level":0.95,"lower_bound":-0.012791787889156428,"upper_bound":-0.0035598171468566946},"point_estimate":-0.008223798742782007,"standard_error":0.0023285248626659827},"median":{"confidence_interval":{"confidence_level":0.95,"lower_bound":-0.01053377990228943,"upper_bound":-0.005478495763138969},"point_estimate":-0.008106282404767184,"standard_error":0.00122059541112583}}