{"mean":{"confidence_interval":{"confidence_level":0.95,"lower_bound":423210.83999017003,"upper_bound":423570.90350911726},"point_estimate":423391.3458910708,"standard_error":91.89887624765906},"median":{"confidence_interval":{"confidence_level":0.95,"lower_bound":423245.4211538462,"upper_bound":423520.7192982456},"point_estimate":423348.375,"standard_error":78.13509897913907},"median_abs_dev":{"confidence_interval":{"confidence_level":0.95,"lower_bound":533.6366133521045,"upper_bound":913.5916810666256},"point_estimate":722.8577161061237,"standard_error":99.35650943925894},"slope":{"confidence_interval":{"confidence_level":0.95,"lower_bound":423315.08410776564,"upper_bound":423634.61787502817},"point_estimate":423470.0493527412,"standard_error":81.28673390097673},"std_dev":{"confidence_interval":{"confidence_level":0.95,"lower_bound":741.6676200409198,"upper_bound":1099.9228431840531},"point_estimate":926.0616443723777,"standard_error":91.75004452170464}}