{"mean":{"confidence_interval":{"confidence_level":0.95,"lower_bound":530370.1505051149,"upper_bound":532211.6521671916},"point_estimate":531128.3900678871,"standard_error":481.110015944999},"median":{"confidence_interval":{"confidence_level":0.95,"lower_bound":530222.8012048192,"upper_bound":530550.4892828525},"point_estimate":530339.2285353536,"standard_error":86.07634403800358},"median_abs_dev":{"confidence_interval":{"confidence_level":0.95,"lower_bound":737.1958805485111,"upper_bound":1221.9122862612921},"point_estimate":985.4098400907457,"standard_error":119.26143935395335},"slope":{"confidence_interval":{"confidence_level":0.95,"lower_bound":530462.1259691442,"upper_bound":533455.837963374},"point_estimate":531673.3445367223,"standard_error":779.0329064552648},"std_dev":{"confidence_interval":{"confidence_level":0.95,"lower_bound":1527.4549863572056,"upper_bound":7757.640444998037},"point_estimate":4833.972375863366,"standard_error":1872.6849380801227}}