{"mean":{"confidence_interval":{"confidence_level":0.95,"lower_bound":520197.4251201267,"upper_bound":521007.00725995214},"point_estimate":520540.16248418635,"standard_error":209.6102125715854},"median":{"confidence_interval":{"confidence_level":0.95,"lower_bound":520093.52227369923,"upper_bound":520452.60256410256},"point_estimate":520255.13095238095,"standard_error":82.3090982998919},"median_abs_dev":{"confidence_interval":{"confidence_level":0.95,"lower_bound":545.091682638659,"upper_bound":947.7820824884863},"point_estimate":699.4721350818959,"standard_error":99.74400576596456},"slope":{"confidence_interval":{"confidence_level":0.95,"lower_bound":520290.0345815738,"upper_bound":521097.8916315065},"point_estimate":520611.00583567313,"standard_error":211.26003870437168},"std_dev":{"confidence_interval":{"confidence_level":0.95,"lower_bound":895.5233458377551,"upper_bound":3302.9354163457283},"point_estimate":2101.052135982606,"standard_error":746.8531325514343}}