{"mean":{"confidence_interval":{"confidence_level":0.95,"lower_bound":424878.76391953614,"upper_bound":425668.1054590981},"point_estimate":425268.94992996735,"standard_error":201.60660778122423},"median":{"confidence_interval":{"confidence_level":0.95,"lower_bound":425293.63333333336,"upper_bound":425610.38975966565},"point_estimate":425486.77037037036,"standard_error":69.07766382857643},"median_abs_dev":{"confidence_interval":{"confidence_level":0.95,"lower_bound":544.3438718113724,"upper_bound":1082.6951561685235},"point_estimate":735.7543569377273,"standard_error":146.5935490830554},"slope":{"confidence_interval":{"confidence_level":0.95,"lower_bound":424390.0089238613,"upper_bound":425732.9068015918},"point_estimate":425061.14074922417,"standard_error":341.9774043078393},"std_dev":{"confidence_interval":{"confidence_level":0.95,"lower_bound":1389.439264301295,"upper_bound":2655.7331163610957},"point_estimate":2028.3293896600455,"standard_error":326.99456577853675}}