{"mean":{"confidence_interval":{"confidence_level":0.95,"lower_bound":520160.3581668849,"upper_bound":520702.2281584095},"point_estimate":520415.91176608,"standard_error":137.94883111087526},"median":{"confidence_interval":{"confidence_level":0.95,"lower_bound":519912.25705128204,"upper_bound":520447.10215053766},"point_estimate":520182.15,"standard_error":136.0782355484815},"median_abs_dev":{"confidence_interval":{"confidence_level":0.95,"lower_bound":707.3968588697932,"upper_bound":1231.391940638423},"point_estimate":930.7962120796728,"standard_error":136.02522408896587},"slope":{"confidence_interval":{"confidence_level":0.95,"lower_bound":520290.3336017544,"upper_bound":520819.5564515023},"point_estimate":520537.99549135513,"standard_error":135.3711483820664},"std_dev":{"confidence_interval":{"confidence_level":0.95,"lower_bound":913.1398656388802,"upper_bound":1830.2765673925715},"point_estimate":1382.2560065195194,"standard_error":238.05631838029478}}