{"mean":{"confidence_interval":{"confidence_level":0.95,"lower_bound":410840.85577581543,"upper_bound":413077.08774574584},"point_estimate":411651.7975337498,"standard_error":633.7524880818262},"median":{"confidence_interval":{"confidence_level":0.95,"lower_bound":410704.3,"upper_bound":410956.1916022035},"point_estimate":410836.4188596491,"standard_error":74.58151394143894},"median_abs_dev":{"confidence_interval":{"confidence_level":0.95,"lower_bound":394.11702253790696,"upper_bound":660.6190031871223},"point_estimate":557.7060442895977,"standard_error":66.13441824105328},"slope":{"confidence_interval":{"confidence_level":0.95,"lower_bound":410889.42977073515,"upper_bound":412504.7895902295},"point_estimate":411436.0159864046,"standard_error":454.0397797251969},"std_dev":{"confidence_interval":{"confidence_level":0.95,"lower_bound":554.0284161347324,"upper_bound":10784.354691551096},"point_estimate":6366.8209443160395,"standard_error":3367.78936608271}}