{"mean":{"confidence_interval":{"confidence_level":0.95,"lower_bound":458781.7784369059,"upper_bound":459343.30244447273},"point_estimate":459050.9657711611,"standard_error":143.15391720660918},"median":{"confidence_interval":{"confidence_level":0.95,"lower_bound":458327.5,"upper_bound":458863.6666666667},"point_estimate":458578.8716566005,"standard_error":128.91195570025081},"median_abs_dev":{"confidence_interval":{"confidence_level":0.95,"lower_bound":618.4857529462236,"upper_bound":1170.1124693522595},"point_estimate":937.5467770119448,"standard_error":138.09498171742177},"slope":{"confidence_interval":{"confidence_level":0.95,"lower_bound":458879.8989663712,"upper_bound":459651.8013526862},"point_estimate":459241.3681409783,"standard_error":197.47899035244038},"std_dev":{"confidence_interval":{"confidence_level":0.95,"lower_bound":1097.07437302286,"upper_bound":1761.8553201652164},"point_estimate":1438.200036727058,"standard_error":170.7644965480067}}