{"mean":{"confidence_interval":{"confidence_level":0.95,"lower_bound":527516.3230779221,"upper_bound":528264.4173777342},"point_estimate":527855.5904344684,"standard_error":191.59518130695844},"median":{"confidence_interval":{"confidence_level":0.95,"lower_bound":527234.223880597,"upper_bound":527587.6521739131},"point_estimate":527448.022606383,"standard_error":82.5352858262853},"median_abs_dev":{"confidence_interval":{"confidence_level":0.95,"lower_bound":677.0713517633822,"upper_bound":1361.023988994905},"point_estimate":1046.5015161801982,"standard_error":192.76402997328668},"slope":{"confidence_interval":{"confidence_level":0.95,"lower_bound":527636.852582559,"upper_bound":528733.9571999137},"point_estimate":528077.9512841732,"standard_error":288.6083577106299},"std_dev":{"confidence_interval":{"confidence_level":0.95,"lower_bound":1081.6089675978376,"upper_bound":2806.480100800937},"point_estimate":1926.5701714660725,"standard_error":480.0512939513096}}