{"mean":{"confidence_interval":{"confidence_level":0.95,"lower_bound":423650.7778972028,"upper_bound":424547.6557337772},"point_estimate":424018.924041994,"standard_error":233.5746103233156},"median":{"confidence_interval":{"confidence_level":0.95,"lower_bound":423644.4114404353,"upper_bound":423945.6101694915},"point_estimate":423833.51101201307,"standard_error":73.76567207569272},"median_abs_dev":{"confidence_interval":{"confidence_level":0.95,"lower_bound":598.7920016688315,"upper_bound":916.7318991659268},"point_estimate":795.6768680329917,"standard_error":78.99442087628375},"slope":{"confidence_interval":{"confidence_level":0.95,"lower_bound":423823.4349209515,"upper_bound":424284.8859816684},"point_estimate":424033.75680803903,"standard_error":117.36988232501423},"std_dev":{"confidence_interval":{"confidence_level":0.95,"lower_bound":841.2249432408458,"upper_bound":3780.9247086616133},"point_estimate":2350.0068412387395,"standard_error":925.5069718667761}}