{"mean":{"confidence_interval":{"confidence_level":0.95,"lower_bound":459414.60296820104,"upper_bound":459974.2233152231},"point_estimate":459675.1601172623,"standard_error":142.81081269204319},"median":{"confidence_interval":{"confidence_level":0.95,"lower_bound":459183.2323943662,"upper_bound":459571.0},"point_estimate":459362.0375,"standard_error":90.81918454825986},"median_abs_dev":{"confidence_interval":{"confidence_level":0.95,"lower_bound":580.8056701402693,"upper_bound":1054.9032586137764},"point_estimate":773.5300629337091,"standard_error":121.31952702022245},"slope":{"confidence_interval":{"confidence_level":0.95,"lower_bound":459339.26266498194,"upper_bound":459811.2742324855},"point_estimate":459546.21182207775,"standard_error":121.4168350721631},"std_dev":{"confidence_interval":{"confidence_level":0.95,"lower_bound":892.4711311305687,"upper_bound":1928.7576266254785},"point_estimate":1441.8226661837168,"standard_error":265.80617765690755}}