{"mean":{"confidence_interval":{"confidence_level":0.95,"lower_bound":-0.0016502026960325763,"upper_bound":0.004399595350517443},"point_estimate":0.0011428402709665608,"standard_error":0.001553732723635686},"median":{"confidence_interval":{"confidence_level":0.95,"lower_bound":-0.0012730152289356367,"upper_bound":0.003973406086831943},"point_estimate":0.0018753442837338152,"standard_error":0.001332660156775832}}