{"mean":{"confidence_interval":{"confidence_level":0.95,"lower_bound":-0.0015705235341697819,"upper_bound":0.0028566359624775544},"point_estimate":0.0006754796483037229,"standard_error":0.0011302634597559597},"median":{"confidence_interval":{"confidence_level":0.95,"lower_bound":-0.0013861547462986623,"upper_bound":0.0034025429027322307},"point_estimate":0.0011854208949011458,"standard_error":0.0013146819301819988}}