{"mean":{"confidence_interval":{"confidence_level":0.95,"lower_bound":0.006685544117507131,"upper_bound":0.01585106502873984},"point_estimate":0.01075820136318062,"standard_error":0.002374735553769766},"median":{"confidence_interval":{"confidence_level":0.95,"lower_bound":0.00635681233082952,"upper_bound":0.010791749611384738},"point_estimate":0.008533848921766118,"standard_error":0.001164123919817637}}