{"mean":{"confidence_interval":{"confidence_level":0.95,"lower_bound":0.0061729715365700655,"upper_bound":0.01024986893457143},"point_estimate":0.00812208482600063,"standard_error":0.00103061810923979},"median":{"confidence_interval":{"confidence_level":0.95,"lower_bound":0.007285019278179705,"upper_bound":0.009773227000575924},"point_estimate":0.008769639010261843,"standard_error":0.0006208481472300397}}