{"mean":{"confidence_interval":{"confidence_level":0.95,"lower_bound":-0.0032911679132789987,"upper_bound":0.00643765425310872},"point_estimate":0.0015200169998075275,"standard_error":0.0025180388740357355},"median":{"confidence_interval":{"confidence_level":0.95,"lower_bound":-0.0022433930869958374,"upper_bound":0.0030701811103880316},"point_estimate":0.0014999743888077788,"standard_error":0.0013690662124916646}}