{"mean":{"confidence_interval":{"confidence_level":0.95,"lower_bound":-0.002618184897773656,"upper_bound":0.004426647444923436},"point_estimate":0.0004358270416404686,"standard_error":0.0018207444448000453},"median":{"confidence_interval":{"confidence_level":0.95,"lower_bound":-0.004639060944023776,"upper_bound":0.00009794027197340682},"point_estimate":-0.0020409376038069693,"standard_error":0.0012041650572826414}}