{"mean":{"confidence_interval":{"confidence_level":0.95,"lower_bound":-0.03657175860186486,"upper_bound":-0.014358232796973517},"point_estimate":-0.02825722712244305,"standard_error":0.005850180590955689},"median":{"confidence_interval":{"confidence_level":0.95,"lower_bound":-0.03893298670377343,"upper_bound":-0.03486245485075423},"point_estimate":-0.03671504151849625,"standard_error":0.0010765814775860617}}