{"mean":{"confidence_interval":{"confidence_level":0.95,"lower_bound":-0.0007719657058644588,"upper_bound":0.005617998624981991},"point_estimate":0.0023376261077592275,"standard_error":0.0016175462687350055},"median":{"confidence_interval":{"confidence_level":0.95,"lower_bound":-0.0012387079129921874,"upper_bound":0.004421202410083147},"point_estimate":0.0010172395427494596,"standard_error":0.0014378890281091714}}