{"mean":{"confidence_interval":{"confidence_level":0.95,"lower_bound":0.03767090795094458,"upper_bound":0.049779101496604555},"point_estimate":0.04409177421994048,"standard_error":0.003089024459380812},"median":{"confidence_interval":{"confidence_level":0.95,"lower_bound":0.04474920127512916,"upper_bound":0.04846879407941884},"point_estimate":0.04672886011652477,"standard_error":0.000982479251149997}}