{"mean":{"confidence_interval":{"confidence_level":0.95,"lower_bound":-0.05327332900609175,"upper_bound":-0.0482334891607616},"point_estimate":-0.050743367063188494,"standard_error":0.0012755955400011632},"median":{"confidence_interval":{"confidence_level":0.95,"lower_bound":-0.05309429597026705,"upper_bound":-0.04934109610032267},"point_estimate":-0.051083331735083615,"standard_error":0.0009076495053532308}}