{"mean":{"confidence_interval":{"confidence_level":0.95,"lower_bound":0.002662183533828488,"upper_bound":0.008923451607554077},"point_estimate":0.005830758694426175,"standard_error":0.0015862827142919952},"median":{"confidence_interval":{"confidence_level":0.95,"lower_bound":0.0036921857241819915,"upper_bound":0.009682990194249896},"point_estimate":0.007141853092921702,"standard_error":0.0014932340158343763}}