{"mean":{"confidence_interval":{"confidence_level":0.95,"lower_bound":0.0006712848760329246,"upper_bound":0.006819338823553051},"point_estimate":0.0037315591446067664,"standard_error":0.0015727213672094913},"median":{"confidence_interval":{"confidence_level":0.95,"lower_bound":-0.000964710750019859,"upper_bound":0.0054821916302898455},"point_estimate":0.0025350655519256193,"standard_error":0.0016327301959584456}}