{"mean":{"confidence_interval":{"confidence_level":0.95,"lower_bound":-0.0012658056340398096,"upper_bound":0.004224612024119839},"point_estimate":0.0014762195392101773,"standard_error":0.0013891706013459417},"median":{"confidence_interval":{"confidence_level":0.95,"lower_bound":-0.0013292027501294785,"upper_bound":0.0025949274993566362},"point_estimate":0.0013766157841132998,"standard_error":0.0009856436434362292}}