{"mean":{"confidence_interval":{"confidence_level":0.95,"lower_bound":-0.013951570124295681,"upper_bound":-0.00423406718219827},"point_estimate":-0.00874222642126199,"standard_error":0.0024824504404595193},"median":{"confidence_interval":{"confidence_level":0.95,"lower_bound":-0.0069337780470545285,"upper_bound":-0.0025696732688489697},"point_estimate":-0.004553869956455681,"standard_error":0.0011005864754877995}}