{"mean":{"confidence_interval":{"confidence_level":0.95,"lower_bound":-0.005250257597427974,"upper_bound":-0.000905313808912639},"point_estimate":-0.002999011792766182,"standard_error":0.0011087407940463144},"median":{"confidence_interval":{"confidence_level":0.95,"lower_bound":-0.004956475122573467,"upper_bound":-0.0012381886950708632},"point_estimate":-0.0031784184845757846,"standard_error":0.0009433260309885157}}