{"mean":{"confidence_interval":{"confidence_level":0.95,"lower_bound":-0.006962048666353939,"upper_bound":0.002281424173665202},"point_estimate":-0.00257246979574266,"standard_error":0.002340514026659462},"median":{"confidence_interval":{"confidence_level":0.95,"lower_bound":-0.01052335984341679,"upper_bound":-0.003123521061369194},"point_estimate":-0.00568928970282101,"standard_error":0.0019382811393406924}}