{"mean":{"confidence_interval":{"confidence_level":0.95,"lower_bound":-0.5857575506921512,"upper_bound":-0.5817351213657396},"point_estimate":-0.5838370824877677,"standard_error":0.0010148353233008914},"median":{"confidence_interval":{"confidence_level":0.95,"lower_bound":-0.585982171283294,"upper_bound":-0.583902141800616},"point_estimate":-0.584985668319514,"standard_error":0.0005407172200869769}}