{"mean":{"confidence_interval":{"confidence_level":0.95,"lower_bound":-0.007537339624482969,"upper_bound":-0.0027007464875218436},"point_estimate":-0.005079997613701703,"standard_error":0.0012321080231287422},"median":{"confidence_interval":{"confidence_level":0.95,"lower_bound":-0.007580592674138353,"upper_bound":-0.0037939627119230046},"point_estimate":-0.00568687161750725,"standard_error":0.0010213479118523876}}