{"mean":{"confidence_interval":{"confidence_level":0.95,"lower_bound":0.002356926291542061,"upper_bound":0.010757127171592159},"point_estimate":0.006263653863154861,"standard_error":0.002094325322800635},"median":{"confidence_interval":{"confidence_level":0.95,"lower_bound":0.0007599534189574183,"upper_bound":0.006740748801763008},"point_estimate":0.004062133207345386,"standard_error":0.0015305279463598204}}