{"mean":{"confidence_interval":{"confidence_level":0.95,"lower_bound":-0.0052274978441832955,"upper_bound":-0.0011470093604512316},"point_estimate":-0.0032267013156531688,"standard_error":0.0010470040953901025},"median":{"confidence_interval":{"confidence_level":0.95,"lower_bound":-0.005514053279424832,"upper_bound":-0.0013702444051862939},"point_estimate":-0.0031260929423981842,"standard_error":0.0010409524134330054}}