{"mean":{"confidence_interval":{"confidence_level":0.95,"lower_bound":0.0008080953741474497,"upper_bound":0.01928039547645962},"point_estimate":0.00923758929081231,"standard_error":0.004704668125353688},"median":{"confidence_interval":{"confidence_level":0.95,"lower_bound":-0.0036009096718788713,"upper_bound":0.0024196795296536067},"point_estimate":-0.0007147366815581924,"standard_error":0.0015325054971234828}}