{"mean":{"confidence_interval":{"confidence_level":0.95,"lower_bound":-0.00016101341478813865,"upper_bound":0.007480587112881374},"point_estimate":0.0035232890930529948,"standard_error":0.0019539154586444285},"median":{"confidence_interval":{"confidence_level":0.95,"lower_bound":0.0008718779968704688,"upper_bound":0.006035089375890701},"point_estimate":0.003453068285722116,"standard_error":0.0012997254465949314}}