{"mean":{"confidence_interval":{"confidence_level":0.95,"lower_bound":-0.003967470843799924,"upper_bound":0.0034401479050961826},"point_estimate":1.137732376754741e-6,"standard_error":0.001888375358288125},"median":{"confidence_interval":{"confidence_level":0.95,"lower_bound":-0.0031466083014022764,"upper_bound":0.003700382255233725},"point_estimate":-0.0006029738068480395,"standard_error":0.0017681810782537817}}