{"mean":{"confidence_interval":{"confidence_level":0.95,"lower_bound":0.0031404549081792197,"upper_bound":0.007484807170894474},"point_estimate":0.005406307371448982,"standard_error":0.0011102456423536468},"median":{"confidence_interval":{"confidence_level":0.95,"lower_bound":0.003433463390967395,"upper_bound":0.007718513794368498},"point_estimate":0.005396911941473181,"standard_error":0.0011100907146925176}}