{"mean":{"confidence_interval":{"confidence_level":0.95,"lower_bound":-0.05656516554265594,"upper_bound":-0.036678691345647434},"point_estimate":-0.04481023128632089,"standard_error":0.005194620455930195},"median":{"confidence_interval":{"confidence_level":0.95,"lower_bound":-0.040331273720825234,"upper_bound":-0.03618675176386221},"point_estimate":-0.03862960639601276,"standard_error":0.0010461441106986843}}