{"mean":{"confidence_interval":{"confidence_level":0.95,"lower_bound":-0.004374600263431052,"upper_bound":0.0011352095833190238},"point_estimate":-0.0016578110473641772,"standard_error":0.0014040418542945346},"median":{"confidence_interval":{"confidence_level":0.95,"lower_bound":-0.003002476669162202,"upper_bound":0.002483793493244013},"point_estimate":-0.0011085463654593175,"standard_error":0.0014463766541817594}}