{"mean":{"confidence_interval":{"confidence_level":0.95,"lower_bound":-0.0025315695863918682,"upper_bound":0.004313620372446767},"point_estimate":0.000937786496779891,"standard_error":0.0017450673634154144},"median":{"confidence_interval":{"confidence_level":0.95,"lower_bound":-0.0022254964223717977,"upper_bound":0.004536622260113532},"point_estimate":0.001545007939673937,"standard_error":0.0017707355663616915}}