{"mean":{"confidence_interval":{"confidence_level":0.95,"lower_bound":0.012774972926955166,"upper_bound":0.017656610094260144},"point_estimate":0.015123000415069976,"standard_error":0.0012481118508893873},"median":{"confidence_interval":{"confidence_level":0.95,"lower_bound":0.014186236082672011,"upper_bound":0.018551669507580106},"point_estimate":0.016259725348617415,"standard_error":0.0010736898011535346}}