{"mean":{"confidence_interval":{"confidence_level":0.95,"lower_bound":-0.0020934408847262083,"upper_bound":0.0021515614289822236},"point_estimate":0.000035824200358636205,"standard_error":0.0010857691433513962},"median":{"confidence_interval":{"confidence_level":0.95,"lower_bound":-0.0018520114970834722,"upper_bound":0.0019062784806134214},"point_estimate":0.00008547651683854518,"standard_error":0.0009616912413817598}}