{"mean":{"confidence_interval":{"confidence_level":0.95,"lower_bound":0.0007781523757358262,"upper_bound":0.006786127796169899},"point_estimate":0.0038981291612691926,"standard_error":0.001538237920654915},"median":{"confidence_interval":{"confidence_level":0.95,"lower_bound":0.0011399072838135294,"upper_bound":0.007697715369401115},"point_estimate":0.004154644476552338,"standard_error":0.001690866365883188}}