{"mean":{"confidence_interval":{"confidence_level":0.95,"lower_bound":-0.004115328259031761,"upper_bound":0.0015897822999182678},"point_estimate":-0.0012005394640065559,"standard_error":0.001456015926333895},"median":{"confidence_interval":{"confidence_level":0.95,"lower_bound":-0.003914260577931428,"upper_bound":0.001474558310140761},"point_estimate":-0.0014672026980842023,"standard_error":0.0013731146563045605}}