{"mean":{"confidence_interval":{"confidence_level":0.95,"lower_bound":-0.003537001991243279,"upper_bound":0.001524479861848652},"point_estimate":-0.0009309620925718187,"standard_error":0.0013005654625436157},"median":{"confidence_interval":{"confidence_level":0.95,"lower_bound":-0.00244770744963267,"upper_bound":0.0009562644422571598},"point_estimate":-0.000700466539806821,"standard_error":0.00088659913035871}}