{"mean":{"confidence_interval":{"confidence_level":0.95,"lower_bound":-0.000028310760226356877,"upper_bound":0.008806633060584962},"point_estimate":0.004179107067760368,"standard_error":0.002217173206661461},"median":{"confidence_interval":{"confidence_level":0.95,"lower_bound":0.001213139259259366,"upper_bound":0.007912097113718763},"point_estimate":0.005065323202553262,"standard_error":0.0017373072577172393}}