{"mean":{"confidence_interval":{"confidence_level":0.95,"lower_bound":-0.012598632664423856,"upper_bound":-0.007498242504876241},"point_estimate":-0.010059542360469353,"standard_error":0.001300121495250908},"median":{"confidence_interval":{"confidence_level":0.95,"lower_bound":-0.012030633497718046,"upper_bound":-0.006518742712807835},"point_estimate":-0.009121857456464877,"standard_error":0.0014335005391248427}}