{"mean":{"confidence_interval":{"confidence_level":0.95,"lower_bound":-0.006345021254362998,"upper_bound":-0.0017185112720234852},"point_estimate":-0.004028435795805474,"standard_error":0.001181016446115805},"median":{"confidence_interval":{"confidence_level":0.95,"lower_bound":-0.007313215509787007,"upper_bound":-0.001333751462009869},"point_estimate":-0.003622990755381972,"standard_error":0.0016028354488286578}}