{"mean":{"confidence_interval":{"confidence_level":0.95,"lower_bound":-0.006908358028336294,"upper_bound":0.00015323616699316312},"point_estimate":-0.0033785804741151004,"standard_error":0.0018104383055715038},"median":{"confidence_interval":{"confidence_level":0.95,"lower_bound":-0.0037389131986753643,"upper_bound":0.001778274385107359},"point_estimate":-0.0010309587802452835,"standard_error":0.001390426444779359}}