{"mean":{"confidence_interval":{"confidence_level":0.95,"lower_bound":-0.0016331643309643784,"upper_bound":0.0043276301440058175},"point_estimate":0.001239009463282592,"standard_error":0.0015278435689282054},"median":{"confidence_interval":{"confidence_level":0.95,"lower_bound":-0.0020977666406851725,"upper_bound":0.003508409706254323},"point_estimate":0.00012343379687340672,"standard_error":0.0015656241254560532}}