{"mean":{"confidence_interval":{"confidence_level":0.95,"lower_bound":0.07717554046753747,"upper_bound":0.08380986769807774},"point_estimate":0.08044467273351197,"standard_error":0.0016985023937478184},"median":{"confidence_interval":{"confidence_level":0.95,"lower_bound":0.07914419241000603,"upper_bound":0.08669658814221726},"point_estimate":0.0828120329545925,"standard_error":0.001963421438241903}}