{"mean":{"confidence_interval":{"confidence_level":0.95,"lower_bound":0.005976187350713181,"upper_bound":0.013819637685895076},"point_estimate":0.009510478167003678,"standard_error":0.001982644998296967},"median":{"confidence_interval":{"confidence_level":0.95,"lower_bound":0.007093885636739003,"upper_bound":0.011237409776654328},"point_estimate":0.008983444038719979,"standard_error":0.00104420269665114}}