{"mean":{"confidence_interval":{"confidence_level":0.95,"lower_bound":-0.0038583782058235813,"upper_bound":0.0008481662423272582},"point_estimate":-0.001468677931116713,"standard_error":0.0011954483509062075},"median":{"confidence_interval":{"confidence_level":0.95,"lower_bound":-0.003837061839790934,"upper_bound":0.0017095602454016974},"point_estimate":-0.0007981378885548729,"standard_error":0.0014218697060945438}}