{"mean":{"confidence_interval":{"confidence_level":0.95,"lower_bound":-0.03819348752521478,"upper_bound":-0.02716404520762746},"point_estimate":-0.03320117459096994,"standard_error":0.002842219264281403},"median":{"confidence_interval":{"confidence_level":0.95,"lower_bound":-0.03712746219729557,"upper_bound":-0.031919584689156004},"point_estimate":-0.03458011175359832,"standard_error":0.0012405017207860567}}