{"mean":{"confidence_interval":{"confidence_level":0.95,"lower_bound":-0.008157673607667726,"upper_bound":0.006220911047702241},"point_estimate":-0.0019300989476338515,"standard_error":0.0036282214104297753},"median":{"confidence_interval":{"confidence_level":0.95,"lower_bound":-0.007690574459128422,"upper_bound":-0.0008014800037153824},"point_estimate":-0.004657962316503617,"standard_error":0.0017604526633037383}}