{"mean":{"confidence_interval":{"confidence_level":0.95,"lower_bound":-0.0020228068680719045,"upper_bound":0.00429545802015121},"point_estimate":0.0008424214579130229,"standard_error":0.0016319288637295305},"median":{"confidence_interval":{"confidence_level":0.95,"lower_bound":-0.002480211105960972,"upper_bound":0.0007681203617861954},"point_estimate":-0.0006902746109094249,"standard_error":0.0008137580356725237}}