{"mean":{"confidence_interval":{"confidence_level":0.95,"lower_bound":0.0028936772792426684,"upper_bound":0.009792920874604755},"point_estimate":0.005999806337545932,"standard_error":0.0017826036103017495},"median":{"confidence_interval":{"confidence_level":0.95,"lower_bound":0.003141664917531095,"upper_bound":0.00859956460723521},"point_estimate":0.006197575247993692,"standard_error":0.0014801083400564248}}