{"mean":{"confidence_interval":{"confidence_level":0.95,"lower_bound":0.0008664689721646255,"upper_bound":0.008783270815874857},"point_estimate":0.005043534148783779,"standard_error":0.0020105533917646984},"median":{"confidence_interval":{"confidence_level":0.95,"lower_bound":0.003907777261067169,"upper_bound":0.008313169430096091},"point_estimate":0.006301409937976565,"standard_error":0.0011189640216294895}}