{"mean":{"confidence_interval":{"confidence_level":0.95,"lower_bound":0.0009174957008456058,"upper_bound":0.030812262756054646},"point_estimate":0.017428965597707125,"standard_error":0.007698417295588348},"median":{"confidence_interval":{"confidence_level":0.95,"lower_bound":0.031039336859069344,"upper_bound":0.03748639405494836},"point_estimate":0.033455248702333185,"standard_error":0.0016982499545108941}}