{"mean":{"confidence_interval":{"confidence_level":0.95,"lower_bound":-0.03773027067313273,"upper_bound":-0.033423228766901444},"point_estimate":-0.03549974186404714,"standard_error":0.001101401315044081},"median":{"confidence_interval":{"confidence_level":0.95,"lower_bound":-0.03776342839957936,"upper_bound":-0.03310660349596106},"point_estimate":-0.03534400537475069,"standard_error":0.0011609708042213916}}