{"mean":{"confidence_interval":{"confidence_level":0.95,"lower_bound":0.0008389857752765745,"upper_bound":0.008249069242555534},"point_estimate":0.004628490440070188,"standard_error":0.001887141835389003},"median":{"confidence_interval":{"confidence_level":0.95,"lower_bound":0.0004331257701620135,"upper_bound":0.006583617560548952},"point_estimate":0.0037391005758535822,"standard_error":0.0015703920068017097}}