{"mean":{"confidence_interval":{"confidence_level":0.95,"lower_bound":-0.06058199298170389,"upper_bound":-0.03920843700217479},"point_estimate":-0.05001499148575583,"standard_error":0.005446479875076064},"median":{"confidence_interval":{"confidence_level":0.95,"lower_bound":-0.10009413715786697,"upper_bound":0.0032282023130225657},"point_estimate":-0.02566404536326472,"standard_error":0.04295118145360899}}