{"mean":{"confidence_interval":{"confidence_level":0.95,"lower_bound":6479.8147419079505,"upper_bound":6553.70302937813},"point_estimate":6516.3459539438245,"standard_error":18.825476618230088},"median":{"confidence_interval":{"confidence_level":0.95,"lower_bound":6487.297958194906,"upper_bound":6548.902597402597},"point_estimate":6503.8415491453,"standard_error":16.72053373777232},"median_abs_dev":{"confidence_interval":{"confidence_level":0.95,"lower_bound":125.12115184516229,"upper_bound":264.7108605699768},"point_estimate":175.39162406476845,"standard_error":34.06550381798749},"slope":{"confidence_interval":{"confidence_level":0.95,"lower_bound":6612.007605709902,"upper_bound":6690.311034907553},"point_estimate":6653.498583936752,"standard_error":20.04936476735137},"std_dev":{"confidence_interval":{"confidence_level":0.95,"lower_bound":165.4801840581997,"upper_bound":210.12663797145893},"point_estimate":189.54065147861124,"standard_error":11.40091097790969}}