{"mean":{"confidence_interval":{"confidence_level":0.95,"lower_bound":4474.350327044625,"upper_bound":4647.1397244326345},"point_estimate":4562.66096029022,"standard_error":44.06279089638696},"median":{"confidence_interval":{"confidence_level":0.95,"lower_bound":4812.206928838951,"upper_bound":4827.036180958521},"point_estimate":4819.206114202438,"standard_error":4.503106660717219},"median_abs_dev":{"confidence_interval":{"confidence_level":0.95,"lower_bound":16.29420868075742,"upper_bound":39.69710709133285},"point_estimate":23.80984033973005,"standard_error":5.74950797815329},"slope":{"confidence_interval":{"confidence_level":0.95,"lower_bound":4792.905815233014,"upper_bound":4819.067559869801},"point_estimate":4807.603093115282,"standard_error":6.654655656047924},"std_dev":{"confidence_interval":{"confidence_level":0.95,"lower_bound":385.5210666299257,"upper_bound":479.6637735160485},"point_estimate":442.3372347880267,"standard_error":24.190273855835013}}