{"mean":{"confidence_interval":{"confidence_level":0.95,"lower_bound":71284.55251976667,"upper_bound":71387.1291697274},"point_estimate":71332.34495553955,"standard_error":26.089579962136604},"median":{"confidence_interval":{"confidence_level":0.95,"lower_bound":71291.23936170213,"upper_bound":71353.06682284694},"point_estimate":71326.42035147392,"standard_error":13.985594094406224},"median_abs_dev":{"confidence_interval":{"confidence_level":0.95,"lower_bound":116.09855056120013,"upper_bound":177.29459500221168},"point_estimate":145.62715321816978,"standard_error":16.788555630440335},"slope":{"confidence_interval":{"confidence_level":0.95,"lower_bound":71320.17587513708,"upper_bound":71388.26127462444},"point_estimate":71352.4478503522,"standard_error":17.350606258974846},"std_dev":{"confidence_interval":{"confidence_level":0.95,"lower_bound":164.22354922644035,"upper_bound":370.69563396554406},"point_estimate":261.3555335515455,"standard_error":57.67614720600118}}