{"mean":{"confidence_interval":{"confidence_level":0.95,"lower_bound":90774.3946119963,"upper_bound":91204.64781495112},"point_estimate":90983.91192847244,"standard_error":109.29380263816539},"median":{"confidence_interval":{"confidence_level":0.95,"lower_bound":90782.7213483146,"upper_bound":91213.64888888889},"point_estimate":90945.3456881533,"standard_error":107.5336305833028},"median_abs_dev":{"confidence_interval":{"confidence_level":0.95,"lower_bound":633.9505108801014,"upper_bound":1224.6438506972436},"point_estimate":819.0362985828949,"standard_error":149.1277954472066},"slope":{"confidence_interval":{"confidence_level":0.95,"lower_bound":90824.58558641294,"upper_bound":91185.9770090218},"point_estimate":91001.26932170829,"standard_error":91.93728104555981},"std_dev":{"confidence_interval":{"confidence_level":0.95,"lower_bound":871.1395388686705,"upper_bound":1323.8388912281177},"point_estimate":1101.3826316706654,"standard_error":116.1563774108192}}