{"mean":{"confidence_interval":{"confidence_level":0.95,"lower_bound":79726.23676970547,"upper_bound":79899.62568197491},"point_estimate":79812.59046538103,"standard_error":44.14038093429444},"median":{"confidence_interval":{"confidence_level":0.95,"lower_bound":79771.91011235955,"upper_bound":79907.85217391304},"point_estimate":79811.36527682844,"standard_error":37.17364052510225},"median_abs_dev":{"confidence_interval":{"confidence_level":0.95,"lower_bound":265.8301913969899,"upper_bound":541.4114950399266},"point_estimate":355.7986020281394,"standard_error":74.25467975838629},"slope":{"confidence_interval":{"confidence_level":0.95,"lower_bound":79910.94626148182,"upper_bound":80037.15519949088},"point_estimate":79973.24969587705,"standard_error":32.1350589171435},"std_dev":{"confidence_interval":{"confidence_level":0.95,"lower_bound":362.08583508668175,"upper_bound":523.4358493882328},"point_estimate":443.85441772302244,"standard_error":41.32432251274864}}