{"mean":{"confidence_interval":{"confidence_level":0.95,"lower_bound":80105.50291209696,"upper_bound":80313.77003137584},"point_estimate":80207.1652851821,"standard_error":53.23587443254855},"median":{"confidence_interval":{"confidence_level":0.95,"lower_bound":80128.185,"upper_bound":80288.2734090909},"point_estimate":80213.47814285714,"standard_error":44.693357131559814},"median_abs_dev":{"confidence_interval":{"confidence_level":0.95,"lower_bound":242.85674904476087,"upper_bound":439.5666684036879},"point_estimate":336.9762383266645,"standard_error":49.99007625138961},"slope":{"confidence_interval":{"confidence_level":0.95,"lower_bound":80255.7379303261,"upper_bound":80413.09039575525},"point_estimate":80328.94385813507,"standard_error":40.18871934363062},"std_dev":{"confidence_interval":{"confidence_level":0.95,"lower_bound":406.38870763602324,"upper_bound":662.7735486877467},"point_estimate":533.706856223902,"standard_error":66.0971192205076}}