{"mean":{"confidence_interval":{"confidence_level":0.95,"lower_bound":56074.06393893975,"upper_bound":56239.18016160486},"point_estimate":56157.735486329875,"standard_error":42.151658887913044},"median":{"confidence_interval":{"confidence_level":0.95,"lower_bound":56134.18770609319,"upper_bound":56265.15292977656},"point_estimate":56204.79419482847,"standard_error":36.5077716681931},"median_abs_dev":{"confidence_interval":{"confidence_level":0.95,"lower_bound":244.933969667323,"upper_bound":491.1449367349808},"point_estimate":368.3042563739282,"standard_error":66.79959003675975},"slope":{"confidence_interval":{"confidence_level":0.95,"lower_bound":56243.64417441288,"upper_bound":56357.33972399201},"point_estimate":56299.93157036599,"standard_error":28.97897968942708},"std_dev":{"confidence_interval":{"confidence_level":0.95,"lower_bound":349.38471293298227,"upper_bound":489.5138821432768},"point_estimate":422.25712763283093,"standard_error":35.837316701101514}}