{"mean":{"confidence_interval":{"confidence_level":0.95,"lower_bound":86962.34432935202,"upper_bound":87392.62356328448},"point_estimate":87176.7850615995,"standard_error":109.97890628122869},"median":{"confidence_interval":{"confidence_level":0.95,"lower_bound":86852.80488823386,"upper_bound":87267.48256410257},"point_estimate":87053.04137931034,"standard_error":104.75464307734143},"median_abs_dev":{"confidence_interval":{"confidence_level":0.95,"lower_bound":741.1462822942615,"upper_bound":1310.1691314670413},"point_estimate":1092.1721886884754,"standard_error":137.1140541568836},"slope":{"confidence_interval":{"confidence_level":0.95,"lower_bound":87199.37921508057,"upper_bound":87569.49697203543},"point_estimate":87381.35867533619,"standard_error":94.48976244444002},"std_dev":{"confidence_interval":{"confidence_level":0.95,"lower_bound":946.631840266957,"upper_bound":1244.8784701243337},"point_estimate":1103.5377017581766,"standard_error":75.84272199578233}}