{"mean":{"confidence_interval":{"confidence_level":0.95,"lower_bound":89086.5594641602,"upper_bound":89413.80746330637},"point_estimate":89239.91744011168,"standard_error":83.6556353576414},"median":{"confidence_interval":{"confidence_level":0.95,"lower_bound":88995.33623188405,"upper_bound":89129.95342465753},"point_estimate":89080.38230337077,"standard_error":39.10342242773887},"median_abs_dev":{"confidence_interval":{"confidence_level":0.95,"lower_bound":245.06897484916854,"upper_bound":477.768649369491},"point_estimate":362.0290750338796,"standard_error":63.67977481729777},"slope":{"confidence_interval":{"confidence_level":0.95,"lower_bound":89088.75020348237,"upper_bound":89455.86365118533},"point_estimate":89242.9522287572,"standard_error":95.9329946906642},"std_dev":{"confidence_interval":{"confidence_level":0.95,"lower_bound":566.4068747535772,"upper_bound":1071.5923972016928},"point_estimate":840.9520730381829,"standard_error":128.93167871732157}}