{"mean":{"confidence_interval":{"confidence_level":0.95,"lower_bound":61636.012810252854,"upper_bound":61793.88206889686},"point_estimate":61711.02171426955,"standard_error":40.276348215337364},"median":{"confidence_interval":{"confidence_level":0.95,"lower_bound":61634.080593465675,"upper_bound":61703.974137931036},"point_estimate":61678.00301587302,"standard_error":18.376333183454612},"median_abs_dev":{"confidence_interval":{"confidence_level":0.95,"lower_bound":127.83456255246017,"upper_bound":222.3211742554387},"point_estimate":164.2044170632726,"standard_error":23.758640658405298},"slope":{"confidence_interval":{"confidence_level":0.95,"lower_bound":61739.46364499468,"upper_bound":61961.097402855296},"point_estimate":61839.42891926506,"standard_error":57.145423176775616},"std_dev":{"confidence_interval":{"confidence_level":0.95,"lower_bound":262.3928016386787,"upper_bound":530.0028568999685},"point_estimate":404.7051859960544,"standard_error":68.72190464966405}}