{"mean":{"confidence_interval":{"confidence_level":0.95,"lower_bound":60964.14814155476,"upper_bound":61184.37759675345},"point_estimate":61066.58665181769,"standard_error":56.343594921318434},"median":{"confidence_interval":{"confidence_level":0.95,"lower_bound":61004.60945273632,"upper_bound":61098.39057239057},"point_estimate":61048.82070707071,"standard_error":24.091670714426957},"median_abs_dev":{"confidence_interval":{"confidence_level":0.95,"lower_bound":156.39672346776766,"upper_bound":326.47526024443977},"point_estimate":233.86142470952032,"standard_error":47.3253770228798},"slope":{"confidence_interval":{"confidence_level":0.95,"lower_bound":61113.99862703029,"upper_bound":61232.06309939569},"point_estimate":61169.82376040589,"standard_error":30.113078652890202},"std_dev":{"confidence_interval":{"confidence_level":0.95,"lower_bound":350.7685779467574,"upper_bound":798.1330271756918},"point_estimate":566.8832117803844,"standard_error":122.45763642027782}}