{"mean":{"confidence_interval":{"confidence_level":0.95,"lower_bound":59920.8256226153,"upper_bound":60251.96687851699},"point_estimate":60061.84427449603,"standard_error":85.57542568252656},"median":{"confidence_interval":{"confidence_level":0.95,"lower_bound":59907.62142857143,"upper_bound":60029.18847899283},"point_estimate":59979.62169312169,"standard_error":28.98742673154392},"median_abs_dev":{"confidence_interval":{"confidence_level":0.95,"lower_bound":180.67676597037897,"upper_bound":318.45290047184085},"point_estimate":238.35107853437557,"standard_error":34.2187697340262},"slope":{"confidence_interval":{"confidence_level":0.95,"lower_bound":59973.84564669832,"upper_bound":60059.72678908465},"point_estimate":60016.85729323679,"standard_error":21.84494669040384},"std_dev":{"confidence_interval":{"confidence_level":0.95,"lower_bound":264.66809971638855,"upper_bound":1318.7605993091681},"point_estimate":860.8315591618641,"standard_error":285.2841552199078}}