{"mean":{"confidence_interval":{"confidence_level":0.95,"lower_bound":58340.68215921035,"upper_bound":58458.705036240695},"point_estimate":58398.71500855204,"standard_error":30.148498033153498},"median":{"confidence_interval":{"confidence_level":0.95,"lower_bound":58311.125925925924,"upper_bound":58500.75409836065},"point_estimate":58394.04988738739,"standard_error":47.40459060908914},"median_abs_dev":{"confidence_interval":{"confidence_level":0.95,"lower_bound":228.36884055091045,"upper_bound":345.2247977684727},"point_estimate":316.373474804721,"standard_error":29.652684452180125},"slope":{"confidence_interval":{"confidence_level":0.95,"lower_bound":58482.47876485911,"upper_bound":58579.81852620023},"point_estimate":58531.571562977195,"standard_error":24.767136271084187},"std_dev":{"confidence_interval":{"confidence_level":0.95,"lower_bound":240.69522930166508,"upper_bound":366.27299606071784},"point_estimate":303.8823838087252,"standard_error":32.42077065018843}}