{"mean":{"confidence_interval":{"confidence_level":0.95,"lower_bound":76902.37500104432,"upper_bound":77059.09553055574},"point_estimate":76980.36980565965,"standard_error":39.938793495215215},"median":{"confidence_interval":{"confidence_level":0.95,"lower_bound":76907.49397718793,"upper_bound":77004.09479166666},"point_estimate":76954.58643162393,"standard_error":25.80099619655007},"median_abs_dev":{"confidence_interval":{"confidence_level":0.95,"lower_bound":189.63933547937648,"upper_bound":342.17507839153495},"point_estimate":261.1047512468212,"standard_error":39.482646595241455},"slope":{"confidence_interval":{"confidence_level":0.95,"lower_bound":77012.47731236192,"upper_bound":77171.40762051212},"point_estimate":77084.68536820846,"standard_error":40.84393677079848},"std_dev":{"confidence_interval":{"confidence_level":0.95,"lower_bound":305.7753685903292,"upper_bound":489.20504780102664},"point_estimate":402.2941977335451,"standard_error":46.92262366848355}}