{"mean":{"confidence_interval":{"confidence_level":0.95,"lower_bound":58549.29569772687,"upper_bound":58971.94873584453},"point_estimate":58731.88031965232,"standard_error":109.0178785016436},"median":{"confidence_interval":{"confidence_level":0.95,"lower_bound":58529.36666666667,"upper_bound":58630.931818181816},"point_estimate":58578.813870269514,"standard_error":27.67486548309378},"median_abs_dev":{"confidence_interval":{"confidence_level":0.95,"lower_bound":199.59656583145224,"upper_bound":370.1961846444366},"point_estimate":263.8820816608401,"standard_error":42.61028018858809},"slope":{"confidence_interval":{"confidence_level":0.95,"lower_bound":58715.68400275856,"upper_bound":59220.818160367206},"point_estimate":58934.884781537854,"standard_error":130.66865039989185},"std_dev":{"confidence_interval":{"confidence_level":0.95,"lower_bound":423.1655336475463,"upper_bound":1686.4434780734484},"point_estimate":1097.6684203961959,"standard_error":343.1487204837735}}