{"mean":{"confidence_interval":{"confidence_level":0.95,"lower_bound":58278.71715253922,"upper_bound":58937.93218838454},"point_estimate":58517.473204736365,"standard_error":192.14942345398387},"median":{"confidence_interval":{"confidence_level":0.95,"lower_bound":58304.63117283951,"upper_bound":58462.00497512438},"point_estimate":58384.90260595647,"standard_error":41.93566414733927},"median_abs_dev":{"confidence_interval":{"confidence_level":0.95,"lower_bound":201.6128126079317,"upper_bound":380.14256523453423},"point_estimate":291.5101994157249,"standard_error":46.60609401296625},"slope":{"confidence_interval":{"confidence_level":0.95,"lower_bound":58446.63965803339,"upper_bound":60220.31201316092},"point_estimate":59023.92156938082,"standard_error":529.2391676181536},"std_dev":{"confidence_interval":{"confidence_level":0.95,"lower_bound":282.5277190989219,"upper_bound":3271.0551017578437},"point_estimate":1921.9711790281387,"standard_error":1055.029620432222}}