{"mean":{"confidence_interval":{"confidence_level":0.95,"lower_bound":55703.633868509605,"upper_bound":56067.160260012366},"point_estimate":55862.02181331904,"standard_error":93.34337306730914},"median":{"confidence_interval":{"confidence_level":0.95,"lower_bound":55808.27380952381,"upper_bound":55965.84967320262},"point_estimate":55909.89569160998,"standard_error":43.511167312489725},"median_abs_dev":{"confidence_interval":{"confidence_level":0.95,"lower_bound":327.146167437959,"upper_bound":588.5780408790926},"point_estimate":447.7560147979904,"standard_error":68.40810151419367},"slope":{"confidence_interval":{"confidence_level":0.95,"lower_bound":55895.45046809057,"upper_bound":56052.03654920421},"point_estimate":55974.35805526821,"standard_error":39.9460257266811},"std_dev":{"confidence_interval":{"confidence_level":0.95,"lower_bound":481.8315330879725,"upper_bound":1441.7077153537568},"point_estimate":937.5236302927509,"standard_error":303.2516641175418}}