{"mean":{"confidence_interval":{"confidence_level":0.95,"lower_bound":56198.90894471914,"upper_bound":56415.04184782466},"point_estimate":56306.258296113025,"standard_error":55.22979104102623},"median":{"confidence_interval":{"confidence_level":0.95,"lower_bound":56296.08024691358,"upper_bound":56444.758675750476},"point_estimate":56358.25198412698,"standard_error":41.1297994362075},"median_abs_dev":{"confidence_interval":{"confidence_level":0.95,"lower_bound":237.6342868347012,"upper_bound":474.9767694154034},"point_estimate":357.32600865619224,"standard_error":61.50075186939905},"slope":{"confidence_interval":{"confidence_level":0.95,"lower_bound":56454.615438522145,"upper_bound":56586.26989293244},"point_estimate":56519.679200531995,"standard_error":33.51168930379194},"std_dev":{"confidence_interval":{"confidence_level":0.95,"lower_bound":424.538743215585,"upper_bound":677.9483423799365},"point_estimate":555.1665637643623,"standard_error":65.0049586931782}}