{"mean":{"confidence_interval":{"confidence_level":0.95,"lower_bound":62401.08947731088,"upper_bound":62608.43761046889},"point_estimate":62502.10780297756,"standard_error":52.84954162521613},"median":{"confidence_interval":{"confidence_level":0.95,"lower_bound":62379.75,"upper_bound":62582.28754578755},"point_estimate":62492.3590458082,"standard_error":53.68283970802757},"median_abs_dev":{"confidence_interval":{"confidence_level":0.95,"lower_bound":294.1248497892141,"upper_bound":493.9631283795486},"point_estimate":390.41729314769464,"standard_error":48.1818257134046},"slope":{"confidence_interval":{"confidence_level":0.95,"lower_bound":62618.43855929403,"upper_bound":62839.33646655482},"point_estimate":62718.28727402591,"standard_error":56.66798227516743},"std_dev":{"confidence_interval":{"confidence_level":0.95,"lower_bound":404.2426950158004,"upper_bound":647.7961862451583},"point_estimate":531.7704736102395,"standard_error":62.57879007610878}}