{"mean":{"confidence_interval":{"confidence_level":0.95,"lower_bound":82604.4924721452,"upper_bound":82894.43545013246},"point_estimate":82732.73630613912,"standard_error":74.30526771532989},"median":{"confidence_interval":{"confidence_level":0.95,"lower_bound":82632.6780487805,"upper_bound":82734.65714285715},"point_estimate":82673.77844551281,"standard_error":28.452405027804545},"median_abs_dev":{"confidence_interval":{"confidence_level":0.95,"lower_bound":216.8743195415288,"upper_bound":362.62969779281127},"point_estimate":287.744693575722,"standard_error":37.240582740674284},"slope":{"confidence_interval":{"confidence_level":0.95,"lower_bound":82755.37194059989,"upper_bound":83088.91898080088},"point_estimate":82886.13235052461,"standard_error":88.40108370465492},"std_dev":{"confidence_interval":{"confidence_level":0.95,"lower_bound":379.55567586228034,"upper_bound":1139.5704137828552},"point_estimate":748.0514435668691,"standard_error":230.01287822922498}}