{"mean":{"confidence_interval":{"confidence_level":0.95,"lower_bound":79676.26835139967,"upper_bound":79877.36187309223},"point_estimate":79774.85350380953,"standard_error":51.21954579993902},"median":{"confidence_interval":{"confidence_level":0.95,"lower_bound":79689.2488372093,"upper_bound":79837.53005420054},"point_estimate":79769.16938405798,"standard_error":39.752867313435736},"median_abs_dev":{"confidence_interval":{"confidence_level":0.95,"lower_bound":251.10449718608214,"upper_bound":463.84548142224213},"point_estimate":324.330157908659,"standard_error":54.01676810735294},"slope":{"confidence_interval":{"confidence_level":0.95,"lower_bound":79828.80447741995,"upper_bound":80049.22377495599},"point_estimate":79922.87896202157,"standard_error":57.45443218152568},"std_dev":{"confidence_interval":{"confidence_level":0.95,"lower_bound":398.7058456641001,"upper_bound":619.509822954011},"point_estimate":513.1793846158064,"standard_error":56.619405769076586}}