{"mean":{"confidence_interval":{"confidence_level":0.95,"lower_bound":82614.75639588601,"upper_bound":82822.2252159201},"point_estimate":82717.34030637082,"standard_error":52.78359439659186},"median":{"confidence_interval":{"confidence_level":0.95,"lower_bound":82666.45318181819,"upper_bound":82759.25284423179},"point_estimate":82697.08545454545,"standard_error":26.162327271183965},"median_abs_dev":{"confidence_interval":{"confidence_level":0.95,"lower_bound":212.85837518552574,"upper_bound":366.5234611605879},"point_estimate":286.68309282659845,"standard_error":39.04934219757106},"slope":{"confidence_interval":{"confidence_level":0.95,"lower_bound":82746.36257372775,"upper_bound":82856.26545868846},"point_estimate":82798.78294428845,"standard_error":28.114154375415104},"std_dev":{"confidence_interval":{"confidence_level":0.95,"lower_bound":402.24910147089145,"upper_bound":641.6749444650253},"point_estimate":527.3777016046396,"standard_error":61.26811789777185}}