{"mean":{"confidence_interval":{"confidence_level":0.95,"lower_bound":82777.78616404154,"upper_bound":83288.427836895},"point_estimate":82972.25626862117,"standard_error":138.12095854444232},"median":{"confidence_interval":{"confidence_level":0.95,"lower_bound":82771.75862068965,"upper_bound":82919.22682926829},"point_estimate":82845.9016101695,"standard_error":37.968289754397006},"median_abs_dev":{"confidence_interval":{"confidence_level":0.95,"lower_bound":220.15174902457198,"upper_bound":407.4095119978036},"point_estimate":298.4449416944483,"standard_error":49.50428312864203},"slope":{"confidence_interval":{"confidence_level":0.95,"lower_bound":82905.93474405717,"upper_bound":83051.08801702749},"point_estimate":82975.69955962761,"standard_error":36.95258734091514},"std_dev":{"confidence_interval":{"confidence_level":0.95,"lower_bound":350.86630284185213,"upper_bound":2310.1077145324657},"point_estimate":1385.5299991554903,"standard_error":664.2740363168483}}