{"mean":{"confidence_interval":{"confidence_level":0.95,"lower_bound":79759.46988518369,"upper_bound":79924.29235732455},"point_estimate":79839.9043579271,"standard_error":41.75148547964327},"median":{"confidence_interval":{"confidence_level":0.95,"lower_bound":79790.60714285713,"upper_bound":79924.71756425948},"point_estimate":79840.64022988506,"standard_error":35.067164727800346},"median_abs_dev":{"confidence_interval":{"confidence_level":0.95,"lower_bound":217.06458383864296,"upper_bound":377.02274741604464},"point_estimate":276.3719317600806,"standard_error":39.090570418546704},"slope":{"confidence_interval":{"confidence_level":0.95,"lower_bound":79881.99513860134,"upper_bound":80018.84972598843},"point_estimate":79945.04811762967,"standard_error":35.036491600516754},"std_dev":{"confidence_interval":{"confidence_level":0.95,"lower_bound":320.4405396450735,"upper_bound":514.1794467867588},"point_estimate":419.5734316427234,"standard_error":49.876227636592894}}