{"mean":{"confidence_interval":{"confidence_level":0.95,"lower_bound":71779.24272043526,"upper_bound":71869.42814486199},"point_estimate":71824.47939694622,"standard_error":22.982795801474904},"median":{"confidence_interval":{"confidence_level":0.95,"lower_bound":71741.10784313726,"upper_bound":71874.44409430439},"point_estimate":71837.13232554201,"standard_error":38.36485152283271},"median_abs_dev":{"confidence_interval":{"confidence_level":0.95,"lower_bound":188.77164031179404,"upper_bound":289.4167475234875},"point_estimate":242.00346301523882,"standard_error":26.508620988008538},"slope":{"confidence_interval":{"confidence_level":0.95,"lower_bound":71797.2525723484,"upper_bound":71889.21418765005},"point_estimate":71842.35001231467,"standard_error":23.470060324785216},"std_dev":{"confidence_interval":{"confidence_level":0.95,"lower_bound":199.6244205206286,"upper_bound":258.90186638014853},"point_estimate":230.72142771756532,"standard_error":15.08461000129098}}