{"mean":{"confidence_interval":{"confidence_level":0.95,"lower_bound":61080.07683115683,"upper_bound":61500.09352611967},"point_estimate":61259.063980459556,"standard_error":108.28279532575296},"median":{"confidence_interval":{"confidence_level":0.95,"lower_bound":61068.22463768116,"upper_bound":61171.8667211329},"point_estimate":61115.187300607184,"standard_error":28.268206765889218},"median_abs_dev":{"confidence_interval":{"confidence_level":0.95,"lower_bound":193.52890376114178,"upper_bound":391.9444197702795},"point_estimate":281.99283080742396,"standard_error":51.53864380830513},"slope":{"confidence_interval":{"confidence_level":0.95,"lower_bound":61233.22453428111,"upper_bound":61718.535067171484},"point_estimate":61436.453069799514,"standard_error":125.01333207386381},"std_dev":{"confidence_interval":{"confidence_level":0.95,"lower_bound":395.7578684440884,"upper_bound":1678.8539128895068},"point_estimate":1086.3575017065004,"standard_error":345.25738370595997}}