{"mean":{"confidence_interval":{"confidence_level":0.95,"lower_bound":61556.67598987694,"upper_bound":61650.539855693125},"point_estimate":61604.19745875635,"standard_error":23.912420599559557},"median":{"confidence_interval":{"confidence_level":0.95,"lower_bound":61582.23898821091,"upper_bound":61665.29213483146},"point_estimate":61633.26815852924,"standard_error":21.67959716646238},"median_abs_dev":{"confidence_interval":{"confidence_level":0.95,"lower_bound":159.73440896298587,"upper_bound":263.15923003749555},"point_estimate":191.30932828750935,"standard_error":26.27772532482317},"slope":{"confidence_interval":{"confidence_level":0.95,"lower_bound":61628.24372119514,"upper_bound":61707.11050370961},"point_estimate":61666.301679227625,"standard_error":20.146997583301467},"std_dev":{"confidence_interval":{"confidence_level":0.95,"lower_bound":200.56192112006272,"upper_bound":279.40889513790785},"point_estimate":241.09409999474207,"standard_error":20.213744844141214}}