{"mean":{"confidence_interval":{"confidence_level":0.95,"lower_bound":76987.9110820022,"upper_bound":77151.0465578146},"point_estimate":77068.09367325729,"standard_error":41.620087776321505},"median":{"confidence_interval":{"confidence_level":0.95,"lower_bound":77030.3111111111,"upper_bound":77153.66091954023},"point_estimate":77090.36896097046,"standard_error":32.75012528973881},"median_abs_dev":{"confidence_interval":{"confidence_level":0.95,"lower_bound":184.86903119873563,"upper_bound":383.2431300241429},"point_estimate":300.13251481651236,"standard_error":51.205873050165614},"slope":{"confidence_interval":{"confidence_level":0.95,"lower_bound":77112.2498500242,"upper_bound":77303.90269648035},"point_estimate":77191.77692724497,"standard_error":50.01598382257665},"std_dev":{"confidence_interval":{"confidence_level":0.95,"lower_bound":318.3175709757064,"upper_bound":523.7369453527167},"point_estimate":418.8355210901871,"standard_error":53.182144810088964}}