{"mean":{"confidence_interval":{"confidence_level":0.95,"lower_bound":62624.915266131495,"upper_bound":63213.36496492334},"point_estimate":62849.2332513243,"standard_error":158.77928457602593},"median":{"confidence_interval":{"confidence_level":0.95,"lower_bound":62633.854736260706,"upper_bound":62738.183673469386},"point_estimate":62700.1970862315,"standard_error":24.937016021894568},"median_abs_dev":{"confidence_interval":{"confidence_level":0.95,"lower_bound":222.64939103293466,"upper_bound":418.63007347692195},"point_estimate":300.8673592221694,"standard_error":49.4866691735268},"slope":{"confidence_interval":{"confidence_level":0.95,"lower_bound":62739.64696689283,"upper_bound":62837.24320926148},"point_estimate":62787.719437466134,"standard_error":24.82173453709629},"std_dev":{"confidence_interval":{"confidence_level":0.95,"lower_bound":347.51780050688546,"upper_bound":2664.0472764383703},"point_estimate":1598.4645458391042,"standard_error":760.9492876201737}}