{"mean":{"confidence_interval":{"confidence_level":0.95,"lower_bound":311844.1793338483,"upper_bound":314510.5198722289},"point_estimate":313049.39654823975,"standard_error":685.4838327897679},"median":{"confidence_interval":{"confidence_level":0.95,"lower_bound":310593.0268817204,"upper_bound":310773.5230769231},"point_estimate":310662.049081658,"standard_error":40.939736439423314},"median_abs_dev":{"confidence_interval":{"confidence_level":0.95,"lower_bound":186.643411860017,"upper_bound":404.20902397770124},"point_estimate":261.1374542944786,"standard_error":52.354701900466175},"slope":{"confidence_interval":{"confidence_level":0.95,"lower_bound":313608.9248859951,"upper_bound":319045.41601286904},"point_estimate":316161.11673415103,"standard_error":1397.7225668550466},"std_dev":{"confidence_interval":{"confidence_level":0.95,"lower_bound":3494.33912567065,"upper_bound":9804.766734433},"point_estimate":6942.292720006783,"standard_error":1625.0871772713895}}