{"mean":{"confidence_interval":{"confidence_level":0.95,"lower_bound":310831.0516973886,"upper_bound":311843.07795298577},"point_estimate":311252.7182871595,"standard_error":263.8256957709735},"median":{"confidence_interval":{"confidence_level":0.95,"lower_bound":310707.92045454547,"upper_bound":310818.95531914895},"point_estimate":310761.87989973946,"standard_error":25.975576129621405},"median_abs_dev":{"confidence_interval":{"confidence_level":0.95,"lower_bound":183.39408323862065,"upper_bound":301.8141864317255},"point_estimate":241.97848152835314,"standard_error":27.178736449173893},"slope":{"confidence_interval":{"confidence_level":0.95,"lower_bound":310819.2915214869,"upper_bound":312222.7659791036},"point_estimate":311305.6130656125,"standard_error":390.4770928018201},"std_dev":{"confidence_interval":{"confidence_level":0.95,"lower_bound":381.59583691701454,"upper_bound":4191.02013560426},"point_estimate":2664.5810729242235,"standard_error":982.287023994645}}