{"mean":{"confidence_interval":{"confidence_level":0.95,"lower_bound":311154.9636632798,"upper_bound":313503.20697057847},"point_estimate":312199.6662594455,"standard_error":603.5398770289478},"median":{"confidence_interval":{"confidence_level":0.95,"lower_bound":310613.0153985507,"upper_bound":310751.98863636365},"point_estimate":310669.69313186815,"standard_error":31.7628937845613},"median_abs_dev":{"confidence_interval":{"confidence_level":0.95,"lower_bound":169.6725333265097,"upper_bound":345.9678745641449},"point_estimate":234.73678608315794,"standard_error":42.56052836458795},"slope":{"confidence_interval":{"confidence_level":0.95,"lower_bound":311408.741665184,"upper_bound":315879.554103981},"point_estimate":313488.49084601743,"standard_error":1149.6739579894163},"std_dev":{"confidence_interval":{"confidence_level":0.95,"lower_bound":2732.0856112223305,"upper_bound":8549.496182604806},"point_estimate":6065.678456753799,"standard_error":1478.558590657814}}