{"mean":{"confidence_interval":{"confidence_level":0.95,"lower_bound":312020.21491483063,"upper_bound":315202.8420017773},"point_estimate":313374.4631256071,"standard_error":815.8927283323636},"median":{"confidence_interval":{"confidence_level":0.95,"lower_bound":311256.0424107143,"upper_bound":311479.595},"point_estimate":311318.3862639554,"standard_error":48.8545522751959},"median_abs_dev":{"confidence_interval":{"confidence_level":0.95,"lower_bound":282.33746477116784,"upper_bound":493.78778350627755},"point_estimate":353.87604467901787,"standard_error":50.73468319172538},"slope":{"confidence_interval":{"confidence_level":0.95,"lower_bound":312036.9885220837,"upper_bound":316647.69192697946},"point_estimate":314001.1161777745,"standard_error":1193.7971939462293},"std_dev":{"confidence_interval":{"confidence_level":0.95,"lower_bound":3088.8214797997666,"upper_bound":12584.43637673434},"point_estimate":8114.324360839038,"standard_error":2585.840544755847}}