{"mean":{"confidence_interval":{"confidence_level":0.95,"lower_bound":216408.76612085477,"upper_bound":217552.97094084558},"point_estimate":216921.64586832243,"standard_error":293.60089006741777},"median":{"confidence_interval":{"confidence_level":0.95,"lower_bound":215961.97692307693,"upper_bound":216140.20569846954},"point_estimate":216030.27704517706,"standard_error":50.22147090468938},"median_abs_dev":{"confidence_interval":{"confidence_level":0.95,"lower_bound":212.34641121192706,"upper_bound":422.60374575243924},"point_estimate":296.39714673424385,"standard_error":55.67729486337854},"slope":{"confidence_interval":{"confidence_level":0.95,"lower_bound":216921.98952817646,"upper_bound":219558.96076254343},"point_estimate":218152.86218531107,"standard_error":677.7474381712132},"std_dev":{"confidence_interval":{"confidence_level":0.95,"lower_bound":1515.597264188602,"upper_bound":4167.70856644688},"point_estimate":2948.801085946073,"standard_error":686.803002160553}}