{"mean":{"confidence_interval":{"confidence_level":0.95,"lower_bound":218739.51168539218,"upper_bound":225062.48482032263},"point_estimate":221620.49159788655,"standard_error":1621.6382268243872},"median":{"confidence_interval":{"confidence_level":0.95,"lower_bound":216037.17916666667,"upper_bound":216311.7700622524},"point_estimate":216138.08808493096,"standard_error":65.67404510510961},"median_abs_dev":{"confidence_interval":{"confidence_level":0.95,"lower_bound":255.86613478960925,"upper_bound":575.993337986324},"point_estimate":402.9431235649883,"standard_error":80.28608984633631},"slope":{"confidence_interval":{"confidence_level":0.95,"lower_bound":217144.84405644485,"upper_bound":221385.14384506075},"point_estimate":218958.97072912665,"standard_error":1082.1070321010409},"std_dev":{"confidence_interval":{"confidence_level":0.95,"lower_bound":8798.50021911176,"upper_bound":22520.78636496033},"point_estimate":16424.797003966512,"standard_error":3486.5056725250925}}