{"mean":{"confidence_interval":{"confidence_level":0.95,"lower_bound":351606.39722376404,"upper_bound":353013.30853692757},"point_estimate":352111.3045351489,"standard_error":411.6145173142739},"median":{"confidence_interval":{"confidence_level":0.95,"lower_bound":351433.7988505747,"upper_bound":351599.28571428574},"point_estimate":351506.8847883598,"standard_error":48.03330327104603},"median_abs_dev":{"confidence_interval":{"confidence_level":0.95,"lower_bound":213.18237190153158,"upper_bound":431.521253679553},"point_estimate":298.11416410134603,"standard_error":52.038543186264775},"slope":{"confidence_interval":{"confidence_level":0.95,"lower_bound":351596.6436592609,"upper_bound":353501.07770930295},"point_estimate":352242.39476577507,"standard_error":536.1825422576169},"std_dev":{"confidence_interval":{"confidence_level":0.95,"lower_bound":477.90666129607695,"upper_bound":7038.71309812943},"point_estimate":4137.76191232362,"standard_error":2282.267825702663}}