{"mean":{"confidence_interval":{"confidence_level":0.95,"lower_bound":310913.98327301216,"upper_bound":311231.62077498547},"point_estimate":311056.73355963384,"standard_error":81.21145681036505},"median":{"confidence_interval":{"confidence_level":0.95,"lower_bound":310749.0053475936,"upper_bound":310958.0796703297},"point_estimate":310832.07666666666,"standard_error":54.59746437109265},"median_abs_dev":{"confidence_interval":{"confidence_level":0.95,"lower_bound":254.9354053018905,"upper_bound":474.26830480112676},"point_estimate":331.8432799361459,"standard_error":55.57027110946785},"slope":{"confidence_interval":{"confidence_level":0.95,"lower_bound":310916.8532438464,"upper_bound":311242.69640107127},"point_estimate":311056.3184889907,"standard_error":83.92748399515419},"std_dev":{"confidence_interval":{"confidence_level":0.95,"lower_bound":420.8013680020542,"upper_bound":1198.3431340383725},"point_estimate":817.3286066585775,"standard_error":208.51763840640845}}