{"mean":{"confidence_interval":{"confidence_level":0.95,"lower_bound":312660.8434975691,"upper_bound":317293.8536657971},"point_estimate":314675.5710501951,"standard_error":1190.3597800853538},"median":{"confidence_interval":{"confidence_level":0.95,"lower_bound":310724.44814311597,"upper_bound":310901.76856203005},"point_estimate":310761.58476744185,"standard_error":47.25713292147426},"median_abs_dev":{"confidence_interval":{"confidence_level":0.95,"lower_bound":174.61469686773472,"upper_bound":426.1952623677794},"point_estimate":255.36087758479812,"standard_error":62.575645841163386},"slope":{"confidence_interval":{"confidence_level":0.95,"lower_bound":312347.6924074744,"upper_bound":317370.36683653813},"point_estimate":314721.067620068,"standard_error":1291.591033195406},"std_dev":{"confidence_interval":{"confidence_level":0.95,"lower_bound":5675.808939465008,"upper_bound":18054.74970353564},"point_estimate":11950.069415330523,"standard_error":3591.532446329334}}