{"mean":{"confidence_interval":{"confidence_level":0.95,"lower_bound":310757.9902898496,"upper_bound":310976.012339352},"point_estimate":310853.7433100648,"standard_error":55.96156788212496},"median":{"confidence_interval":{"confidence_level":0.95,"lower_bound":310654.25,"upper_bound":310765.05147058825},"point_estimate":310694.7928118393,"standard_error":24.860117573521354},"median_abs_dev":{"confidence_interval":{"confidence_level":0.95,"lower_bound":142.82807419512554,"upper_bound":279.48262283536945},"point_estimate":188.62760389520545,"standard_error":35.01445457473937},"slope":{"confidence_interval":{"confidence_level":0.95,"lower_bound":310733.76035119203,"upper_bound":310868.06792182615},"point_estimate":310793.6207403576,"standard_error":34.37183383957765},"std_dev":{"confidence_interval":{"confidence_level":0.95,"lower_bound":277.5802547932804,"upper_bound":833.6012884541128},"point_estimate":559.6823479966299,"standard_error":156.04783797983046}}