{"mean":{"confidence_interval":{"confidence_level":0.95,"lower_bound":311262.6572705043,"upper_bound":311578.1558366715},"point_estimate":311399.8181029329,"standard_error":81.35712468625798},"median":{"confidence_interval":{"confidence_level":0.95,"lower_bound":311160.96341463417,"upper_bound":311293.26623989217},"point_estimate":311236.11972402595,"standard_error":32.826759409270736},"median_abs_dev":{"confidence_interval":{"confidence_level":0.95,"lower_bound":156.9410738383212,"upper_bound":265.398368038206},"point_estimate":202.76996482789895,"standard_error":28.802070945610208},"slope":{"confidence_interval":{"confidence_level":0.95,"lower_bound":311266.763271114,"upper_bound":311983.6342455342},"point_estimate":311563.65673784545,"standard_error":188.34966222074192},"std_dev":{"confidence_interval":{"confidence_level":0.95,"lower_bound":335.1816294297635,"upper_bound":1240.592921266794},"point_estimate":822.2247932087546,"standard_error":238.25860417311546}}