{"mean":{"confidence_interval":{"confidence_level":0.95,"lower_bound":310619.969105623,"upper_bound":310786.9477546515},"point_estimate":310695.5365217133,"standard_error":42.49017001018919},"median":{"confidence_interval":{"confidence_level":0.95,"lower_bound":310578.88636363635,"upper_bound":310630.21320346324},"point_estimate":310601.9511513158,"standard_error":15.472759516445967},"median_abs_dev":{"confidence_interval":{"confidence_level":0.95,"lower_bound":90.90191088616848,"upper_bound":157.44157719689875},"point_estimate":118.66094789334089,"standard_error":16.766623747532066},"slope":{"confidence_interval":{"confidence_level":0.95,"lower_bound":310635.44110331114,"upper_bound":310922.41895508475},"point_estimate":310758.38206295256,"standard_error":73.74252511352893},"std_dev":{"confidence_interval":{"confidence_level":0.95,"lower_bound":224.32735876869688,"upper_bound":591.0779083215638},"point_estimate":425.6008153338016,"standard_error":93.06499717585096}}