{"mean":{"confidence_interval":{"confidence_level":0.95,"lower_bound":311872.58270421455,"upper_bound":314551.8397045996},"point_estimate":313057.69717870397,"standard_error":686.3317160038532},"median":{"confidence_interval":{"confidence_level":0.95,"lower_bound":310747.55578252673,"upper_bound":310981.7197793149},"point_estimate":310850.24248281785,"standard_error":56.43138546689718},"median_abs_dev":{"confidence_interval":{"confidence_level":0.95,"lower_bound":248.31377377760768,"upper_bound":598.9840162041509},"point_estimate":390.6456422080627,"standard_error":84.13461954917848},"slope":{"confidence_interval":{"confidence_level":0.95,"lower_bound":312118.4021726173,"upper_bound":316136.6604085908},"point_estimate":313886.3153650066,"standard_error":1031.563357565934},"std_dev":{"confidence_interval":{"confidence_level":0.95,"lower_bound":3548.3935280026403,"upper_bound":10015.915576366671},"point_estimate":6872.166292225669,"standard_error":1763.8133011179696}}