{"mean":{"confidence_interval":{"confidence_level":0.95,"lower_bound":311022.3032933229,"upper_bound":311241.06660386495},"point_estimate":311126.9840874837,"standard_error":55.82376750148895},"median":{"confidence_interval":{"confidence_level":0.95,"lower_bound":310883.4955357143,"upper_bound":311118.75},"point_estimate":311010.7170218894,"standard_error":57.83755763333211},"median_abs_dev":{"confidence_interval":{"confidence_level":0.95,"lower_bound":343.2945493006157,"upper_bound":586.8424169376484},"point_estimate":438.38340425234827,"standard_error":62.265611437875016},"slope":{"confidence_interval":{"confidence_level":0.95,"lower_bound":311012.99580167595,"upper_bound":311214.5959964232},"point_estimate":311107.7164053495,"standard_error":51.35083146871893},"std_dev":{"confidence_interval":{"confidence_level":0.95,"lower_bound":426.49302033718755,"upper_bound":681.3217481633582},"point_estimate":560.1231677262791,"standard_error":65.32313308809547}}