{"mean":{"confidence_interval":{"confidence_level":0.95,"lower_bound":216229.03057189847,"upper_bound":216435.22356498818},"point_estimate":216326.5999729527,"standard_error":52.93871257250753},"median":{"confidence_interval":{"confidence_level":0.95,"lower_bound":216105.23243243244,"upper_bound":216228.5413774501},"point_estimate":216151.81835164834,"standard_error":29.209127081679167},"median_abs_dev":{"confidence_interval":{"confidence_level":0.95,"lower_bound":194.27257275786948,"upper_bound":330.2269684962794},"point_estimate":258.7652641016487,"standard_error":33.14980326010475},"slope":{"confidence_interval":{"confidence_level":0.95,"lower_bound":216236.80705096968,"upper_bound":216534.2064655876},"point_estimate":216377.15143786022,"standard_error":76.28191619132194},"std_dev":{"confidence_interval":{"confidence_level":0.95,"lower_bound":380.6725780007251,"upper_bound":660.9585225438274},"point_estimate":530.938936367273,"standard_error":71.660172977071}}