{"mean":{"confidence_interval":{"confidence_level":0.95,"lower_bound":311711.387448573,"upper_bound":314792.42835171724},"point_estimate":313093.993420845,"standard_error":794.0686990508626},"median":{"confidence_interval":{"confidence_level":0.95,"lower_bound":310640.61475409835,"upper_bound":310739.26344476745},"point_estimate":310687.3315081352,"standard_error":24.94812900133185},"median_abs_dev":{"confidence_interval":{"confidence_level":0.95,"lower_bound":122.45583909910883,"upper_bound":255.32059174988356},"point_estimate":173.72040870320225,"standard_error":33.29252016634875},"slope":{"confidence_interval":{"confidence_level":0.95,"lower_bound":313392.14898148517,"upper_bound":320773.7715019536},"point_estimate":316876.1153236294,"standard_error":1899.9467001099326},"std_dev":{"confidence_interval":{"confidence_level":0.95,"lower_bound":3573.9230612953415,"upper_bound":11184.271183942448},"point_estimate":7955.062626160777,"standard_error":1915.4940321171275}}