{"mean":{"confidence_interval":{"confidence_level":0.95,"lower_bound":310733.6952319918,"upper_bound":311468.42423537886},"point_estimate":311010.2673577537,"standard_error":199.52004890113233},"median":{"confidence_interval":{"confidence_level":0.95,"lower_bound":310657.9325,"upper_bound":310733.68518518517},"point_estimate":310695.6519933555,"standard_error":20.425507698086214},"median_abs_dev":{"confidence_interval":{"confidence_level":0.95,"lower_bound":134.3350926530673,"upper_bound":226.58853520507262},"point_estimate":184.33641001061974,"standard_error":25.039505218634574},"slope":{"confidence_interval":{"confidence_level":0.95,"lower_bound":310787.3062900582,"upper_bound":311979.8285785422},"point_estimate":311228.09138909413,"standard_error":324.2687392999882},"std_dev":{"confidence_interval":{"confidence_level":0.95,"lower_bound":384.2896022952463,"upper_bound":3337.432283918451},"point_estimate":1999.3075108890862,"standard_error":963.6452450853409}}