{"mean":{"confidence_interval":{"confidence_level":0.95,"lower_bound":311439.995247912,"upper_bound":314063.16851325525},"point_estimate":312613.45762643026,"standard_error":676.5006323210935},"median":{"confidence_interval":{"confidence_level":0.95,"lower_bound":310767.1331925243,"upper_bound":310899.1548840507},"point_estimate":310848.4864603482,"standard_error":31.82012961695569},"median_abs_dev":{"confidence_interval":{"confidence_level":0.95,"lower_bound":246.2581641696903,"upper_bound":481.24624914852535},"point_estimate":390.58574209426405,"standard_error":58.94570398535766},"slope":{"confidence_interval":{"confidence_level":0.95,"lower_bound":310904.6305918023,"upper_bound":311556.7950256982},"point_estimate":311177.8246076548,"standard_error":167.8808565330003},"std_dev":{"confidence_interval":{"confidence_level":0.95,"lower_bound":2425.1824170811988,"upper_bound":9681.66223676032},"point_estimate":6813.105650261792,"standard_error":1764.1270755853252}}