{"mean":{"confidence_interval":{"confidence_level":0.95,"lower_bound":310862.9208853304,"upper_bound":311131.6785635435},"point_estimate":310983.0155079118,"standard_error":69.16556520110537},"median":{"confidence_interval":{"confidence_level":0.95,"lower_bound":310765.6268488456,"upper_bound":310865.2814271255},"point_estimate":310822.6582532051,"standard_error":27.35365899377981},"median_abs_dev":{"confidence_interval":{"confidence_level":0.95,"lower_bound":192.54096908459832,"upper_bound":343.4195229095813},"point_estimate":271.75480806875703,"standard_error":39.74342719661121},"slope":{"confidence_interval":{"confidence_level":0.95,"lower_bound":310856.2089660027,"upper_bound":311150.2332541889},"point_estimate":310978.07877715386,"standard_error":76.53222259041708},"std_dev":{"confidence_interval":{"confidence_level":0.95,"lower_bound":352.39766616591294,"upper_bound":994.7467768098876},"point_estimate":694.5109351315486,"standard_error":167.52693849158268}}