{"mean":{"confidence_interval":{"confidence_level":0.95,"lower_bound":310698.61493266036,"upper_bound":310849.96433690947},"point_estimate":310772.02867829596,"standard_error":38.66565958318562},"median":{"confidence_interval":{"confidence_level":0.95,"lower_bound":310614.33855799376,"upper_bound":310735.953125},"point_estimate":310657.149863388,"standard_error":29.934143209037572},"median_abs_dev":{"confidence_interval":{"confidence_level":0.95,"lower_bound":179.83640060273163,"upper_bound":317.21794682726284},"point_estimate":232.58438343394582,"standard_error":34.020097110970504},"slope":{"confidence_interval":{"confidence_level":0.95,"lower_bound":310710.58194275363,"upper_bound":310854.793716475},"point_estimate":310778.632773755,"standard_error":37.04123737900806},"std_dev":{"confidence_interval":{"confidence_level":0.95,"lower_bound":312.2042470474382,"upper_bound":457.48370083258965},"point_estimate":389.9376055001013,"standard_error":37.25287627249706}}