{"mean":{"confidence_interval":{"confidence_level":0.95,"lower_bound":312552.4783328854,"upper_bound":316951.13038007705},"point_estimate":314568.54214652313,"standard_error":1128.4143568876814},"median":{"confidence_interval":{"confidence_level":0.95,"lower_bound":310839.24404761905,"upper_bound":310954.0990566038},"point_estimate":310882.9151342211,"standard_error":27.807714411362213},"median_abs_dev":{"confidence_interval":{"confidence_level":0.95,"lower_bound":155.53227243103163,"upper_bound":325.2077597051019},"point_estimate":225.9011771106294,"standard_error":45.25285698973435},"slope":{"confidence_interval":{"confidence_level":0.95,"lower_bound":311944.7198269143,"upper_bound":320862.53920530365},"point_estimate":316050.09826289344,"standard_error":2282.306245586074},"std_dev":{"confidence_interval":{"confidence_level":0.95,"lower_bound":6447.920570859234,"upper_bound":15218.556158320473},"point_estimate":11367.306653114902,"standard_error":2233.3545342711723}}