{"mean":{"confidence_interval":{"confidence_level":0.95,"lower_bound":311846.7305999905,"upper_bound":314035.0742483076},"point_estimate":312855.4722315284,"standard_error":563.4916945801917},"median":{"confidence_interval":{"confidence_level":0.95,"lower_bound":310641.187237395,"upper_bound":310912.16363636364},"point_estimate":310743.81441404653,"standard_error":65.85440720807357},"median_abs_dev":{"confidence_interval":{"confidence_level":0.95,"lower_bound":269.5642736128868,"upper_bound":590.1941626895575},"point_estimate":383.8200598034545,"standard_error":81.43641861332623},"slope":{"confidence_interval":{"confidence_level":0.95,"lower_bound":312180.13463462726,"upper_bound":315188.0406241633},"point_estimate":313515.29278927145,"standard_error":771.1538762578692},"std_dev":{"confidence_interval":{"confidence_level":0.95,"lower_bound":3506.9170933521114,"upper_bound":7450.398658560846},"point_estimate":5670.904356530108,"standard_error":1006.5408662314144}}