{"mean":{"confidence_interval":{"confidence_level":0.95,"lower_bound":311130.6185508368,"upper_bound":312240.33809097816},"point_estimate":311572.2093442092,"standard_error":294.2039838104013},"median":{"confidence_interval":{"confidence_level":0.95,"lower_bound":310942.55544354836,"upper_bound":311086.26479381445},"point_estimate":311013.941077044,"standard_error":37.495849326821634},"median_abs_dev":{"confidence_interval":{"confidence_level":0.95,"lower_bound":217.84191626413892,"upper_bound":390.1587586982727},"point_estimate":300.54143215281476,"standard_error":43.229406290334715},"slope":{"confidence_interval":{"confidence_level":0.95,"lower_bound":311181.0385220245,"upper_bound":313284.9451971564},"point_estimate":311960.39698980347,"standard_error":572.3166687423894},"std_dev":{"confidence_interval":{"confidence_level":0.95,"lower_bound":605.143843172429,"upper_bound":4855.1519327527685},"point_estimate":2968.7102509774986,"standard_error":1258.3443551742114}}