{"mean":{"confidence_interval":{"confidence_level":0.95,"lower_bound":310748.94365022617,"upper_bound":311595.9011280589},"point_estimate":311073.3404212347,"standard_error":226.11935657623883},"median":{"confidence_interval":{"confidence_level":0.95,"lower_bound":310624.6759259259,"upper_bound":310712.3722222223},"point_estimate":310679.80087365594,"standard_error":20.36526799394659},"median_abs_dev":{"confidence_interval":{"confidence_level":0.95,"lower_bound":119.50964888251707,"upper_bound":219.7043281617502},"point_estimate":171.90689962663413,"standard_error":25.57872133259721},"slope":{"confidence_interval":{"confidence_level":0.95,"lower_bound":310715.2830229245,"upper_bound":312171.82141725207},"point_estimate":311199.4022691001,"standard_error":417.4951697262463},"std_dev":{"confidence_interval":{"confidence_level":0.95,"lower_bound":386.82314093460695,"upper_bound":3741.893731002499},"point_estimate":2254.5786684001528,"standard_error":1035.6808974930925}}