{"mean":{"confidence_interval":{"confidence_level":0.95,"lower_bound":310816.24148072605,"upper_bound":311522.7096416576},"point_estimate":311110.0300076764,"standard_error":183.34193605317483},"median":{"confidence_interval":{"confidence_level":0.95,"lower_bound":310698.1304086539,"upper_bound":310753.72928571433},"point_estimate":310726.07821637427,"standard_error":12.973419024573456},"median_abs_dev":{"confidence_interval":{"confidence_level":0.95,"lower_bound":115.95253692739215,"upper_bound":231.833128715094},"point_estimate":182.85372814640104,"standard_error":28.73179363663888},"slope":{"confidence_interval":{"confidence_level":0.95,"lower_bound":310824.8889688732,"upper_bound":312431.4067113128},"point_estimate":311479.26924486476,"standard_error":428.2115550778642},"std_dev":{"confidence_interval":{"confidence_level":0.95,"lower_bound":380.46880946445737,"upper_bound":2886.236171715567},"point_estimate":1831.4911096357996,"standard_error":656.2358594450008}}