{"mean":{"confidence_interval":{"confidence_level":0.95,"lower_bound":-0.10567811256861147,"upper_bound":-0.09533666426005975},"point_estimate":-0.10100712264814526,"standard_error":0.0025803986837615797},"median":{"confidence_interval":{"confidence_level":0.95,"lower_bound":-0.10785668425577288,"upper_bound":-0.10467774515095918},"point_estimate":-0.10608232841671061,"standard_error":0.0008156693601422723}}