{"mean":{"confidence_interval":{"confidence_level":0.95,"lower_bound":-0.0051826150275634635,"upper_bound":0.007342151819929729},"point_estimate":0.0010681328539177137,"standard_error":0.003182454901134021},"median":{"confidence_interval":{"confidence_level":0.95,"lower_bound":-0.0033085833243339247,"upper_bound":0.006270427623672911},"point_estimate":0.0011665630923616277,"standard_error":0.0024057391781854157}}