{"mean":{"confidence_interval":{"confidence_level":0.95,"lower_bound":0.006710637052437985,"upper_bound":0.016440179717707403},"point_estimate":0.0107574327993194,"standard_error":0.002503155533953224},"median":{"confidence_interval":{"confidence_level":0.95,"lower_bound":0.0038198480688445002,"upper_bound":0.009954701594715898},"point_estimate":0.007401581519150602,"standard_error":0.0015733775971734784}}