{"mean":{"confidence_interval":{"confidence_level":0.95,"lower_bound":-0.0546823317249045,"upper_bound":-0.032864808903447895},"point_estimate":-0.04374794632589807,"standard_error":0.0055486022991644126},"median":{"confidence_interval":{"confidence_level":0.95,"lower_bound":-0.020180944089059016,"upper_bound":-0.000034314406273772136},"point_estimate":-0.0016926888437832632,"standard_error":0.011407149085998438}}