{"mean":{"confidence_interval":{"confidence_level":0.95,"lower_bound":0.000534953157835861,"upper_bound":0.011135794254302273},"point_estimate":0.006075311307922382,"standard_error":0.002699845538791747},"median":{"confidence_interval":{"confidence_level":0.95,"lower_bound":0.005440511422433181,"upper_bound":0.013996460842884195},"point_estimate":0.010212413678601706,"standard_error":0.0021196568976406998}}