{"mean":{"confidence_interval":{"confidence_level":0.95,"lower_bound":0.1189725078171992,"upper_bound":0.12536103025137607},"point_estimate":0.12197007988881237,"standard_error":0.0016294316927245127},"median":{"confidence_interval":{"confidence_level":0.95,"lower_bound":0.11881041744263565,"upper_bound":0.12434922064684173},"point_estimate":0.12172465494743512,"standard_error":0.0014098285022237506}}