{"mean":{"confidence_interval":{"confidence_level":0.95,"lower_bound":-0.00043449730633365955,"upper_bound":0.008936662803640803},"point_estimate":0.004309628465739124,"standard_error":0.0023862619138239325},"median":{"confidence_interval":{"confidence_level":0.95,"lower_bound":-0.0018722666335195814,"upper_bound":0.012456850509664275},"point_estimate":0.006318671204988968,"standard_error":0.0036216334285486735}}