{"mean":{"confidence_interval":{"confidence_level":0.95,"lower_bound":0.03174566030751873,"upper_bound":0.04418326870365843},"point_estimate":0.03887511832008328,"standard_error":0.003218252580959661},"median":{"confidence_interval":{"confidence_level":0.95,"lower_bound":0.039105637951875494,"upper_bound":0.0452301367351402},"point_estimate":0.04324134269944824,"standard_error":0.0017286803305921563}}