{"mean":{"confidence_interval":{"confidence_level":0.95,"lower_bound":-0.011646482930512705,"upper_bound":-0.0002825971238305753},"point_estimate":-0.0054126327614878456,"standard_error":0.002912644831714876},"median":{"confidence_interval":{"confidence_level":0.95,"lower_bound":-0.009088733567918728,"upper_bound":-0.00028045371542595454},"point_estimate":-0.004793387736637844,"standard_error":0.0021885184733553406}}