{"mean":{"confidence_interval":{"confidence_level":0.95,"lower_bound":0.37796536319314433,"upper_bound":0.3888458378637554},"point_estimate":0.3835657741409122,"standard_error":0.002768650005760125},"median":{"confidence_interval":{"confidence_level":0.95,"lower_bound":0.3821954220634789,"upper_bound":0.38879657816114965},"point_estimate":0.38464900958673387,"standard_error":0.0015786947036333652}}