{"mean":{"confidence_interval":{"confidence_level":0.95,"lower_bound":-0.0005565021701020321,"upper_bound":0.009226092543124986},"point_estimate":0.003917169191183456,"standard_error":0.0025297440031961755},"median":{"confidence_interval":{"confidence_level":0.95,"lower_bound":-0.0011168715631566517,"upper_bound":0.0032745680098866803},"point_estimate":0.0009232388162927485,"standard_error":0.0012120175440326333}}