{"mean":{"confidence_interval":{"confidence_level":0.95,"lower_bound":0.009892426176145807,"upper_bound":0.018864227827687024},"point_estimate":0.014315023453546072,"standard_error":0.0022844802375476844},"median":{"confidence_interval":{"confidence_level":0.95,"lower_bound":0.010329651084692859,"upper_bound":0.020743985168977908},"point_estimate":0.017403932208296835,"standard_error":0.0027690597431589015}}