{"mean":{"confidence_interval":{"confidence_level":0.95,"lower_bound":-0.009326228679509488,"upper_bound":-0.001487136008638812},"point_estimate":-0.005611695034918318,"standard_error":0.002006746294722781},"median":{"confidence_interval":{"confidence_level":0.95,"lower_bound":-0.01149294961331293,"upper_bound":-0.0033067851934475145},"point_estimate":-0.00792907594119252,"standard_error":0.002113053931933505}}