{"mean":{"confidence_interval":{"confidence_level":0.95,"lower_bound":-0.15315593925341028,"upper_bound":-0.13949324377845962},"point_estimate":-0.14680786846012295,"standard_error":0.0034598466549748187},"median":{"confidence_interval":{"confidence_level":0.95,"lower_bound":-0.15945523035732567,"upper_bound":-0.14604567850688793},"point_estimate":-0.151186118772902,"standard_error":0.002972842633466102}}