{"mean":{"confidence_interval":{"confidence_level":0.95,"lower_bound":-0.002332776489437638,"upper_bound":0.005124640316683332},"point_estimate":0.00143666793426811,"standard_error":0.0018982602909023724},"median":{"confidence_interval":{"confidence_level":0.95,"lower_bound":-0.0023471114261358617,"upper_bound":0.0025953342028774973},"point_estimate":0.00023915616124425831,"standard_error":0.001206577401541674}}