{"mean":{"confidence_interval":{"confidence_level":0.95,"lower_bound":-0.003964123057728699,"upper_bound":0.003392781403916595},"point_estimate":-0.00026840283800400044,"standard_error":0.0018757138951189418},"median":{"confidence_interval":{"confidence_level":0.95,"lower_bound":-0.005818730449040133,"upper_bound":0.000925992127564168},"point_estimate":-0.0016377508719974676,"standard_error":0.001719355711531143}}