{"mean":{"confidence_interval":{"confidence_level":0.95,"lower_bound":0.0026483412301619214,"upper_bound":0.011150457472197995},"point_estimate":0.007083501295523487,"standard_error":0.0021549796256102255},"median":{"confidence_interval":{"confidence_level":0.95,"lower_bound":0.0040257110493227,"upper_bound":0.012081969912063784},"point_estimate":0.009070556385560202,"standard_error":0.00202871436044685}}