{"mean":{"confidence_interval":{"confidence_level":0.95,"lower_bound":-0.038252152555447526,"upper_bound":-0.024119794432423444},"point_estimate":-0.030970264430580374,"standard_error":0.003609393188706021},"median":{"confidence_interval":{"confidence_level":0.95,"lower_bound":-0.03218089446195249,"upper_bound":-0.022711259337892087},"point_estimate":-0.02678451881143007,"standard_error":0.002362998079417861}}