{"mean":{"confidence_interval":{"confidence_level":0.95,"lower_bound":0.026125947432840357,"upper_bound":0.04663629958265509},"point_estimate":0.03643187499490019,"standard_error":0.005246314134628489},"median":{"confidence_interval":{"confidence_level":0.95,"lower_bound":0.039836568814012985,"upper_bound":0.05549503251591892},"point_estimate":0.04877375932855199,"standard_error":0.003988996555132998}}