{"mean":{"confidence_interval":{"confidence_level":0.95,"lower_bound":-0.015895767438298347,"upper_bound":0.0047255292257317085},"point_estimate":-0.003367750010449422,"standard_error":0.005621305685451867},"median":{"confidence_interval":{"confidence_level":0.95,"lower_bound":0.0007863414077868836,"upper_bound":0.007048348629571155},"point_estimate":0.00411862401866947,"standard_error":0.0015704103364146825}}