{"mean":{"confidence_interval":{"confidence_level":0.95,"lower_bound":-0.009581310222777164,"upper_bound":-0.0025097826722749747},"point_estimate":-0.005837267179635952,"standard_error":0.001816932022356899},"median":{"confidence_interval":{"confidence_level":0.95,"lower_bound":-0.004374892353240427,"upper_bound":-0.0005326806950759488},"point_estimate":-0.001765172943435922,"standard_error":0.0010706133862231327}}