{"mean":{"confidence_interval":{"confidence_level":0.95,"lower_bound":-0.026614984538666012,"upper_bound":-0.013853997986395092},"point_estimate":-0.0205310307016785,"standard_error":0.0032584805050444145},"median":{"confidence_interval":{"confidence_level":0.95,"lower_bound":-0.03371121856928794,"upper_bound":-0.014539172767985442},"point_estimate":-0.02355013618945556,"standard_error":0.005114573186955912}}