{"mean":{"confidence_interval":{"confidence_level":0.95,"lower_bound":0.0030657284400348816,"upper_bound":0.009207461975013986},"point_estimate":0.00616675263034816,"standard_error":0.001568017853949687},"median":{"confidence_interval":{"confidence_level":0.95,"lower_bound":0.003847615187263308,"upper_bound":0.01031503854756921},"point_estimate":0.006782442122300836,"standard_error":0.001603092778094345}}