{"mean":{"confidence_interval":{"confidence_level":0.95,"lower_bound":0.09702578708161348,"upper_bound":0.10344497179127254},"point_estimate":0.10017962289540061,"standard_error":0.001622677044204243},"median":{"confidence_interval":{"confidence_level":0.95,"lower_bound":0.09681822067891802,"upper_bound":0.10092341149871187},"point_estimate":0.0985305997255157,"standard_error":0.0009900456360487427}}