{"mean":{"confidence_interval":{"confidence_level":0.95,"lower_bound":-0.02003610432721603,"upper_bound":-0.007572793690916323},"point_estimate":-0.013222963766263307,"standard_error":0.003184080539292977},"median":{"confidence_interval":{"confidence_level":0.95,"lower_bound":-0.016946313359115783,"upper_bound":-0.007018762407639545},"point_estimate":-0.01246809388300174,"standard_error":0.002572495828570861}}