{"mean":{"confidence_interval":{"confidence_level":0.95,"lower_bound":-0.22039182362664148,"upper_bound":-0.2029571698242866},"point_estimate":-0.21164949488859575,"standard_error":0.004435088821079785},"median":{"confidence_interval":{"confidence_level":0.95,"lower_bound":-0.18750348898385394,"upper_bound":-0.18317124221990255},"point_estimate":-0.18435520596375943,"standard_error":0.0016603135329886778}}