{"mean":{"confidence_interval":{"confidence_level":0.95,"lower_bound":-0.023467696238536458,"upper_bound":-0.0066649055402537155},"point_estimate":-0.01580894784318132,"standard_error":0.004409846994002692},"median":{"confidence_interval":{"confidence_level":0.95,"lower_bound":-0.021953007505454702,"upper_bound":-0.014963614072663552},"point_estimate":-0.01819497206547227,"standard_error":0.0016297743449342082}}