{"mean":{"confidence_interval":{"confidence_level":0.95,"lower_bound":0.08102285463951095,"upper_bound":0.08670608935703066},"point_estimate":0.08367043347499492,"standard_error":0.0014399538943572657},"median":{"confidence_interval":{"confidence_level":0.95,"lower_bound":0.0808955092252075,"upper_bound":0.08604456890740475},"point_estimate":0.0833382767836035,"standard_error":0.0013277561404420588}}