{"mean":{"confidence_interval":{"confidence_level":0.95,"lower_bound":-0.0003150717823554746,"upper_bound":0.02696551975775176},"point_estimate":0.013700988317319585,"standard_error":0.006956795441934267},"median":{"confidence_interval":{"confidence_level":0.95,"lower_bound":-0.02645564201047068,"upper_bound":0.00829014876768408},"point_estimate":-0.0072293574254185256,"standard_error":0.011338012026777691}}