{"mean":{"confidence_interval":{"confidence_level":0.95,"lower_bound":-0.001988119122791153,"upper_bound":0.007633951025374795},"point_estimate":0.002674212301037926,"standard_error":0.002455524269803759},"median":{"confidence_interval":{"confidence_level":0.95,"lower_bound":-0.0031153388497301426,"upper_bound":0.005611553372876143},"point_estimate":0.001731631370351261,"standard_error":0.002220777932231857}}