{"mean":{"confidence_interval":{"confidence_level":0.95,"lower_bound":-0.03629368330828394,"upper_bound":-0.014113941801875932},"point_estimate":-0.028293758303288397,"standard_error":0.006198390540611806},"median":{"confidence_interval":{"confidence_level":0.95,"lower_bound":-0.03653204336003748,"upper_bound":-0.03116485691600923},"point_estimate":-0.0336590209289952,"standard_error":0.0013601727776264246}}