{"mean":{"confidence_interval":{"confidence_level":0.95,"lower_bound":-0.005248723802919891,"upper_bound":0.0032971326742020613},"point_estimate":-0.0005443982498266609,"standard_error":0.002188718954353169},"median":{"confidence_interval":{"confidence_level":0.95,"lower_bound":-0.0017631440586418634,"upper_bound":0.004275826773529001},"point_estimate":0.001374319422757564,"standard_error":0.001618304869393751}}