{"mean":{"confidence_interval":{"confidence_level":0.95,"lower_bound":-0.013999054707696969,"upper_bound":-0.005064609348926185},"point_estimate":-0.009754855619442226,"standard_error":0.0022421859203054766},"median":{"confidence_interval":{"confidence_level":0.95,"lower_bound":-0.009573844364421102,"upper_bound":-0.00579811099798444},"point_estimate":-0.007527420602113644,"standard_error":0.0009363054584277989}}