{"mean":{"confidence_interval":{"confidence_level":0.95,"lower_bound":-0.027505586717355486,"upper_bound":-0.01491868585247317},"point_estimate":-0.021059982691556067,"standard_error":0.0032230876391235014},"median":{"confidence_interval":{"confidence_level":0.95,"lower_bound":-0.022607722397620433,"upper_bound":-0.011409177386218716},"point_estimate":-0.016836586910096374,"standard_error":0.002993675933228313}}