{"mean":{"confidence_interval":{"confidence_level":0.95,"lower_bound":0.01858056774347251,"upper_bound":0.03107714192148281},"point_estimate":0.024144365634075626,"standard_error":0.003221624051565972},"median":{"confidence_interval":{"confidence_level":0.95,"lower_bound":0.013974039929295357,"upper_bound":0.02303030332235312},"point_estimate":0.01899905403043678,"standard_error":0.002380037100855416}}