{"mean":{"confidence_interval":{"confidence_level":0.95,"lower_bound":0.00347012233013256,"upper_bound":0.028336341646167246},"point_estimate":0.013576436598811359,"standard_error":0.0067067216248454095},"median":{"confidence_interval":{"confidence_level":0.95,"lower_bound":0.003042709676369215,"upper_bound":0.010866625982882133},"point_estimate":0.007444604461856796,"standard_error":0.0020832079581746764}}