{"mean":{"confidence_interval":{"confidence_level":0.95,"lower_bound":0.06235419615190926,"upper_bound":0.06812016040331262},"point_estimate":0.06515899870541486,"standard_error":0.0014810238665375192},"median":{"confidence_interval":{"confidence_level":0.95,"lower_bound":0.06227150390957248,"upper_bound":0.06738063137531425},"point_estimate":0.06515160423755106,"standard_error":0.001306779046819373}}