{"mean":{"confidence_interval":{"confidence_level":0.95,"lower_bound":0.7154644026054742,"upper_bound":0.7276969643275331},"point_estimate":0.7219123110851857,"standard_error":0.003132915693116948},"median":{"confidence_interval":{"confidence_level":0.95,"lower_bound":0.7179238008876923,"upper_bound":0.7272375198164095},"point_estimate":0.7227883479731545,"standard_error":0.0023703123164122816}}