{"mean":{"confidence_interval":{"confidence_level":0.95,"lower_bound":-0.012806043100259396,"upper_bound":0.004282626405809052},"point_estimate":-0.002919475427350604,"standard_error":0.004479208111016719},"median":{"confidence_interval":{"confidence_level":0.95,"lower_bound":-0.003630070574829558,"upper_bound":0.003412635876894221},"point_estimate":-0.00047529773752486015,"standard_error":0.0018203433994193874}}