{"mean":{"confidence_interval":{"confidence_level":0.95,"lower_bound":0.0028420489484368328,"upper_bound":0.012416042810786343},"point_estimate":0.007537217361700321,"standard_error":0.0024126970838270236},"median":{"confidence_interval":{"confidence_level":0.95,"lower_bound":0.001725898698484496,"upper_bound":0.008955022279074631},"point_estimate":0.005136697943406654,"standard_error":0.0018786787474585225}}