{"mean":{"confidence_interval":{"confidence_level":0.95,"lower_bound":-0.010416489511302252,"upper_bound":-0.0002852328697968019},"point_estimate":-0.005406530518577091,"standard_error":0.0025601268098350656},"median":{"confidence_interval":{"confidence_level":0.95,"lower_bound":-0.012705253543284556,"upper_bound":-0.0012041313654721397},"point_estimate":-0.008492039859295586,"standard_error":0.0030419711823857255}}