{"mean":{"confidence_interval":{"confidence_level":0.95,"lower_bound":-0.012874400892093912,"upper_bound":-0.0026827968203271546},"point_estimate":-0.007487697279243033,"standard_error":0.002595999622506493},"median":{"confidence_interval":{"confidence_level":0.95,"lower_bound":-0.01123728472148977,"upper_bound":-0.002019192262491698},"point_estimate":-0.005770743762254171,"standard_error":0.0024761489703652895}}