{"mean":{"confidence_interval":{"confidence_level":0.95,"lower_bound":-0.004441953933713955,"upper_bound":0.012527357234665004},"point_estimate":0.004552197730111951,"standard_error":0.004266222477933282},"median":{"confidence_interval":{"confidence_level":0.95,"lower_bound":-0.00009585697577518815,"upper_bound":0.005566689795310831},"point_estimate":0.00365378571749031,"standard_error":0.0014469800799217236}}