{"mean":{"confidence_interval":{"confidence_level":0.95,"lower_bound":-0.013136495031270167,"upper_bound":0.0021103413636087425},"point_estimate":-0.004908116348237623,"standard_error":0.003877728810415182},"median":{"confidence_interval":{"confidence_level":0.95,"lower_bound":-0.005585432754258157,"upper_bound":-0.00044306655320569543},"point_estimate":-0.002970142815068355,"standard_error":0.001314225711551968}}