{"mean":{"confidence_interval":{"confidence_level":0.95,"lower_bound":-0.010394059175854604,"upper_bound":0.0024596777758492646},"point_estimate":-0.003992311634780532,"standard_error":0.003261359597765004},"median":{"confidence_interval":{"confidence_level":0.95,"lower_bound":-0.006821909975334828,"upper_bound":0.0016166633290570775},"point_estimate":-0.0018533156840561116,"standard_error":0.0021696025058771176}}