{"mean":{"confidence_interval":{"confidence_level":0.95,"lower_bound":-0.03425492088504545,"upper_bound":-0.01823073838046279},"point_estimate":-0.02735205457554879,"standard_error":0.003998619972037493},"median":{"confidence_interval":{"confidence_level":0.95,"lower_bound":-0.03574829298289672,"upper_bound":-0.02311142026565738},"point_estimate":-0.028132546092045296,"standard_error":0.0036297823766678035}}