{"mean":{"confidence_interval":{"confidence_level":0.95,"lower_bound":0.000419635639740207,"upper_bound":0.010633709744708302},"point_estimate":0.005899265347699245,"standard_error":0.0025978322716769127},"median":{"confidence_interval":{"confidence_level":0.95,"lower_bound":0.0033674844522355585,"upper_bound":0.011574368173524086},"point_estimate":0.0072745141864360985,"standard_error":0.0020714791761200714}}