{"mean":{"confidence_interval":{"confidence_level":0.95,"lower_bound":-0.12044412118108479,"upper_bound":-0.11513987134694634},"point_estimate":-0.11745301503957839,"standard_error":0.0013642743703192743},"median":{"confidence_interval":{"confidence_level":0.95,"lower_bound":-0.1153219122359933,"upper_bound":-0.11484065702287938},"point_estimate":-0.11506050326884631,"standard_error":0.00012172463685516001}}