{"mean":{"confidence_interval":{"confidence_level":0.95,"lower_bound":0.12889621065296702,"upper_bound":0.12955754361670696},"point_estimate":0.12921933387024875,"standard_error":0.00016873460614731688},"median":{"confidence_interval":{"confidence_level":0.95,"lower_bound":0.12902448067516703,"upper_bound":0.1295992945022788},"point_estimate":0.1293658512903455,"standard_error":0.0001480420782774997}}