{"mean":{"confidence_interval":{"confidence_level":0.95,"lower_bound":0.0002195026448900128,"upper_bound":0.016728168831113565},"point_estimate":0.006585209451038132,"standard_error":0.004440709347136469},"median":{"confidence_interval":{"confidence_level":0.95,"lower_bound":-0.00027707676208454934,"upper_bound":0.00010819782080084828},"point_estimate":-0.0001105693871193969,"standard_error":0.00009324389193842563}}