{"mean":{"confidence_interval":{"confidence_level":0.95,"lower_bound":0.0002023137361405303,"upper_bound":0.0010555263324915516},"point_estimate":0.0006361155458611822,"standard_error":0.00021972105895263938},"median":{"confidence_interval":{"confidence_level":0.95,"lower_bound":0.00030431906075278903,"upper_bound":0.0007560604237544233},"point_estimate":0.0005041995904448981,"standard_error":0.00011476402578240387}}