{"mean":{"confidence_interval":{"confidence_level":0.95,"lower_bound":-0.00107681230913933,"upper_bound":0.0002926195986381051},"point_estimate":-0.0002561939529384105,"standard_error":0.0003605616887168248},"median":{"confidence_interval":{"confidence_level":0.95,"lower_bound":-0.00012323276574726925,"upper_bound":0.00022303446679250427},"point_estimate":0.0000801246165247349,"standard_error":0.00009294918780878954}}