{"mean":{"confidence_interval":{"confidence_level":0.95,"lower_bound":-0.0005938090142696139,"upper_bound":0.0004833841371257417},"point_estimate":-0.00006981425286445297,"standard_error":0.0002725138500465721},"median":{"confidence_interval":{"confidence_level":0.95,"lower_bound":-0.00021771296742656432,"upper_bound":0.0003428628662367815},"point_estimate":0.000058007260066439414,"standard_error":0.00014937345458366008}}