{"mean":{"confidence_interval":{"confidence_level":0.95,"lower_bound":-0.0003960478515859343,"upper_bound":0.0005828849493323239},"point_estimate":0.00015530476816505434,"standard_error":0.0002504655086249927},"median":{"confidence_interval":{"confidence_level":0.95,"lower_bound":0.00004649134788636822,"upper_bound":0.0004371783915859684},"point_estimate":0.00026794065917723486,"standard_error":0.00009791554219142067}}