{"mean":{"confidence_interval":{"confidence_level":0.95,"lower_bound":-0.00022048366404374962,"upper_bound":0.0006466627972096958},"point_estimate":0.00018423284681645669,"standard_error":0.0002232719809338587},"median":{"confidence_interval":{"confidence_level":0.95,"lower_bound":-0.00006611709034909374,"upper_bound":0.0002816618121668224},"point_estimate":0.00016931954232202173,"standard_error":0.00008828779662733277}}