{"mean":{"confidence_interval":{"confidence_level":0.95,"lower_bound":-0.00042922198488106454,"upper_bound":0.0002667380778806294},"point_estimate":-0.000037628100280073795,"standard_error":0.00017793474124070795},"median":{"confidence_interval":{"confidence_level":0.95,"lower_bound":-0.0000441227449934356,"upper_bound":0.0003389067984744809},"point_estimate":0.00017393423674327835,"standard_error":0.00010028871472727831}}