{"mean":{"confidence_interval":{"confidence_level":0.95,"lower_bound":-0.1171527208496127,"upper_bound":-0.11464389841348133},"point_estimate":-0.11568037593550617,"standard_error":0.000653615835281157},"median":{"confidence_interval":{"confidence_level":0.95,"lower_bound":-0.11506784103550405,"upper_bound":-0.11461456713946416},"point_estimate":-0.11487055664037549,"standard_error":0.00011880073757232696}}