{"mean":{"confidence_interval":{"confidence_level":0.95,"lower_bound":0.7693687128017743,"upper_bound":0.7853774652931874},"point_estimate":0.7764604371332888,"standard_error":0.003971145046936414},"median":{"confidence_interval":{"confidence_level":0.95,"lower_bound":0.7694124495365828,"upper_bound":0.770740680402269},"point_estimate":0.7697950404167155,"standard_error":0.0003471270652934446}}