{"mean":{"confidence_interval":{"confidence_level":0.95,"lower_bound":-0.0008495403138677165,"upper_bound":-0.00008102948205329419},"point_estimate":-0.0004502066251711456,"standard_error":0.00019609482474493626},"median":{"confidence_interval":{"confidence_level":0.95,"lower_bound":-0.0003817212191271624,"upper_bound":-0.0000695535785795176},"point_estimate":-0.00024369397771950574,"standard_error":0.00008244638879671873}}