{"mean":{"confidence_interval":{"confidence_level":0.95,"lower_bound":-0.12182517297165432,"upper_bound":-0.11538500221338173},"point_estimate":-0.11835004100448265,"standard_error":0.001647198738778597},"median":{"confidence_interval":{"confidence_level":0.95,"lower_bound":-0.11480820928256219,"upper_bound":-0.11441183892082063},"point_estimate":-0.11460862373532321,"standard_error":0.00009824758265315167}}