{"mean":{"confidence_interval":{"confidence_level":0.95,"lower_bound":-0.0004200530373174165,"upper_bound":0.0007004788081100442},"point_estimate":0.0002138627573469165,"standard_error":0.00028856611448982157},"median":{"confidence_interval":{"confidence_level":0.95,"lower_bound":0.00004505335399462851,"upper_bound":0.0005001865874028066},"point_estimate":0.0002947843274494488,"standard_error":0.0001168032238981524}}