{"mean":{"confidence_interval":{"confidence_level":0.95,"lower_bound":1.0013485833605658,"upper_bound":1.0030560687450512},"point_estimate":1.0020913110723884,"standard_error":0.0004277340232653632},"median":{"confidence_interval":{"confidence_level":0.95,"lower_bound":1.0015241302027547,"upper_bound":1.0020616749675582},"point_estimate":1.0018377774923426,"standard_error":0.00013589208983483025}}