{"mean":{"confidence_interval":{"confidence_level":0.95,"lower_bound":-0.0005256305955580687,"upper_bound":0.0002806649011262372},"point_estimate":-0.00012143369635464474,"standard_error":0.0002109452737445859},"median":{"confidence_interval":{"confidence_level":0.95,"lower_bound":-0.0005408353274900524,"upper_bound":-0.00011365682822250811},"point_estimate":-0.00031545256078135964,"standard_error":0.00011119600504919923}}