{"mean":{"confidence_interval":{"confidence_level":0.95,"lower_bound":-0.0017940281317763121,"upper_bound":0.0030955402711811625},"point_estimate":0.0003553856573510483,"standard_error":0.0012154577790042342},"median":{"confidence_interval":{"confidence_level":0.95,"lower_bound":-0.0006237894441898373,"upper_bound":-5.354160782511386e-6},"point_estimate":-0.0003657303710002946,"standard_error":0.00015722482917277672}}