{"mean":{"confidence_interval":{"confidence_level":0.95,"lower_bound":-0.00019578086016568954,"upper_bound":0.002053949141785521},"point_estimate":0.000833149130760491,"standard_error":0.0005920537097531727},"median":{"confidence_interval":{"confidence_level":0.95,"lower_bound":-0.0001615355746849012,"upper_bound":0.0002853918465406391},"point_estimate":0.00003063818505988358,"standard_error":0.00011518376850095653}}