{"mean":{"confidence_interval":{"confidence_level":0.95,"lower_bound":-0.0008533769673151582,"upper_bound":0.00022230007757384485},"point_estimate":-0.00026502920823723297,"standard_error":0.0002749893805372685},"median":{"confidence_interval":{"confidence_level":0.95,"lower_bound":-0.00031007990122444706,"upper_bound":0.00016032823374168004},"point_estimate":-0.0000899390583960491,"standard_error":0.0001197454133048043}}