{"mean":{"confidence_interval":{"confidence_level":0.95,"lower_bound":-0.0004854132627178986,"upper_bound":0.00019648553570455468},"point_estimate":-0.0001553607089540554,"standard_error":0.00017405408924140963},"median":{"confidence_interval":{"confidence_level":0.95,"lower_bound":-0.00027942941692993273,"upper_bound":0.00009970462691673514},"point_estimate":-0.0000940733114532799,"standard_error":0.0000968173823825739}}