{"mean":{"confidence_interval":{"confidence_level":0.95,"lower_bound":0.00027953582189721454,"upper_bound":0.008679603732998852},"point_estimate":0.00334836674232708,"standard_error":0.0025530943991247464},"median":{"confidence_interval":{"confidence_level":0.95,"lower_bound":0.0002541637738762148,"upper_bound":0.000649458836701422},"point_estimate":0.00048137475139409247,"standard_error":0.0000984698572602694}}