{"mean":{"confidence_interval":{"confidence_level":0.95,"lower_bound":-0.0007440030535813321,"upper_bound":0.0018611578804262605},"point_estimate":0.00033608606884594217,"standard_error":0.0006859456854094227},"median":{"confidence_interval":{"confidence_level":0.95,"lower_bound":-0.0004707303517526018,"upper_bound":0.00013654802605289618},"point_estimate":-0.0001479226228587871,"standard_error":0.00016350756286768605}}