{"mean":{"confidence_interval":{"confidence_level":0.95,"lower_bound":-0.006538992078964673,"upper_bound":0.0000730786864185706},"point_estimate":-0.002628808074758404,"standard_error":0.0017263579665320915},"median":{"confidence_interval":{"confidence_level":0.95,"lower_bound":0.00022978372696602634,"upper_bound":0.0005355193740734787},"point_estimate":0.0003982187874742582,"standard_error":0.00007854448841151826}}