{"mean":{"confidence_interval":{"confidence_level":0.95,"lower_bound":-0.11564437905167854,"upper_bound":-0.11391572642542641},"point_estimate":-0.11487468024907455,"standard_error":0.00043615276423811705},"median":{"confidence_interval":{"confidence_level":0.95,"lower_bound":-0.11558414849511744,"upper_bound":-0.11498541197523848},"point_estimate":-0.11528575160476995,"standard_error":0.00014378588159695874}}