{"mean":{"confidence_interval":{"confidence_level":0.95,"lower_bound":-0.5998082199120272,"upper_bound":-0.5890499736954596},"point_estimate":-0.5943479847765547,"standard_error":0.0027463144567348406},"median":{"confidence_interval":{"confidence_level":0.95,"lower_bound":-0.5943774469788827,"upper_bound":-0.5816764338970739},"point_estimate":-0.5855699718294427,"standard_error":0.0032386076652424385}}