{"mean":{"confidence_interval":{"confidence_level":0.95,"lower_bound":-0.0009711113156471245,"upper_bound":0.0008431320918801776},"point_estimate":-0.000034585770263828586,"standard_error":0.00046304493517366975},"median":{"confidence_interval":{"confidence_level":0.95,"lower_bound":0.0001848243555320206,"upper_bound":0.0006541525201000375},"point_estimate":0.0004451810696903813,"standard_error":0.00013132237230511714}}