{"mean":{"confidence_interval":{"confidence_level":0.95,"lower_bound":-0.0009203515264106619,"upper_bound":0.0005636716873711478},"point_estimate":-0.0001364293776154879,"standard_error":0.00037588810822357713},"median":{"confidence_interval":{"confidence_level":0.95,"lower_bound":-0.000395211498121828,"upper_bound":0.00006935731199608774},"point_estimate":-0.0001383225770310581,"standard_error":0.00011953337941226376}}