{"mean":{"confidence_interval":{"confidence_level":0.95,"lower_bound":-0.0002444713947938658,"upper_bound":0.0007873467068384432},"point_estimate":0.00018710833070723076,"standard_error":0.000256319371673685},"median":{"confidence_interval":{"confidence_level":0.95,"lower_bound":-0.00024080884727772922,"upper_bound":0.00013302077028143344},"point_estimate":-0.000041567891841620686,"standard_error":0.00009071625156784734}}