{"mean":{"confidence_interval":{"confidence_level":0.95,"lower_bound":-0.0018889035866657465,"upper_bound":-0.00019742583542465555},"point_estimate":-0.0009650883507168473,"standard_error":0.00043477398399957546},"median":{"confidence_interval":{"confidence_level":0.95,"lower_bound":-0.0003426497108073301,"upper_bound":0.00007573272101990547},"point_estimate":-0.00014499708626813934,"standard_error":0.00010968259103703966}}