{"mean":{"confidence_interval":{"confidence_level":0.95,"lower_bound":-0.00270860313864362,"upper_bound":-0.0004681457814302848},"point_estimate":-0.0013093032504820634,"standard_error":0.0006161215840609313},"median":{"confidence_interval":{"confidence_level":0.95,"lower_bound":-0.0007582692477851039,"upper_bound":-0.0003473672950924378},"point_estimate":-0.0005413022689109148,"standard_error":0.00010632190194895987}}