{"mean":{"confidence_interval":{"confidence_level":0.95,"lower_bound":1.0037065280643307,"upper_bound":1.0060064544221694},"point_estimate":1.0047143564944552,"standard_error":0.0005838907849515378},"median":{"confidence_interval":{"confidence_level":0.95,"lower_bound":1.0035851510742626,"upper_bound":1.00474813892603},"point_estimate":1.004274009801239,"standard_error":0.00031390431982331203}}