{"mean":{"confidence_interval":{"confidence_level":0.95,"lower_bound":-0.0032336305133871947,"upper_bound":0.00862067534062803},"point_estimate":0.0017537682062205295,"standard_error":0.003014650235693087},"median":{"confidence_interval":{"confidence_level":0.95,"lower_bound":-0.00013976909145809444,"upper_bound":0.00021815630968847693},"point_estimate":0.0000671059312675748,"standard_error":0.00009290096289230945}}