{"mean":{"confidence_interval":{"confidence_level":0.95,"lower_bound":-0.606908703457732,"upper_bound":-0.6002066150861153},"point_estimate":-0.6036323454819494,"standard_error":0.0017874193036021308},"median":{"confidence_interval":{"confidence_level":0.95,"lower_bound":-0.6114879357734253,"upper_bound":-0.6107709690810856},"point_estimate":-0.6112041756924027,"standard_error":0.00016840276908647455}}