{"mean":{"confidence_interval":{"confidence_level":0.95,"lower_bound":-0.0006958861081546835,"upper_bound":-0.00011837833944426673},"point_estimate":-0.0003745858965193971,"standard_error":0.00014691786923637566},"median":{"confidence_interval":{"confidence_level":0.95,"lower_bound":-0.0003396662061451172,"upper_bound":-0.000016181963058008175},"point_estimate":-0.0001851922516826754,"standard_error":0.00008542807982169466}}