{"mean":{"confidence_interval":{"confidence_level":0.95,"lower_bound":0.00030162781649376025,"upper_bound":0.0010091248568516562},"point_estimate":0.0006338929633400436,"standard_error":0.0001828453445275898},"median":{"confidence_interval":{"confidence_level":0.95,"lower_bound":0.00030651240430712434,"upper_bound":0.0008363093346939188},"point_estimate":0.00047664935954205845,"standard_error":0.00013593602045733298}}