{"mean":{"confidence_interval":{"confidence_level":0.95,"lower_bound":0.0005915472295194458,"upper_bound":0.0030127465140543253},"point_estimate":0.0015773621750980737,"standard_error":0.0006414978981549878},"median":{"confidence_interval":{"confidence_level":0.95,"lower_bound":0.0004021286285966763,"upper_bound":0.0009173653928592301},"point_estimate":0.000678098632934443,"standard_error":0.00012731549211734427}}