{"mean":{"confidence_interval":{"confidence_level":0.95,"lower_bound":-0.0007318969592623404,"upper_bound":0.0008051130453303352},"point_estimate":-0.00009160349910797283,"standard_error":0.00039675250792743454},"median":{"confidence_interval":{"confidence_level":0.95,"lower_bound":-0.0005702465635973875,"upper_bound":-0.00016549265907772615},"point_estimate":-0.0003411241260440345,"standard_error":0.00010275392571461158}}