{"mean":{"confidence_interval":{"confidence_level":0.95,"lower_bound":-0.000583680215544016,"upper_bound":0.000773315977862854},"point_estimate":0.00016461549133817144,"standard_error":0.0003488503832475328},"median":{"confidence_interval":{"confidence_level":0.95,"lower_bound":0.0003254553028326779,"upper_bound":0.000731813621972055},"point_estimate":0.0005769098388341831,"standard_error":0.00010681423628086956}}