{"mean":{"confidence_interval":{"confidence_level":0.95,"lower_bound":0.0006233733993691427,"upper_bound":0.014728450348409515},"point_estimate":0.005525259970176943,"standard_error":0.004411252627024459},"median":{"confidence_interval":{"confidence_level":0.95,"lower_bound":0.00030790571785144216,"upper_bound":0.0006863061976072338},"point_estimate":0.0005034184804935116,"standard_error":0.00009159734084164588}}