{"mean":{"confidence_interval":{"confidence_level":0.95,"lower_bound":-0.5008339985096188,"upper_bound":-0.5001090505475533},"point_estimate":-0.5005346592731597,"standard_error":0.00018109643439178445},"median":{"confidence_interval":{"confidence_level":0.95,"lower_bound":-0.5008338521181241,"upper_bound":-0.5005158305355719},"point_estimate":-0.5006430146878822,"standard_error":0.0000770607570004234}}