{"mean":{"confidence_interval":{"confidence_level":0.95,"lower_bound":-0.0016863351842270444,"upper_bound":-0.0004927144275340551},"point_estimate":-0.0011179463709222182,"standard_error":0.0003045827388585496},"median":{"confidence_interval":{"confidence_level":0.95,"lower_bound":-0.0014082906726633482,"upper_bound":-0.0008906195728258792},"point_estimate":-0.001190496304802835,"standard_error":0.00013354768082902892}}