{"mean":{"confidence_interval":{"confidence_level":0.95,"lower_bound":-0.001390504860066105,"upper_bound":0.000367154767076105},"point_estimate":-0.0005367275869199162,"standard_error":0.00044534834547970743},"median":{"confidence_interval":{"confidence_level":0.95,"lower_bound":-0.00023596691841898387,"upper_bound":0.00010581757307193129},"point_estimate":-0.000046716736993412944,"standard_error":0.00008260029699797053}}