{"mean":{"confidence_interval":{"confidence_level":0.95,"lower_bound":-0.008773169668716885,"upper_bound":-0.0005823116619412985},"point_estimate":-0.003713065712330099,"standard_error":0.002199295702144863},"median":{"confidence_interval":{"confidence_level":0.95,"lower_bound":-0.00033917188395937714,"upper_bound":-0.00008381085575270841},"point_estimate":-0.0002156918720608303,"standard_error":0.00006380650142696177}}