{"mean":{"confidence_interval":{"confidence_level":0.95,"lower_bound":-0.0002210517575318591,"upper_bound":0.00101942910316225},"point_estimate":0.00032784109958727825,"standard_error":0.00032044782585145587},"median":{"confidence_interval":{"confidence_level":0.95,"lower_bound":-0.0001545288180583304,"upper_bound":0.00007094686908248882},"point_estimate":-0.00004213405319786201,"standard_error":0.000057449781085686905}}