{"mean":{"confidence_interval":{"confidence_level":0.95,"lower_bound":-0.009246264392657508,"upper_bound":-0.00033983582208562427},"point_estimate":-0.00343464771113855,"standard_error":0.002764470934770318},"median":{"confidence_interval":{"confidence_level":0.95,"lower_bound":-0.0005457942106332936,"upper_bound":-0.00018210209449309733},"point_estimate":-0.00037661095753771523,"standard_error":0.00009390613155943295}}