{"mean":{"confidence_interval":{"confidence_level":0.95,"lower_bound":-0.0015673363289356364,"upper_bound":0.0010657155155417205},"point_estimate":-0.0002190633849145085,"standard_error":0.0006713279298545397},"median":{"confidence_interval":{"confidence_level":0.95,"lower_bound":0.00023031717949439923,"upper_bound":0.0006101403402316574},"point_estimate":0.00036827593749411136,"standard_error":0.00009938089200996207}}