{"mean":{"confidence_interval":{"confidence_level":0.95,"lower_bound":0.9992436516374933,"upper_bound":1.0033222378789683},"point_estimate":1.0009932514460522,"standard_error":0.0010259164489784145},"median":{"confidence_interval":{"confidence_level":0.95,"lower_bound":0.9997431548274371,"upper_bound":1.0006253389955577},"point_estimate":1.000147936091111,"standard_error":0.00022955609877200558}}