{"mean":{"confidence_interval":{"confidence_level":0.95,"lower_bound":-0.008389569248720854,"upper_bound":0.002646091674039923},"point_estimate":-0.0027889221527331864,"standard_error":0.002802856215148351},"median":{"confidence_interval":{"confidence_level":0.95,"lower_bound":-0.0005042813784943423,"upper_bound":-0.00013805312508008427},"point_estimate":-0.0003483008063283055,"standard_error":0.00009439706481983168}}