{"mean":{"confidence_interval":{"confidence_level":0.95,"lower_bound":-0.0013805264196841943,"upper_bound":0.0003521894752367082},"point_estimate":-0.00046666632278669073,"standard_error":0.0004392209789848473},"median":{"confidence_interval":{"confidence_level":0.95,"lower_bound":-0.0002092134659978928,"upper_bound":0.00007479852781311358},"point_estimate":-0.00007639286349248042,"standard_error":0.00006987626469030038}}