{"mean":{"confidence_interval":{"confidence_level":0.95,"lower_bound":-0.0047874873920804245,"upper_bound":0.003650851497333984},"point_estimate":-0.00018130532651439157,"standard_error":0.002127790961524898},"median":{"confidence_interval":{"confidence_level":0.95,"lower_bound":0.0002037213600092347,"upper_bound":0.0006758322850246579},"point_estimate":0.0004512074879741146,"standard_error":0.00011477114555405822}}