{"mean":{"confidence_interval":{"confidence_level":0.95,"lower_bound":-0.00034721233787263477,"upper_bound":0.002114558976198127},"point_estimate":0.0007225300470954377,"standard_error":0.0006156970326989102},"median":{"confidence_interval":{"confidence_level":0.95,"lower_bound":-0.00008565575289176675,"upper_bound":0.0003547611835301723},"point_estimate":0.00014108323620609653,"standard_error":0.0001139011782089995}}