{"mean":{"confidence_interval":{"confidence_level":0.95,"lower_bound":0.00033474944745560134,"upper_bound":0.0037837383699095284},"point_estimate":0.0016413691159409272,"standard_error":0.000907559753304249},"median":{"confidence_interval":{"confidence_level":0.95,"lower_bound":-1.9555476147292694e-6,"upper_bound":0.00037491109224951913},"point_estimate":0.00020167830549033816,"standard_error":0.00009205668673673664}}