{"mean":{"confidence_interval":{"confidence_level":0.95,"lower_bound":-0.0009727167510732687,"upper_bound":0.00034971117881963363},"point_estimate":-0.00031090633735342266,"standard_error":0.00033737084168467647},"median":{"confidence_interval":{"confidence_level":0.95,"lower_bound":-0.00016975371805749706,"upper_bound":0.00041197254525096534},"point_estimate":0.00013999299335787363,"standard_error":0.00014952992491062468}}