{"mean":{"confidence_interval":{"confidence_level":0.95,"lower_bound":-0.0004420212422365621,"upper_bound":0.00966265198073034},"point_estimate":0.0035335678590475705,"standard_error":0.0027981099185718345},"median":{"confidence_interval":{"confidence_level":0.95,"lower_bound":5.678500735628589e-6,"upper_bound":0.00036468498109054615},"point_estimate":0.00020421543056703406,"standard_error":0.00009158638041951765}}