{"mean":{"confidence_interval":{"confidence_level":0.95,"lower_bound":6800430.305,"upper_bound":6824108.13},"point_estimate":6809747.19125,"standard_error":6306.326640803764},"median":{"confidence_interval":{"confidence_level":0.95,"lower_bound":6797035.5,"upper_bound":6801029.4375},"point_estimate":6798959.1875,"standard_error":980.6740476518755},"median_abs_dev":{"confidence_interval":{"confidence_level":0.95,"lower_bound":6190.410865098238,"upper_bound":11209.104438498616},"point_estimate":8770.320144295692,"standard_error":1361.5419568435063},"slope":null,"std_dev":{"confidence_interval":{"confidence_level":0.95,"lower_bound":11284.897611898286,"upper_bound":104506.56966156243},"point_estimate":63480.003797258,"standard_error":28039.153040383488}}