{"mean":{"confidence_interval":{"confidence_level":0.95,"lower_bound":6520079.856875,"upper_bound":6535222.1447812505},"point_estimate":6527008.05125,"standard_error":3886.014711481017},"median":{"confidence_interval":{"confidence_level":0.95,"lower_bound":6514893.6875,"upper_bound":6518580.625},"point_estimate":6516558.0625,"standard_error":971.6255710975338},"median_abs_dev":{"confidence_interval":{"confidence_level":0.95,"lower_bound":6491.137737259273,"upper_bound":10726.24015957117},"point_estimate":8773.007356747985,"standard_error":1113.6507618308133},"slope":null,"std_dev":{"confidence_interval":{"confidence_level":0.95,"lower_bound":22522.117446826414,"upper_bound":51550.311680212995},"point_estimate":39065.756701114995,"standard_error":7412.590898595726}}