{"mean":{"confidence_interval":{"confidence_level":0.95,"lower_bound":6516173.04640625,"upper_bound":6525090.53125},"point_estimate":6520156.52875,"standard_error":2287.2536141131945},"median":{"confidence_interval":{"confidence_level":0.95,"lower_bound":6513511.0,"upper_bound":6517295.5},"point_estimate":6515349.6875,"standard_error":971.7882250426096},"median_abs_dev":{"confidence_interval":{"confidence_level":0.95,"lower_bound":8257.247890904546,"upper_bound":14207.477560266852},"point_estimate":11147.66920208931,"standard_error":1448.6247626987563},"slope":null,"std_dev":{"confidence_interval":{"confidence_level":0.95,"lower_bound":12057.908421547098,"upper_bound":33671.047572671465},"point_estimate":22943.665289225148,"standard_error":5835.487741649122}}