{"mean":{"confidence_interval":{"confidence_level":0.95,"lower_bound":6514545.7091875,"upper_bound":6519254.9623437505},"point_estimate":6516720.93375,"standard_error":1206.9056125706152},"median":{"confidence_interval":{"confidence_level":0.95,"lower_bound":6512829.0,"upper_bound":6515805.25},"point_estimate":6514348.6875,"standard_error":697.3181458380118},"median_abs_dev":{"confidence_interval":{"confidence_level":0.95,"lower_bound":4413.605142580345,"upper_bound":8544.686960801482},"point_estimate":5974.043931439519,"standard_error":1103.2027625698952},"slope":null,"std_dev":{"confidence_interval":{"confidence_level":0.95,"lower_bound":7222.790766441851,"upper_bound":16657.834800115626},"point_estimate":12119.608112542073,"standard_error":2464.572033024577}}