{"mean":{"confidence_interval":{"confidence_level":0.95,"lower_bound":6505473.24975,"upper_bound":6514701.6356875},"point_estimate":6509208.09375,"standard_error":2418.5500526661717},"median":{"confidence_interval":{"confidence_level":0.95,"lower_bound":6502902.0,"upper_bound":6506307.125},"point_estimate":6504304.6875,"standard_error":724.4313633176951},"median_abs_dev":{"confidence_interval":{"confidence_level":0.95,"lower_bound":4180.839263275266,"upper_bound":7562.237455118436},"point_estimate":5172.698645666242,"standard_error":800.680822710157},"slope":null,"std_dev":{"confidence_interval":{"confidence_level":0.95,"lower_bound":6411.26487328899,"upper_bound":39284.29381019629},"point_estimate":24311.293341153738,"standard_error":9665.579243803004}}