{"mean":{"confidence_interval":{"confidence_level":0.95,"lower_bound":6497075.66840625,"upper_bound":6517502.275},"point_estimate":6504512.05,"standard_error":5911.858698920426},"median":{"confidence_interval":{"confidence_level":0.95,"lower_bound":6494857.875,"upper_bound":6499219.875},"point_estimate":6496651.875,"standard_error":1108.4675756660376},"median_abs_dev":{"confidence_interval":{"confidence_level":0.95,"lower_bound":6258.981113880873,"upper_bound":11776.106265932322},"point_estimate":8791.632518917322,"standard_error":1398.8529002734572},"slope":null,"std_dev":{"confidence_interval":{"confidence_level":0.95,"lower_bound":9162.040269227438,"upper_bound":101361.88755577894},"point_estimate":59702.52788082064,"standard_error":32316.41548426352}}