{"mean":{"confidence_interval":{"confidence_level":0.95,"lower_bound":6520010.861125,"upper_bound":6543095.975218751},"point_estimate":6530108.6825,"standard_error":5943.569902024646},"median":{"confidence_interval":{"confidence_level":0.95,"lower_bound":6514418.125,"upper_bound":6518120.0},"point_estimate":6516024.25,"standard_error":870.5004246905814},"median_abs_dev":{"confidence_interval":{"confidence_level":0.95,"lower_bound":5388.2316168397665,"upper_bound":8472.04187865369},"point_estimate":6939.494501799345,"standard_error":782.9189694940669},"slope":null,"std_dev":{"confidence_interval":{"confidence_level":0.95,"lower_bound":23788.652826000685,"upper_bound":88762.81479906828},"point_estimate":59946.786492646606,"standard_error":16730.634813573084}}