{"mean":{"confidence_interval":{"confidence_level":0.95,"lower_bound":6536182.26984375,"upper_bound":6543944.3014687495},"point_estimate":6539415.055,"standard_error":2016.3966682268513},"median":{"confidence_interval":{"confidence_level":0.95,"lower_bound":6534676.5,"upper_bound":6538145.5},"point_estimate":6536111.625,"standard_error":963.3372864734745},"median_abs_dev":{"confidence_interval":{"confidence_level":0.95,"lower_bound":6127.101529659705,"upper_bound":10234.111947370693},"point_estimate":7686.724888533354,"standard_error":1047.5744413053721},"slope":null,"std_dev":{"confidence_interval":{"confidence_level":0.95,"lower_bound":8030.73714458664,"upper_bound":32323.064967572678},"point_estimate":20301.698701110432,"standard_error":7688.710014022298}}