{"mean":{"confidence_interval":{"confidence_level":0.95,"lower_bound":6521511.1585,"upper_bound":6528413.92728125},"point_estimate":6524628.6125,"standard_error":1771.7080225836899},"median":{"confidence_interval":{"confidence_level":0.95,"lower_bound":6519219.125,"upper_bound":6522096.625},"point_estimate":6520492.9375,"standard_error":791.8239623379894},"median_abs_dev":{"confidence_interval":{"confidence_level":0.95,"lower_bound":5586.867581438276,"upper_bound":9804.769527493032},"point_estimate":7603.235977515578,"standard_error":1106.4250989181212},"slope":null,"std_dev":{"confidence_interval":{"confidence_level":0.95,"lower_bound":8128.823687617506,"upper_bound":24895.141795104304},"point_estimate":17827.236342896045,"standard_error":4111.61316831248}}