{"mean":{"confidence_interval":{"confidence_level":0.95,"lower_bound":3499557.3266666685,"upper_bound":3507106.2519999994},"point_estimate":3502870.121333333,"standard_error":1939.1064676407614},"median":{"confidence_interval":{"confidence_level":0.95,"lower_bound":3497070.2,"upper_bound":3502171.066666667},"point_estimate":3498990.3,"standard_error":1421.6320916816105},"median_abs_dev":{"confidence_interval":{"confidence_level":0.95,"lower_bound":6942.409046247394,"upper_bound":11929.69126820548},"point_estimate":8202.978554367905,"standard_error":1343.4420441903078},"slope":null,"std_dev":{"confidence_interval":{"confidence_level":0.95,"lower_bound":9276.481354624386,"upper_bound":29338.26359914397},"point_estimate":19445.51480250624,"standard_error":5638.374470885495}}