{"mean":{"confidence_interval":{"confidence_level":0.95,"lower_bound":6520501.41384375,"upper_bound":6524939.54909375},"point_estimate":6522603.3275,"standard_error":1131.8644261879897},"median":{"confidence_interval":{"confidence_level":0.95,"lower_bound":6518793.0625,"upper_bound":6521312.8125},"point_estimate":6520146.1875,"standard_error":728.5089205226287},"median_abs_dev":{"confidence_interval":{"confidence_level":0.95,"lower_bound":4414.2560966312885,"upper_bound":8018.178645148873},"point_estimate":5921.874944865704,"standard_error":930.4377881789192},"slope":null,"std_dev":{"confidence_interval":{"confidence_level":0.95,"lower_bound":8187.616550905837,"upper_bound":14060.223806086395},"point_estimate":11358.266588570039,"standard_error":1498.785366313746}}