{"mean":{"confidence_interval":{"confidence_level":0.95,"lower_bound":6518871.6043437505,"upper_bound":6528474.591125},"point_estimate":6523301.7725,"standard_error":2467.4218585415188},"median":{"confidence_interval":{"confidence_level":0.95,"lower_bound":6513774.625,"upper_bound":6518061.14375},"point_estimate":6515038.375,"standard_error":1075.0729989882323},"median_abs_dev":{"confidence_interval":{"confidence_level":0.95,"lower_bound":5005.618894882501,"upper_bound":10422.214502468705},"point_estimate":7779.758036881685,"standard_error":1398.692261541944},"slope":null,"std_dev":{"confidence_interval":{"confidence_level":0.95,"lower_bound":14525.198727803354,"upper_bound":33123.52182789456},"point_estimate":24833.532349329522,"standard_error":4744.92848588629}}