{"mean":{"confidence_interval":{"confidence_level":0.95,"lower_bound":6512907.7725,"upper_bound":6516884.3765},"point_estimate":6514833.6225,"standard_error":1015.7010763185118},"median":{"confidence_interval":{"confidence_level":0.95,"lower_bound":6509971.75,"upper_bound":6514813.0},"point_estimate":6511992.0625,"standard_error":1304.0749746808442},"median_abs_dev":{"confidence_interval":{"confidence_level":0.95,"lower_bound":6145.654878392816,"upper_bound":10626.81329883635},"point_estimate":7554.495503380895,"standard_error":1178.3225563952244},"slope":null,"std_dev":{"confidence_interval":{"confidence_level":0.95,"lower_bound":8212.0494816849,"upper_bound":11884.276106067775},"point_estimate":10179.672375460366,"standard_error":940.3802955063219}}