{"mean":{"confidence_interval":{"confidence_level":0.95,"lower_bound":6500893.92940625,"upper_bound":6515852.65},"point_estimate":6507439.22,"standard_error":3867.343297159309},"median":{"confidence_interval":{"confidence_level":0.95,"lower_bound":6496394.625,"upper_bound":6504361.0},"point_estimate":6499339.6875,"standard_error":1925.3919278544797},"median_abs_dev":{"confidence_interval":{"confidence_level":0.95,"lower_bound":10278.865617513657,"upper_bound":15125.762918964028},"point_estimate":12540.386552363634,"standard_error":1255.0681240581632},"slope":null,"std_dev":{"confidence_interval":{"confidence_level":0.95,"lower_bound":12856.351062287475,"upper_bound":58376.742970285464},"point_estimate":39007.98129150604,"standard_error":11670.341374665559}}