{"mean":{"confidence_interval":{"confidence_level":0.95,"lower_bound":6831836.83125,"upper_bound":6838373.759093749},"point_estimate":6834898.1675,"standard_error":1673.5404935230094},"median":{"confidence_interval":{"confidence_level":0.95,"lower_bound":6827549.75,"upper_bound":6835326.875},"point_estimate":6831830.3125,"standard_error":1780.4104864396984},"median_abs_dev":{"confidence_interval":{"confidence_level":0.95,"lower_bound":7848.420948162675,"upper_bound":12044.642186164856},"point_estimate":9361.599546298385,"standard_error":1111.1509971173757},"slope":null,"std_dev":{"confidence_interval":{"confidence_level":0.95,"lower_bound":11255.038440276432,"upper_bound":21653.102357383053},"point_estimate":16795.38161488794,"standard_error":2663.1591221066974}}