{"mean":{"confidence_interval":{"confidence_level":0.95,"lower_bound":6511957.3860625,"upper_bound":6526555.201343751},"point_estimate":6518280.95,"standard_error":3760.7853753282984},"median":{"confidence_interval":{"confidence_level":0.95,"lower_bound":6506535.375,"upper_bound":6511917.875},"point_estimate":6508853.9375,"standard_error":1342.708052546373},"median_abs_dev":{"confidence_interval":{"confidence_level":0.95,"lower_bound":6648.904906958342,"upper_bound":12330.413331091404},"point_estimate":9524.036905914545,"standard_error":1409.2946238043},"slope":null,"std_dev":{"confidence_interval":{"confidence_level":0.95,"lower_bound":15914.02762011037,"upper_bound":57303.478457837635},"point_estimate":37763.86827973924,"standard_error":11320.93821264201}}