{"mean":{"confidence_interval":{"confidence_level":0.95,"lower_bound":6498891.40625,"upper_bound":6510645.98875},"point_estimate":6504203.06375,"standard_error":3033.7923420479974},"median":{"confidence_interval":{"confidence_level":0.95,"lower_bound":6493452.625,"upper_bound":6498822.625},"point_estimate":6495806.9375,"standard_error":1422.11312457364},"median_abs_dev":{"confidence_interval":{"confidence_level":0.95,"lower_bound":7640.486301854253,"upper_bound":13851.468241587281},"point_estimate":10670.735323056579,"standard_error":1460.2028563805966},"slope":null,"std_dev":{"confidence_interval":{"confidence_level":0.95,"lower_bound":13686.071944694182,"upper_bound":42507.754777141614},"point_estimate":30515.321909380385,"standard_error":7030.883932137195}}