{"mean":{"confidence_interval":{"confidence_level":0.95,"lower_bound":6503626.56,"upper_bound":6509485.018999999},"point_estimate":6506366.57125,"standard_error":1489.2688891168184},"median":{"confidence_interval":{"confidence_level":0.95,"lower_bound":6500101.1875,"upper_bound":6506032.25},"point_estimate":6502036.0,"standard_error":1606.0645681664992},"median_abs_dev":{"confidence_interval":{"confidence_level":0.95,"lower_bound":7381.401956453919,"upper_bound":13473.497910797596},"point_estimate":10015.982109680772,"standard_error":1603.1630040110833},"slope":null,"std_dev":{"confidence_interval":{"confidence_level":0.95,"lower_bound":10297.772144012204,"upper_bound":20146.648977930414},"point_estimate":14968.625409481863,"standard_error":2701.975314461044}}