{"mean":{"confidence_interval":{"confidence_level":0.95,"lower_bound":6532232.07175,"upper_bound":6536893.17725},"point_estimate":6534529.66625,"standard_error":1191.159975318732},"median":{"confidence_interval":{"confidence_level":0.95,"lower_bound":6530616.5,"upper_bound":6534980.8125},"point_estimate":6532160.3125,"standard_error":1080.5474838907587},"median_abs_dev":{"confidence_interval":{"confidence_level":0.95,"lower_bound":7187.644672393799,"upper_bound":13578.299196437001},"point_estimate":9706.118715181947,"standard_error":1727.7744363326472},"slope":null,"std_dev":{"confidence_interval":{"confidence_level":0.95,"lower_bound":10112.229492407057,"upper_bound":13555.053663617764},"point_estimate":11951.366981256217,"standard_error":876.076135923548}}