{"mean":{"confidence_interval":{"confidence_level":0.95,"lower_bound":6514660.38909375,"upper_bound":6521225.3965937495},"point_estimate":6517500.3525,"standard_error":1700.8158184353115},"median":{"confidence_interval":{"confidence_level":0.95,"lower_bound":6512067.625,"upper_bound":6516671.25},"point_estimate":6514248.0,"standard_error":1161.5167976052196},"median_abs_dev":{"confidence_interval":{"confidence_level":0.95,"lower_bound":5676.875299215317,"upper_bound":9595.109042152762},"point_estimate":7067.739399522543,"standard_error":1005.4855076985118},"slope":null,"std_dev":{"confidence_interval":{"confidence_level":0.95,"lower_bound":8159.090329900879,"upper_bound":26192.212730229705},"point_estimate":17087.115519866456,"standard_error":5539.5697500219}}