{"mean":{"confidence_interval":{"confidence_level":0.95,"lower_bound":6812016.9305625,"upper_bound":6822670.3},"point_estimate":6816813.50625,"standard_error":2732.9577369312938},"median":{"confidence_interval":{"confidence_level":0.95,"lower_bound":6807257.625,"upper_bound":6813168.6875},"point_estimate":6810310.0625,"standard_error":1605.2388829115494},"median_abs_dev":{"confidence_interval":{"confidence_level":0.95,"lower_bound":7330.344919860363,"upper_bound":11988.396049663424},"point_estimate":9006.146202608943,"standard_error":1158.2861847693302},"slope":null,"std_dev":{"confidence_interval":{"confidence_level":0.95,"lower_bound":14093.828490812533,"upper_bound":39519.236911409265},"point_estimate":27529.841206972404,"standard_error":6641.987697498429}}