{"mean":{"confidence_interval":{"confidence_level":0.95,"lower_bound":6494631.186875,"upper_bound":6499723.776125},"point_estimate":6497007.6225,"standard_error":1301.2597760444378},"median":{"confidence_interval":{"confidence_level":0.95,"lower_bound":6491424.4375,"upper_bound":6494391.8125},"point_estimate":6492756.25,"standard_error":698.4913400812889},"median_abs_dev":{"confidence_interval":{"confidence_level":0.95,"lower_bound":4543.334956839681,"upper_bound":8040.417644754052},"point_estimate":5951.712269335985,"standard_error":958.3278127006938},"slope":null,"std_dev":{"confidence_interval":{"confidence_level":0.95,"lower_bound":8848.238580864852,"upper_bound":16761.389802212754},"point_estimate":13027.720792694043,"standard_error":2022.5349046436172}}