{"mean":{"confidence_interval":{"confidence_level":0.95,"lower_bound":6519829.417562501,"upper_bound":6529392.21759375},"point_estimate":6524017.64,"standard_error":2455.115108440351},"median":{"confidence_interval":{"confidence_level":0.95,"lower_bound":6516766.9375,"upper_bound":6520943.5},"point_estimate":6518485.6875,"standard_error":1034.7646846927944},"median_abs_dev":{"confidence_interval":{"confidence_level":0.95,"lower_bound":8035.784519836307,"upper_bound":12497.486132187769},"point_estimate":10516.45226329565,"standard_error":1116.466515682713},"slope":null,"std_dev":{"confidence_interval":{"confidence_level":0.95,"lower_bound":11119.853296867997,"upper_bound":37504.73944259477},"point_estimate":24737.14233201782,"standard_error":7373.266751727615}}