{"mean":{"confidence_interval":{"confidence_level":0.95,"lower_bound":7668056.846142857,"upper_bound":7674482.227107139},"point_estimate":7670956.012857143,"standard_error":1650.1380593228196},"median":{"confidence_interval":{"confidence_level":0.95,"lower_bound":7665909.714285715,"upper_bound":7669226.142857143},"point_estimate":7667291.071428571,"standard_error":850.4124442542953},"median_abs_dev":{"confidence_interval":{"confidence_level":0.95,"lower_bound":5656.224799583219,"upper_bound":9379.986433471657},"point_estimate":7331.774569834686,"standard_error":968.0954439200876},"slope":null,"std_dev":{"confidence_interval":{"confidence_level":0.95,"lower_bound":8478.250614010667,"upper_bound":23643.750021504464},"point_estimate":16621.270662144925,"standard_error":3939.3097524568216}}