{"mean":{"confidence_interval":{"confidence_level":0.95,"lower_bound":6493585.45890625,"upper_bound":6508113.048125},"point_estimate":6499028.71375,"standard_error":4063.348419153516},"median":{"confidence_interval":{"confidence_level":0.95,"lower_bound":6491685.75,"upper_bound":6494471.125},"point_estimate":6492581.9375,"standard_error":693.521055743348},"median_abs_dev":{"confidence_interval":{"confidence_level":0.95,"lower_bound":6376.940474286675,"upper_bound":10930.693012503898},"point_estimate":9060.724414139986,"standard_error":1140.894727907169},"slope":null,"std_dev":{"confidence_interval":{"confidence_level":0.95,"lower_bound":8659.31096657235,"upper_bound":68726.18484083955},"point_estimate":40851.46182331851,"standard_error":20788.941194989013}}