{"mean":{"confidence_interval":{"confidence_level":0.95,"lower_bound":6501003.64265625,"upper_bound":6534058.27875},"point_estimate":6514400.445,"standard_error":8691.810471266763},"median":{"confidence_interval":{"confidence_level":0.95,"lower_bound":6495071.3125,"upper_bound":6501090.8125},"point_estimate":6498903.625,"standard_error":1570.7232057793026},"median_abs_dev":{"confidence_interval":{"confidence_level":0.95,"lower_bound":6402.793311327696,"upper_bound":12750.359773635864},"point_estimate":10355.590166151524,"standard_error":1632.1088489897302},"slope":null,"std_dev":{"confidence_interval":{"confidence_level":0.95,"lower_bound":12452.201128158189,"upper_bound":138982.24497526308},"point_estimate":87348.04401303013,"standard_error":34599.58677170218}}