{"mean":{"confidence_interval":{"confidence_level":0.95,"lower_bound":6517842.392875,"upper_bound":6545198.86178125},"point_estimate":6529562.735,"standard_error":7042.887764496129},"median":{"confidence_interval":{"confidence_level":0.95,"lower_bound":6511828.0,"upper_bound":6515474.875},"point_estimate":6513205.625,"standard_error":906.5363255193671},"median_abs_dev":{"confidence_interval":{"confidence_level":0.95,"lower_bound":5058.7237726897,"upper_bound":9031.338819349166},"point_estimate":6645.2910695225,"standard_error":1068.6540756262277},"slope":null,"std_dev":{"confidence_interval":{"confidence_level":0.95,"lower_bound":25368.53997677412,"upper_bound":107836.25864065303},"point_estimate":70538.17064649556,"standard_error":21682.679340543596}}