{"mean":{"confidence_interval":{"confidence_level":0.95,"lower_bound":6811018.5040625,"upper_bound":6818416.43021875},"point_estimate":6814384.2225,"standard_error":1891.6288304919415},"median":{"confidence_interval":{"confidence_level":0.95,"lower_bound":6807869.5,"upper_bound":6812029.75},"point_estimate":6810806.125,"standard_error":1015.9525169355666},"median_abs_dev":{"confidence_interval":{"confidence_level":0.95,"lower_bound":5267.492381483316,"upper_bound":9359.653633832932},"point_estimate":6935.695339366794,"standard_error":1063.6058612002312},"slope":null,"std_dev":{"confidence_interval":{"confidence_level":0.95,"lower_bound":9622.693860035912,"upper_bound":25972.068705980768},"point_estimate":18973.630070627005,"standard_error":4049.0698264265866}}