{"mean":{"confidence_interval":{"confidence_level":0.95,"lower_bound":6491844.64353125,"upper_bound":6497164.0597187495},"point_estimate":6494273.90625,"standard_error":1362.1986302769924},"median":{"confidence_interval":{"confidence_level":0.95,"lower_bound":6489453.625,"upper_bound":6493561.25},"point_estimate":6491422.9375,"standard_error":1072.2446791496743},"median_abs_dev":{"confidence_interval":{"confidence_level":0.95,"lower_bound":5446.886978298426,"upper_bound":8881.515142321587},"point_estimate":7064.774199575186,"standard_error":848.3601002822342},"slope":null,"std_dev":{"confidence_interval":{"confidence_level":0.95,"lower_bound":8111.553338367969,"upper_bound":19054.644794680436},"point_estimate":13652.737065148067,"standard_error":2875.2438337703725}}