{"mean":{"confidence_interval":{"confidence_level":0.95,"lower_bound":6490689.85453125,"upper_bound":6494462.34303125},"point_estimate":6492464.95875,"standard_error":965.104432656178},"median":{"confidence_interval":{"confidence_level":0.95,"lower_bound":6488054.25,"upper_bound":6490843.75},"point_estimate":6489203.6875,"standard_error":657.0384229944332},"median_abs_dev":{"confidence_interval":{"confidence_level":0.95,"lower_bound":3962.063104659319,"upper_bound":7566.078315675259},"point_estimate":6016.668680682778,"standard_error":947.7427969311677},"slope":null,"std_dev":{"confidence_interval":{"confidence_level":0.95,"lower_bound":6829.225349003651,"upper_bound":12654.429950046086},"point_estimate":9685.968977096196,"standard_error":1522.881382754592}}