{"mean":{"confidence_interval":{"confidence_level":0.95,"lower_bound":6513894.64,"upper_bound":6521751.5419375},"point_estimate":6517416.80375,"standard_error":2008.628198659052},"median":{"confidence_interval":{"confidence_level":0.95,"lower_bound":6510798.375,"upper_bound":6514974.25},"point_estimate":6512661.8125,"standard_error":965.5792091069094},"median_abs_dev":{"confidence_interval":{"confidence_level":0.95,"lower_bound":7021.109313787894,"upper_bound":12936.796720325947},"point_estimate":9769.963176548481,"standard_error":1449.7437734168727},"slope":null,"std_dev":{"confidence_interval":{"confidence_level":0.95,"lower_bound":10633.56154505538,"upper_bound":29345.863925276375},"point_estimate":20088.587450052368,"standard_error":5108.197929114197}}