{"mean":{"confidence_interval":{"confidence_level":0.95,"lower_bound":6522874.24375,"upper_bound":6527767.442218751},"point_estimate":6525245.5925,"standard_error":1249.5035582954538},"median":{"confidence_interval":{"confidence_level":0.95,"lower_bound":6519650.25,"upper_bound":6526566.875},"point_estimate":6522367.1875,"standard_error":1943.5012776060853},"median_abs_dev":{"confidence_interval":{"confidence_level":0.95,"lower_bound":7696.176463365555,"upper_bound":13407.336886972189},"point_estimate":10186.944419145584,"standard_error":1356.3019624442},"slope":null,"std_dev":{"confidence_interval":{"confidence_level":0.95,"lower_bound":9936.25546725238,"upper_bound":15006.328188505086},"point_estimate":12563.586878703009,"standard_error":1302.4956421885943}}