{"mean":{"confidence_interval":{"confidence_level":0.95,"lower_bound":4115.25407517621,"upper_bound":4182.158183067754},"point_estimate":4145.913580928037,"standard_error":17.15680689032112},"median":{"confidence_interval":{"confidence_level":0.95,"lower_bound":4090.261771528888,"upper_bound":4121.296023564065},"point_estimate":4102.981167383341,"standard_error":7.1950688781782},"median_abs_dev":{"confidence_interval":{"confidence_level":0.95,"lower_bound":51.07545142656267,"upper_bound":87.6532825586228},"point_estimate":72.61181365763464,"standard_error":9.217114729915364},"slope":{"confidence_interval":{"confidence_level":0.95,"lower_bound":4100.020789948813,"upper_bound":4166.775639355182},"point_estimate":4129.23804429057,"standard_error":17.227340807249274},"std_dev":{"confidence_interval":{"confidence_level":0.95,"lower_bound":100.24421371055718,"upper_bound":234.95143676669952},"point_estimate":172.6944359211014,"standard_error":34.65672112541468}}