{"mean":{"confidence_interval":{"confidence_level":0.95,"lower_bound":4106.430674274067,"upper_bound":4131.177292150175},"point_estimate":4118.709730918246,"standard_error":6.309768777458358},"median":{"confidence_interval":{"confidence_level":0.95,"lower_bound":4104.811196911197,"upper_bound":4132.865281030445},"point_estimate":4116.159769917583,"standard_error":6.681031169788516},"median_abs_dev":{"confidence_interval":{"confidence_level":0.95,"lower_bound":44.85344438175788,"upper_bound":85.9435216884837},"point_estimate":71.14313737332041,"standard_error":10.659252292354711},"slope":{"confidence_interval":{"confidence_level":0.95,"lower_bound":4077.1909096052996,"upper_bound":4114.092467426979},"point_estimate":4094.71108488674,"standard_error":9.413539124721256},"std_dev":{"confidence_interval":{"confidence_level":0.95,"lower_bound":55.252572996171345,"upper_bound":70.7367617671256},"point_estimate":63.42523272364096,"standard_error":3.945467751657002}}