{"mean":{"confidence_interval":{"confidence_level":0.95,"lower_bound":4039.9054353475562,"upper_bound":4098.994254904128},"point_estimate":4065.8684149412393,"standard_error":15.136947614461663},"median":{"confidence_interval":{"confidence_level":0.95,"lower_bound":4021.170020120724,"upper_bound":4058.5715394853596},"point_estimate":4044.3576211734694,"standard_error":9.160273016840714},"median_abs_dev":{"confidence_interval":{"confidence_level":0.95,"lower_bound":44.00605827555458,"upper_bound":65.73881611961761},"point_estimate":55.61016096924424,"standard_error":5.541987977818793},"slope":{"confidence_interval":{"confidence_level":0.95,"lower_bound":4010.049732180685,"upper_bound":4108.880739691373},"point_estimate":4052.5903943507356,"standard_error":25.414032332830335},"std_dev":{"confidence_interval":{"confidence_level":0.95,"lower_bound":61.161016294604934,"upper_bound":218.42231520359084},"point_estimate":151.45305074626438,"standard_error":39.2726920301508}}