{"mean":{"confidence_interval":{"confidence_level":0.95,"lower_bound":4032.285456996133,"upper_bound":4061.1438796119014},"point_estimate":4045.7985922484218,"standard_error":7.36334942365162},"median":{"confidence_interval":{"confidence_level":0.95,"lower_bound":4023.5726817042605,"upper_bound":4044.4795918367345},"point_estimate":4033.18262987013,"standard_error":6.024601823589535},"median_abs_dev":{"confidence_interval":{"confidence_level":0.95,"lower_bound":43.69756226769129,"upper_bound":76.53987555210391},"point_estimate":56.34656284922682,"standard_error":8.206671580166484},"slope":{"confidence_interval":{"confidence_level":0.95,"lower_bound":4012.3120834339534,"upper_bound":4047.843837215769},"point_estimate":4028.8392877198166,"standard_error":9.07243407039151},"std_dev":{"confidence_interval":{"confidence_level":0.95,"lower_bound":50.41783006370304,"upper_bound":102.03269738089121},"point_estimate":74.35477133918316,"standard_error":14.646148104199845}}