{"mean":{"confidence_interval":{"confidence_level":0.95,"lower_bound":4242.346017939859,"upper_bound":4285.757719556077},"point_estimate":4260.4288491955285,"standard_error":11.283806281631895},"median":{"confidence_interval":{"confidence_level":0.95,"lower_bound":4234.158790843465,"upper_bound":4265.467226890756},"point_estimate":4244.75496031746,"standard_error":8.306506892718424},"median_abs_dev":{"confidence_interval":{"confidence_level":0.95,"lower_bound":36.45880590034504,"upper_bound":60.30252180159625},"point_estimate":47.08326721312456,"standard_error":6.013549019467853},"slope":{"confidence_interval":{"confidence_level":0.95,"lower_bound":4247.645704850662,"upper_bound":4269.651467592155},"point_estimate":4258.729671515126,"standard_error":5.6261708575504725},"std_dev":{"confidence_interval":{"confidence_level":0.95,"lower_bound":47.56187411294688,"upper_bound":179.67947885130494},"point_estimate":113.12915491918228,"standard_error":42.46037986352176}}