{"mean":{"confidence_interval":{"confidence_level":0.95,"lower_bound":3948.4731037164333,"upper_bound":3973.0580449597987},"point_estimate":3960.75318665286,"standard_error":6.245928066483871},"median":{"confidence_interval":{"confidence_level":0.95,"lower_bound":3945.3166666666666,"upper_bound":3978.4666666666667},"point_estimate":3964.165886939571,"standard_error":9.588993974649613},"median_abs_dev":{"confidence_interval":{"confidence_level":0.95,"lower_bound":56.27152546944909,"upper_bound":91.35841552092057},"point_estimate":74.63928392734691,"standard_error":9.244792675366192},"slope":{"confidence_interval":{"confidence_level":0.95,"lower_bound":3917.671396475722,"upper_bound":3949.533130440344},"point_estimate":3932.382493473228,"standard_error":8.118912486574581},"std_dev":{"confidence_interval":{"confidence_level":0.95,"lower_bound":55.75833575753241,"upper_bound":68.8761951320698},"point_estimate":62.71220759835248,"standard_error":3.3524068261005913}}