{"mean":{"confidence_interval":{"confidence_level":0.95,"lower_bound":4106.151993467597,"upper_bound":4117.575339910191},"point_estimate":4111.607530542311,"standard_error":2.9230645480234934},"median":{"confidence_interval":{"confidence_level":0.95,"lower_bound":4101.743303571429,"upper_bound":4114.765116618076},"point_estimate":4109.57683982684,"standard_error":3.4641766070731896},"median_abs_dev":{"confidence_interval":{"confidence_level":0.95,"lower_bound":17.674947282360474,"upper_bound":29.971894936218796},"point_estimate":23.849468578637012,"standard_error":3.089771421008552},"slope":{"confidence_interval":{"confidence_level":0.95,"lower_bound":4100.765167387773,"upper_bound":4110.487203575494},"point_estimate":4105.512876775951,"standard_error":2.4756288002935265},"std_dev":{"confidence_interval":{"confidence_level":0.95,"lower_bound":21.518143195394078,"upper_bound":36.618175755316386},"point_estimate":29.208606026764485,"standard_error":3.868824068172444}}