{"mean":{"confidence_interval":{"confidence_level":0.95,"lower_bound":4076.26317152206,"upper_bound":4103.174694399965},"point_estimate":4088.1508878424397,"standard_error":6.891655960912703},"median":{"confidence_interval":{"confidence_level":0.95,"lower_bound":4070.635093167702,"upper_bound":4092.5975120385233},"point_estimate":4082.1420491273434,"standard_error":6.0164217705858185},"median_abs_dev":{"confidence_interval":{"confidence_level":0.95,"lower_bound":31.842300373359578,"upper_bound":56.42954143854315},"point_estimate":41.01841348230402,"standard_error":6.145269748958069},"slope":{"confidence_interval":{"confidence_level":0.95,"lower_bound":4060.3800225766936,"upper_bound":4092.398355669114},"point_estimate":4074.1600173108995,"standard_error":8.175404824806272},"std_dev":{"confidence_interval":{"confidence_level":0.95,"lower_bound":38.407324368339076,"upper_bound":103.43886093600393},"point_estimate":69.24437144001224,"standard_error":20.085402505450162}}