{"mean":{"confidence_interval":{"confidence_level":0.95,"lower_bound":4230.996798332953,"upper_bound":4247.965891535274},"point_estimate":4239.4063193023285,"standard_error":4.332552756043792},"median":{"confidence_interval":{"confidence_level":0.95,"lower_bound":4231.368261330506,"upper_bound":4247.695826645265},"point_estimate":4241.63418367347,"standard_error":3.9867364488286223},"median_abs_dev":{"confidence_interval":{"confidence_level":0.95,"lower_bound":32.74411132343761,"upper_bound":57.39238769601916},"point_estimate":41.17928815264221,"standard_error":5.990750173520295},"slope":{"confidence_interval":{"confidence_level":0.95,"lower_bound":4248.677822492977,"upper_bound":4265.651483487471},"point_estimate":4257.185620342418,"standard_error":4.316329108845461},"std_dev":{"confidence_interval":{"confidence_level":0.95,"lower_bound":37.966573698304316,"upper_bound":48.88478507038086},"point_estimate":43.74625594701511,"standard_error":2.8050177994525165}}