{"mean":{"confidence_interval":{"confidence_level":0.95,"lower_bound":6556.93194164535,"upper_bound":6591.41747840554},"point_estimate":6572.518869618741,"standard_error":8.863690622022837},"median":{"confidence_interval":{"confidence_level":0.95,"lower_bound":6551.5220364741635,"upper_bound":6583.5},"point_estimate":6564.210999204877,"standard_error":7.728692834826545},"median_abs_dev":{"confidence_interval":{"confidence_level":0.95,"lower_bound":42.90526458879511,"upper_bound":67.72574050449319},"point_estimate":54.12749328456924,"standard_error":5.883307694939549},"slope":{"confidence_interval":{"confidence_level":0.95,"lower_bound":6554.880748600083,"upper_bound":6579.989236447187},"point_estimate":6567.116781439338,"standard_error":6.399265167650278},"std_dev":{"confidence_interval":{"confidence_level":0.95,"lower_bound":51.33026112810358,"upper_bound":131.0025362452874},"point_estimate":88.87630016049852,"standard_error":24.231242534491464}}