{"mean":{"confidence_interval":{"confidence_level":0.95,"lower_bound":4268.885196382745,"upper_bound":4309.215095557967},"point_estimate":4288.201136353212,"standard_error":10.301107530301175},"median":{"confidence_interval":{"confidence_level":0.95,"lower_bound":4248.065476190476,"upper_bound":4301.137648809524},"point_estimate":4277.939309056956,"standard_error":14.641164027451138},"median_abs_dev":{"confidence_interval":{"confidence_level":0.95,"lower_bound":68.31211753721787,"upper_bound":109.80394927205843},"point_estimate":87.41219650007123,"standard_error":10.55581482188435},"slope":{"confidence_interval":{"confidence_level":0.95,"lower_bound":4300.966233885308,"upper_bound":4346.490540895725},"point_estimate":4323.566647596529,"standard_error":11.604597785778598},"std_dev":{"confidence_interval":{"confidence_level":0.95,"lower_bound":76.21848735055983,"upper_bound":129.76624868546457},"point_estimate":103.54104142694567,"standard_error":13.855195989797679}}