{"mean":{"confidence_interval":{"confidence_level":0.95,"lower_bound":4123.214956979629,"upper_bound":4171.710214577314},"point_estimate":4146.40394576114,"standard_error":12.412636903781445},"median":{"confidence_interval":{"confidence_level":0.95,"lower_bound":4138.14764254386,"upper_bound":4176.482993197279},"point_estimate":4160.133333333333,"standard_error":9.484363026080143},"median_abs_dev":{"confidence_interval":{"confidence_level":0.95,"lower_bound":50.92844955737732,"upper_bound":148.3096167081545},"point_estimate":78.08365548370297,"standard_error":25.6911361192825},"slope":{"confidence_interval":{"confidence_level":0.95,"lower_bound":4052.2560893455084,"upper_bound":4090.722186625892},"point_estimate":4069.886762031427,"standard_error":9.806626095404718},"std_dev":{"confidence_interval":{"confidence_level":0.95,"lower_bound":95.32362376031985,"upper_bound":155.3709181906544},"point_estimate":124.53168517986472,"standard_error":15.636266553594671}}