{"mean":{"confidence_interval":{"confidence_level":0.95,"lower_bound":4132.356763511342,"upper_bound":4159.372551360543},"point_estimate":4143.59363900063,"standard_error":7.034366006200197},"median":{"confidence_interval":{"confidence_level":0.95,"lower_bound":4126.0158371040725,"upper_bound":4139.105545617173},"point_estimate":4132.321597633136,"standard_error":3.3593384834746125},"median_abs_dev":{"confidence_interval":{"confidence_level":0.95,"lower_bound":19.382901274483395,"upper_bound":33.83179916626426},"point_estimate":25.896821303841605,"standard_error":3.675077641485039},"slope":{"confidence_interval":{"confidence_level":0.95,"lower_bound":4119.523651583647,"upper_bound":4133.616113450094},"point_estimate":4126.27789316934,"standard_error":3.5952339107053426},"std_dev":{"confidence_interval":{"confidence_level":0.95,"lower_bound":26.50557221446464,"upper_bound":111.61718268324572},"point_estimate":70.27442538034708,"standard_error":26.064048089033417}}