{"mean":{"confidence_interval":{"confidence_level":0.95,"lower_bound":6451.55860817751,"upper_bound":6488.948939886484},"point_estimate":6468.449037796827,"standard_error":9.5390304721914},"median":{"confidence_interval":{"confidence_level":0.95,"lower_bound":6440.017582417582,"upper_bound":6466.147619047619},"point_estimate":6451.96292590312,"standard_error":6.209200573258373},"median_abs_dev":{"confidence_interval":{"confidence_level":0.95,"lower_bound":31.278005694704333,"upper_bound":50.407329611950345},"point_estimate":40.47383613579986,"standard_error":4.744040390525872},"slope":{"confidence_interval":{"confidence_level":0.95,"lower_bound":6450.245015767541,"upper_bound":6494.51100911336},"point_estimate":6469.534654943106,"standard_error":11.391487427083254},"std_dev":{"confidence_interval":{"confidence_level":0.95,"lower_bound":51.932585578360204,"upper_bound":139.03509581159318},"point_estimate":95.81700578436589,"standard_error":23.25035951289496}}