{"mean":{"confidence_interval":{"confidence_level":0.95,"lower_bound":25573.82210290304,"upper_bound":25974.32590795545},"point_estimate":25751.70101668569,"standard_error":102.57381566238578},"median":{"confidence_interval":{"confidence_level":0.95,"lower_bound":25444.8987012987,"upper_bound":25491.235290489698},"point_estimate":25475.707625707626,"standard_error":13.117876542460367},"median_abs_dev":{"confidence_interval":{"confidence_level":0.95,"lower_bound":73.46838997036134,"upper_bound":132.38859087432937},"point_estimate":94.25629332661737,"standard_error":14.569846658281918},"slope":{"confidence_interval":{"confidence_level":0.95,"lower_bound":25628.9427596787,"upper_bound":26423.310807663864},"point_estimate":25959.143439687254,"standard_error":207.36061682958507},"std_dev":{"confidence_interval":{"confidence_level":0.95,"lower_bound":538.7981975997876,"upper_bound":1484.894414126593},"point_estimate":1027.263910726002,"standard_error":251.9460289250394}}