{"mean":{"confidence_interval":{"confidence_level":0.95,"lower_bound":4044.140073015047,"upper_bound":4076.642784778606},"point_estimate":4057.9117832805055,"standard_error":8.40283635761706},"median":{"confidence_interval":{"confidence_level":0.95,"lower_bound":4034.1127366609294,"upper_bound":4060.1444622792937},"point_estimate":4045.299716959663,"standard_error":6.285762829454737},"median_abs_dev":{"confidence_interval":{"confidence_level":0.95,"lower_bound":34.59789674702398,"upper_bound":51.598119396449974},"point_estimate":41.86986479752825,"standard_error":4.445097198382347},"slope":{"confidence_interval":{"confidence_level":0.95,"lower_bound":4042.908268079463,"upper_bound":4060.743668501954},"point_estimate":4051.888958812726,"standard_error":4.552507758926383},"std_dev":{"confidence_interval":{"confidence_level":0.95,"lower_bound":37.88525361787868,"upper_bound":131.9413808727721},"point_estimate":84.42155767791004,"standard_error":29.870048960499222}}