{"mean":{"confidence_interval":{"confidence_level":0.95,"lower_bound":6459.457472770504,"upper_bound":6533.785179332884},"point_estimate":6490.805600839372,"standard_error":19.17760397891169},"median":{"confidence_interval":{"confidence_level":0.95,"lower_bound":6442.513333333333,"upper_bound":6474.194585607629},"point_estimate":6464.943979807113,"standard_error":8.13767808341671},"median_abs_dev":{"confidence_interval":{"confidence_level":0.95,"lower_bound":44.1185234358548,"upper_bound":72.75789112221558},"point_estimate":60.11680354102929,"standard_error":7.179532699377904},"slope":{"confidence_interval":{"confidence_level":0.95,"lower_bound":6466.142282629927,"upper_bound":6540.528200919417},"point_estimate":6494.284256933156,"standard_error":19.9439797843886},"std_dev":{"confidence_interval":{"confidence_level":0.95,"lower_bound":77.43779877181758,"upper_bound":300.9422141641926},"point_estimate":192.766920519518,"standard_error":65.9106595440521}}