{"mean":{"confidence_interval":{"confidence_level":0.95,"lower_bound":3997.5444487884624,"upper_bound":4017.532666374804},"point_estimate":4007.2696067645434,"standard_error":5.078003288723074},"median":{"confidence_interval":{"confidence_level":0.95,"lower_bound":3995.5942028985505,"upper_bound":4017.881896551724},"point_estimate":4008.4087919038584,"standard_error":5.508910114831394},"median_abs_dev":{"confidence_interval":{"confidence_level":0.95,"lower_bound":44.04810659335151,"upper_bound":67.21626922781968},"point_estimate":53.92952520856746,"standard_error":5.543719295679384},"slope":{"confidence_interval":{"confidence_level":0.95,"lower_bound":3976.089528063997,"upper_bound":4003.475185056389},"point_estimate":3989.060787350377,"standard_error":7.0295973940093015},"std_dev":{"confidence_interval":{"confidence_level":0.95,"lower_bound":43.950660667821914,"upper_bound":57.26378266766232},"point_estimate":50.971653295421106,"standard_error":3.4007349101304425}}