{"mean":{"confidence_interval":{"confidence_level":0.95,"lower_bound":3914.182196793188,"upper_bound":3937.1746555512277},"point_estimate":3925.5677799886985,"standard_error":5.868612806492777},"median":{"confidence_interval":{"confidence_level":0.95,"lower_bound":3901.879487179487,"upper_bound":3930.670319634703},"point_estimate":3912.3194843168526,"standard_error":7.411542929565503},"median_abs_dev":{"confidence_interval":{"confidence_level":0.95,"lower_bound":41.895641690414024,"upper_bound":81.6605593339804},"point_estimate":63.11117408950505,"standard_error":10.190955480516568},"slope":{"confidence_interval":{"confidence_level":0.95,"lower_bound":3947.7421675990604,"upper_bound":3976.665412882483},"point_estimate":3962.817121718142,"standard_error":7.385503393864892},"std_dev":{"confidence_interval":{"confidence_level":0.95,"lower_bound":51.40735168353197,"upper_bound":65.54420105917269},"point_estimate":59.05759895180241,"standard_error":3.6075120490450767}}