{"mean":{"confidence_interval":{"confidence_level":0.95,"lower_bound":7480.383966838888,"upper_bound":7575.399800311117},"point_estimate":7515.961481101272,"standard_error":25.59224151894693},"median":{"confidence_interval":{"confidence_level":0.95,"lower_bound":7472.460600375234,"upper_bound":7494.425891181989},"point_estimate":7486.367553499133,"standard_error":5.261679965461039},"median_abs_dev":{"confidence_interval":{"confidence_level":0.95,"lower_bound":30.8876995326056,"upper_bound":59.37870122042457},"point_estimate":43.13180934400824,"standard_error":7.533995778845771},"slope":{"confidence_interval":{"confidence_level":0.95,"lower_bound":7465.285390031935,"upper_bound":7480.657796005926},"point_estimate":7472.637810642143,"standard_error":3.923336067247977},"std_dev":{"confidence_interval":{"confidence_level":0.95,"lower_bound":49.75473800693983,"upper_bound":427.6217374638465},"point_estimate":255.4235161208312,"standard_error":122.75671545910156}}