{"mean":{"confidence_interval":{"confidence_level":0.95,"lower_bound":6431.444861247965,"upper_bound":6456.260500702233},"point_estimate":6443.446711017402,"standard_error":6.3224018083972355},"median":{"confidence_interval":{"confidence_level":0.95,"lower_bound":6428.173556231003,"upper_bound":6452.998292926193},"point_estimate":6439.984164420485,"standard_error":6.476459139979261},"median_abs_dev":{"confidence_interval":{"confidence_level":0.95,"lower_bound":39.612594143361555,"upper_bound":60.89267110847233},"point_estimate":48.0773829494953,"standard_error":5.360465890907423},"slope":{"confidence_interval":{"confidence_level":0.95,"lower_bound":6445.857483822383,"upper_bound":6473.193037973516},"point_estimate":6458.584573244105,"standard_error":7.002481485814353},"std_dev":{"confidence_interval":{"confidence_level":0.95,"lower_bound":47.301813792434885,"upper_bound":81.6804135021394},"point_estimate":63.18573004445006,"standard_error":9.240384359348113}}