{"mean":{"confidence_interval":{"confidence_level":0.95,"lower_bound":4016.012022154685,"upper_bound":4041.024670504276},"point_estimate":4028.590849867175,"standard_error":6.365122583736906},"median":{"confidence_interval":{"confidence_level":0.95,"lower_bound":4008.0666666666666,"upper_bound":4049.6849085365857},"point_estimate":4023.5714975845412,"standard_error":11.21880301903926},"median_abs_dev":{"confidence_interval":{"confidence_level":0.95,"lower_bound":60.75800859332303,"upper_bound":89.52116948833593},"point_estimate":76.09102630868878,"standard_error":7.423290316760697},"slope":{"confidence_interval":{"confidence_level":0.95,"lower_bound":3985.556542500038,"upper_bound":4016.36733798927},"point_estimate":3999.955008915817,"standard_error":7.849735648579158},"std_dev":{"confidence_interval":{"confidence_level":0.95,"lower_bound":56.99472313192177,"upper_bound":69.88559389734625},"point_estimate":63.93246924984764,"standard_error":3.2855350658641527}}