{"mean":{"confidence_interval":{"confidence_level":0.95,"lower_bound":4159.426678721526,"upper_bound":4212.204172721026},"point_estimate":4180.384181589975,"standard_error":14.00114718264449},"median":{"confidence_interval":{"confidence_level":0.95,"lower_bound":4146.626086956522,"upper_bound":4182.675536261491},"point_estimate":4161.780193439865,"standard_error":9.401159779849479},"median_abs_dev":{"confidence_interval":{"confidence_level":0.95,"lower_bound":46.34265379263855,"upper_bound":69.35633564367926},"point_estimate":57.754073177558595,"standard_error":5.776724422904551},"slope":{"confidence_interval":{"confidence_level":0.95,"lower_bound":4139.4482412528705,"upper_bound":4167.9837277442375},"point_estimate":4153.047681197971,"standard_error":7.279071375431071},"std_dev":{"confidence_interval":{"confidence_level":0.95,"lower_bound":48.03309682832502,"upper_bound":229.96008646897084},"point_estimate":140.55038529626847,"standard_error":61.186888000233054}}