{"mean":{"confidence_interval":{"confidence_level":0.95,"lower_bound":3978.3470222995,"upper_bound":4006.820710215997},"point_estimate":3992.249836886558,"standard_error":7.284017988618172},"median":{"confidence_interval":{"confidence_level":0.95,"lower_bound":3964.2569444444443,"upper_bound":3998.5617647058825},"point_estimate":3977.964814814815,"standard_error":7.676426839422125},"median_abs_dev":{"confidence_interval":{"confidence_level":0.95,"lower_bound":53.537511079648326,"upper_bound":82.80615229400863},"point_estimate":64.6118114455037,"standard_error":7.41345128082304},"slope":{"confidence_interval":{"confidence_level":0.95,"lower_bound":3980.8565045016853,"upper_bound":4020.5548258413014},"point_estimate":4000.3487382887542,"standard_error":10.134867692688172},"std_dev":{"confidence_interval":{"confidence_level":0.95,"lower_bound":59.209323263631376,"upper_bound":87.62874458586235},"point_estimate":73.22567167530421,"standard_error":7.378013626696708}}