{"mean":{"confidence_interval":{"confidence_level":0.95,"lower_bound":4056.56983578841,"upper_bound":4095.8957159567053},"point_estimate":4074.108664646211,"standard_error":10.062376896245075},"median":{"confidence_interval":{"confidence_level":0.95,"lower_bound":4057.978835978836,"upper_bound":4076.5264976958524},"point_estimate":4064.269823826967,"standard_error":4.416658662421112},"median_abs_dev":{"confidence_interval":{"confidence_level":0.95,"lower_bound":36.10478718172244,"upper_bound":72.18337651569121},"point_estimate":51.05161792287496,"standard_error":9.33732047147262},"slope":{"confidence_interval":{"confidence_level":0.95,"lower_bound":4015.885079609438,"upper_bound":4042.6617002672556},"point_estimate":4028.728517173679,"standard_error":6.835800562213241},"std_dev":{"confidence_interval":{"confidence_level":0.95,"lower_bound":57.46629429754959,"upper_bound":149.52801057842314},"point_estimate":101.36546969743355,"standard_error":27.61471971442295}}