{"mean":{"confidence_interval":{"confidence_level":0.95,"lower_bound":4016.989512706366,"upper_bound":4110.608249624742},"point_estimate":4053.4433461833664,"standard_error":24.88759320304024},"median":{"confidence_interval":{"confidence_level":0.95,"lower_bound":3999.3884615384613,"upper_bound":4033.37609929078},"point_estimate":4019.547576211894,"standard_error":10.9485168920102},"median_abs_dev":{"confidence_interval":{"confidence_level":0.95,"lower_bound":47.38039018462052,"upper_bound":72.17793820086901},"point_estimate":59.91776600922193,"standard_error":6.7087840129583975},"slope":{"confidence_interval":{"confidence_level":0.95,"lower_bound":4032.8156129192485,"upper_bound":4084.475223052799},"point_estimate":4055.296501059061,"standard_error":13.339126084489733},"std_dev":{"confidence_interval":{"confidence_level":0.95,"lower_bound":66.89447532312813,"upper_bound":411.8765036257459},"point_estimate":250.2272276704889,"standard_error":111.6299598451387}}