{"mean":{"confidence_interval":{"confidence_level":0.95,"lower_bound":26884.4368214925,"upper_bound":27044.071897804133},"point_estimate":26957.821332724503,"standard_error":40.81521711389864},"median":{"confidence_interval":{"confidence_level":0.95,"lower_bound":26848.43644852601,"upper_bound":26894.990217574632},"point_estimate":26871.26968549128,"standard_error":12.928966359359583},"median_abs_dev":{"confidence_interval":{"confidence_level":0.95,"lower_bound":71.20681522750286,"upper_bound":126.86932916536581},"point_estimate":92.59975509583748,"standard_error":13.68230194098072},"slope":{"confidence_interval":{"confidence_level":0.95,"lower_bound":26855.6660985735,"upper_bound":27042.00771445048},"point_estimate":26928.09894004326,"standard_error":49.63483939623282},"std_dev":{"confidence_interval":{"confidence_level":0.95,"lower_bound":244.97709693470568,"upper_bound":544.1591109913219},"point_estimate":410.7539074757433,"standard_error":76.30777075223061}}