{"mean":{"confidence_interval":{"confidence_level":0.95,"lower_bound":32617.431802985833,"upper_bound":32778.21280366324},"point_estimate":32692.050447549453,"standard_error":40.95000922362601},"median":{"confidence_interval":{"confidence_level":0.95,"lower_bound":32580.448642266823,"upper_bound":32675.116600790512},"point_estimate":32609.384072662397,"standard_error":22.788405702310243},"median_abs_dev":{"confidence_interval":{"confidence_level":0.95,"lower_bound":137.28491059105895,"upper_bound":226.46166202144295},"point_estimate":186.98296620518138,"standard_error":24.355953885464142},"slope":{"confidence_interval":{"confidence_level":0.95,"lower_bound":32623.311218622257,"upper_bound":32723.68871805002},"point_estimate":32670.61224471701,"standard_error":25.769758985560706},"std_dev":{"confidence_interval":{"confidence_level":0.95,"lower_bound":248.708040446105,"upper_bound":562.4506501413769},"point_estimate":410.40280446130856,"standard_error":81.57673483179018}}