{"mean":{"confidence_interval":{"confidence_level":0.95,"lower_bound":27249.44549319426,"upper_bound":27349.387899295452},"point_estimate":27297.848384369434,"standard_error":25.537349350816722},"median":{"confidence_interval":{"confidence_level":0.95,"lower_bound":27265.832718417943,"upper_bound":27317.194901960786},"point_estimate":27290.163636363635,"standard_error":13.561545832210864},"median_abs_dev":{"confidence_interval":{"confidence_level":0.95,"lower_bound":103.59921826185366,"upper_bound":212.74302715083047},"point_estimate":138.67830234658084,"standard_error":26.707626995998787},"slope":{"confidence_interval":{"confidence_level":0.95,"lower_bound":27172.338149280033,"upper_bound":27304.82327999545},"point_estimate":27236.99847978828,"standard_error":33.8163045323679},"std_dev":{"confidence_interval":{"confidence_level":0.95,"lower_bound":191.1879382366457,"upper_bound":322.6930687307727},"point_estimate":255.99088606281438,"standard_error":34.293592852799506}}