{"mean":{"confidence_interval":{"confidence_level":0.95,"lower_bound":27007.58762390851,"upper_bound":27119.527634504626},"point_estimate":27061.77392187705,"standard_error":28.52877361094647},"median":{"confidence_interval":{"confidence_level":0.95,"lower_bound":27008.987012987014,"upper_bound":27109.933661254},"point_estimate":27085.35241046832,"standard_error":23.559080651862356},"median_abs_dev":{"confidence_interval":{"confidence_level":0.95,"lower_bound":160.48764401052622,"upper_bound":254.34410978200862},"point_estimate":213.6339619479786,"standard_error":23.421589351420337},"slope":{"confidence_interval":{"confidence_level":0.95,"lower_bound":27072.02636952583,"upper_bound":27249.67875556176},"point_estimate":27152.595005978208,"standard_error":45.525097227168345},"std_dev":{"confidence_interval":{"confidence_level":0.95,"lower_bound":202.80919716188433,"upper_bound":369.1814687352811},"point_estimate":287.0404967839529,"standard_error":43.075942466741274}}