{"mean":{"confidence_interval":{"confidence_level":0.95,"lower_bound":26915.935400505932,"upper_bound":26988.153230846267},"point_estimate":26951.194422172503,"standard_error":18.444955704238517},"median":{"confidence_interval":{"confidence_level":0.95,"lower_bound":26891.343565525385,"upper_bound":26962.327272727274},"point_estimate":26918.597178683383,"standard_error":15.472964807764697},"median_abs_dev":{"confidence_interval":{"confidence_level":0.95,"lower_bound":132.6668967440492,"upper_bound":210.8794965982918},"point_estimate":172.05211136697207,"standard_error":20.030662814911537},"slope":{"confidence_interval":{"confidence_level":0.95,"lower_bound":26907.688209972737,"upper_bound":26980.563508604857},"point_estimate":26942.483752166263,"standard_error":18.612695695434482},"std_dev":{"confidence_interval":{"confidence_level":0.95,"lower_bound":151.9079428210676,"upper_bound":218.53567827240994},"point_estimate":185.8332876467515,"standard_error":17.075011557312195}}