{"mean":{"confidence_interval":{"confidence_level":0.95,"lower_bound":26899.019345484143,"upper_bound":27010.825216516536},"point_estimate":26953.08515003649,"standard_error":28.533236638557568},"median":{"confidence_interval":{"confidence_level":0.95,"lower_bound":26867.08463425755,"upper_bound":26973.027972027972},"point_estimate":26909.184403362597,"standard_error":28.43952569408006},"median_abs_dev":{"confidence_interval":{"confidence_level":0.95,"lower_bound":134.133044588361,"upper_bound":220.6668488681601},"point_estimate":162.0015355210271,"standard_error":21.828343540066015},"slope":{"confidence_interval":{"confidence_level":0.95,"lower_bound":26853.560791644064,"upper_bound":26961.36530278077},"point_estimate":26903.628909816354,"standard_error":27.6210486518485},"std_dev":{"confidence_interval":{"confidence_level":0.95,"lower_bound":223.19531634769962,"upper_bound":344.96478892083087},"point_estimate":287.690120617509,"standard_error":31.24918653801135}}