{"mean":{"confidence_interval":{"confidence_level":0.95,"lower_bound":32483.42254500989,"upper_bound":32603.392543070924},"point_estimate":32540.644538423327,"standard_error":30.6101957038655},"median":{"confidence_interval":{"confidence_level":0.95,"lower_bound":32469.16883116883,"upper_bound":32533.67424242424},"point_estimate":32501.159529431607,"standard_error":16.73291714356316},"median_abs_dev":{"confidence_interval":{"confidence_level":0.95,"lower_bound":114.27636886146934,"upper_bound":225.50710885989264},"point_estimate":166.01024153825176,"standard_error":31.09215278772965},"slope":{"confidence_interval":{"confidence_level":0.95,"lower_bound":32533.55912061964,"upper_bound":32676.693271100954},"point_estimate":32597.73881886696,"standard_error":36.74243222927079},"std_dev":{"confidence_interval":{"confidence_level":0.95,"lower_bound":215.88665689797912,"upper_bound":390.2807623931739},"point_estimate":308.1683785065035,"standard_error":44.49810214611836}}