{"mean":{"confidence_interval":{"confidence_level":0.95,"lower_bound":24852.539315025322,"upper_bound":25121.93652713563},"point_estimate":24966.03899139753,"standard_error":69.84023035762614},"median":{"confidence_interval":{"confidence_level":0.95,"lower_bound":24806.954796976075,"upper_bound":24890.09009009009},"point_estimate":24855.01356321839,"standard_error":25.524087056129797},"median_abs_dev":{"confidence_interval":{"confidence_level":0.95,"lower_bound":108.01281339489121,"upper_bound":176.3408278934221},"point_estimate":141.28627640397212,"standard_error":18.17845265482178},"slope":{"confidence_interval":{"confidence_level":0.95,"lower_bound":24899.521931900406,"upper_bound":25160.074015510625},"point_estimate":25006.077650115756,"standard_error":67.58505235598867},"std_dev":{"confidence_interval":{"confidence_level":0.95,"lower_bound":174.84171063803066,"upper_bound":1098.2641252333435},"point_estimate":704.9403503229604,"standard_error":246.75860894820647}}