{"mean":{"confidence_interval":{"confidence_level":0.95,"lower_bound":33834.99311520185,"upper_bound":33898.45619763494},"point_estimate":33864.20602800888,"standard_error":16.2077097726191},"median":{"confidence_interval":{"confidence_level":0.95,"lower_bound":33838.681666666664,"upper_bound":33874.48961340837},"point_estimate":33857.47441239316,"standard_error":8.875364741658393},"median_abs_dev":{"confidence_interval":{"confidence_level":0.95,"lower_bound":79.60301440084812,"upper_bound":126.08678790889583},"point_estimate":103.91316974608344,"standard_error":11.830249275096138},"slope":{"confidence_interval":{"confidence_level":0.95,"lower_bound":33858.60615213509,"upper_bound":33960.33349125852},"point_estimate":33899.4210264519,"standard_error":26.694883112637257},"std_dev":{"confidence_interval":{"confidence_level":0.95,"lower_bound":101.0124048718233,"upper_bound":235.0743216573962},"point_estimate":163.66719017520947,"standard_error":39.04038228763304}}