{"mean":{"confidence_interval":{"confidence_level":0.95,"lower_bound":23009.58009081652,"upper_bound":23292.02085178707},"point_estimate":23147.31236230185,"standard_error":72.34924134461366},"median":{"confidence_interval":{"confidence_level":0.95,"lower_bound":22758.74858607282,"upper_bound":23103.94523809524},"point_estimate":22940.947926153614,"standard_error":84.79103031979086},"median_abs_dev":{"confidence_interval":{"confidence_level":0.95,"lower_bound":345.2034842917762,"upper_bound":631.1658630527896},"point_estimate":483.87399352816374,"standard_error":67.18371600472493},"slope":{"confidence_interval":{"confidence_level":0.95,"lower_bound":23472.293568946683,"upper_bound":23903.36125904524},"point_estimate":23701.03400251219,"standard_error":109.89903345648062},"std_dev":{"confidence_interval":{"confidence_level":0.95,"lower_bound":610.1808763015955,"upper_bound":822.3538109100334},"point_estimate":730.6145239360326,"standard_error":54.114379550169296}}