{"mean":{"confidence_interval":{"confidence_level":0.95,"lower_bound":27089.60423482002,"upper_bound":27163.50972015359},"point_estimate":27125.5463284233,"standard_error":18.7877233953747},"median":{"confidence_interval":{"confidence_level":0.95,"lower_bound":27126.47299077734,"upper_bound":27180.743801652894},"point_estimate":27157.290024985585,"standard_error":14.840789820334813},"median_abs_dev":{"confidence_interval":{"confidence_level":0.95,"lower_bound":81.26066730060144,"upper_bound":167.1256669123698},"point_estimate":108.93743621956038,"standard_error":23.439862341161433},"slope":{"confidence_interval":{"confidence_level":0.95,"lower_bound":27035.456597187618,"upper_bound":27144.69552937295},"point_estimate":27089.90100863818,"standard_error":27.836727925318797},"std_dev":{"confidence_interval":{"confidence_level":0.95,"lower_bound":141.1950367609668,"upper_bound":243.0275605999106},"point_estimate":188.84135349578884,"standard_error":26.98896575892062}}