{"mean":{"confidence_interval":{"confidence_level":0.95,"lower_bound":40687.62446969661,"upper_bound":40860.294850612685},"point_estimate":40772.54607771537,"standard_error":43.965779899320516},"median":{"confidence_interval":{"confidence_level":0.95,"lower_bound":40611.96428571428,"upper_bound":40935.788607594935},"point_estimate":40832.54965510445,"standard_error":77.52011612456427},"median_abs_dev":{"confidence_interval":{"confidence_level":0.95,"lower_bound":289.75730927663824,"upper_bound":515.240572231355},"point_estimate":417.2980033705509,"standard_error":53.78349170910047},"slope":{"confidence_interval":{"confidence_level":0.95,"lower_bound":40892.551432015396,"upper_bound":41025.01442313875},"point_estimate":40960.74069336486,"standard_error":33.74214726086585},"std_dev":{"confidence_interval":{"confidence_level":0.95,"lower_bound":354.00577823826103,"upper_bound":537.9591244686208},"point_estimate":441.9613581800037,"standard_error":47.93612190688791}}