{"mean":{"confidence_interval":{"confidence_level":0.95,"lower_bound":53202.481039777675,"upper_bound":53384.22907969584},"point_estimate":53284.6163500129,"standard_error":46.4244889047577},"median":{"confidence_interval":{"confidence_level":0.95,"lower_bound":53191.21693121693,"upper_bound":53239.14859532828},"point_estimate":53214.70777370778,"standard_error":13.693871491956632},"median_abs_dev":{"confidence_interval":{"confidence_level":0.95,"lower_bound":77.52946119426488,"upper_bound":171.80499936799603},"point_estimate":108.48658405251744,"standard_error":24.710148357495356},"slope":{"confidence_interval":{"confidence_level":0.95,"lower_bound":53264.206394555986,"upper_bound":53397.62127592584},"point_estimate":53323.97709603796,"standard_error":34.211940891484325},"std_dev":{"confidence_interval":{"confidence_level":0.95,"lower_bound":252.82077153497133,"upper_bound":650.0014514152522},"point_estimate":465.1489119506497,"standard_error":102.22787630805438}}