{"mean":{"confidence_interval":{"confidence_level":0.95,"lower_bound":33829.29422332518,"upper_bound":33908.32085549242},"point_estimate":33868.2411888675,"standard_error":20.165884634151677},"median":{"confidence_interval":{"confidence_level":0.95,"lower_bound":33809.170454545456,"upper_bound":33895.916267942586},"point_estimate":33852.37680853629,"standard_error":21.98404782740989},"median_abs_dev":{"confidence_interval":{"confidence_level":0.95,"lower_bound":129.83548078906165,"upper_bound":221.952038440801},"point_estimate":185.7779313205137,"standard_error":23.661667460579107},"slope":{"confidence_interval":{"confidence_level":0.95,"lower_bound":33846.11802865661,"upper_bound":33925.9323228147},"point_estimate":33884.85552131332,"standard_error":20.39714788768124},"std_dev":{"confidence_interval":{"confidence_level":0.95,"lower_bound":167.71663496674452,"upper_bound":235.88483485414275},"point_estimate":203.02972976159833,"standard_error":17.42592693491465}}