{"mean":{"confidence_interval":{"confidence_level":0.95,"lower_bound":32595.673419085335,"upper_bound":32691.90023037067},"point_estimate":32642.567655891067,"standard_error":24.498333375777843},"median":{"confidence_interval":{"confidence_level":0.95,"lower_bound":32579.04090909091,"upper_bound":32651.469751602563},"point_estimate":32626.76146694215,"standard_error":20.2689736318122},"median_abs_dev":{"confidence_interval":{"confidence_level":0.95,"lower_bound":111.64443006175688,"upper_bound":187.037987275022},"point_estimate":149.84507370076892,"standard_error":19.28108995604766},"slope":{"confidence_interval":{"confidence_level":0.95,"lower_bound":32640.704781794222,"upper_bound":32727.54029943146},"point_estimate":32680.47241586845,"standard_error":22.174588564087784},"std_dev":{"confidence_interval":{"confidence_level":0.95,"lower_bound":191.79764554499008,"upper_bound":296.3114276339598},"point_estimate":246.42361872799862,"standard_error":26.68078971308258}}