{"mean":{"confidence_interval":{"confidence_level":0.95,"lower_bound":26893.194486746812,"upper_bound":27089.500200188697},"point_estimate":26978.725376807535,"standard_error":50.638336290442936},"median":{"confidence_interval":{"confidence_level":0.95,"lower_bound":26847.090909090908,"upper_bound":26937.012987012986},"point_estimate":26895.743503142883,"standard_error":19.82116657029755},"median_abs_dev":{"confidence_interval":{"confidence_level":0.95,"lower_bound":126.13378370828914,"upper_bound":219.12269893111213},"point_estimate":184.00470316517257,"standard_error":24.402319855815467},"slope":{"confidence_interval":{"confidence_level":0.95,"lower_bound":26946.727312711366,"upper_bound":27351.86977080328},"point_estimate":27120.46700807394,"standard_error":105.17450373194977},"std_dev":{"confidence_interval":{"confidence_level":0.95,"lower_bound":207.20446641757422,"upper_bound":772.4116072115927},"point_estimate":510.10600784927937,"standard_error":150.8137832634105}}