{"mean":{"confidence_interval":{"confidence_level":0.95,"lower_bound":34899.540801657844,"upper_bound":34959.51544612205},"point_estimate":34929.66588443662,"standard_error":15.274548357667305},"median":{"confidence_interval":{"confidence_level":0.95,"lower_bound":34895.15683060109,"upper_bound":34963.44696969697},"point_estimate":34924.96321757619,"standard_error":19.377397070616123},"median_abs_dev":{"confidence_interval":{"confidence_level":0.95,"lower_bound":88.92342614856754,"upper_bound":143.6584387957076},"point_estimate":112.38974020814003,"standard_error":14.303731273272357},"slope":{"confidence_interval":{"confidence_level":0.95,"lower_bound":34950.71049553069,"upper_bound":35002.29798147675},"point_estimate":34975.30405792818,"standard_error":13.191056676533012},"std_dev":{"confidence_interval":{"confidence_level":0.95,"lower_bound":126.32765495750388,"upper_bound":179.82548612361765},"point_estimate":154.2914785967937,"standard_error":13.68806452018748}}