{"mean":{"confidence_interval":{"confidence_level":0.95,"lower_bound":53261.553396145435,"upper_bound":53429.47988551122},"point_estimate":53337.69498488803,"standard_error":42.95071197859815},"median":{"confidence_interval":{"confidence_level":0.95,"lower_bound":53236.01537698413,"upper_bound":53295.26736111111},"point_estimate":53263.69862823147,"standard_error":17.10420184793266},"median_abs_dev":{"confidence_interval":{"confidence_level":0.95,"lower_bound":102.56708984573562,"upper_bound":195.7712956523347},"point_estimate":145.71379306523673,"standard_error":23.8998100789884},"slope":{"confidence_interval":{"confidence_level":0.95,"lower_bound":53321.95151870202,"upper_bound":53466.99104874115},"point_estimate":53389.359747467286,"standard_error":37.02590625512217},"std_dev":{"confidence_interval":{"confidence_level":0.95,"lower_bound":228.92160042919375,"upper_bound":616.5765343485817},"point_estimate":431.3176544794746,"standard_error":101.59635047319668}}