{"mean":{"confidence_interval":{"confidence_level":0.95,"lower_bound":52804.41831648557,"upper_bound":52893.36523627194},"point_estimate":52847.6165074886,"standard_error":22.77599195245976},"median":{"confidence_interval":{"confidence_level":0.95,"lower_bound":52783.68686868687,"upper_bound":52848.35016835017},"point_estimate":52826.62865497076,"standard_error":13.328248441159172},"median_abs_dev":{"confidence_interval":{"confidence_level":0.95,"lower_bound":96.38204376154422,"upper_bound":176.53142612489674},"point_estimate":128.1244299250685,"standard_error":20.403384725011154},"slope":{"confidence_interval":{"confidence_level":0.95,"lower_bound":52846.44078707091,"upper_bound":52945.038855094404},"point_estimate":52892.15282728273,"standard_error":25.339984873469703},"std_dev":{"confidence_interval":{"confidence_level":0.95,"lower_bound":172.11918625791404,"upper_bound":285.63369170125287},"point_estimate":228.38584577411356,"standard_error":29.339856466715943}}