{"mean":{"confidence_interval":{"confidence_level":0.95,"lower_bound":23785805.436833337,"upper_bound":23902354.420166664},"point_estimate":23843256.136666667,"standard_error":29662.06676967372},"median":{"confidence_interval":{"confidence_level":0.95,"lower_bound":23750165.0,"upper_bound":23877342.333333332},"point_estimate":23819248.166666668,"standard_error":36006.83495170937},"median_abs_dev":{"confidence_interval":{"confidence_level":0.95,"lower_bound":194835.8261209727,"upper_bound":351423.6369609833},"point_estimate":261762.16805279162,"standard_error":39318.85030280529},"slope":null,"std_dev":{"confidence_interval":{"confidence_level":0.95,"lower_bound":247805.95677077209,"upper_bound":344869.7134157074},"point_estimate":298111.00480406015,"standard_error":24876.296168061042}}