{"mean":{"confidence_interval":{"confidence_level":0.95,"lower_bound":22844635.954249997,"upper_bound":23258013.33575},"point_estimate":23051031.78,"standard_error":105495.75569513807},"median":{"confidence_interval":{"confidence_level":0.95,"lower_bound":22765589.5,"upper_bound":23339950.0},"point_estimate":23003917.25,"standard_error":115686.72817128447},"median_abs_dev":{"confidence_interval":{"confidence_level":0.95,"lower_bound":855677.7563586831,"upper_bound":1421797.288548051},"point_estimate":1090470.0718402863,"standard_error":142010.63292654612},"slope":null,"std_dev":{"confidence_interval":{"confidence_level":0.95,"lower_bound":936497.5063629728,"upper_bound":1177480.4078650961},"point_estimate":1065387.3055052296,"standard_error":61471.50529635682}}