{"mean":{"confidence_interval":{"confidence_level":0.95,"lower_bound":24769818.023166664,"upper_bound":25068033.24999999},"point_estimate":24904476.74,"standard_error":76410.10738476778},"median":{"confidence_interval":{"confidence_level":0.95,"lower_bound":24771685.166666664,"upper_bound":24917854.666666668},"point_estimate":24858801.333333332,"standard_error":38336.41861023981},"median_abs_dev":{"confidence_interval":{"confidence_level":0.95,"lower_bound":219674.614199996,"upper_bound":435165.331274271},"point_estimate":300895.1472580433,"standard_error":55697.48779907033},"slope":null,"std_dev":{"confidence_interval":{"confidence_level":0.95,"lower_bound":408339.05904466327,"upper_bound":1084577.242038633},"point_estimate":765390.1767266225,"standard_error":177782.36883099703}}