{"mean":{"confidence_interval":{"confidence_level":0.95,"lower_bound":28376584.589,"upper_bound":28550799.43125},"point_estimate":28462749.455,"standard_error":44399.51785385547},"median":{"confidence_interval":{"confidence_level":0.95,"lower_bound":28296722.0,"upper_bound":28520927.5},"point_estimate":28387667.75,"standard_error":69403.23981742028},"median_abs_dev":{"confidence_interval":{"confidence_level":0.95,"lower_bound":290552.52984166145,"upper_bound":537802.0209521055},"point_estimate":403627.46463418007,"standard_error":64105.50446847607},"slope":null,"std_dev":{"confidence_interval":{"confidence_level":0.95,"lower_bound":385425.3712844389,"upper_bound":499198.35601013823},"point_estimate":446025.59748776595,"standard_error":29017.20394291815}}