{"mean":{"confidence_interval":{"confidence_level":0.95,"lower_bound":26041717.66625,"upper_bound":26314407.04025},"point_estimate":26178577.5,"standard_error":69561.54139173045},"median":{"confidence_interval":{"confidence_level":0.95,"lower_bound":26138597.0,"upper_bound":26414452.5},"point_estimate":26281461.5,"standard_error":65948.27990083765},"median_abs_dev":{"confidence_interval":{"confidence_level":0.95,"lower_bound":506476.90740823746,"upper_bound":891881.4670446885},"point_estimate":677469.6101725101,"standard_error":95075.47078714459},"slope":null,"std_dev":{"confidence_interval":{"confidence_level":0.95,"lower_bound":619393.5500642761,"upper_bound":771891.6907798612},"point_estimate":701783.252901352,"standard_error":38823.52386784202}}