{"mean":{"confidence_interval":{"confidence_level":0.95,"lower_bound":25603899.116,"upper_bound":25836092.382625},"point_estimate":25720943.46,"standard_error":59385.47002736486},"median":{"confidence_interval":{"confidence_level":0.95,"lower_bound":25814435.5,"upper_bound":25919401.5},"point_estimate":25870646.75,"standard_error":27130.92140432168},"median_abs_dev":{"confidence_interval":{"confidence_level":0.95,"lower_bound":268880.9953764081,"upper_bound":807651.1541113257},"point_estimate":478667.77970194817,"standard_error":157677.67804681827},"slope":null,"std_dev":{"confidence_interval":{"confidence_level":0.95,"lower_bound":519896.4069330108,"upper_bound":662601.0731146766},"point_estimate":596599.1686664282,"standard_error":36333.74335742078}}