{"mean":{"confidence_interval":{"confidence_level":0.95,"lower_bound":26917107.46025,"upper_bound":27187989.860625},"point_estimate":27052650.42,"standard_error":69140.94677743527},"median":{"confidence_interval":{"confidence_level":0.95,"lower_bound":26870098.0,"upper_bound":27227029.5},"point_estimate":27057223.25,"standard_error":95733.798127877},"median_abs_dev":{"confidence_interval":{"confidence_level":0.95,"lower_bound":521629.6814454722,"upper_bound":883261.8995189667},"point_estimate":703475.1550108194,"standard_error":90325.70418572909},"slope":null,"std_dev":{"confidence_interval":{"confidence_level":0.95,"lower_bound":609220.1945107176,"upper_bound":773639.4138463129},"point_estimate":697173.4195714565,"standard_error":41919.37179779448}}