{"mean":{"confidence_interval":{"confidence_level":0.95,"lower_bound":13749272.03425,"upper_bound":14309553.4644375},"point_estimate":14018080.7625,"standard_error":143631.94960034773},"median":{"confidence_interval":{"confidence_level":0.95,"lower_bound":13310562.25,"upper_bound":13400692.875},"point_estimate":13337810.625,"standard_error":21897.75664643751},"median_abs_dev":{"confidence_interval":{"confidence_level":0.95,"lower_bound":171161.53383627534,"upper_bound":334089.0780687332},"point_estimate":236693.56462284923,"standard_error":41029.796858591806},"slope":null,"std_dev":{"confidence_interval":{"confidence_level":0.95,"lower_bound":1181469.5421413132,"upper_bound":1656711.7614537086},"point_estimate":1453267.0429026315,"standard_error":122215.40155951164}}