{"mean":{"confidence_interval":{"confidence_level":0.95,"lower_bound":22999020.51983333,"upper_bound":23355814.549},"point_estimate":23176835.609999996,"standard_error":91217.215927021},"median":{"confidence_interval":{"confidence_level":0.95,"lower_bound":22827458.833333336,"upper_bound":23302367.0},"point_estimate":23022392.0,"standard_error":121749.38254214582},"median_abs_dev":{"confidence_interval":{"confidence_level":0.95,"lower_bound":757436.1107528228,"upper_bound":1195293.3493792992},"point_estimate":998851.0767668495,"standard_error":107495.78481591657},"slope":null,"std_dev":{"confidence_interval":{"confidence_level":0.95,"lower_bound":793301.4784437937,"upper_bound":1019098.317910488},"point_estimate":912809.5046412738,"standard_error":57648.322295072765}}