{"mean":{"confidence_interval":{"confidence_level":0.95,"lower_bound":28262311.163875002,"upper_bound":28514184.086125},"point_estimate":28390697.365,"standard_error":64356.14251811121},"median":{"confidence_interval":{"confidence_level":0.95,"lower_bound":28418885.5,"upper_bound":28664610.5},"point_estimate":28511977.0,"standard_error":65429.61427814069},"median_abs_dev":{"confidence_interval":{"confidence_level":0.95,"lower_bound":347667.840577662,"upper_bound":692350.8367583156},"point_estimate":503126.9727677107,"standard_error":85134.671534615},"slope":null,"std_dev":{"confidence_interval":{"confidence_level":0.95,"lower_bound":562826.2589426431,"upper_bound":715925.7044692737},"point_estimate":646785.1679800599,"standard_error":39076.143684388335}}