{"mean":{"confidence_interval":{"confidence_level":0.95,"lower_bound":23673123.779999994,"upper_bound":23953740.34966666},"point_estimate":23805867.176666666,"standard_error":71759.79650374617},"median":{"confidence_interval":{"confidence_level":0.95,"lower_bound":23696626.333333332,"upper_bound":24001406.0},"point_estimate":23947332.166666664,"standard_error":74047.61726848241},"median_abs_dev":{"confidence_interval":{"confidence_level":0.95,"lower_bound":425671.74944281485,"upper_bound":702489.96732831},"point_estimate":574194.9083060017,"standard_error":71735.2966934313},"slope":null,"std_dev":{"confidence_interval":{"confidence_level":0.95,"lower_bound":501413.04265187576,"upper_bound":989715.6516581277},"point_estimate":721195.5363968574,"standard_error":139815.8070115108}}