{"mean":{"confidence_interval":{"confidence_level":0.95,"lower_bound":23551062.935000002,"upper_bound":23713110.710250005},"point_estimate":23632646.523333333,"standard_error":41151.35774761996},"median":{"confidence_interval":{"confidence_level":0.95,"lower_bound":23648572.333333332,"upper_bound":23821245.5},"point_estimate":23739923.333333336,"standard_error":41634.30634497675},"median_abs_dev":{"confidence_interval":{"confidence_level":0.95,"lower_bound":184202.42142975147,"upper_bound":414443.7727421467},"point_estimate":276926.9418835603,"standard_error":60250.99163865208},"slope":null,"std_dev":{"confidence_interval":{"confidence_level":0.95,"lower_bound":331986.6863953966,"upper_bound":498284.7643578711},"point_estimate":416869.6683806701,"standard_error":42146.733869875934}}