{"mean":{"confidence_interval":{"confidence_level":0.95,"lower_bound":26928524.261,"upper_bound":27198312.705375},"point_estimate":27063631.375,"standard_error":68641.94875789172},"median":{"confidence_interval":{"confidence_level":0.95,"lower_bound":27070718.5,"upper_bound":27397964.5},"point_estimate":27170565.0,"standard_error":80302.9541381089},"median_abs_dev":{"confidence_interval":{"confidence_level":0.95,"lower_bound":469934.89520698786,"upper_bound":869203.5159185529},"point_estimate":659554.2427405715,"standard_error":101492.99707621042},"slope":null,"std_dev":{"confidence_interval":{"confidence_level":0.95,"lower_bound":595813.2552095694,"upper_bound":775286.5731081545},"point_estimate":687883.8318608657,"standard_error":45858.13124765173}}