{"mean":{"confidence_interval":{"confidence_level":0.95,"lower_bound":25685914.025250003,"upper_bound":25941604.590875},"point_estimate":25814538.355,"standard_error":65091.92654523359},"median":{"confidence_interval":{"confidence_level":0.95,"lower_bound":25691635.0,"upper_bound":25990066.5},"point_estimate":25858150.5,"standard_error":71147.94337048172},"median_abs_dev":{"confidence_interval":{"confidence_level":0.95,"lower_bound":499358.2036346197,"upper_bound":897099.0143395582},"point_estimate":694187.0368257165,"standard_error":101708.7182554244},"slope":null,"std_dev":{"confidence_interval":{"confidence_level":0.95,"lower_bound":568494.4918869403,"upper_bound":731854.4559302314},"point_estimate":654534.7809704785,"standard_error":41857.0716329427}}