{"mean":{"confidence_interval":{"confidence_level":0.95,"lower_bound":27023409.96075,"upper_bound":27340226.095},"point_estimate":27178981.52,"standard_error":80816.90614636874},"median":{"confidence_interval":{"confidence_level":0.95,"lower_bound":27065199.5,"upper_bound":27290852.0},"point_estimate":27202597.75,"standard_error":55185.99600626133},"median_abs_dev":{"confidence_interval":{"confidence_level":0.95,"lower_bound":390494.5940673351,"upper_bound":792748.0591759086},"point_estimate":551245.4962134361,"standard_error":108650.27659036272},"slope":null,"std_dev":{"confidence_interval":{"confidence_level":0.95,"lower_bound":639087.5012401623,"upper_bound":981492.2341481528},"point_estimate":812668.2061534345,"standard_error":87789.03380619534}}