{"mean":{"confidence_interval":{"confidence_level":0.95,"lower_bound":24196881.317083344,"upper_bound":24384247.658000004},"point_estimate":24288600.836666655,"standard_error":47742.6351404425},"median":{"confidence_interval":{"confidence_level":0.95,"lower_bound":24080022.833333336,"upper_bound":24252577.166666668},"point_estimate":24161429.333333336,"standard_error":42117.40731968354},"median_abs_dev":{"confidence_interval":{"confidence_level":0.95,"lower_bound":263922.06911444664,"upper_bound":541291.5670901528},"point_estimate":395930.5468708277,"standard_error":73910.70808318614},"slope":null,"std_dev":{"confidence_interval":{"confidence_level":0.95,"lower_bound":402525.6746799913,"upper_bound":548983.1910977812},"point_estimate":480708.72575137124,"standard_error":37390.132168616816}}