{"mean":{"confidence_interval":{"confidence_level":0.95,"lower_bound":12243915.303562501,"upper_bound":12786708.5015625},"point_estimate":12502802.7925,"standard_error":138410.41491285202},"median":{"confidence_interval":{"confidence_level":0.95,"lower_bound":11905329.5,"upper_bound":11940829.625},"point_estimate":11921217.25,"standard_error":8412.102584078573},"median_abs_dev":{"confidence_interval":{"confidence_level":0.95,"lower_bound":56444.804897904396,"upper_bound":113858.22479048741},"point_estimate":82492.78916046023,"standard_error":14243.826352137736},"slope":null,"std_dev":{"confidence_interval":{"confidence_level":0.95,"lower_bound":1047917.5436931889,"upper_bound":1646450.7624409015},"point_estimate":1390765.6241242588,"standard_error":152282.60091840712}}