{"mean":{"confidence_interval":{"confidence_level":0.95,"lower_bound":24562506.904083338,"upper_bound":24753085.281416666},"point_estimate":24657992.293333326,"standard_error":48697.61254776741},"median":{"confidence_interval":{"confidence_level":0.95,"lower_bound":24481460.0,"upper_bound":24759021.0},"point_estimate":24655204.5,"standard_error":58998.26794281711},"median_abs_dev":{"confidence_interval":{"confidence_level":0.95,"lower_bound":383609.1526895743,"upper_bound":585501.9199402675},"point_estimate":460208.17452967074,"standard_error":51422.01935240149},"slope":null,"std_dev":{"confidence_interval":{"confidence_level":0.95,"lower_bound":420703.8816516581,"upper_bound":551793.9944346618},"point_estimate":489394.5221221159,"standard_error":33449.528654734786}}