{"mean":{"confidence_interval":{"confidence_level":0.95,"lower_bound":25775846.929625,"upper_bound":26033617.813},"point_estimate":25905855.36,"standard_error":65766.78616014523},"median":{"confidence_interval":{"confidence_level":0.95,"lower_bound":26007508.0,"upper_bound":26165875.75},"point_estimate":26110070.5,"standard_error":41568.53670897968},"median_abs_dev":{"confidence_interval":{"confidence_level":0.95,"lower_bound":261295.2726110816,"upper_bound":786041.8425137161},"point_estimate":392099.5085388422,"standard_error":123664.63849994157},"slope":null,"std_dev":{"confidence_interval":{"confidence_level":0.95,"lower_bound":576064.939156885,"upper_bound":737213.0841302258},"point_estimate":662980.1587986074,"standard_error":41074.544141618855}}