{"mean":{"confidence_interval":{"confidence_level":0.95,"lower_bound":25294834.945,"upper_bound":25484462.70625},"point_estimate":25388456.825,"standard_error":48225.16535577021},"median":{"confidence_interval":{"confidence_level":0.95,"lower_bound":25234751.25,"upper_bound":25488672.0},"point_estimate":25350328.0,"standard_error":66005.55651989319},"median_abs_dev":{"confidence_interval":{"confidence_level":0.95,"lower_bound":406660.1228803396,"upper_bound":627766.9286549091},"point_estimate":518509.31814461946,"standard_error":54911.486134081686},"slope":null,"std_dev":{"confidence_interval":{"confidence_level":0.95,"lower_bound":422500.0670025076,"upper_bound":542144.4868925201},"point_estimate":485203.6293809553,"standard_error":30596.304203219748}}