{"mean":{"confidence_interval":{"confidence_level":0.95,"lower_bound":7986046.6374166645,"upper_bound":8459022.426666668},"point_estimate":8212032.113333333,"standard_error":120200.75656163212},"median":{"confidence_interval":{"confidence_level":0.95,"lower_bound":7596804.833333333,"upper_bound":7679614.833333333},"point_estimate":7633289.916666667,"standard_error":24630.12979561687},"median_abs_dev":{"confidence_interval":{"confidence_level":0.95,"lower_bound":99291.07928723005,"upper_bound":213905.94125240995},"point_estimate":143648.37014973233,"standard_error":30984.19306627004},"slope":null,"std_dev":{"confidence_interval":{"confidence_level":0.95,"lower_bound":973441.3714511122,"upper_bound":1391274.6825674467},"point_estimate":1212490.1572452176,"standard_error":106408.80631502887}}