{"mean":{"confidence_interval":{"confidence_level":0.95,"lower_bound":25024246.841000002,"upper_bound":25151837.834875},"point_estimate":25086744.575,"standard_error":32564.400912687222},"median":{"confidence_interval":{"confidence_level":0.95,"lower_bound":24989588.0,"upper_bound":25167019.5},"point_estimate":25074889.5,"standard_error":43106.928829765784},"median_abs_dev":{"confidence_interval":{"confidence_level":0.95,"lower_bound":271212.6618225129,"upper_bound":390275.1692712307},"point_estimate":338205.88754564524,"standard_error":29570.260031554106},"slope":null,"std_dev":{"confidence_interval":{"confidence_level":0.95,"lower_bound":263734.4608718487,"upper_bound":398580.9623942783},"point_estimate":327870.35469432996,"standard_error":35123.56446139451}}