{"mean":{"confidence_interval":{"confidence_level":0.95,"lower_bound":25849625.339,"upper_bound":26067486.568375},"point_estimate":25960580.88,"standard_error":55532.302553803755},"median":{"confidence_interval":{"confidence_level":0.95,"lower_bound":25972668.5,"upper_bound":26221602.0},"point_estimate":26104367.5,"standard_error":65976.24601441156},"median_abs_dev":{"confidence_interval":{"confidence_level":0.95,"lower_bound":348066.84529557824,"upper_bound":669626.6563117504},"point_estimate":441869.27770525217,"standard_error":80923.34155190998},"slope":null,"std_dev":{"confidence_interval":{"confidence_level":0.95,"lower_bound":478626.3144474465,"upper_bound":623314.2415997807},"point_estimate":557193.7185805823,"standard_error":36984.36358310599}}