{"mean":{"confidence_interval":{"confidence_level":0.95,"lower_bound":24347532.876666665,"upper_bound":24543905.928250004},"point_estimate":24445871.74333334,"standard_error":50029.013133577915},"median":{"confidence_interval":{"confidence_level":0.95,"lower_bound":24338754.833333336,"upper_bound":24552570.333333332},"point_estimate":24421139.333333332,"standard_error":51346.6136395587},"median_abs_dev":{"confidence_interval":{"confidence_level":0.95,"lower_bound":315559.29649770074,"upper_bound":492631.64755403996},"point_estimate":391677.46174633596,"standard_error":45601.440823538935},"slope":null,"std_dev":{"confidence_interval":{"confidence_level":0.95,"lower_bound":422082.5644242618,"upper_bound":568116.0209544478},"point_estimate":499593.9241728917,"standard_error":37254.728721472355}}