{"mean":{"confidence_interval":{"confidence_level":0.95,"lower_bound":25609261.04425,"upper_bound":25897831.91},"point_estimate":25750619.035,"standard_error":73251.68401291518},"median":{"confidence_interval":{"confidence_level":0.95,"lower_bound":25384297.0,"upper_bound":25807912.5},"point_estimate":25570707.5,"standard_error":119062.09849702762},"median_abs_dev":{"confidence_interval":{"confidence_level":0.95,"lower_bound":463681.28851801157,"upper_bound":824589.4881606102},"point_estimate":629422.6221755147,"standard_error":98077.31528882871},"slope":null,"std_dev":{"confidence_interval":{"confidence_level":0.95,"lower_bound":614715.441615166,"upper_bound":839411.4595091778},"point_estimate":733678.0139969862,"standard_error":57298.10254129009}}