{"mean":{"confidence_interval":{"confidence_level":0.95,"lower_bound":20037436.932333328,"upper_bound":20799425.079999994},"point_estimate":20404862.449999996,"standard_error":194298.11618562133},"median":{"confidence_interval":{"confidence_level":0.95,"lower_bound":19329395.0,"upper_bound":19415490.333333332},"point_estimate":19375341.666666664,"standard_error":22008.59721864557},"median_abs_dev":{"confidence_interval":{"confidence_level":0.95,"lower_bound":157196.36870920658,"upper_bound":315799.2305934448},"point_estimate":223352.94473469257,"standard_error":40191.63019248981},"slope":null,"std_dev":{"confidence_interval":{"confidence_level":0.95,"lower_bound":1650995.8073871217,"upper_bound":2165125.372422054},"point_estimate":1951625.000783982,"standard_error":131266.19628282965}}