{"mean":{"confidence_interval":{"confidence_level":0.95,"lower_bound":24847345.943499994,"upper_bound":25102149.170333326},"point_estimate":24975774.29,"standard_error":65061.53072893641},"median":{"confidence_interval":{"confidence_level":0.95,"lower_bound":24819727.166666664,"upper_bound":25194634.333333332},"point_estimate":24930331.333333336,"standard_error":106241.79481290941},"median_abs_dev":{"confidence_interval":{"confidence_level":0.95,"lower_bound":514318.3786690235,"upper_bound":828628.0904889107},"point_estimate":665284.3680888377,"standard_error":80830.79689122144},"slope":null,"std_dev":{"confidence_interval":{"confidence_level":0.95,"lower_bound":565391.2107484292,"upper_bound":737750.8398299},"point_estimate":656876.6966106194,"standard_error":44255.541934359055}}