{"mean":{"confidence_interval":{"confidence_level":0.95,"lower_bound":24318344.552916672,"upper_bound":24499006.549999986},"point_estimate":24409672.973333314,"standard_error":46186.014715976075},"median":{"confidence_interval":{"confidence_level":0.95,"lower_bound":24314064.333333336,"upper_bound":24542671.0},"point_estimate":24442161.0,"standard_error":65234.95072436266},"median_abs_dev":{"confidence_interval":{"confidence_level":0.95,"lower_bound":322519.3620741349,"upper_bound":590975.4690080881},"point_estimate":467577.43769884016,"standard_error":68247.21383423572},"slope":null,"std_dev":{"confidence_interval":{"confidence_level":0.95,"lower_bound":397825.00322931533,"upper_bound":526375.9759880666},"point_estimate":465800.6828120835,"standard_error":32802.153662050485}}