{"mean":{"confidence_interval":{"confidence_level":0.95,"lower_bound":75524.86557290502,"upper_bound":75626.09587864847},"point_estimate":75575.03238652046,"standard_error":25.883094688236827},"median":{"confidence_interval":{"confidence_level":0.95,"lower_bound":75522.39240506329,"upper_bound":75618.34533435316},"point_estimate":75567.73874223602,"standard_error":22.64108622896388},"median_abs_dev":{"confidence_interval":{"confidence_level":0.95,"lower_bound":180.1984013940668,"upper_bound":296.6538887907253},"point_estimate":241.4784056865885,"standard_error":30.290541327976253},"slope":{"confidence_interval":{"confidence_level":0.95,"lower_bound":75528.68896138243,"upper_bound":75618.49060382013},"point_estimate":75572.59151063988,"standard_error":22.924375624096772},"std_dev":{"confidence_interval":{"confidence_level":0.95,"lower_bound":214.3220934010627,"upper_bound":300.2022972388881},"point_estimate":259.2074230537822,"standard_error":21.983261529792554}}