{"mean":{"confidence_interval":{"confidence_level":0.95,"lower_bound":79604.94944968988,"upper_bound":79867.2238149129},"point_estimate":79736.17391739595,"standard_error":66.84970408735404},"median":{"confidence_interval":{"confidence_level":0.95,"lower_bound":79670.45353084416,"upper_bound":79884.68076847485},"point_estimate":79796.94207421341,"standard_error":56.139158331970656},"median_abs_dev":{"confidence_interval":{"confidence_level":0.95,"lower_bound":355.69019865712147,"upper_bound":597.0077368543149},"point_estimate":463.73250661085484,"standard_error":59.96700994631424},"slope":{"confidence_interval":{"confidence_level":0.95,"lower_bound":79769.31480610557,"upper_bound":79943.03068589959},"point_estimate":79856.65544185016,"standard_error":44.38876288516324},"std_dev":{"confidence_interval":{"confidence_level":0.95,"lower_bound":518.5227412966035,"upper_bound":813.3660444122065},"point_estimate":667.8413241226505,"standard_error":75.74087549263358}}