{"mean":{"confidence_interval":{"confidence_level":0.95,"lower_bound":100586.29113722598,"upper_bound":101402.58222602833},"point_estimate":100909.39711698855,"standard_error":216.87262916232515},"median":{"confidence_interval":{"confidence_level":0.95,"lower_bound":100445.96173469388,"upper_bound":100827.09415584416},"point_estimate":100634.06835851225,"standard_error":90.02203099166266},"median_abs_dev":{"confidence_interval":{"confidence_level":0.95,"lower_bound":414.25184977935453,"upper_bound":725.8130787470958},"point_estimate":529.0526717144096,"standard_error":80.55450460754291},"slope":{"confidence_interval":{"confidence_level":0.95,"lower_bound":100556.33445149944,"upper_bound":101072.5590702204},"point_estimate":100791.38659123055,"standard_error":132.32339898084024},"std_dev":{"confidence_interval":{"confidence_level":0.95,"lower_bound":632.9455409902926,"upper_bound":3582.015094844347},"point_estimate":2183.90054951509,"standard_error":955.5998981720667}}