{"mean":{"confidence_interval":{"confidence_level":0.95,"lower_bound":86566.68646951891,"upper_bound":86798.16648271702},"point_estimate":86657.39362201233,"standard_error":61.87258919073574},"median":{"confidence_interval":{"confidence_level":0.95,"lower_bound":86545.65517135864,"upper_bound":86648.9693877551},"point_estimate":86601.58806818182,"standard_error":27.62381789456047},"median_abs_dev":{"confidence_interval":{"confidence_level":0.95,"lower_bound":134.5855569417303,"upper_bound":215.4073932085845},"point_estimate":177.68967206239768,"standard_error":20.777471291539356},"slope":{"confidence_interval":{"confidence_level":0.95,"lower_bound":86596.1838815852,"upper_bound":86732.60880136497},"point_estimate":86653.53844318014,"standard_error":35.06688736825903},"std_dev":{"confidence_interval":{"confidence_level":0.95,"lower_bound":181.70392862463535,"upper_bound":1030.5152237625541},"point_estimate":622.6257888492473,"standard_error":284.80074674596085}}