{"mean":{"confidence_interval":{"confidence_level":0.95,"lower_bound":80409.2017580581,"upper_bound":80597.31907345785},"point_estimate":80497.81536775467,"standard_error":47.85607402622475},"median":{"confidence_interval":{"confidence_level":0.95,"lower_bound":80379.95166157372,"upper_bound":80466.13925653594},"point_estimate":80412.13953315493,"standard_error":20.767059666376724},"median_abs_dev":{"confidence_interval":{"confidence_level":0.95,"lower_bound":181.88950667292522,"upper_bound":298.5387527672071},"point_estimate":239.77266527496698,"standard_error":29.06559185605745},"slope":{"confidence_interval":{"confidence_level":0.95,"lower_bound":80431.38958937106,"upper_bound":80582.83195860691},"point_estimate":80499.69263115118,"standard_error":38.63110361635909},"std_dev":{"confidence_interval":{"confidence_level":0.95,"lower_bound":319.3281417808605,"upper_bound":630.0645382769848},"point_estimate":480.3542227489857,"standard_error":80.11807223213492}}