{"mean":{"confidence_interval":{"confidence_level":0.95,"lower_bound":95884.46703180185,"upper_bound":96426.09031793963},"point_estimate":96161.8102232669,"standard_error":138.34905549688452},"median":{"confidence_interval":{"confidence_level":0.95,"lower_bound":96139.65816326531,"upper_bound":96659.0459770115},"point_estimate":96437.35693671409,"standard_error":142.90169093042672},"median_abs_dev":{"confidence_interval":{"confidence_level":0.95,"lower_bound":723.1005290629718,"upper_bound":1378.7672549956785},"point_estimate":1019.2572221672423,"standard_error":173.87167861486057},"slope":{"confidence_interval":{"confidence_level":0.95,"lower_bound":96402.69738419802,"upper_bound":96733.66312782244},"point_estimate":96565.09892841309,"standard_error":84.56797924167896},"std_dev":{"confidence_interval":{"confidence_level":0.95,"lower_bound":1148.8197232291373,"upper_bound":1598.5988895589073},"point_estimate":1389.7251324642418,"standard_error":114.76966517457392}}