{"mean":{"confidence_interval":{"confidence_level":0.95,"lower_bound":78044.81644509417,"upper_bound":78181.51149493131},"point_estimate":78111.18594267234,"standard_error":34.90263599280382},"median":{"confidence_interval":{"confidence_level":0.95,"lower_bound":78009.2743902439,"upper_bound":78119.49479166667},"point_estimate":78092.34812843407,"standard_error":24.389780876907636},"median_abs_dev":{"confidence_interval":{"confidence_level":0.95,"lower_bound":173.46117296939747,"upper_bound":296.8898480393146},"point_estimate":233.7914755282256,"standard_error":31.53832130869858},"slope":{"confidence_interval":{"confidence_level":0.95,"lower_bound":78078.99551492446,"upper_bound":78233.52070176},"point_estimate":78148.41477722772,"standard_error":39.64745145246519},"std_dev":{"confidence_interval":{"confidence_level":0.95,"lower_bound":249.78240473091884,"upper_bound":446.16552701282257},"point_estimate":349.64528468338267,"standard_error":50.55374850852725}}