{"mean":{"confidence_interval":{"confidence_level":0.95,"lower_bound":89589.29209255491,"upper_bound":89859.05449137681},"point_estimate":89703.48043310866,"standard_error":69.60230524482601},"median":{"confidence_interval":{"confidence_level":0.95,"lower_bound":89616.50833333333,"upper_bound":89718.34555555556},"point_estimate":89652.17037395228,"standard_error":27.885108441191743},"median_abs_dev":{"confidence_interval":{"confidence_level":0.95,"lower_bound":164.8111322907558,"upper_bound":284.55634311179364},"point_estimate":214.5275500321274,"standard_error":29.86984579106149},"slope":{"confidence_interval":{"confidence_level":0.95,"lower_bound":89734.38604631179,"upper_bound":90240.50063715225},"point_estimate":89931.12565612531,"standard_error":135.6500211726611},"std_dev":{"confidence_interval":{"confidence_level":0.95,"lower_bound":306.5029706837178,"upper_bound":1103.040956938615},"point_estimate":700.9296596664559,"standard_error":250.82755800083288}}