{"mean":{"confidence_interval":{"confidence_level":0.95,"lower_bound":88758.51650746544,"upper_bound":88955.14954913931},"point_estimate":88850.27076354585,"standard_error":50.34827877797977},"median":{"confidence_interval":{"confidence_level":0.95,"lower_bound":88765.83445945945,"upper_bound":88857.58451267931},"point_estimate":88805.3291454922,"standard_error":20.76505009879748},"median_abs_dev":{"confidence_interval":{"confidence_level":0.95,"lower_bound":115.0317043440323,"upper_bound":247.02420857986132},"point_estimate":174.92054583325847,"standard_error":35.7823119262366},"slope":{"confidence_interval":{"confidence_level":0.95,"lower_bound":88825.88992332816,"upper_bound":89125.21978245555},"point_estimate":88950.09339441407,"standard_error":78.21037528589999},"std_dev":{"confidence_interval":{"confidence_level":0.95,"lower_bound":293.3626804178367,"upper_bound":700.90912933678},"point_estimate":507.54447616006155,"standard_error":105.22287916709662}}