{"mean":{"confidence_interval":{"confidence_level":0.95,"lower_bound":77352.29242005444,"upper_bound":77932.67259176025},"point_estimate":77603.36437202238,"standard_error":149.08163703301597},"median":{"confidence_interval":{"confidence_level":0.95,"lower_bound":77282.53928571429,"upper_bound":77369.5},"point_estimate":77345.67424242424,"standard_error":21.589140844047275},"median_abs_dev":{"confidence_interval":{"confidence_level":0.95,"lower_bound":132.3018807202417,"upper_bound":216.59622925545239},"point_estimate":173.29324865070254,"standard_error":21.839976178439954},"slope":{"confidence_interval":{"confidence_level":0.95,"lower_bound":77354.12512891972,"upper_bound":77468.83882576678},"point_estimate":77407.55059775381,"standard_error":29.29999509578735},"std_dev":{"confidence_interval":{"confidence_level":0.95,"lower_bound":287.38392730237,"upper_bound":2266.914744960418},"point_estimate":1502.1621831337688,"standard_error":475.05335143381353}}