{"mean":{"confidence_interval":{"confidence_level":0.95,"lower_bound":79450.65192898588,"upper_bound":79566.27239729709},"point_estimate":79509.3540791874,"standard_error":29.51634468376978},"median":{"confidence_interval":{"confidence_level":0.95,"lower_bound":79477.47944342648,"upper_bound":79547.3711331187},"point_estimate":79510.87708333333,"standard_error":19.98684622934405},"median_abs_dev":{"confidence_interval":{"confidence_level":0.95,"lower_bound":116.03918582199616,"upper_bound":243.89098634636503},"point_estimate":162.1210919740135,"standard_error":33.820810224733954},"slope":{"confidence_interval":{"confidence_level":0.95,"lower_bound":79524.25784047064,"upper_bound":79585.98324739689},"point_estimate":79554.50167799616,"standard_error":15.735505133935941},"std_dev":{"confidence_interval":{"confidence_level":0.95,"lower_bound":232.59221316079376,"upper_bound":356.0604786639539},"point_estimate":296.90838178090223,"standard_error":31.465344381602755}}