{"mean":{"confidence_interval":{"confidence_level":0.95,"lower_bound":76250.93054536465,"upper_bound":76415.41793395135},"point_estimate":76331.70000703863,"standard_error":42.00250771308348},"median":{"confidence_interval":{"confidence_level":0.95,"lower_bound":76274.65162731134,"upper_bound":76352.07291666666},"point_estimate":76322.74100877193,"standard_error":19.47933634345094},"median_abs_dev":{"confidence_interval":{"confidence_level":0.95,"lower_bound":157.35137216222412,"upper_bound":264.20906191678364},"point_estimate":223.7662567968041,"standard_error":25.8958812379267},"slope":{"confidence_interval":{"confidence_level":0.95,"lower_bound":76343.17601278843,"upper_bound":76530.08363233764},"point_estimate":76424.30688081868,"standard_error":48.294919256681446},"std_dev":{"confidence_interval":{"confidence_level":0.95,"lower_bound":316.0284928370985,"upper_bound":515.9532467919255},"point_estimate":420.89653670849026,"standard_error":50.879979184420634}}