{"mean":{"confidence_interval":{"confidence_level":0.95,"lower_bound":101471.71116678408,"upper_bound":101706.48937177355},"point_estimate":101580.94234418796,"standard_error":59.69514541539505},"median":{"confidence_interval":{"confidence_level":0.95,"lower_bound":101500.0905923345,"upper_bound":101706.94586466165},"point_estimate":101592.58791208791,"standard_error":61.2804496173796},"median_abs_dev":{"confidence_interval":{"confidence_level":0.95,"lower_bound":281.89313323594695,"upper_bound":458.563218471779},"point_estimate":373.75291684940896,"standard_error":45.99884393931812},"slope":{"confidence_interval":{"confidence_level":0.95,"lower_bound":101465.46470371867,"upper_bound":101629.4495492087},"point_estimate":101551.24647554307,"standard_error":41.970071856515894},"std_dev":{"confidence_interval":{"confidence_level":0.95,"lower_bound":374.8030167272529,"upper_bound":854.8192297808},"point_estimate":601.9776679983042,"standard_error":133.4969628677601}}