{"mean":{"confidence_interval":{"confidence_level":0.95,"lower_bound":72433.89883106815,"upper_bound":72625.43324954555},"point_estimate":72530.64595907413,"standard_error":48.73242691902228},"median":{"confidence_interval":{"confidence_level":0.95,"lower_bound":72441.68209876544,"upper_bound":72647.60724810832},"point_estimate":72568.55886939571,"standard_error":51.889155418090986},"median_abs_dev":{"confidence_interval":{"confidence_level":0.95,"lower_bound":267.1264102743937,"upper_bound":479.8276869941813},"point_estimate":350.72398254634453,"standard_error":53.31055026083179},"slope":{"confidence_interval":{"confidence_level":0.95,"lower_bound":72514.30228091803,"upper_bound":72689.2141130161},"point_estimate":72598.17407812423,"standard_error":44.53465468609352},"std_dev":{"confidence_interval":{"confidence_level":0.95,"lower_bound":393.67616762526086,"upper_bound":574.0585289613642},"point_estimate":488.2788826859296,"standard_error":46.088380856833844}}