{"mean":{"confidence_interval":{"confidence_level":0.95,"lower_bound":73564.05813853412,"upper_bound":73747.98141551072},"point_estimate":73656.30905996828,"standard_error":46.85888480422567},"median":{"confidence_interval":{"confidence_level":0.95,"lower_bound":73626.64673913043,"upper_bound":73781.10533707865},"point_estimate":73702.97058219177,"standard_error":41.49995312514033},"median_abs_dev":{"confidence_interval":{"confidence_level":0.95,"lower_bound":320.97390518781685,"upper_bound":541.2585911971858},"point_estimate":428.90482896339404,"standard_error":53.76547882859438},"slope":{"confidence_interval":{"confidence_level":0.95,"lower_bound":73709.4733926338,"upper_bound":73868.68650776967},"point_estimate":73788.73691406827,"standard_error":40.49737043158013},"std_dev":{"confidence_interval":{"confidence_level":0.95,"lower_bound":398.82688543166546,"upper_bound":536.0461614353717},"point_estimate":471.8889462156551,"standard_error":35.13402422591715}}