{"mean":{"confidence_interval":{"confidence_level":0.95,"lower_bound":73392.9265068032,"upper_bound":73801.76629892776},"point_estimate":73558.58360462262,"standard_error":107.22779328573769},"median":{"confidence_interval":{"confidence_level":0.95,"lower_bound":73433.69071260384,"upper_bound":73560.2134502924},"point_estimate":73489.45831030035,"standard_error":37.406881784202035},"median_abs_dev":{"confidence_interval":{"confidence_level":0.95,"lower_bound":254.1373535689656,"upper_bound":424.39366144862566},"point_estimate":344.0010901382201,"standard_error":41.08100262199113},"slope":{"confidence_interval":{"confidence_level":0.95,"lower_bound":73449.05621783328,"upper_bound":73683.23299454828},"point_estimate":73551.8291269724,"standard_error":60.597947553015025},"std_dev":{"confidence_interval":{"confidence_level":0.95,"lower_bound":380.60351248380715,"upper_bound":1754.1452826686927},"point_estimate":1078.8058050973557,"standard_error":448.064662624122}}