{"mean":{"confidence_interval":{"confidence_level":0.95,"lower_bound":89302.05453277756,"upper_bound":89447.64619143507},"point_estimate":89376.39312710904,"standard_error":37.16561689897746},"median":{"confidence_interval":{"confidence_level":0.95,"lower_bound":89343.94389369672,"upper_bound":89424.16521918941},"point_estimate":89385.0998015873,"standard_error":23.871036554845634},"median_abs_dev":{"confidence_interval":{"confidence_level":0.95,"lower_bound":150.75538379835785,"upper_bound":285.9995631708607},"point_estimate":227.7413965855877,"standard_error":34.9252921020067},"slope":{"confidence_interval":{"confidence_level":0.95,"lower_bound":89381.90578683841,"upper_bound":89467.1256250545},"point_estimate":89422.63481749667,"standard_error":21.780170812345418},"std_dev":{"confidence_interval":{"confidence_level":0.95,"lower_bound":272.1253261568852,"upper_bound":471.039411390189},"point_estimate":373.69043930978006,"standard_error":51.04821615112935}}