{"mean":{"confidence_interval":{"confidence_level":0.95,"lower_bound":71494.28310601458,"upper_bound":72207.82403474048},"point_estimate":71847.30997474902,"standard_error":181.66776749006837},"median":{"confidence_interval":{"confidence_level":0.95,"lower_bound":71375.07222222222,"upper_bound":72507.38821954485},"point_estimate":72011.21809581321,"standard_error":273.1668857047632},"median_abs_dev":{"confidence_interval":{"confidence_level":0.95,"lower_bound":1585.1316653745544,"upper_bound":2582.7062211147654},"point_estimate":2059.82072332778,"standard_error":258.2375851056927},"slope":{"confidence_interval":{"confidence_level":0.95,"lower_bound":71306.96634970806,"upper_bound":72132.29427626723},"point_estimate":71717.05667963812,"standard_error":209.79576439563144},"std_dev":{"confidence_interval":{"confidence_level":0.95,"lower_bound":1586.1894170738215,"upper_bound":2054.359218628566},"point_estimate":1825.540752632356,"standard_error":119.94543731253283}}