{"mean":{"confidence_interval":{"confidence_level":0.95,"lower_bound":78881.06183679178,"upper_bound":79118.9836221315},"point_estimate":78998.70694172058,"standard_error":60.47887994648188},"median":{"confidence_interval":{"confidence_level":0.95,"lower_bound":78895.35,"upper_bound":79089.26878868259},"point_estimate":78996.65634920634,"standard_error":46.283059096544854},"median_abs_dev":{"confidence_interval":{"confidence_level":0.95,"lower_bound":334.12405816186265,"upper_bound":546.1487693686043},"point_estimate":447.43800952214264,"standard_error":54.238336833222725},"slope":{"confidence_interval":{"confidence_level":0.95,"lower_bound":78968.86821631556,"upper_bound":79213.72051212758},"point_estimate":79080.5546844983,"standard_error":62.76491417679814},"std_dev":{"confidence_interval":{"confidence_level":0.95,"lower_bound":448.45968255614713,"upper_bound":760.1521484462461},"point_estimate":607.4234705991887,"standard_error":80.12218461154355}}