{"mean":{"confidence_interval":{"confidence_level":0.95,"lower_bound":90135.19639805626,"upper_bound":90314.84738414088},"point_estimate":90217.4426757865,"standard_error":45.9462014298102},"median":{"confidence_interval":{"confidence_level":0.95,"lower_bound":90162.60359848486,"upper_bound":90274.11874573087},"point_estimate":90198.44797979799,"standard_error":27.490516842862196},"median_abs_dev":{"confidence_interval":{"confidence_level":0.95,"lower_bound":178.74783735760562,"upper_bound":275.4183326174361},"point_estimate":227.83411171272664,"standard_error":25.33932478890826},"slope":{"confidence_interval":{"confidence_level":0.95,"lower_bound":90240.5512481015,"upper_bound":90344.82731074771},"point_estimate":90291.77822336338,"standard_error":26.459941511357354},"std_dev":{"confidence_interval":{"confidence_level":0.95,"lower_bound":271.822677346827,"upper_bound":673.2999258450104},"point_estimate":460.91961966763364,"standard_error":116.18301771681041}}