{"mean":{"confidence_interval":{"confidence_level":0.95,"lower_bound":84697.50758853013,"upper_bound":84822.75494419681},"point_estimate":84757.68056538308,"standard_error":31.85371482540079},"median":{"confidence_interval":{"confidence_level":0.95,"lower_bound":84696.56465517242,"upper_bound":84780.86853448275},"point_estimate":84727.104375,"standard_error":21.75767469057424},"median_abs_dev":{"confidence_interval":{"confidence_level":0.95,"lower_bound":129.95344187094682,"upper_bound":223.20815689492633},"point_estimate":174.7215862923024,"standard_error":23.729970031595485},"slope":{"confidence_interval":{"confidence_level":0.95,"lower_bound":84731.66655750488,"upper_bound":84806.93340176973},"point_estimate":84768.31974878085,"standard_error":19.205615473687825},"std_dev":{"confidence_interval":{"confidence_level":0.95,"lower_bound":216.1891704256554,"upper_bound":425.5868605962729},"point_estimate":319.71548411949277,"standard_error":54.84247881585526}}