{"mean":{"confidence_interval":{"confidence_level":0.95,"lower_bound":88943.79888289829,"upper_bound":89126.5151092862},"point_estimate":89030.94653426093,"standard_error":46.38049807356972},"median":{"confidence_interval":{"confidence_level":0.95,"lower_bound":89002.63671875,"upper_bound":89057.35144927536},"point_estimate":89036.69074675324,"standard_error":14.38144292364906},"median_abs_dev":{"confidence_interval":{"confidence_level":0.95,"lower_bound":105.23898130040634,"upper_bound":229.98131221230702},"point_estimate":153.06487035947862,"standard_error":33.026375727483796},"slope":{"confidence_interval":{"confidence_level":0.95,"lower_bound":89075.7608136206,"upper_bound":89341.49406127166},"point_estimate":89179.6085436678,"standard_error":70.69456589340423},"std_dev":{"confidence_interval":{"confidence_level":0.95,"lower_bound":290.4671974261856,"upper_bound":624.6328533697402},"point_estimate":465.8641161234043,"standard_error":86.08131206050147}}