{"mean":{"confidence_interval":{"confidence_level":0.95,"lower_bound":100195.26855142073,"upper_bound":101317.6731714133},"point_estimate":100700.06142674906,"standard_error":288.92956678531414},"median":{"confidence_interval":{"confidence_level":0.95,"lower_bound":99900.34648910412,"upper_bound":100129.80042016807},"point_estimate":99982.60461760461,"standard_error":59.525377933928354},"median_abs_dev":{"confidence_interval":{"confidence_level":0.95,"lower_bound":302.69121057043685,"upper_bound":479.40709798580554},"point_estimate":396.8399454546858,"standard_error":44.0230046859912},"slope":{"confidence_interval":{"confidence_level":0.95,"lower_bound":99754.76410140074,"upper_bound":100303.1144282982},"point_estimate":100011.32886022504,"standard_error":139.68937135426575},"std_dev":{"confidence_interval":{"confidence_level":0.95,"lower_bound":1421.8955119271423,"upper_bound":4148.171658516365},"point_estimate":2913.658590780821,"standard_error":709.619097331762}}