{"mean":{"confidence_interval":{"confidence_level":0.95,"lower_bound":71760.63382976415,"upper_bound":71942.33063293368},"point_estimate":71851.24921876156,"standard_error":46.488494440579196},"median":{"confidence_interval":{"confidence_level":0.95,"lower_bound":71662.68557919622,"upper_bound":71916.47839506173},"point_estimate":71701.94713064714,"standard_error":72.2603711354613},"median_abs_dev":{"confidence_interval":{"confidence_level":0.95,"lower_bound":293.8785158344199,"upper_bound":576.4167265617475},"point_estimate":474.3661729878705,"standard_error":78.88104706557561},"slope":{"confidence_interval":{"confidence_level":0.95,"lower_bound":71643.10983262406,"upper_bound":71857.94366573518},"point_estimate":71750.56960609494,"standard_error":54.981647984178785},"std_dev":{"confidence_interval":{"confidence_level":0.95,"lower_bound":399.78795054570844,"upper_bound":528.6571432530952},"point_estimate":465.5195342206066,"standard_error":33.00964255835633}}