{"mean":{"confidence_interval":{"confidence_level":0.95,"lower_bound":86925.45748844174,"upper_bound":87034.82229987635},"point_estimate":86979.57716239242,"standard_error":27.832751205700024},"median":{"confidence_interval":{"confidence_level":0.95,"lower_bound":86909.81730769231,"upper_bound":86976.35714285714},"point_estimate":86946.16615155677,"standard_error":19.0314967568271},"median_abs_dev":{"confidence_interval":{"confidence_level":0.95,"lower_bound":120.65804261610688,"upper_bound":277.046557859555},"point_estimate":210.6717970606911,"standard_error":39.519798615289396},"slope":{"confidence_interval":{"confidence_level":0.95,"lower_bound":86995.70644497559,"upper_bound":87132.7236986439},"point_estimate":87059.080836412,"standard_error":35.178259960690085},"std_dev":{"confidence_interval":{"confidence_level":0.95,"lower_bound":224.52779621113663,"upper_bound":330.90233582531926},"point_estimate":280.3134340495507,"standard_error":27.17153670773491}}