{"mean":{"confidence_interval":{"confidence_level":0.95,"lower_bound":84531.11040245622,"upper_bound":84932.65453185387},"point_estimate":84720.91905626994,"standard_error":102.32719466989363},"median":{"confidence_interval":{"confidence_level":0.95,"lower_bound":84825.69117647059,"upper_bound":84961.08823529411},"point_estimate":84907.31973227435,"standard_error":40.42919809734631},"median_abs_dev":{"confidence_interval":{"confidence_level":0.95,"lower_bound":214.07951119570723,"upper_bound":490.1857673844194},"point_estimate":362.9343678880278,"standard_error":71.54501150115914},"slope":{"confidence_interval":{"confidence_level":0.95,"lower_bound":84446.94898754222,"upper_bound":84860.74350920436},"point_estimate":84672.04198130633,"standard_error":106.2424428779125},"std_dev":{"confidence_interval":{"confidence_level":0.95,"lower_bound":635.4376228571815,"upper_bound":1389.8947095328565},"point_estimate":1026.3042272012206,"standard_error":194.99991164137248}}