{"mean":{"confidence_interval":{"confidence_level":0.95,"lower_bound":79396.46217895574,"upper_bound":79629.38713782768},"point_estimate":79515.96905346625,"standard_error":59.590607234894655},"median":{"confidence_interval":{"confidence_level":0.95,"lower_bound":79477.01057249712,"upper_bound":79708.71354166667},"point_estimate":79618.74838615024,"standard_error":55.31772071447541},"median_abs_dev":{"confidence_interval":{"confidence_level":0.95,"lower_bound":382.35457374069745,"upper_bound":662.3311976924929},"point_estimate":481.74882671822263,"standard_error":69.71233452304953},"slope":{"confidence_interval":{"confidence_level":0.95,"lower_bound":79533.41635484667,"upper_bound":79707.78050218546},"point_estimate":79622.95840734447,"standard_error":44.49366875371533},"std_dev":{"confidence_interval":{"confidence_level":0.95,"lower_bound":484.9690410452332,"upper_bound":695.5210788163487},"point_estimate":595.5276439827535,"standard_error":53.86244283930939}}