{"mean":{"confidence_interval":{"confidence_level":0.95,"lower_bound":70861.33481797545,"upper_bound":71147.91804559552},"point_estimate":70992.31498155085,"standard_error":73.26825283767604},"median":{"confidence_interval":{"confidence_level":0.95,"lower_bound":70756.23015873016,"upper_bound":70923.25576519917},"point_estimate":70827.84294871795,"standard_error":41.49355683967},"median_abs_dev":{"confidence_interval":{"confidence_level":0.95,"lower_bound":218.31361945384018,"upper_bound":406.5139871724942},"point_estimate":309.8870273958394,"standard_error":48.596221386650825},"slope":{"confidence_interval":{"confidence_level":0.95,"lower_bound":70911.98655997188,"upper_bound":71278.87630750799},"point_estimate":71082.19302366057,"standard_error":94.17399993896363},"std_dev":{"confidence_interval":{"confidence_level":0.95,"lower_bound":425.221662663626,"upper_bound":1019.0812716306002},"point_estimate":736.9089994942302,"standard_error":153.4688203808259}}