{"mean":{"confidence_interval":{"confidence_level":0.95,"lower_bound":76371.39722258657,"upper_bound":76770.1386493988},"point_estimate":76518.32487154778,"standard_error":113.70113194631352},"median":{"confidence_interval":{"confidence_level":0.95,"lower_bound":76359.69062499999,"upper_bound":76457.07366071429},"point_estimate":76395.41238275613,"standard_error":22.35788283198805},"median_abs_dev":{"confidence_interval":{"confidence_level":0.95,"lower_bound":145.54234506101398,"upper_bound":247.78684789236485},"point_estimate":197.9330891380125,"standard_error":25.2426509788054},"slope":{"confidence_interval":{"confidence_level":0.95,"lower_bound":76428.9740847789,"upper_bound":76730.25698900232},"point_estimate":76537.28594244126,"standard_error":82.56662256144506},"std_dev":{"confidence_interval":{"confidence_level":0.95,"lower_bound":203.23666359413036,"upper_bound":1939.3579334902931},"point_estimate":1144.138584914083,"standard_error":608.1703614579843}}