{"mean":{"confidence_interval":{"confidence_level":0.95,"lower_bound":78300.75710382446,"upper_bound":78782.02146578682},"point_estimate":78524.02597787866,"standard_error":122.82121755890009},"median":{"confidence_interval":{"confidence_level":0.95,"lower_bound":78070.84840805718,"upper_bound":78246.80217196597},"point_estimate":78148.30894308943,"standard_error":46.65979747451394},"median_abs_dev":{"confidence_interval":{"confidence_level":0.95,"lower_bound":257.58554243604135,"upper_bound":588.3065078574358},"point_estimate":351.09434532933295,"standard_error":84.74772330173802},"slope":{"confidence_interval":{"confidence_level":0.95,"lower_bound":78220.25999059592,"upper_bound":79177.38507835148},"point_estimate":78628.96267178957,"standard_error":250.03064011100545},"std_dev":{"confidence_interval":{"confidence_level":0.95,"lower_bound":819.7830104609287,"upper_bound":1649.2389048975865},"point_estimate":1234.3589745010065,"standard_error":217.0098197440312}}