{"mean":{"confidence_interval":{"confidence_level":0.95,"lower_bound":77613.47414402933,"upper_bound":77813.43457835562},"point_estimate":77704.09523930885,"standard_error":51.055691902523456},"median":{"confidence_interval":{"confidence_level":0.95,"lower_bound":77663.41591427979,"upper_bound":77749.51063829787},"point_estimate":77695.54800824175,"standard_error":21.04527882314232},"median_abs_dev":{"confidence_interval":{"confidence_level":0.95,"lower_bound":130.81594108662676,"upper_bound":257.46805765588294},"point_estimate":173.31452881643418,"standard_error":32.07856789794378},"slope":{"confidence_interval":{"confidence_level":0.95,"lower_bound":77700.53260190389,"upper_bound":77867.46048317796},"point_estimate":77767.7392903059,"standard_error":43.70109691689891},"std_dev":{"confidence_interval":{"confidence_level":0.95,"lower_bound":271.6953646228405,"upper_bound":756.3595954593029},"point_estimate":513.8434874360288,"standard_error":133.89189696867888}}