{"mean":{"confidence_interval":{"confidence_level":0.95,"lower_bound":52220850.613000005,"upper_bound":52402145.6035},"point_estimate":52310369.13,"standard_error":46168.09205974581},"median":{"confidence_interval":{"confidence_level":0.95,"lower_bound":52135902.0,"upper_bound":52400674.5},"point_estimate":52253821.5,"standard_error":77638.0941064869},"median_abs_dev":{"confidence_interval":{"confidence_level":0.95,"lower_bound":347158.19683671,"upper_bound":610648.8664238151},"point_estimate":506078.82931530476,"standard_error":68424.86212244284},"slope":null,"std_dev":{"confidence_interval":{"confidence_level":0.95,"lower_bound":403817.6851767906,"upper_bound":522315.2273174088},"point_estimate":465723.59876911726,"standard_error":30193.36399956664}}