{"mean":{"confidence_interval":{"confidence_level":0.95,"lower_bound":55460378.3785,"upper_bound":55738530.86175},"point_estimate":55591640.62,"standard_error":70891.67032167049},"median":{"confidence_interval":{"confidence_level":0.95,"lower_bound":55394324.0,"upper_bound":55676277.0},"point_estimate":55538070.0,"standard_error":81634.84594155234},"median_abs_dev":{"confidence_interval":{"confidence_level":0.95,"lower_bound":415763.360848725,"upper_bound":653894.0466910601},"point_estimate":540542.6070034504,"standard_error":64023.699943092},"slope":null,"std_dev":{"confidence_interval":{"confidence_level":0.95,"lower_bound":492347.0942272944,"upper_bound":958168.3040807345},"point_estimate":716282.2334229357,"standard_error":124663.71934142371}}