{"mean":{"confidence_interval":{"confidence_level":0.95,"lower_bound":54517218.93875,"upper_bound":55051682.540750004},"point_estimate":54804875.33,"standard_error":137315.71082249147},"median":{"confidence_interval":{"confidence_level":0.95,"lower_bound":54933020.0,"upper_bound":55247116.0},"point_estimate":55115220.5,"standard_error":81915.02018997683},"median_abs_dev":{"confidence_interval":{"confidence_level":0.95,"lower_bound":434351.3838887216,"upper_bound":716550.9454786777},"point_estimate":524863.3709818125,"standard_error":70340.41389363784},"slope":null,"std_dev":{"confidence_interval":{"confidence_level":0.95,"lower_bound":824034.2996038984,"upper_bound":1810821.7402984195},"point_estimate":1383061.3930947874,"standard_error":249118.25602455667}}