{"mean":{"confidence_interval":{"confidence_level":0.95,"lower_bound":54201865.93,"upper_bound":54481388.76625},"point_estimate":54354627.65,"standard_error":71430.82251927601},"median":{"confidence_interval":{"confidence_level":0.95,"lower_bound":54253411.0,"upper_bound":54443397.0},"point_estimate":54355880.0,"standard_error":41227.18817155157},"median_abs_dev":{"confidence_interval":{"confidence_level":0.95,"lower_bound":265097.0295935869,"upper_bound":459574.8572409153},"point_estimate":366523.17639291286,"standard_error":48415.31849346866},"slope":null,"std_dev":{"confidence_interval":{"confidence_level":0.95,"lower_bound":411201.67502428195,"upper_bound":1066568.591532053},"point_estimate":718185.7167510926,"standard_error":196755.73876506527}}