{"mean":{"confidence_interval":{"confidence_level":0.95,"lower_bound":52138885.552999996,"upper_bound":52366389.8505},"point_estimate":52233870.8,"standard_error":59346.4845755883},"median":{"confidence_interval":{"confidence_level":0.95,"lower_bound":52075314.0,"upper_bound":52200958.0},"point_estimate":52115864.0,"standard_error":35828.38097850298},"median_abs_dev":{"confidence_interval":{"confidence_level":0.95,"lower_bound":197712.11948990822,"upper_bound":343218.92870664597},"point_estimate":281991.25629365444,"standard_error":38058.81221879523},"slope":null,"std_dev":{"confidence_interval":{"confidence_level":0.95,"lower_bound":256990.63883538343,"upper_bound":948273.9574189172},"point_estimate":600500.1042190844,"standard_error":220947.60202645708}}