{"mean":{"confidence_interval":{"confidence_level":0.95,"lower_bound":55083962.0605,"upper_bound":55678418.07},"point_estimate":55328086.39,"standard_error":155095.1467779001},"median":{"confidence_interval":{"confidence_level":0.95,"lower_bound":54984147.0,"upper_bound":55226448.0},"point_estimate":55087027.5,"standard_error":66377.77819176504},"median_abs_dev":{"confidence_interval":{"confidence_level":0.95,"lower_bound":437522.96175241476,"upper_bound":763712.4506413937},"point_estimate":567855.8050185442,"standard_error":79925.3242773554},"slope":null,"std_dev":{"confidence_interval":{"confidence_level":0.95,"lower_bound":628746.8795218501,"upper_bound":2482075.770826607},"point_estimate":1553323.2771912809,"standard_error":604432.3814362503}}