{"mean":{"confidence_interval":{"confidence_level":0.95,"lower_bound":58177206.537,"upper_bound":58743966.51},"point_estimate":58462331.28,"standard_error":144388.92716634957},"median":{"confidence_interval":{"confidence_level":0.95,"lower_bound":58551573.5,"upper_bound":59028734.5},"point_estimate":58787567.0,"standard_error":120920.26805789316},"median_abs_dev":{"confidence_interval":{"confidence_level":0.95,"lower_bound":771725.9034991264,"upper_bound":1432097.0958901912},"point_estimate":1054885.4485720396,"standard_error":177369.27605882077},"slope":null,"std_dev":{"confidence_interval":{"confidence_level":0.95,"lower_bound":1220927.0608373065,"upper_bound":1685068.0558857427},"point_estimate":1462445.6738904628,"standard_error":118739.47470427219}}