{"mean":{"confidence_interval":{"confidence_level":0.95,"lower_bound":39801380.33,"upper_bound":39856670.728},"point_estimate":39826988.605,"standard_error":14043.240795347087},"median":{"confidence_interval":{"confidence_level":0.95,"lower_bound":39788766.0,"upper_bound":39840177.5},"point_estimate":39817950.5,"standard_error":11019.430231177823},"median_abs_dev":{"confidence_interval":{"confidence_level":0.95,"lower_bound":72651.10521018505,"upper_bound":124081.01569712162},"point_estimate":90279.21889722347,"standard_error":13225.715646573533},"slope":null,"std_dev":{"confidence_interval":{"confidence_level":0.95,"lower_bound":91195.68223934587,"upper_bound":200082.00277014734},"point_estimate":141363.3117182674,"standard_error":32042.843269199937}}