{"mean":{"confidence_interval":{"confidence_level":0.95,"lower_bound":51644300.91,"upper_bound":51924715.95},"point_estimate":51787556.03,"standard_error":71408.03201278501},"median":{"confidence_interval":{"confidence_level":0.95,"lower_bound":51841505.0,"upper_bound":52026128.5},"point_estimate":51946527.5,"standard_error":44590.03113379381},"median_abs_dev":{"confidence_interval":{"confidence_level":0.95,"lower_bound":318716.74024164677,"upper_bound":620810.5695784092},"point_estimate":446248.5073775053,"standard_error":80180.75059157009},"slope":null,"std_dev":{"confidence_interval":{"confidence_level":0.95,"lower_bound":582111.2768108163,"upper_bound":822001.2377774642},"point_estimate":714183.6919389326,"standard_error":61169.07969293832}}