{"mean":{"confidence_interval":{"confidence_level":0.95,"lower_bound":58424913.1695,"upper_bound":58647438.5715},"point_estimate":58536532.98,"standard_error":56583.95094659904},"median":{"confidence_interval":{"confidence_level":0.95,"lower_bound":58385837.0,"upper_bound":58558400.0},"point_estimate":58473021.0,"standard_error":43980.63436921249},"median_abs_dev":{"confidence_interval":{"confidence_level":0.95,"lower_bound":283046.12617492676,"upper_bound":547481.1748802662},"point_estimate":396937.23225295544,"standard_error":63349.573906162084},"slope":null,"std_dev":{"confidence_interval":{"confidence_level":0.95,"lower_bound":473821.89452875033,"upper_bound":651864.835761943},"point_estimate":567993.8186312887,"standard_error":45292.06845740979}}