{"mean":{"confidence_interval":{"confidence_level":0.95,"lower_bound":56724189.4765,"upper_bound":57169151.99},"point_estimate":56930056.67,"standard_error":113948.54381523837},"median":{"confidence_interval":{"confidence_level":0.95,"lower_bound":56509961.5,"upper_bound":56862855.0},"point_estimate":56657759.5,"standard_error":97871.45462757944},"median_abs_dev":{"confidence_interval":{"confidence_level":0.95,"lower_bound":563071.4549034834,"upper_bound":1015838.9543652534},"point_estimate":741381.5298378468,"standard_error":118510.8964896441},"slope":null,"std_dev":{"confidence_interval":{"confidence_level":0.95,"lower_bound":741501.4120800751,"upper_bound":1598912.9080206933},"point_estimate":1138539.2851140008,"standard_error":250879.75842059974}}