{"mean":{"confidence_interval":{"confidence_level":0.95,"lower_bound":56870820.3055,"upper_bound":57290872.852000006},"point_estimate":57072057.4,"standard_error":106803.33020701614},"median":{"confidence_interval":{"confidence_level":0.95,"lower_bound":56873208.0,"upper_bound":57287202.0},"point_estimate":57016591.0,"standard_error":104778.2467389174},"median_abs_dev":{"confidence_interval":{"confidence_level":0.95,"lower_bound":550019.3860352039,"upper_bound":904799.6293365955},"point_estimate":723763.7943506241,"standard_error":91994.48886542984},"slope":null,"std_dev":{"confidence_interval":{"confidence_level":0.95,"lower_bound":744701.3827816487,"upper_bound":1442664.02024044},"point_estimate":1069339.8172929222,"standard_error":191225.59100157535}}