{"mean":{"confidence_interval":{"confidence_level":0.95,"lower_bound":55963425.59175,"upper_bound":56432854.8865},"point_estimate":56198699.29,"standard_error":119482.85376279957},"median":{"confidence_interval":{"confidence_level":0.95,"lower_bound":56080991.0,"upper_bound":56465594.0},"point_estimate":56293902.5,"standard_error":93953.04450430909},"median_abs_dev":{"confidence_interval":{"confidence_level":0.95,"lower_bound":564479.1835784912,"upper_bound":1497961.1920058727},"point_estimate":800409.0238898993,"standard_error":222013.4273564611},"slope":null,"std_dev":{"confidence_interval":{"confidence_level":0.95,"lower_bound":1029258.2324140085,"upper_bound":1356373.3307260415},"point_estimate":1199014.2930584056,"standard_error":83144.42089050045}}