{"mean":{"confidence_interval":{"confidence_level":0.95,"lower_bound":51030943.31425,"upper_bound":51225544.40825},"point_estimate":51126678.24,"standard_error":49693.42771344451},"median":{"confidence_interval":{"confidence_level":0.95,"lower_bound":50965742.0,"upper_bound":51188370.0},"point_estimate":51104181.0,"standard_error":59662.11967472641},"median_abs_dev":{"confidence_interval":{"confidence_level":0.95,"lower_bound":360086.4686071873,"upper_bound":587529.1653692722},"point_estimate":481862.7826452255,"standard_error":57356.77581871194},"slope":null,"std_dev":{"confidence_interval":{"confidence_level":0.95,"lower_bound":419109.990812901,"upper_bound":579937.2856128828},"point_estimate":502183.2895299622,"standard_error":41249.484920443814}}