{"mean":{"confidence_interval":{"confidence_level":0.95,"lower_bound":51630525.46775,"upper_bound":51781402.36275},"point_estimate":51702692.36,"standard_error":38784.723182187256},"median":{"confidence_interval":{"confidence_level":0.95,"lower_bound":51541023.5,"upper_bound":51646155.0},"point_estimate":51584871.5,"standard_error":24086.67355091353},"median_abs_dev":{"confidence_interval":{"confidence_level":0.95,"lower_bound":186162.665694952,"upper_bound":315815.29209315777},"point_estimate":238879.4729590416,"standard_error":32183.273520650637},"slope":null,"std_dev":{"confidence_interval":{"confidence_level":0.95,"lower_bound":303531.3454209825,"upper_bound":467311.3373613754},"point_estimate":390304.75654302695,"standard_error":41776.587129631436}}