{"mean":{"confidence_interval":{"confidence_level":0.95,"lower_bound":53566267.46,"upper_bound":53756767.91},"point_estimate":53661186.7,"standard_error":48779.486728833785},"median":{"confidence_interval":{"confidence_level":0.95,"lower_bound":53464115.0,"upper_bound":53744834.0},"point_estimate":53618187.5,"standard_error":84442.40685511279},"median_abs_dev":{"confidence_interval":{"confidence_level":0.95,"lower_bound":366410.4987949133,"upper_bound":624620.1102107763},"point_estimate":484884.3213915825,"standard_error":64860.705811277876},"slope":null,"std_dev":{"confidence_interval":{"confidence_level":0.95,"lower_bound":426731.9068780097,"upper_bound":544460.5273024227},"point_estimate":489754.4971084693,"standard_error":29902.70277266348}}