{"mean":{"confidence_interval":{"confidence_level":0.95,"lower_bound":57054285.4,"upper_bound":58024846.28},"point_estimate":57558883.91,"standard_error":247147.00315346336},"median":{"confidence_interval":{"confidence_level":0.95,"lower_bound":57958303.0,"upper_bound":58453377.5},"point_estimate":58263293.0,"standard_error":119111.10800865888},"median_abs_dev":{"confidence_interval":{"confidence_level":0.95,"lower_bound":864578.9159506559,"upper_bound":1408406.2231957912},"point_estimate":1046953.5387128592,"standard_error":130462.3767586553},"slope":null,"std_dev":{"confidence_interval":{"confidence_level":0.95,"lower_bound":1916138.0065812953,"upper_bound":2912461.5245652236},"point_estimate":2483417.8880623216,"standard_error":254873.178114706}}