{"mean":{"confidence_interval":{"confidence_level":0.95,"lower_bound":53992291.01,"upper_bound":54308646.6},"point_estimate":54153443.65,"standard_error":80487.6658178684},"median":{"confidence_interval":{"confidence_level":0.95,"lower_bound":54015459.0,"upper_bound":54345709.0},"point_estimate":54209784.0,"standard_error":80262.69693974503},"median_abs_dev":{"confidence_interval":{"confidence_level":0.95,"lower_bound":453665.21374583244,"upper_bound":747016.1510378122},"point_estimate":587149.6197760105,"standard_error":72936.06584294455},"slope":null,"std_dev":{"confidence_interval":{"confidence_level":0.95,"lower_bound":626303.3171693464,"upper_bound":974780.8597978177},"point_estimate":807937.7222126524,"standard_error":89273.54460514373}}