{"mean":{"confidence_interval":{"confidence_level":0.95,"lower_bound":58835800.25,"upper_bound":59200066.954749994},"point_estimate":59016721.93,"standard_error":93312.24244645066},"median":{"confidence_interval":{"confidence_level":0.95,"lower_bound":58813748.0,"upper_bound":59237668.0},"point_estimate":59004279.0,"standard_error":119394.0802100593},"median_abs_dev":{"confidence_interval":{"confidence_level":0.95,"lower_bound":648426.2179881334,"upper_bound":1136691.60861969},"point_estimate":805811.618193984,"standard_error":122123.35929781795},"slope":null,"std_dev":{"confidence_interval":{"confidence_level":0.95,"lower_bound":797507.932271582,"upper_bound":1077367.5671468414},"point_estimate":942652.0766849825,"standard_error":71687.74496177137}}