{"mean":{"confidence_interval":{"confidence_level":0.95,"lower_bound":55161712.17,"upper_bound":56747015.287},"point_estimate":55939649.68,"standard_error":405422.7674880194},"median":{"confidence_interval":{"confidence_level":0.95,"lower_bound":52853938.0,"upper_bound":58436415.5},"point_estimate":53315269.5,"standard_error":1940076.95848171},"median_abs_dev":{"confidence_interval":{"confidence_level":0.95,"lower_bound":1386709.113880992,"upper_bound":6824733.109536767},"point_estimate":2447146.158054471,"standard_error":1463382.028805263},"slope":null,"std_dev":{"confidence_interval":{"confidence_level":0.95,"lower_bound":3456876.9669946474,"upper_bound":4771608.459513365},"point_estimate":4066237.7728857603,"standard_error":345830.91639187606}}