{"mean":{"confidence_interval":{"confidence_level":0.95,"lower_bound":59509741.63,"upper_bound":60099009.099249996},"point_estimate":59770794.95,"standard_error":152171.32107221425},"median":{"confidence_interval":{"confidence_level":0.95,"lower_bound":59331390.0,"upper_bound":59823150.0},"point_estimate":59626321.0,"standard_error":132147.97524275462},"median_abs_dev":{"confidence_interval":{"confidence_level":0.95,"lower_bound":717563.2647407056,"upper_bound":1122099.1183787584},"point_estimate":1019165.9087061882,"standard_error":108718.52006096544},"slope":null,"std_dev":{"confidence_interval":{"confidence_level":0.95,"lower_bound":734018.3155720735,"upper_bound":2318643.3956165276},"point_estimate":1534860.4046719512,"standard_error":449823.07554197207}}