{"mean":{"confidence_interval":{"confidence_level":0.95,"lower_bound":56180586.33875,"upper_bound":56583389.64},"point_estimate":56370308.81,"standard_error":102711.95822093167},"median":{"confidence_interval":{"confidence_level":0.95,"lower_bound":55962234.0,"upper_bound":56704250.5},"point_estimate":56533953.0,"standard_error":224596.14060328863},"median_abs_dev":{"confidence_interval":{"confidence_level":0.95,"lower_bound":634737.372431159,"upper_bound":1177490.5359953642},"point_estimate":957328.8877040148,"standard_error":136309.8836256475},"slope":null,"std_dev":{"confidence_interval":{"confidence_level":0.95,"lower_bound":735729.3069634517,"upper_bound":1402362.7937665533},"point_estimate":1034222.2163606391,"standard_error":195020.63727147054}}