{"mean":{"confidence_interval":{"confidence_level":0.95,"lower_bound":50967365.68025,"upper_bound":51310681.60675},"point_estimate":51108052.82,"standard_error":89211.22670721264},"median":{"confidence_interval":{"confidence_level":0.95,"lower_bound":50850957.5,"upper_bound":51039724.5},"point_estimate":50950638.0,"standard_error":46273.22102027328},"median_abs_dev":{"confidence_interval":{"confidence_level":0.95,"lower_bound":250975.26484429836,"upper_bound":432279.45042550564},"point_estimate":316331.97818398476,"standard_error":44903.4778310327},"slope":null,"std_dev":{"confidence_interval":{"confidence_level":0.95,"lower_bound":333605.60974089534,"upper_bound":1431477.2414729523},"point_estimate":896229.9114986716,"standard_error":346524.7888286773}}