{"mean":{"confidence_interval":{"confidence_level":0.95,"lower_bound":57476585.24,"upper_bound":58765961.288499996},"point_estimate":58138307.88,"standard_error":330287.40250919334},"median":{"confidence_interval":{"confidence_level":0.95,"lower_bound":59402878.0,"upper_bound":60346257.0},"point_estimate":60236420.0,"standard_error":234394.80534412872},"median_abs_dev":{"confidence_interval":{"confidence_level":0.95,"lower_bound":637114.7214889526,"upper_bound":2278117.1589553356},"point_estimate":1173271.7977702618,"standard_error":365103.1508172233},"slope":null,"std_dev":{"confidence_interval":{"confidence_level":0.95,"lower_bound":2985967.206732223,"upper_bound":3549873.1521725506},"point_estimate":3324787.4462180883,"standard_error":144212.96487895458}}