{"mean":{"confidence_interval":{"confidence_level":0.95,"lower_bound":992037.2715699687,"upper_bound":1000706.9225162955},"point_estimate":995579.663458104,"standard_error":2265.0797340319255},"median":{"confidence_interval":{"confidence_level":0.95,"lower_bound":990544.8076923077,"upper_bound":991962.5157490397},"point_estimate":991348.7435323383,"standard_error":393.0611420656865},"median_abs_dev":{"confidence_interval":{"confidence_level":0.95,"lower_bound":2532.3353273399657,"upper_bound":4141.135600715514},"point_estimate":3329.757412031156,"standard_error":411.40175583549563},"slope":{"confidence_interval":{"confidence_level":0.95,"lower_bound":991752.2182461215,"upper_bound":1006156.8461378021},"point_estimate":996703.2757292744,"standard_error":4098.905460250891},"std_dev":{"confidence_interval":{"confidence_level":0.95,"lower_bound":4808.649178718375,"upper_bound":36553.558543342886},"point_estimate":22786.714543148963,"standard_error":8839.57062705957}}