{"mean":{"confidence_interval":{"confidence_level":0.95,"lower_bound":1273870.4751772764,"upper_bound":1283947.0082013207},"point_estimate":1278127.5597219937,"standard_error":2614.8893871492264},"median":{"confidence_interval":{"confidence_level":0.95,"lower_bound":1270841.671641791,"upper_bound":1273549.3694510113},"point_estimate":1271961.677592955,"standard_error":760.1536368822722},"median_abs_dev":{"confidence_interval":{"confidence_level":0.95,"lower_bound":3287.048880225475,"upper_bound":5858.305647229105},"point_estimate":4092.8131363306225,"standard_error":678.7529472357461},"slope":{"confidence_interval":{"confidence_level":0.95,"lower_bound":1272339.2726459273,"upper_bound":1279328.8494076459},"point_estimate":1275165.8185990837,"standard_error":1823.628453483353},"std_dev":{"confidence_interval":{"confidence_level":0.95,"lower_bound":8551.890729697818,"upper_bound":41311.05271645904},"point_estimate":26321.173557747454,"standard_error":9118.50195911598}}