{"mean":{"confidence_interval":{"confidence_level":0.95,"lower_bound":1115227.5349761273,"upper_bound":1126767.8056613512},"point_estimate":1119257.5583455192,"standard_error":3537.1853366979567},"median":{"confidence_interval":{"confidence_level":0.95,"lower_bound":1114354.6666666667,"upper_bound":1115552.8173076923},"point_estimate":1115069.760465802,"standard_error":329.4968341314688},"median_abs_dev":{"confidence_interval":{"confidence_level":0.95,"lower_bound":1384.39362356099,"upper_bound":2393.6698850682865},"point_estimate":1864.1047169055996,"standard_error":276.34347555711605},"slope":{"confidence_interval":{"confidence_level":0.95,"lower_bound":1114802.1712100795,"upper_bound":1115771.6997426187},"point_estimate":1115267.9451337373,"standard_error":246.733898843918},"std_dev":{"confidence_interval":{"confidence_level":0.95,"lower_bound":2225.4613021747,"upper_bound":60944.04949768559},"point_estimate":35633.940348035714,"standard_error":20803.920104781788}}