{"mean":{"confidence_interval":{"confidence_level":0.95,"lower_bound":995575.0431168356,"upper_bound":1001327.6434955657},"point_estimate":998133.8378342992,"standard_error":1476.8854552729863},"median":{"confidence_interval":{"confidence_level":0.95,"lower_bound":993421.0833333334,"upper_bound":994487.1564545692},"point_estimate":994060.4138795987,"standard_error":291.77208136031936},"median_abs_dev":{"confidence_interval":{"confidence_level":0.95,"lower_bound":1651.0171996359895,"upper_bound":3264.4963637827564},"point_estimate":2333.258995285501,"standard_error":436.1032975482372},"slope":{"confidence_interval":{"confidence_level":0.95,"lower_bound":994488.2607964417,"upper_bound":997284.8177543678},"point_estimate":995739.1869632038,"standard_error":716.4904463651862},"std_dev":{"confidence_interval":{"confidence_level":0.95,"lower_bound":7142.546063025733,"upper_bound":20769.90833172568},"point_estimate":14824.184880747302,"standard_error":3469.259637563286}}