{"mean":{"confidence_interval":{"confidence_level":0.95,"lower_bound":1741502.978435879,"upper_bound":1747595.5250543938},"point_estimate":1743993.6598853497,"standard_error":1592.7954536260252},"median":{"confidence_interval":{"confidence_level":0.95,"lower_bound":1739851.7837837837,"upper_bound":1741630.6164502164},"point_estimate":1740647.0313479623,"standard_error":405.5863511490546},"median_abs_dev":{"confidence_interval":{"confidence_level":0.95,"lower_bound":2116.2680407503444,"upper_bound":3841.4974159577837},"point_estimate":2902.2008530910307,"standard_error":434.13582088360783},"slope":{"confidence_interval":{"confidence_level":0.95,"lower_bound":1741391.4610920323,"upper_bound":1744614.0782095187},"point_estimate":1742733.4448293187,"standard_error":832.9158961543181},"std_dev":{"confidence_interval":{"confidence_level":0.95,"lower_bound":4583.744203445317,"upper_bound":25798.79064081656},"point_estimate":16030.603647591352,"standard_error":6280.94663949108}}