{"mean":{"confidence_interval":{"confidence_level":0.95,"lower_bound":1108702.0963190435,"upper_bound":1113970.526343823},"point_estimate":1110875.8324746166,"standard_error":1376.0910274910466},"median":{"confidence_interval":{"confidence_level":0.95,"lower_bound":1107633.75,"upper_bound":1108688.904622157},"point_estimate":1108253.0337995337,"standard_error":253.2840621678614},"median_abs_dev":{"confidence_interval":{"confidence_level":0.95,"lower_bound":1676.5826310151472,"upper_bound":2889.8756320278617},"point_estimate":2423.186106979789,"standard_error":319.5449953849459},"slope":{"confidence_interval":{"confidence_level":0.95,"lower_bound":1108255.9446441212,"upper_bound":1111796.0712000122},"point_estimate":1109744.7621486627,"standard_error":919.9277250887583},"std_dev":{"confidence_interval":{"confidence_level":0.95,"lower_bound":3476.2481636779903,"upper_bound":22143.88547792902},"point_estimate":13812.483517151197,"standard_error":5256.413284637142}}