{"mean":{"confidence_interval":{"confidence_level":0.95,"lower_bound":989649.5304968697,"upper_bound":996183.4229240179},"point_estimate":992518.6215718829,"standard_error":1687.220262430629},"median":{"confidence_interval":{"confidence_level":0.95,"lower_bound":987052.293939394,"upper_bound":988555.5909090909},"point_estimate":987889.9088196286,"standard_error":338.8090582078354},"median_abs_dev":{"confidence_interval":{"confidence_level":0.95,"lower_bound":1917.2048403097679,"upper_bound":3366.819806893647},"point_estimate":2556.705269318303,"standard_error":343.57928240919773},"slope":{"confidence_interval":{"confidence_level":0.95,"lower_bound":989706.2671128265,"upper_bound":994544.3691855016},"point_estimate":991968.5475247524,"standard_error":1239.3544345549785},"std_dev":{"confidence_interval":{"confidence_level":0.95,"lower_bound":8010.516388652175,"upper_bound":25341.23418103727},"point_estimate":16898.50868118822,"standard_error":4830.981923298662}}