{"mean":{"confidence_interval":{"confidence_level":0.95,"lower_bound":992690.3883109743,"upper_bound":1000914.0468333882},"point_estimate":996278.0278867689,"standard_error":2120.013016709649},"median":{"confidence_interval":{"confidence_level":0.95,"lower_bound":989574.775,"upper_bound":990816.2826086957},"point_estimate":990287.8597597597,"standard_error":262.8127488926648},"median_abs_dev":{"confidence_interval":{"confidence_level":0.95,"lower_bound":1736.7061241542272,"upper_bound":3500.9303878461023},"point_estimate":2365.3297578267816,"standard_error":456.24370577697715},"slope":{"confidence_interval":{"confidence_level":0.95,"lower_bound":990974.1225117826,"upper_bound":998686.4106704745},"point_estimate":993961.3138347864,"standard_error":2066.8761885620006},"std_dev":{"confidence_interval":{"confidence_level":0.95,"lower_bound":9249.919358663576,"upper_bound":32075.059134221232},"point_estimate":21325.192986599883,"standard_error":6220.223747355936}}