{"mean":{"confidence_interval":{"confidence_level":0.95,"lower_bound":5199439.699199998,"upper_bound":5212895.150874999},"point_estimate":5205810.962999997,"standard_error":3435.364999241118},"median":{"confidence_interval":{"confidence_level":0.95,"lower_bound":5193388.1,"upper_bound":5202216.0},"point_estimate":5197529.949999999,"standard_error":2199.517118248829},"median_abs_dev":{"confidence_interval":{"confidence_level":0.95,"lower_bound":16855.827360749383,"upper_bound":28979.93690550355},"point_estimate":23658.514949976292,"standard_error":3015.6923400083924},"slope":null,"std_dev":{"confidence_interval":{"confidence_level":0.95,"lower_bound":23754.919533174187,"upper_bound":44466.718170760425},"point_estimate":34447.397599697564,"standard_error":5335.452119351793}}