{"mean":{"confidence_interval":{"confidence_level":0.95,"lower_bound":5150332.714925001,"upper_bound":5163025.939349998},"point_estimate":5156453.2990000015,"standard_error":3245.6155873055427},"median":{"confidence_interval":{"confidence_level":0.95,"lower_bound":5145629.95,"upper_bound":5155592.5},"point_estimate":5150816.300000001,"standard_error":2363.370864343325},"median_abs_dev":{"confidence_interval":{"confidence_level":0.95,"lower_bound":21332.167331279154,"upper_bound":32728.246158958034},"point_estimate":27875.10340511799,"standard_error":3030.107422674555},"slope":null,"std_dev":{"confidence_interval":{"confidence_level":0.95,"lower_bound":26114.161620600677,"upper_bound":38722.487995169715},"point_estimate":32716.800675112612,"standard_error":3226.3907148971525}}