{"mean":{"confidence_interval":{"confidence_level":0.95,"lower_bound":5164411.034149999,"upper_bound":5173053.169550003},"point_estimate":5168534.125,"standard_error":2208.0927827126075},"median":{"confidence_interval":{"confidence_level":0.95,"lower_bound":5164168.199999999,"upper_bound":5169191.2},"point_estimate":5166953.050000001,"standard_error":1270.4818525409132},"median_abs_dev":{"confidence_interval":{"confidence_level":0.95,"lower_bound":12640.499115586143,"upper_bound":21863.457031846323},"point_estimate":18386.018793583884,"standard_error":2431.251665613819},"slope":null,"std_dev":{"confidence_interval":{"confidence_level":0.95,"lower_bound":16197.66198709579,"upper_bound":27996.596134585718},"point_estimate":22166.074154292928,"standard_error":3037.5367405873267}}