{"mean":{"confidence_interval":{"confidence_level":0.95,"lower_bound":5180053.669000001,"upper_bound":5190799.244975},"point_estimate":5185083.025,"standard_error":2752.9473279779936},"median":{"confidence_interval":{"confidence_level":0.95,"lower_bound":5176190.0,"upper_bound":5185199.05},"point_estimate":5181233.6,"standard_error":2439.237526035441},"median_abs_dev":{"confidence_interval":{"confidence_level":0.95,"lower_bound":14886.638075709205,"upper_bound":24211.598870158195},"point_estimate":19750.677939355235,"standard_error":2451.9754800354353},"slope":null,"std_dev":{"confidence_interval":{"confidence_level":0.95,"lower_bound":18856.560364646248,"upper_bound":36841.90754756791},"point_estimate":27678.428701797297,"standard_error":4749.146324069344}}