{"mean":{"confidence_interval":{"confidence_level":0.95,"lower_bound":5216256.237199999,"upper_bound":5245625.244074999},"point_estimate":5230138.324,"standard_error":7485.2532147369475},"median":{"confidence_interval":{"confidence_level":0.95,"lower_bound":5197658.9,"upper_bound":5222729.699999999},"point_estimate":5206436.9,"standard_error":6283.350312370504},"median_abs_dev":{"confidence_interval":{"confidence_level":0.95,"lower_bound":38818.69272083058,"upper_bound":70076.8668758872},"point_estimate":53943.88113230453,"standard_error":8547.192955101656},"slope":null,"std_dev":{"confidence_interval":{"confidence_level":0.95,"lower_bound":53610.9107072026,"upper_bound":96054.37539253819},"point_estimate":75379.1455561026,"standard_error":11012.005115409123}}