{"mean":{"confidence_interval":{"confidence_level":0.95,"lower_bound":5298323.797450001,"upper_bound":5344349.767600001},"point_estimate":5319752.546000001,"standard_error":11781.420370305215},"median":{"confidence_interval":{"confidence_level":0.95,"lower_bound":5271028.2,"upper_bound":5297818.5},"point_estimate":5282999.75,"standard_error":7836.268081655741},"median_abs_dev":{"confidence_interval":{"confidence_level":0.95,"lower_bound":35043.69666784988,"upper_bound":73248.0740895866},"point_estimate":51015.153144299984,"standard_error":10112.594233524127},"slope":null,"std_dev":{"confidence_interval":{"confidence_level":0.95,"lower_bound":75588.61846513164,"upper_bound":160427.03882164793},"point_estimate":118683.51057800865,"standard_error":22226.038695251267}}