{"mean":{"confidence_interval":{"confidence_level":0.95,"lower_bound":5122008.153725,"upper_bound":5139079.070949999},"point_estimate":5129484.032000001,"standard_error":4387.935863647663},"median":{"confidence_interval":{"confidence_level":0.95,"lower_bound":5118211.8,"upper_bound":5125401.050000001},"point_estimate":5121466.25,"standard_error":1709.6870133676885},"median_abs_dev":{"confidence_interval":{"confidence_level":0.95,"lower_bound":12638.42347562313,"upper_bound":23931.46160513066},"point_estimate":17731.30264520659,"standard_error":2839.086375054816},"slope":null,"std_dev":{"confidence_interval":{"confidence_level":0.95,"lower_bound":18691.98137605747,"upper_bound":66176.33708386103},"point_estimate":44241.7675366325,"standard_error":12861.31062901285}}