{"mean":{"confidence_interval":{"confidence_level":0.95,"lower_bound":5306439.609649999,"upper_bound":5316154.6642499985},"point_estimate":5311036.052999999,"standard_error":2472.2395925094866},"median":{"confidence_interval":{"confidence_level":0.95,"lower_bound":5303601.9,"upper_bound":5312231.4},"point_estimate":5307830.65,"standard_error":2025.7534722650078},"median_abs_dev":{"confidence_interval":{"confidence_level":0.95,"lower_bound":12465.329928696156,"upper_bound":24500.483475029607},"point_estimate":18161.33076757248,"standard_error":3205.353386396246},"slope":null,"std_dev":{"confidence_interval":{"confidence_level":0.95,"lower_bound":17507.27985533622,"upper_bound":32993.86819142151},"point_estimate":24917.0093005953,"standard_error":4145.382507318784}}