{"mean":{"confidence_interval":{"confidence_level":0.95,"lower_bound":5194690.3967499975,"upper_bound":5220878.3451999985},"point_estimate":5205122.5649999995,"standard_error":6890.260985293192},"median":{"confidence_interval":{"confidence_level":0.95,"lower_bound":5192080.25,"upper_bound":5201484.4},"point_estimate":5196660.85,"standard_error":2261.6034270397513},"median_abs_dev":{"confidence_interval":{"confidence_level":0.95,"lower_bound":16361.84914176939,"upper_bound":28512.9920437932},"point_estimate":22138.405196965294,"standard_error":2891.06427358894},"slope":null,"std_dev":{"confidence_interval":{"confidence_level":0.95,"lower_bound":20959.82517918616,"upper_bound":113317.82531766716},"point_estimate":69352.846892601,"standard_error":29429.55844573737}}