{"mean":{"confidence_interval":{"confidence_level":0.95,"lower_bound":5162093.7578,"upper_bound":5179939.363174999},"point_estimate":5170872.799000001,"standard_error":4536.854926062115},"median":{"confidence_interval":{"confidence_level":0.95,"lower_bound":5158051.1,"upper_bound":5176359.4},"point_estimate":5167241.25,"standard_error":4493.601288116605},"median_abs_dev":{"confidence_interval":{"confidence_level":0.95,"lower_bound":30965.87957024602,"upper_bound":57784.63049411732},"point_estimate":43624.39227551222,"standard_error":6747.737372832197},"slope":null,"std_dev":{"confidence_interval":{"confidence_level":0.95,"lower_bound":36768.23203209181,"upper_bound":55620.31482234963},"point_estimate":45567.44312175131,"standard_error":4953.642424747747}}