{"mean":{"confidence_interval":{"confidence_level":0.95,"lower_bound":5213097.203900001,"upper_bound":5229604.971124999},"point_estimate":5220557.290999997,"standard_error":4231.479689786164},"median":{"confidence_interval":{"confidence_level":0.95,"lower_bound":5205415.4,"upper_bound":5218027.6},"point_estimate":5211684.5,"standard_error":3193.7278382100008},"median_abs_dev":{"confidence_interval":{"confidence_level":0.95,"lower_bound":14620.066600442071,"upper_bound":22544.785849750042},"point_estimate":18381.719253658972,"standard_error":2028.2050002466106},"slope":null,"std_dev":{"confidence_interval":{"confidence_level":0.95,"lower_bound":24656.759732194776,"upper_bound":61453.27676239646},"point_estimate":42760.68677325969,"standard_error":10338.805841908308}}