{"mean":{"confidence_interval":{"confidence_level":0.95,"lower_bound":5239009.10375,"upper_bound":5253782.3741000015},"point_estimate":5245729.680999998,"standard_error":3775.062167210051},"median":{"confidence_interval":{"confidence_level":0.95,"lower_bound":5234399.0,"upper_bound":5242826.95},"point_estimate":5237768.9,"standard_error":2029.33341474462},"median_abs_dev":{"confidence_interval":{"confidence_level":0.95,"lower_bound":13044.891231157118,"upper_bound":23693.80082935095},"point_estimate":19803.384368419924,"standard_error":2701.496471007747},"slope":null,"std_dev":{"confidence_interval":{"confidence_level":0.95,"lower_bound":21261.563986419224,"upper_bound":51498.24140228107},"point_estimate":37905.43004624331,"standard_error":7702.880508812675}}