{"mean":{"confidence_interval":{"confidence_level":0.95,"lower_bound":5314653.7047500005,"upper_bound":5324979.128975001},"point_estimate":5319639.472999999,"standard_error":2640.4756170584756},"median":{"confidence_interval":{"confidence_level":0.95,"lower_bound":5311960.8,"upper_bound":5322239.0},"point_estimate":5315090.5,"standard_error":2573.9845722404725},"median_abs_dev":{"confidence_interval":{"confidence_level":0.95,"lower_bound":15190.867590308328,"upper_bound":27615.944929719248},"point_estimate":20054.09202396842,"standard_error":3219.239753983046},"slope":null,"std_dev":{"confidence_interval":{"confidence_level":0.95,"lower_bound":20119.724217894614,"upper_bound":32596.02934118804},"point_estimate":26536.61395007517,"standard_error":3199.6915617130503}}