{"mean":{"confidence_interval":{"confidence_level":0.95,"lower_bound":5509756.664055557,"upper_bound":5519992.834444446},"point_estimate":5514761.14,"standard_error":2614.8576592495665},"median":{"confidence_interval":{"confidence_level":0.95,"lower_bound":5507390.333333333,"upper_bound":5517368.5},"point_estimate":5512305.166666667,"standard_error":2923.7639182057464},"median_abs_dev":{"confidence_interval":{"confidence_level":0.95,"lower_bound":14893.787502248775,"upper_bound":29820.027470588222},"point_estimate":22231.916071971642,"standard_error":3630.9801518911217},"slope":null,"std_dev":{"confidence_interval":{"confidence_level":0.95,"lower_bound":21583.91628883563,"upper_bound":30494.6427647614},"point_estimate":26312.80989078939,"standard_error":2292.184927111994}}