{"mean":{"confidence_interval":{"confidence_level":0.95,"lower_bound":5159203.243399999,"upper_bound":5169665.007774999},"point_estimate":5163992.705999999,"standard_error":2676.9250090687988},"median":{"confidence_interval":{"confidence_level":0.95,"lower_bound":5154973.8,"upper_bound":5165207.8},"point_estimate":5161410.25,"standard_error":2711.3836675321445},"median_abs_dev":{"confidence_interval":{"confidence_level":0.95,"lower_bound":13505.373810231686,"upper_bound":21023.72352625539},"point_estimate":18197.654466926913,"standard_error":1928.1221537801405},"slope":null,"std_dev":{"confidence_interval":{"confidence_level":0.95,"lower_bound":16732.076600338158,"upper_bound":38472.422011899864},"point_estimate":26909.388554129848,"standard_error":6462.518785999008}}