{"mean":{"confidence_interval":{"confidence_level":0.95,"lower_bound":5175198.777824998,"upper_bound":5191856.231449998},"point_estimate":5182902.679,"standard_error":4246.420319881316},"median":{"confidence_interval":{"confidence_level":0.95,"lower_bound":5169334.15,"upper_bound":5176087.1},"point_estimate":5172846.6,"standard_error":1616.8736310051283},"median_abs_dev":{"confidence_interval":{"confidence_level":0.95,"lower_bound":16402.463114798615,"upper_bound":27387.307628029004},"point_estimate":21306.295961736803,"standard_error":2901.0415648293583},"slope":null,"std_dev":{"confidence_interval":{"confidence_level":0.95,"lower_bound":28473.24378025357,"upper_bound":55140.61458285739},"point_estimate":42409.87544055149,"standard_error":6827.007234266422}}