{"mean":{"confidence_interval":{"confidence_level":0.95,"lower_bound":5216250.676099998,"upper_bound":5228610.024800001},"point_estimate":5222133.34,"standard_error":3163.285014190019},"median":{"confidence_interval":{"confidence_level":0.95,"lower_bound":5210228.8,"upper_bound":5218452.449999999},"point_estimate":5214992.75,"standard_error":2156.853319598593},"median_abs_dev":{"confidence_interval":{"confidence_level":0.95,"lower_bound":15519.04109448153,"upper_bound":27146.77616804838},"point_estimate":22147.15253680986,"standard_error":2908.9621073554745},"slope":null,"std_dev":{"confidence_interval":{"confidence_level":0.95,"lower_bound":23068.746879744765,"upper_bound":40076.340647133846},"point_estimate":31879.199523124036,"standard_error":4364.935372001548}}