{"mean":{"confidence_interval":{"confidence_level":0.95,"lower_bound":5213116.52575,"upper_bound":5231925.280399999},"point_estimate":5221633.670999998,"standard_error":4832.988522786917},"median":{"confidence_interval":{"confidence_level":0.95,"lower_bound":5207357.6,"upper_bound":5217030.2},"point_estimate":5210745.45,"standard_error":2344.0567994040366},"median_abs_dev":{"confidence_interval":{"confidence_level":0.95,"lower_bound":15024.742263257227,"upper_bound":24321.73380920317},"point_estimate":20111.09799295733,"standard_error":2442.645203764908},"slope":null,"std_dev":{"confidence_interval":{"confidence_level":0.95,"lower_bound":28140.967892262397,"upper_bound":65094.81663871291},"point_estimate":48362.9403265408,"standard_error":10024.225876046195}}