{"mean":{"confidence_interval":{"confidence_level":0.95,"lower_bound":5303388.349975,"upper_bound":5314458.354375001},"point_estimate":5308688.842,"standard_error":2827.3687116742094},"median":{"confidence_interval":{"confidence_level":0.95,"lower_bound":5298786.1,"upper_bound":5307636.0},"point_estimate":5301646.1,"standard_error":2433.006109991945},"median_abs_dev":{"confidence_interval":{"confidence_level":0.95,"lower_bound":13005.218709111075,"upper_bound":22028.17388892146},"point_estimate":18238.944876194,"standard_error":2334.8476557655376},"slope":null,"std_dev":{"confidence_interval":{"confidence_level":0.95,"lower_bound":21589.076246264685,"upper_bound":34295.03415325698},"point_estimate":28360.30711511197,"standard_error":3252.8844370124916}}