{"mean":{"confidence_interval":{"confidence_level":0.95,"lower_bound":5257214.2365500005,"upper_bound":5266350.993475001},"point_estimate":5261659.824000001,"standard_error":2334.6382358514797},"median":{"confidence_interval":{"confidence_level":0.95,"lower_bound":5253123.8,"upper_bound":5261111.6},"point_estimate":5258274.95,"standard_error":2167.1089329370016},"median_abs_dev":{"confidence_interval":{"confidence_level":0.95,"lower_bound":14252.270611972453,"upper_bound":23571.412201524057},"point_estimate":19471.504364311833,"standard_error":2297.030841132966},"slope":null,"std_dev":{"confidence_interval":{"confidence_level":0.95,"lower_bound":18647.728169387006,"upper_bound":28296.9830868219},"point_estimate":23497.377382946142,"standard_error":2490.8457238706924}}