{"mean":{"confidence_interval":{"confidence_level":0.95,"lower_bound":5225173.296625,"upper_bound":5339728.692500003},"point_estimate":5270478.165,"standard_error":30186.17582577137},"median":{"confidence_interval":{"confidence_level":0.95,"lower_bound":5209937.9,"upper_bound":5218335.95},"point_estimate":5213768.6,"standard_error":2132.6715501523536},"median_abs_dev":{"confidence_interval":{"confidence_level":0.95,"lower_bound":14283.961186408169,"upper_bound":26667.599856555877},"point_estimate":21199.697023630142,"standard_error":3213.1391151277867},"slope":null,"std_dev":{"confidence_interval":{"confidence_level":0.95,"lower_bound":72977.66645585057,"upper_bound":493179.64419575816},"point_estimate":301901.7288657733,"standard_error":127453.12018899241}}