{"mean":{"confidence_interval":{"confidence_level":0.95,"lower_bound":0.052475708606210904,"upper_bound":0.05541883020137608},"point_estimate":0.05395026574225659,"standard_error":0.0007527761278477024},"median":{"confidence_interval":{"confidence_level":0.95,"lower_bound":0.05087244652838442,"upper_bound":0.05339647133433245},"point_estimate":0.0521870221544789,"standard_error":0.0006356093562922923}}