{"mean":{"confidence_interval":{"confidence_level":0.95,"lower_bound":-0.048545106824669906,"upper_bound":-0.044696279995157635},"point_estimate":-0.04658395277856364,"standard_error":0.0009975104789626346},"median":{"confidence_interval":{"confidence_level":0.95,"lower_bound":-0.04874724020112019,"upper_bound":-0.04539590355654288},"point_estimate":-0.04768344321370832,"standard_error":0.0008850202630683523}}