{"mean":{"confidence_interval":{"confidence_level":0.95,"lower_bound":-0.007369188608433863,"upper_bound":-0.004421527664260409},"point_estimate":-0.00584731841752395,"standard_error":0.0007515488857836054},"median":{"confidence_interval":{"confidence_level":0.95,"lower_bound":-0.007104933039914552,"upper_bound":-0.004157067112185886},"point_estimate":-0.005472621970033065,"standard_error":0.0007714860547405242}}