{"mean":{"confidence_interval":{"confidence_level":0.95,"lower_bound":-0.015285770290615754,"upper_bound":-0.010282746944604848},"point_estimate":-0.012746468288085344,"standard_error":0.0012769948868676564},"median":{"confidence_interval":{"confidence_level":0.95,"lower_bound":-0.016381666406945827,"upper_bound":-0.012822026685095689},"point_estimate":-0.015125852500193271,"standard_error":0.0010035242159265377}}