{"mean":{"confidence_interval":{"confidence_level":0.95,"lower_bound":0.02738876299841475,"upper_bound":0.033195170788937974},"point_estimate":0.030507018094250826,"standard_error":0.0014825057213092476},"median":{"confidence_interval":{"confidence_level":0.95,"lower_bound":0.030606085053419774,"upper_bound":0.034793102525451314},"point_estimate":0.03285183708732964,"standard_error":0.0010215457122814118}}