{"mean":{"confidence_interval":{"confidence_level":0.95,"lower_bound":0.006110025411726394,"upper_bound":0.009946453285112804},"point_estimate":0.0079232529595894,"standard_error":0.0010056311735915134},"median":{"confidence_interval":{"confidence_level":0.95,"lower_bound":0.0047697724567667965,"upper_bound":0.006920902846673016},"point_estimate":0.005767793431878054,"standard_error":0.0005536855589474946}}