{"mean":{"confidence_interval":{"confidence_level":0.95,"lower_bound":-0.0042234865387448806,"upper_bound":-0.0011020560307836217},"point_estimate":-0.002541584882111536,"standard_error":0.0007962144529703829},"median":{"confidence_interval":{"confidence_level":0.95,"lower_bound":-0.003180501754937781,"upper_bound":-0.000947473097327789},"point_estimate":-0.001839925872336834,"standard_error":0.0005864638634990834}}