{"mean":{"confidence_interval":{"confidence_level":0.95,"lower_bound":-0.045822065755881415,"upper_bound":-0.031653457696518894},"point_estimate":-0.038213216213393686,"standard_error":0.0036212550656693895},"median":{"confidence_interval":{"confidence_level":0.95,"lower_bound":-0.04365640424540873,"upper_bound":-0.023537147213469556},"point_estimate":-0.03444570710967998,"standard_error":0.005315263445327895}}