{"mean":{"confidence_interval":{"confidence_level":0.95,"lower_bound":0.009915802453004337,"upper_bound":0.02419380315976402},"point_estimate":0.015237920379348902,"standard_error":0.003657119311741113},"median":{"confidence_interval":{"confidence_level":0.95,"lower_bound":0.005352986617239997,"upper_bound":0.013518694986731417},"point_estimate":0.010300187921240767,"standard_error":0.0020654510688456994}}