{"mean":{"confidence_interval":{"confidence_level":0.95,"lower_bound":-0.010496016964652856,"upper_bound":-0.007301736040681734},"point_estimate":-0.008895177209559346,"standard_error":0.000812185283895162},"median":{"confidence_interval":{"confidence_level":0.95,"lower_bound":-0.010277329365116732,"upper_bound":-0.008218428633516073},"point_estimate":-0.008875488690201161,"standard_error":0.0005477508736095475}}