{"mean":{"confidence_interval":{"confidence_level":0.95,"lower_bound":-0.010653555087381278,"upper_bound":-0.005402084987140218},"point_estimate":-0.007992615738019349,"standard_error":0.0013358398241971967},"median":{"confidence_interval":{"confidence_level":0.95,"lower_bound":-0.006158743425938578,"upper_bound":-0.003915832144541609},"point_estimate":-0.005158275994549655,"standard_error":0.0005556722156456153}}