{"mean":{"confidence_interval":{"confidence_level":0.95,"lower_bound":-0.00395160187817106,"upper_bound":-0.0007996474949723615},"point_estimate":-0.002402890033261995,"standard_error":0.0007974952332375131},"median":{"confidence_interval":{"confidence_level":0.95,"lower_bound":-0.0032892198594703936,"upper_bound":-0.0002358507243050978},"point_estimate":-0.0018875264224957888,"standard_error":0.000777550162485412}}