{"mean":{"confidence_interval":{"confidence_level":0.95,"lower_bound":-0.019535216551688717,"upper_bound":-0.0037302028893962647},"point_estimate":-0.01138932039597973,"standard_error":0.004019338293906599},"median":{"confidence_interval":{"confidence_level":0.95,"lower_bound":-0.012824408087938055,"upper_bound":-0.00857560346596542},"point_estimate":-0.010502333002669895,"standard_error":0.0011086414332496905}}