{"mean":{"confidence_interval":{"confidence_level":0.95,"lower_bound":-0.007024059858635426,"upper_bound":-0.00474688816740978},"point_estimate":-0.005943587623554625,"standard_error":0.0005755167097295174},"median":{"confidence_interval":{"confidence_level":0.95,"lower_bound":-0.006456838975244628,"upper_bound":-0.005134483308032567},"point_estimate":-0.0058465011125979904,"standard_error":0.0003225673535258267}}