{"mean":{"confidence_interval":{"confidence_level":0.95,"lower_bound":0.0080281356424944,"upper_bound":0.012903429149427654},"point_estimate":0.010605793684710818,"standard_error":0.0012412500212026938},"median":{"confidence_interval":{"confidence_level":0.95,"lower_bound":0.011468017942118047,"upper_bound":0.015650285366412886},"point_estimate":0.013933808837876205,"standard_error":0.0010928431338649955}}