{"mean":{"confidence_interval":{"confidence_level":0.95,"lower_bound":0.0059110043666952775,"upper_bound":0.009666259935849646},"point_estimate":0.00779045065777173,"standard_error":0.0009563581369817624},"median":{"confidence_interval":{"confidence_level":0.95,"lower_bound":0.00498553900398413,"upper_bound":0.0077691093274432355},"point_estimate":0.006471464885220879,"standard_error":0.0007199713550826908}}