{"mean":{"confidence_interval":{"confidence_level":0.95,"lower_bound":-0.01355350819268572,"upper_bound":-0.009568053060487278},"point_estimate":-0.011583850456577616,"standard_error":0.001021023537439892},"median":{"confidence_interval":{"confidence_level":0.95,"lower_bound":-0.014634089364638392,"upper_bound":-0.006040844498614639},"point_estimate":-0.00843795732273711,"standard_error":0.0020393352739685308}}