{"mean":{"confidence_interval":{"confidence_level":0.95,"lower_bound":0.0003536754095825157,"upper_bound":0.0033608155601692097},"point_estimate":0.0018537958220634643,"standard_error":0.0007565725652741101},"median":{"confidence_interval":{"confidence_level":0.95,"lower_bound":-0.0005780899349071555,"upper_bound":0.0025479319220886865},"point_estimate":0.0012355045494694128,"standard_error":0.0008087000613249933}}