{"mean":{"confidence_interval":{"confidence_level":0.95,"lower_bound":-0.0017737010090467839,"upper_bound":0.005416774856862337},"point_estimate":0.0018922868809811977,"standard_error":0.00182545156273632},"median":{"confidence_interval":{"confidence_level":0.95,"lower_bound":-0.003158119160594164,"upper_bound":0.00003453758724914883},"point_estimate":-0.001900063320150469,"standard_error":0.0007758905998455442}}