{"mean":{"confidence_interval":{"confidence_level":0.95,"lower_bound":0.008259954424893646,"upper_bound":0.012728132501629677},"point_estimate":0.010460870555585533,"standard_error":0.0011594186239995549},"median":{"confidence_interval":{"confidence_level":0.95,"lower_bound":0.005582318953516241,"upper_bound":0.008428800199830621},"point_estimate":0.006880264390454416,"standard_error":0.00069021148446538}}