{"mean":{"confidence_interval":{"confidence_level":0.95,"lower_bound":-0.00278258858946439,"upper_bound":0.0039044567219862743},"point_estimate":0.0005010498098920735,"standard_error":0.001703084302652145},"median":{"confidence_interval":{"confidence_level":0.95,"lower_bound":-0.0014134302211491478,"upper_bound":0.0013132719734351244},"point_estimate":-0.0002596516121458059,"standard_error":0.0007087952522755277}}