{"mean":{"confidence_interval":{"confidence_level":0.95,"lower_bound":0.005622210069090234,"upper_bound":0.009349734066424236},"point_estimate":0.007486067312814981,"standard_error":0.000953073222051764},"median":{"confidence_interval":{"confidence_level":0.95,"lower_bound":0.004161983621993048,"upper_bound":0.007298882280122765},"point_estimate":0.005681916100352513,"standard_error":0.0008033334660241259}}