{"mean":{"confidence_interval":{"confidence_level":0.95,"lower_bound":-0.006385263869330815,"upper_bound":0.007636961057964555},"point_estimate":-0.0012102259281638883,"standard_error":0.003897360245075091},"median":{"confidence_interval":{"confidence_level":0.95,"lower_bound":-0.005280136382531664,"upper_bound":-0.0025427187433784137},"point_estimate":-0.0038580399205087046,"standard_error":0.0006894555417873264}}