{"mean":{"confidence_interval":{"confidence_level":0.95,"lower_bound":-0.009673921181556328,"upper_bound":-0.005661556719232129},"point_estimate":-0.007507611010695969,"standard_error":0.0010263428901269227},"median":{"confidence_interval":{"confidence_level":0.95,"lower_bound":-0.006582324759197733,"upper_bound":-0.004337810540489257},"point_estimate":-0.005520324819039635,"standard_error":0.0005582730449045547}}