{"mean":{"confidence_interval":{"confidence_level":0.95,"lower_bound":0.08338544185091079,"upper_bound":0.09262156500372803},"point_estimate":0.08810523104531054,"standard_error":0.002355934408321058},"median":{"confidence_interval":{"confidence_level":0.95,"lower_bound":0.0845639072245072,"upper_bound":0.09442710757848771},"point_estimate":0.09007874008992389,"standard_error":0.0025383744797235416}}