{"mean":{"confidence_interval":{"confidence_level":0.95,"lower_bound":-0.00825638111157054,"upper_bound":-0.004998325714371002},"point_estimate":-0.00654555845203264,"standard_error":0.0008282299239076198},"median":{"confidence_interval":{"confidence_level":0.95,"lower_bound":-0.006670427523651878,"upper_bound":-0.004261511763483328},"point_estimate":-0.005584094163824993,"standard_error":0.000632128417598883}}