{"mean":{"confidence_interval":{"confidence_level":0.95,"lower_bound":0.0015434133185576971,"upper_bound":0.005242438694812712},"point_estimate":0.0034437966845077828,"standard_error":0.0009394925053649345},"median":{"confidence_interval":{"confidence_level":0.95,"lower_bound":0.0035673119027934685,"upper_bound":0.005611249678665775},"point_estimate":0.004317111429967824,"standard_error":0.0005747684486140954}}