{"mean":{"confidence_interval":{"confidence_level":0.95,"lower_bound":-0.009388829602198105,"upper_bound":-0.003544586823994476},"point_estimate":-0.006954486766149071,"standard_error":0.0014730502180219968},"median":{"confidence_interval":{"confidence_level":0.95,"lower_bound":-0.010074799210922247,"upper_bound":-0.008001113471667654},"point_estimate":-0.008850729514491729,"standard_error":0.0005370488366446863}}