{"mean":{"confidence_interval":{"confidence_level":0.95,"lower_bound":-0.006098135723878998,"upper_bound":-0.0031955007744250002},"point_estimate":-0.004549052306972001,"standard_error":0.0007421256340126985},"median":{"confidence_interval":{"confidence_level":0.95,"lower_bound":-0.005582150995535939,"upper_bound":-0.0029136602413616375},"point_estimate":-0.003965663321906621,"standard_error":0.0007072041339537024}}