{"mean":{"confidence_interval":{"confidence_level":0.95,"lower_bound":-0.014486286067172715,"upper_bound":0.0030892511412735405},"point_estimate":-0.006919906846147961,"standard_error":0.004537614013496092},"median":{"confidence_interval":{"confidence_level":0.95,"lower_bound":-0.010932234438891908,"upper_bound":-0.007910047883045723},"point_estimate":-0.009663103828529862,"standard_error":0.0007545430263165398}}