{"mean":{"confidence_interval":{"confidence_level":0.95,"lower_bound":0.004876234704329786,"upper_bound":0.009479951263485196},"point_estimate":0.007309208475709816,"standard_error":0.0011697474198956225},"median":{"confidence_interval":{"confidence_level":0.95,"lower_bound":0.006376833103214071,"upper_bound":0.009138491778296398},"point_estimate":0.00841477995986284,"standard_error":0.0007398407414603111}}