{"mean":{"confidence_interval":{"confidence_level":0.95,"lower_bound":43929.09589027072,"upper_bound":44763.69700982972},"point_estimate":44260.58630609616,"standard_error":219.8652081933514},"median":{"confidence_interval":{"confidence_level":0.95,"lower_bound":43874.574618096354,"upper_bound":43933.6344605475},"point_estimate":43900.30258429459,"standard_error":16.973310002722368},"median_abs_dev":{"confidence_interval":{"confidence_level":0.95,"lower_bound":144.46068347650242,"upper_bound":239.79209969666508},"point_estimate":186.3760801030905,"standard_error":23.688066672939964},"slope":{"confidence_interval":{"confidence_level":0.95,"lower_bound":43848.93541312504,"upper_bound":44590.40087280343},"point_estimate":44146.82050796384,"standard_error":196.55381224548526},"std_dev":{"confidence_interval":{"confidence_level":0.95,"lower_bound":209.22527631993188,"upper_bound":3610.468365426768},"point_estimate":2194.9340730032623,"standard_error":945.195313726153}}