{"mean":{"confidence_interval":{"confidence_level":0.95,"lower_bound":48718.45327270307,"upper_bound":49232.34747163399},"point_estimate":48922.20143457335,"standard_error":134.80912409950864},"median":{"confidence_interval":{"confidence_level":0.95,"lower_bound":48628.20082815735,"upper_bound":48742.79975254147},"point_estimate":48683.641723356006,"standard_error":30.487482251716326},"median_abs_dev":{"confidence_interval":{"confidence_level":0.95,"lower_bound":171.98546031199024,"upper_bound":324.2623177280348},"point_estimate":244.15591939000487,"standard_error":38.08221664172284},"slope":{"confidence_interval":{"confidence_level":0.95,"lower_bound":48618.06009020194,"upper_bound":49114.13560666901},"point_estimate":48797.989977552126,"standard_error":136.37938021375172},"std_dev":{"confidence_interval":{"confidence_level":0.95,"lower_bound":308.6692815390318,"upper_bound":2225.4416021621396},"point_estimate":1361.1972151032162,"standard_error":571.2646573860579}}