{"mean":{"confidence_interval":{"confidence_level":0.95,"lower_bound":45223.262977613595,"upper_bound":45891.045191561425},"point_estimate":45463.07058280476,"standard_error":196.82923809812712},"median":{"confidence_interval":{"confidence_level":0.95,"lower_bound":45138.440438871476,"upper_bound":45265.32467532468},"point_estimate":45198.99696969697,"standard_error":32.79630774362586},"median_abs_dev":{"confidence_interval":{"confidence_level":0.95,"lower_bound":163.9388129985992,"upper_bound":294.9225154808598},"point_estimate":223.43522625135873,"standard_error":33.56695981750167},"slope":{"confidence_interval":{"confidence_level":0.95,"lower_bound":45185.87101908432,"upper_bound":45329.9420193556},"point_estimate":45251.71993981488,"standard_error":36.805792429674284},"std_dev":{"confidence_interval":{"confidence_level":0.95,"lower_bound":246.44474441530676,"upper_bound":3365.197804597378},"point_estimate":1976.1731720332832,"standard_error":1098.8469297729164}}