{"mean":{"confidence_interval":{"confidence_level":0.95,"lower_bound":34019.009055798786,"upper_bound":34511.13174449789},"point_estimate":34192.19897568973,"standard_error":149.78442520885355},"median":{"confidence_interval":{"confidence_level":0.95,"lower_bound":33981.15459770115,"upper_bound":34038.55568117581},"point_estimate":34007.002333419754,"standard_error":14.890671531155713},"median_abs_dev":{"confidence_interval":{"confidence_level":0.95,"lower_bound":80.55177524616883,"upper_bound":126.54980701650197},"point_estimate":107.78756428569326,"standard_error":12.484940405075857},"slope":{"confidence_interval":{"confidence_level":0.95,"lower_bound":34009.32509167858,"upper_bound":34091.049895939},"point_estimate":34045.88563923299,"standard_error":21.04966526323522},"std_dev":{"confidence_interval":{"confidence_level":0.95,"lower_bound":134.72318819371142,"upper_bound":2566.019625252285},"point_estimate":1501.1495181971625,"standard_error":869.4306274633932}}