{"mean":{"confidence_interval":{"confidence_level":0.95,"lower_bound":48054.26021726652,"upper_bound":48765.18778125226},"point_estimate":48348.921131459625,"standard_error":184.6364446182096},"median":{"confidence_interval":{"confidence_level":0.95,"lower_bound":47924.56589147287,"upper_bound":48072.13529856387},"point_estimate":47971.15042875388,"standard_error":31.014486462612908},"median_abs_dev":{"confidence_interval":{"confidence_level":0.95,"lower_bound":189.46851394603272,"upper_bound":307.67865308739607},"point_estimate":233.54157281033093,"standard_error":29.346442156693634},"slope":{"confidence_interval":{"confidence_level":0.95,"lower_bound":47947.020594980815,"upper_bound":48166.29988870996},"point_estimate":48033.67240009289,"standard_error":57.408672965278306},"std_dev":{"confidence_interval":{"confidence_level":0.95,"lower_bound":385.45097338837684,"upper_bound":2903.345638330951},"point_estimate":1850.0352337317292,"standard_error":674.7921001168552}}