{"mean":{"confidence_interval":{"confidence_level":0.95,"lower_bound":43741.547605015425,"upper_bound":44409.86867985589},"point_estimate":43977.520363033196,"standard_error":198.07670066454884},"median":{"confidence_interval":{"confidence_level":0.95,"lower_bound":43691.242223048015,"upper_bound":43741.2229012222},"point_estimate":43714.479165244695,"standard_error":12.781258049233614},"median_abs_dev":{"confidence_interval":{"confidence_level":0.95,"lower_bound":88.86622807339127,"upper_bound":157.9514993441374},"point_estimate":126.97812655003729,"standard_error":18.1108103910637},"slope":{"confidence_interval":{"confidence_level":0.95,"lower_bound":43680.99237903024,"upper_bound":43759.54439935733},"point_estimate":43716.764414646525,"standard_error":20.006532672662427},"std_dev":{"confidence_interval":{"confidence_level":0.95,"lower_bound":158.66214576816574,"upper_bound":3375.0875414812995},"point_estimate":1979.3371609082421,"standard_error":1118.0104094199708}}