{"mean":{"confidence_interval":{"confidence_level":0.95,"lower_bound":44724.77751903927,"upper_bound":45211.009256710364},"point_estimate":44903.554390582256,"standard_error":139.58808976975277},"median":{"confidence_interval":{"confidence_level":0.95,"lower_bound":44658.0934293202,"upper_bound":44762.21225951123},"point_estimate":44709.63058144841,"standard_error":24.096758301948157},"median_abs_dev":{"confidence_interval":{"confidence_level":0.95,"lower_bound":151.73805081781683,"upper_bound":266.19887191434134},"point_estimate":217.64912237132387,"standard_error":29.90666375805095},"slope":{"confidence_interval":{"confidence_level":0.95,"lower_bound":44655.34691248105,"upper_bound":44753.653377776194},"point_estimate":44701.90233396085,"standard_error":25.118391429841328},"std_dev":{"confidence_interval":{"confidence_level":0.95,"lower_bound":239.83689238229977,"upper_bound":2372.3031647080693},"point_estimate":1401.1665749992526,"standard_error":746.0559200775588}}