{"mean":{"confidence_interval":{"confidence_level":0.95,"lower_bound":51250.884912948815,"upper_bound":51698.531330426886},"point_estimate":51412.52057959299,"standard_error":131.8105671001072},"median":{"confidence_interval":{"confidence_level":0.95,"lower_bound":51182.10476190476,"upper_bound":51303.38901098901},"point_estimate":51266.89703837597,"standard_error":33.19437602700692},"median_abs_dev":{"confidence_interval":{"confidence_level":0.95,"lower_bound":148.47834056497138,"upper_bound":253.90034764679316},"point_estimate":210.31294252618756,"standard_error":27.867508260818585},"slope":{"confidence_interval":{"confidence_level":0.95,"lower_bound":51218.14862033315,"upper_bound":51322.510786563034},"point_estimate":51267.354587113936,"standard_error":26.669808126853276},"std_dev":{"confidence_interval":{"confidence_level":0.95,"lower_bound":186.40281079253523,"upper_bound":2253.083235247902},"point_estimate":1323.5185863738402,"standard_error":732.9508753747293}}