{"mean":{"confidence_interval":{"confidence_level":0.95,"lower_bound":45705.649844781496,"upper_bound":46466.23198011399},"point_estimate":45982.23551091877,"standard_error":215.9228923084253},"median":{"confidence_interval":{"confidence_level":0.95,"lower_bound":45618.85844155844,"upper_bound":45742.51686217009},"point_estimate":45680.02197836488,"standard_error":25.69135505307946},"median_abs_dev":{"confidence_interval":{"confidence_level":0.95,"lower_bound":181.35745500678718,"upper_bound":298.052070473051},"point_estimate":236.85552463020244,"standard_error":30.51444566254167},"slope":{"confidence_interval":{"confidence_level":0.95,"lower_bound":45638.40389383962,"upper_bound":45798.580076124774},"point_estimate":45708.99630519768,"standard_error":41.22070395710377},"std_dev":{"confidence_interval":{"confidence_level":0.95,"lower_bound":282.7645498041229,"upper_bound":3656.4942969995086},"point_estimate":2158.7971798945955,"standard_error":1143.4013042871613}}