{"mean":{"confidence_interval":{"confidence_level":0.95,"lower_bound":37852.26150427701,"upper_bound":38449.01808195523},"point_estimate":38094.67388435684,"standard_error":155.4666919386025},"median":{"confidence_interval":{"confidence_level":0.95,"lower_bound":37730.26676676677,"upper_bound":37818.043209876545},"point_estimate":37776.69251591136,"standard_error":23.40019237890466},"median_abs_dev":{"confidence_interval":{"confidence_level":0.95,"lower_bound":106.9124365366613,"upper_bound":200.27583131029107},"point_estimate":156.03907130382507,"standard_error":24.4285994373548},"slope":{"confidence_interval":{"confidence_level":0.95,"lower_bound":37852.19881060003,"upper_bound":38606.44816726268},"point_estimate":38183.752191955515,"standard_error":194.6498886298873},"std_dev":{"confidence_interval":{"confidence_level":0.95,"lower_bound":357.5378930251839,"upper_bound":2533.8834102998494},"point_estimate":1566.9002613679904,"standard_error":617.1560994831983}}