{"mean":{"confidence_interval":{"confidence_level":0.95,"lower_bound":22585.485464285714,"upper_bound":22986.256071428565},"point_estimate":22770.427142857152,"standard_error":102.10806188241247},"median":{"confidence_interval":{"confidence_level":0.95,"lower_bound":22318.714285714286,"upper_bound":22604.85714285714},"point_estimate":22424.357142857145,"standard_error":78.02423072098534},"median_abs_dev":{"confidence_interval":{"confidence_level":0.95,"lower_bound":352.2233937467859,"upper_bound":703.5995875086114},"point_estimate":465.95999172755575,"standard_error":91.67363087904671},"slope":null,"std_dev":{"confidence_interval":{"confidence_level":0.95,"lower_bound":675.1145505364879,"upper_bound":1395.09304378173},"point_estimate":1024.3311178118863,"standard_error":193.4842947804827}}