{"mean":{"confidence_interval":{"confidence_level":0.95,"lower_bound":21961.721583333332,"upper_bound":22208.438708333342},"point_estimate":22081.008333333335,"standard_error":63.012892637067516},"median":{"confidence_interval":{"confidence_level":0.95,"lower_bound":21810.833333333332,"upper_bound":22054.5},"point_estimate":21920.833333333336,"standard_error":59.78119359079805},"median_abs_dev":{"confidence_interval":{"confidence_level":0.95,"lower_bound":319.7473943233508,"upper_bound":516.0683408379564},"point_estimate":401.166842877863,"standard_error":50.47799199232338},"slope":null,"std_dev":{"confidence_interval":{"confidence_level":0.95,"lower_bound":504.01462307940704,"upper_bound":743.9574831475256},"point_estimate":635.1851963451323,"standard_error":61.15753318170371}}