{"mean":{"confidence_interval":{"confidence_level":0.95,"lower_bound":22090.766375000003,"upper_bound":22432.956958333336},"point_estimate":22252.765,"standard_error":87.4818867682753},"median":{"confidence_interval":{"confidence_level":0.95,"lower_bound":21892.333333333336,"upper_bound":22152.833333333332},"point_estimate":21996.666666666664,"standard_error":75.18616711848783},"median_abs_dev":{"confidence_interval":{"confidence_level":0.95,"lower_bound":355.08269369602743,"upper_bound":710.4124873876535},"point_estimate":500.1303911209142,"standard_error":93.21344775329761},"slope":null,"std_dev":{"confidence_interval":{"confidence_level":0.95,"lower_bound":598.0574857269347,"upper_bound":1131.882861764444},"point_estimate":878.4155664949924,"standard_error":136.19731999892358}}