{"mean":{"confidence_interval":{"confidence_level":0.95,"lower_bound":21926.91314108903,"upper_bound":22444.11932944395},"point_estimate":22173.059697411583,"standard_error":132.94903968963644},"median":{"confidence_interval":{"confidence_level":0.95,"lower_bound":21446.87046948357,"upper_bound":21570.40510878011},"point_estimate":21471.50378617484,"standard_error":32.56513937470637},"median_abs_dev":{"confidence_interval":{"confidence_level":0.95,"lower_bound":126.67369755268149,"upper_bound":398.27873335426057},"point_estimate":203.47041465367073,"standard_error":63.888589882165945},"slope":{"confidence_interval":{"confidence_level":0.95,"lower_bound":21496.848648848892,"upper_bound":21669.017843169982},"point_estimate":21570.47242040622,"standard_error":44.32904098206091},"std_dev":{"confidence_interval":{"confidence_level":0.95,"lower_bound":1019.1437674719987,"upper_bound":1631.7334447454273},"point_estimate":1333.813261246464,"standard_error":157.4835712847354}}