{"mean":{"confidence_interval":{"confidence_level":0.95,"lower_bound":19064.241858227422,"upper_bound":19415.582306123673},"point_estimate":19234.445553014113,"standard_error":89.69964481952125},"median":{"confidence_interval":{"confidence_level":0.95,"lower_bound":18850.518460246363,"upper_bound":18942.81186868687},"point_estimate":18889.317154861943,"standard_error":22.928914273239776},"median_abs_dev":{"confidence_interval":{"confidence_level":0.95,"lower_bound":152.35477181089792,"upper_bound":326.1391498620448},"point_estimate":241.6868068967004,"standard_error":44.96313608502476},"slope":{"confidence_interval":{"confidence_level":0.95,"lower_bound":18868.911537148782,"upper_bound":18940.366572442283},"point_estimate":18903.959840697502,"standard_error":18.194200891621648},"std_dev":{"confidence_interval":{"confidence_level":0.95,"lower_bound":736.5014461265879,"upper_bound":1028.0170092171165},"point_estimate":899.7475209556196,"standard_error":74.41435209442466}}