{"mean":{"confidence_interval":{"confidence_level":0.95,"lower_bound":20543.267178942922,"upper_bound":21149.503513618314},"point_estimate":20827.84747930172,"standard_error":155.30662722796333},"median":{"confidence_interval":{"confidence_level":0.95,"lower_bound":20187.04,"upper_bound":20289.46},"point_estimate":20229.239110589464,"standard_error":28.178266409216704},"median_abs_dev":{"confidence_interval":{"confidence_level":0.95,"lower_bound":182.36091921792595,"upper_bound":384.6819134775478},"point_estimate":269.26710316984173,"standard_error":50.633723582222665},"slope":{"confidence_interval":{"confidence_level":0.95,"lower_bound":20184.07798619459,"upper_bound":20308.03860875164},"point_estimate":20237.77774658063,"standard_error":31.77455426087824},"std_dev":{"confidence_interval":{"confidence_level":0.95,"lower_bound":1064.312190521502,"upper_bound":2070.796549121805},"point_estimate":1567.7469917094306,"standard_error":263.39514966826863}}