{"mean":{"confidence_interval":{"confidence_level":0.95,"lower_bound":24771.323716273702,"upper_bound":24874.18178146663},"point_estimate":24823.079913907488,"standard_error":26.25182002002221},"median":{"confidence_interval":{"confidence_level":0.95,"lower_bound":24839.218954248365,"upper_bound":24913.599367660343},"point_estimate":24882.67798353909,"standard_error":19.846672192171386},"median_abs_dev":{"confidence_interval":{"confidence_level":0.95,"lower_bound":169.77896756997143,"upper_bound":328.21904583573036},"point_estimate":236.46702425310937,"standard_error":40.82129559022262},"slope":{"confidence_interval":{"confidence_level":0.95,"lower_bound":24875.834225066097,"upper_bound":24973.325072584357},"point_estimate":24924.45020278147,"standard_error":24.873544366111194},"std_dev":{"confidence_interval":{"confidence_level":0.95,"lower_bound":230.63184956196613,"upper_bound":293.364257883951},"point_estimate":264.364120789925,"standard_error":15.978081392850466}}