{"mean":{"confidence_interval":{"confidence_level":0.95,"lower_bound":22332.422006392568,"upper_bound":22791.127554069717},"point_estimate":22550.841678731405,"standard_error":117.32393718449917},"median":{"confidence_interval":{"confidence_level":0.95,"lower_bound":22013.468055555557,"upper_bound":22171.882716049382},"point_estimate":22107.71349926835,"standard_error":39.05180659071038},"median_abs_dev":{"confidence_interval":{"confidence_level":0.95,"lower_bound":273.23170043405094,"upper_bound":551.4850135630209},"point_estimate":429.49219619306166,"standard_error":71.88371433603112},"slope":{"confidence_interval":{"confidence_level":0.95,"lower_bound":22063.55185227965,"upper_bound":22206.243107438506},"point_estimate":22128.348150665814,"standard_error":36.38829841209092},"std_dev":{"confidence_interval":{"confidence_level":0.95,"lower_bound":866.7423910733476,"upper_bound":1472.3439688908556},"point_estimate":1181.06698420126,"standard_error":155.61538621993083}}