{"mean":{"confidence_interval":{"confidence_level":0.95,"lower_bound":23587.809678571437,"upper_bound":23920.02714285715},"point_estimate":23746.002857142856,"standard_error":85.06753955527059},"median":{"confidence_interval":{"confidence_level":0.95,"lower_bound":23351.0,"upper_bound":23518.428571428572},"point_estimate":23440.714285714286,"standard_error":42.39729369234823},"median_abs_dev":{"confidence_interval":{"confidence_level":0.95,"lower_bound":292.9193947996423,"upper_bound":580.3346371969989},"point_estimate":421.05839252471924,"standard_error":72.64369200179728},"slope":null,"std_dev":{"confidence_interval":{"confidence_level":0.95,"lower_bound":637.3488452933576,"upper_bound":1057.5079467439195},"point_estimate":857.8315544866695,"standard_error":107.40133263956527}}