{"mean":{"confidence_interval":{"confidence_level":0.95,"lower_bound":22388.568031636885,"upper_bound":22814.279401985095},"point_estimate":22592.840878544914,"standard_error":108.82729865135171},"median":{"confidence_interval":{"confidence_level":0.95,"lower_bound":22110.990543735224,"upper_bound":22213.317294973545},"point_estimate":22148.545464852607,"standard_error":25.356802304200272},"median_abs_dev":{"confidence_interval":{"confidence_level":0.95,"lower_bound":244.70516621205545,"upper_bound":555.334414659858},"point_estimate":359.73461970038994,"standard_error":83.05565108541774},"slope":{"confidence_interval":{"confidence_level":0.95,"lower_bound":22080.967600983782,"upper_bound":22176.05410859061},"point_estimate":22127.203273073577,"standard_error":24.187999912098185},"std_dev":{"confidence_interval":{"confidence_level":0.95,"lower_bound":887.7846348954146,"upper_bound":1264.5652815452306},"point_estimate":1094.7019775561764,"standard_error":96.09972319493278}}