{"mean":{"confidence_interval":{"confidence_level":0.95,"lower_bound":7398.487277781857,"upper_bound":7431.323725419748},"point_estimate":7414.51960858049,"standard_error":8.371432868143614},"median":{"confidence_interval":{"confidence_level":0.95,"lower_bound":7392.75154677446,"upper_bound":7422.027272727273},"point_estimate":7411.875151154187,"standard_error":7.261183937777103},"median_abs_dev":{"confidence_interval":{"confidence_level":0.95,"lower_bound":58.32688289441784,"upper_bound":92.00190304726728},"point_estimate":77.99827189167864,"standard_error":8.3743825111815},"slope":{"confidence_interval":{"confidence_level":0.95,"lower_bound":7379.109499599065,"upper_bound":7413.497269566139},"point_estimate":7395.426947082768,"standard_error":8.769617819973563},"std_dev":{"confidence_interval":{"confidence_level":0.95,"lower_bound":67.2534084499509,"upper_bound":102.08933624872107},"point_estimate":84.29637099923542,"standard_error":9.024769145497084}}