{"mean":{"confidence_interval":{"confidence_level":0.95,"lower_bound":26371.957496646235,"upper_bound":26725.574863607122},"point_estimate":26543.669189663342,"standard_error":90.44968111382632},"median":{"confidence_interval":{"confidence_level":0.95,"lower_bound":26149.168251964085,"upper_bound":26264.076416303942},"point_estimate":26191.249638044326,"standard_error":28.429500234903774},"median_abs_dev":{"confidence_interval":{"confidence_level":0.95,"lower_bound":161.25652385342508,"upper_bound":326.8145755271954},"point_estimate":223.4433447226831,"standard_error":41.66941012159309},"slope":{"confidence_interval":{"confidence_level":0.95,"lower_bound":26151.80268961959,"upper_bound":26229.975375389855},"point_estimate":26188.509997865458,"standard_error":19.928168374157146},"std_dev":{"confidence_interval":{"confidence_level":0.95,"lower_bound":741.6130217725888,"upper_bound":1049.0388233071155},"point_estimate":910.661024107416,"standard_error":78.29569287655407}}