{"mean":{"confidence_interval":{"confidence_level":0.95,"lower_bound":22315.394872524706,"upper_bound":22697.65699428318},"point_estimate":22498.460626559776,"standard_error":97.6770653079464},"median":{"confidence_interval":{"confidence_level":0.95,"lower_bound":22080.242456140353,"upper_bound":22197.54111111111},"point_estimate":22127.992695791767,"standard_error":30.4183515882431},"median_abs_dev":{"confidence_interval":{"confidence_level":0.95,"lower_bound":165.546813545801,"upper_bound":434.7426585055151},"point_estimate":232.17594786523162,"standard_error":70.633815776051},"slope":{"confidence_interval":{"confidence_level":0.95,"lower_bound":22096.209087573836,"upper_bound":22200.750836897805},"point_estimate":22144.59999014827,"standard_error":26.73434889500633},"std_dev":{"confidence_interval":{"confidence_level":0.95,"lower_bound":765.7561846312586,"upper_bound":1164.7752381000792},"point_estimate":977.9759665246057,"standard_error":101.71087977793975}}