{"mean":{"confidence_interval":{"confidence_level":0.95,"lower_bound":22298.968291666664,"upper_bound":22641.768333333333},"point_estimate":22457.115,"standard_error":87.79565573741557},"median":{"confidence_interval":{"confidence_level":0.95,"lower_bound":22093.0,"upper_bound":22347.0},"point_estimate":22199.916666666668,"standard_error":69.43175606489953},"median_abs_dev":{"confidence_interval":{"confidence_level":0.95,"lower_bound":297.0141947269449,"upper_bound":536.9482904672614},"point_estimate":390.17089307308106,"standard_error":62.56896188019419},"slope":null,"std_dev":{"confidence_interval":{"confidence_level":0.95,"lower_bound":552.2621718046776,"upper_bound":1185.759712746681},"point_estimate":881.0372399820162,"standard_error":164.2358252837613}}