{"mean":{"confidence_interval":{"confidence_level":0.95,"lower_bound":44296.198068763464,"upper_bound":44680.31920562163},"point_estimate":44482.85867093277,"standard_error":97.94802285550716},"median":{"confidence_interval":{"confidence_level":0.95,"lower_bound":44010.0625,"upper_bound":44202.22227061556},"point_estimate":44105.80878946466,"standard_error":48.8925974840781},"median_abs_dev":{"confidence_interval":{"confidence_level":0.95,"lower_bound":255.346056465502,"upper_bound":573.9201276575482},"point_estimate":366.79825331039734,"standard_error":80.9084364321465},"slope":{"confidence_interval":{"confidence_level":0.95,"lower_bound":44062.793945750105,"upper_bound":44330.40717364238},"point_estimate":44174.18263336781,"standard_error":69.61954865683424},"std_dev":{"confidence_interval":{"confidence_level":0.95,"lower_bound":816.9982566364475,"upper_bound":1137.7289641887014},"point_estimate":987.4915291607499,"standard_error":81.96373472458555}}