{"mean":{"confidence_interval":{"confidence_level":0.95,"lower_bound":42609.73901323706,"upper_bound":42952.41362358504},"point_estimate":42777.50132404132,"standard_error":87.50953653437712},"median":{"confidence_interval":{"confidence_level":0.95,"lower_bound":42370.9,"upper_bound":42536.76113505747},"point_estimate":42476.46212121213,"standard_error":39.81366273598504},"median_abs_dev":{"confidence_interval":{"confidence_level":0.95,"lower_bound":263.816848487739,"upper_bound":535.6282491165823},"point_estimate":401.6033606966794,"standard_error":70.56787877900008},"slope":{"confidence_interval":{"confidence_level":0.95,"lower_bound":42380.99212169939,"upper_bound":42501.28698295648},"point_estimate":42438.20498670016,"standard_error":30.684958329796444},"std_dev":{"confidence_interval":{"confidence_level":0.95,"lower_bound":754.208322833483,"upper_bound":981.1198892787423},"point_estimate":880.9016265071128,"standard_error":57.811592540759044}}