{"mean":{"confidence_interval":{"confidence_level":0.95,"lower_bound":19150.60765827624,"upper_bound":19550.26714553473},"point_estimate":19343.307001766447,"standard_error":101.61544373020571},"median":{"confidence_interval":{"confidence_level":0.95,"lower_bound":18902.621176470588,"upper_bound":18991.774278267843},"point_estimate":18958.179603174605,"standard_error":26.068449618744236},"median_abs_dev":{"confidence_interval":{"confidence_level":0.95,"lower_bound":138.6118426418891,"upper_bound":322.3558483461901},"point_estimate":234.72916966605894,"standard_error":50.460318219539644},"slope":{"confidence_interval":{"confidence_level":0.95,"lower_bound":18921.16589456881,"upper_bound":19028.468688156256},"point_estimate":18968.94892951086,"standard_error":27.60325043563213},"std_dev":{"confidence_interval":{"confidence_level":0.95,"lower_bound":824.5805378124448,"upper_bound":1179.2548240228523},"point_estimate":1019.9721722701406,"standard_error":90.31257289113992}}