{"mean":{"confidence_interval":{"confidence_level":0.95,"lower_bound":20394.221428140234,"upper_bound":20748.866074354897},"point_estimate":20566.110083089352,"standard_error":90.56635039954958},"median":{"confidence_interval":{"confidence_level":0.95,"lower_bound":20164.01851851852,"upper_bound":20310.48148148148},"point_estimate":20244.48952020202,"standard_error":31.332879555163444},"median_abs_dev":{"confidence_interval":{"confidence_level":0.95,"lower_bound":206.81327096053067,"upper_bound":425.5236520749414},"point_estimate":274.81255152917373,"standard_error":59.17891046763676},"slope":{"confidence_interval":{"confidence_level":0.95,"lower_bound":20198.43596368784,"upper_bound":20281.98705635832},"point_estimate":20239.74062098747,"standard_error":21.35337061573806},"std_dev":{"confidence_interval":{"confidence_level":0.95,"lower_bound":747.9372355403543,"upper_bound":1033.597332810638},"point_estimate":908.6744480803296,"standard_error":72.75083872305912}}