{"mean":{"confidence_interval":{"confidence_level":0.95,"lower_bound":22119.971416666678,"upper_bound":22411.31408333333},"point_estimate":22258.09,"standard_error":74.254978784542},"median":{"confidence_interval":{"confidence_level":0.95,"lower_bound":21947.166666666668,"upper_bound":22124.333333333332},"point_estimate":22058.333333333336,"standard_error":53.0978471112011},"median_abs_dev":{"confidence_interval":{"confidence_level":0.95,"lower_bound":245.37029564380646,"upper_bound":506.554991006853},"point_estimate":388.8118430972126,"standard_error":66.58541770230393},"slope":null,"std_dev":{"confidence_interval":{"confidence_level":0.95,"lower_bound":534.959914549372,"upper_bound":975.4273319882502},"point_estimate":749.476683277509,"standard_error":116.32661120727768}}