{"mean":{"confidence_interval":{"confidence_level":0.95,"lower_bound":22624.12591666666,"upper_bound":22911.276833333333},"point_estimate":22762.805,"standard_error":73.3598923495988},"median":{"confidence_interval":{"confidence_level":0.95,"lower_bound":22460.166666666668,"upper_bound":22662.916666666664},"point_estimate":22557.833333333336,"standard_error":56.6083599929834},"median_abs_dev":{"confidence_interval":{"confidence_level":0.95,"lower_bound":372.99744337796716,"upper_bound":662.8457382321367},"point_estimate":522.8635907173202,"standard_error":70.64080164136767},"slope":null,"std_dev":{"confidence_interval":{"confidence_level":0.95,"lower_bound":581.9763846717173,"upper_bound":874.4345107438215},"point_estimate":736.6047870223963,"standard_error":74.84064810670961}}