{"mean":{"confidence_interval":{"confidence_level":0.95,"lower_bound":44507.75735119648,"upper_bound":45170.872070087804},"point_estimate":44816.97350686181,"standard_error":169.2989302535737},"median":{"confidence_interval":{"confidence_level":0.95,"lower_bound":44056.36984536082,"upper_bound":44288.19642857143},"point_estimate":44181.93926093356,"standard_error":62.65496418263363},"median_abs_dev":{"confidence_interval":{"confidence_level":0.95,"lower_bound":317.19862405609564,"upper_bound":928.3010455489351},"point_estimate":482.10276408034343,"standard_error":154.18200519293828},"slope":{"confidence_interval":{"confidence_level":0.95,"lower_bound":44235.854755992186,"upper_bound":45074.55161398444},"point_estimate":44610.86918981824,"standard_error":215.37329166386857},"std_dev":{"confidence_interval":{"confidence_level":0.95,"lower_bound":1069.4798130280562,"upper_bound":2302.461738465714},"point_estimate":1703.2412297513076,"standard_error":324.0493198742191}}