{"mean":{"confidence_interval":{"confidence_level":0.95,"lower_bound":22139.774833333333,"upper_bound":22523.20241666667},"point_estimate":22314.808333333334,"standard_error":98.1556667601997},"median":{"confidence_interval":{"confidence_level":0.95,"lower_bound":21939.25,"upper_bound":22133.752083333333},"point_estimate":22021.166666666664,"standard_error":57.714411066094776},"median_abs_dev":{"confidence_interval":{"confidence_level":0.95,"lower_bound":256.85426793992053,"upper_bound":519.8983907699603},"point_estimate":346.6812938451722,"standard_error":69.99936238701723},"slope":null,"std_dev":{"confidence_interval":{"confidence_level":0.95,"lower_bound":545.2852060987742,"upper_bound":1337.0533445171493},"point_estimate":982.5318431896211,"standard_error":197.88797311415675}}