{"mean":{"confidence_interval":{"confidence_level":0.95,"lower_bound":23617.995166666675,"upper_bound":24212.236083333348},"point_estimate":23910.073333333326,"standard_error":152.0779753982489},"median":{"confidence_interval":{"confidence_level":0.95,"lower_bound":23101.666666666668,"upper_bound":24317.0},"point_estimate":23685.25,"standard_error":314.3572467298117},"median_abs_dev":{"confidence_interval":{"confidence_level":0.95,"lower_bound":1279.977977275852,"upper_bound":2091.948562860489},"point_estimate":1656.311270594596,"standard_error":213.6534460461968},"slope":null,"std_dev":{"confidence_interval":{"confidence_level":0.95,"lower_bound":1316.4207406362693,"upper_bound":1718.0323628510675},"point_estimate":1528.6891585242074,"standard_error":102.95706466467095}}