{"mean":{"confidence_interval":{"confidence_level":0.95,"lower_bound":17487.239786509217,"upper_bound":18030.888420507275},"point_estimate":17724.952489886036,"standard_error":139.98996054186028},"median":{"confidence_interval":{"confidence_level":0.95,"lower_bound":17377.45138888889,"upper_bound":17545.823351935032},"point_estimate":17489.164311594202,"standard_error":50.923830735456},"median_abs_dev":{"confidence_interval":{"confidence_level":0.95,"lower_bound":252.65284771313077,"upper_bound":424.52494295207873},"point_estimate":344.5633145537086,"standard_error":44.11895760799347},"slope":{"confidence_interval":{"confidence_level":0.95,"lower_bound":17475.360264590963,"upper_bound":17629.97550932517},"point_estimate":17554.016963203783,"standard_error":39.46952856678464},"std_dev":{"confidence_interval":{"confidence_level":0.95,"lower_bound":345.8124595528757,"upper_bound":2085.446276702975},"point_estimate":1413.220949120137,"standard_error":419.5126761989928}}