{"mean":{"confidence_interval":{"confidence_level":0.95,"lower_bound":17482.004350237763,"upper_bound":17592.599254321605},"point_estimate":17536.99067890615,"standard_error":28.214511844682743},"median":{"confidence_interval":{"confidence_level":0.95,"lower_bound":17434.072919053076,"upper_bound":17573.591666666667},"point_estimate":17490.945144489247,"standard_error":38.899200983971085},"median_abs_dev":{"confidence_interval":{"confidence_level":0.95,"lower_bound":189.37121572765912,"upper_bound":326.39887693253445},"point_estimate":264.2302864474333,"standard_error":35.185731714030375},"slope":{"confidence_interval":{"confidence_level":0.95,"lower_bound":17546.419038778742,"upper_bound":17699.578993861058},"point_estimate":17626.30302300379,"standard_error":38.95105773659816},"std_dev":{"confidence_interval":{"confidence_level":0.95,"lower_bound":244.4126883405906,"upper_bound":319.3513417612812},"point_estimate":284.0848045504257,"standard_error":19.117310350252612}}