{"mean":{"confidence_interval":{"confidence_level":0.95,"lower_bound":19201.89097522662,"upper_bound":19617.9138718143},"point_estimate":19400.760633084992,"standard_error":106.13128409551064},"median":{"confidence_interval":{"confidence_level":0.95,"lower_bound":18979.989503745317,"upper_bound":19066.37906976744},"point_estimate":19027.364367378046,"standard_error":20.059486569056737},"median_abs_dev":{"confidence_interval":{"confidence_level":0.95,"lower_bound":133.82021707915942,"upper_bound":259.70647671637835},"point_estimate":178.70029088073264,"standard_error":34.40476198573508},"slope":{"confidence_interval":{"confidence_level":0.95,"lower_bound":18977.552436710863,"upper_bound":19031.99456621854},"point_estimate":19004.514312398405,"standard_error":13.865258819470588},"std_dev":{"confidence_interval":{"confidence_level":0.95,"lower_bound":824.8498270160956,"upper_bound":1280.4506645925574},"point_estimate":1068.2588087653667,"standard_error":116.21626289466532}}