{"mean":{"confidence_interval":{"confidence_level":0.95,"lower_bound":6106451.198250001,"upper_bound":6120268.737777775},"point_estimate":6113191.475555556,"standard_error":3509.3525335982044},"median":{"confidence_interval":{"confidence_level":0.95,"lower_bound":6103190.555555556,"upper_bound":6118167.444444444},"point_estimate":6109848.5,"standard_error":4469.478541167235},"median_abs_dev":{"confidence_interval":{"confidence_level":0.95,"lower_bound":25017.968522509094,"upper_bound":42348.32671483281},"point_estimate":36000.65729419375,"standard_error":4362.092956033066},"slope":null,"std_dev":{"confidence_interval":{"confidence_level":0.95,"lower_bound":28512.255502377007,"upper_bound":42334.00879077081},"point_estimate":35161.98498331114,"standard_error":3605.1326090840957}}