{"mean":{"confidence_interval":{"confidence_level":0.95,"lower_bound":4161898.3667115388,"upper_bound":4194724.997096154},"point_estimate":4175732.279230771,"standard_error":8579.568979596099},"median":{"confidence_interval":{"confidence_level":0.95,"lower_bound":4159595.769230769,"upper_bound":4167078.153846154},"point_estimate":4163455.5,"standard_error":1942.3822946048153},"median_abs_dev":{"confidence_interval":{"confidence_level":0.95,"lower_bound":13268.186325981093,"upper_bound":20082.38687423578},"point_estimate":16770.429602265358,"standard_error":1735.5779939084678},"slope":null,"std_dev":{"confidence_interval":{"confidence_level":0.95,"lower_bound":16645.147670046954,"upper_bound":133533.42846746248},"point_estimate":86762.4165044294,"standard_error":31043.457821048545}}