{"mean":{"confidence_interval":{"confidence_level":0.95,"lower_bound":6332713.357875,"upper_bound":6355395.615},"point_estimate":6343280.4275,"standard_error":5784.397614870879},"median":{"confidence_interval":{"confidence_level":0.95,"lower_bound":6327485.1875,"upper_bound":6352203.25},"point_estimate":6343679.875,"standard_error":7061.662090665495},"median_abs_dev":{"confidence_interval":{"confidence_level":0.95,"lower_bound":38754.32934947312,"upper_bound":59578.65059226751},"point_estimate":49038.75471688807,"standard_error":5083.60493853797},"slope":null,"std_dev":{"confidence_interval":{"confidence_level":0.95,"lower_bound":39146.40639403461,"upper_bound":81169.77293463043},"point_estimate":57998.51158141988,"standard_error":12625.957536409062}}