{"mean":{"confidence_interval":{"confidence_level":0.95,"lower_bound":6279531.549437501,"upper_bound":6309588.57025},"point_estimate":6293675.3575,"standard_error":7659.500389366731},"median":{"confidence_interval":{"confidence_level":0.95,"lower_bound":6262340.5,"upper_bound":6303285.875},"point_estimate":6287040.5625,"standard_error":9032.608278571368},"median_abs_dev":{"confidence_interval":{"confidence_level":0.95,"lower_bound":48578.66224693137,"upper_bound":71740.41817635298},"point_estimate":58567.42474772036,"standard_error":5874.952805792438},"slope":null,"std_dev":{"confidence_interval":{"confidence_level":0.95,"lower_bound":54292.64116107909,"upper_bound":101280.65551187056},"point_estimate":77175.96198455912,"standard_error":12488.969064684657}}