{"mean":{"confidence_interval":{"confidence_level":0.95,"lower_bound":3474342.368000001,"upper_bound":3488083.921133333},"point_estimate":3481233.598,"standard_error":3510.3169383679965},"median":{"confidence_interval":{"confidence_level":0.95,"lower_bound":3454448.2666666666,"upper_bound":3506688.3333333335},"point_estimate":3500529.7666666666,"standard_error":12762.079614107994},"median_abs_dev":{"confidence_interval":{"confidence_level":0.95,"lower_bound":15034.65097308099,"upper_bound":56317.498980164484},"point_estimate":32899.43703591828,"standard_error":11718.78358488295},"slope":null,"std_dev":{"confidence_interval":{"confidence_level":0.95,"lower_bound":33009.106532016354,"upper_bound":37051.659880469546},"point_estimate":35260.16627075255,"standard_error":1030.221677990998}}