{"mean":{"confidence_interval":{"confidence_level":0.95,"lower_bound":3960545.756153846,"upper_bound":3982228.873846153},"point_estimate":3969183.4892307688,"standard_error":5740.955511331804},"median":{"confidence_interval":{"confidence_level":0.95,"lower_bound":3957336.4615384615,"upper_bound":3961652.730769231},"point_estimate":3959366.1153846155,"standard_error":1151.5172360334395},"median_abs_dev":{"confidence_interval":{"confidence_level":0.95,"lower_bound":6546.1350683983355,"upper_bound":10832.559684606991},"point_estimate":8154.3568783085475,"standard_error":1098.0202958236232},"slope":null,"std_dev":{"confidence_interval":{"confidence_level":0.95,"lower_bound":9946.270052157071,"upper_bound":93318.71146839403},"point_estimate":57339.52590227102,"standard_error":24010.486977548448}}