{"mean":{"confidence_interval":{"confidence_level":0.95,"lower_bound":3953626.0759423077,"upper_bound":3960510.729788462},"point_estimate":3957001.533076925,"standard_error":1753.10068035276},"median":{"confidence_interval":{"confidence_level":0.95,"lower_bound":3950937.3076923075,"upper_bound":3958825.230769231},"point_estimate":3955591.192307692,"standard_error":2150.8406820777395},"median_abs_dev":{"confidence_interval":{"confidence_level":0.95,"lower_bound":13136.577066779482,"upper_bound":20672.66979798672},"point_estimate":16259.616888257466,"standard_error":1976.5805225166002},"slope":null,"std_dev":{"confidence_interval":{"confidence_level":0.95,"lower_bound":14537.798918087006,"upper_bound":20412.072111375666},"point_estimate":17603.25625566846,"standard_error":1499.3849797084677}}