{"mean":{"confidence_interval":{"confidence_level":0.95,"lower_bound":3973391.160000001,"upper_bound":3999795.931730771},"point_estimate":3983118.780769233,"standard_error":7303.602745178123},"median":{"confidence_interval":{"confidence_level":0.95,"lower_bound":3972577.3076923075,"upper_bound":3978491.6923076925},"point_estimate":3975583.5384615385,"standard_error":1809.3812544902605},"median_abs_dev":{"confidence_interval":{"confidence_level":0.95,"lower_bound":9445.074201546651,"upper_bound":15643.482553041738},"point_estimate":12747.337550612543,"standard_error":1677.9737192086059},"slope":null,"std_dev":{"confidence_interval":{"confidence_level":0.95,"lower_bound":11447.29310915318,"upper_bound":123315.91600867356},"point_estimate":73091.35371929,"standard_error":37185.94392311697}}