{"mean":{"confidence_interval":{"confidence_level":0.95,"lower_bound":3585214.870892859,"upper_bound":3611377.885285715},"point_estimate":3594640.5950000025,"standard_error":7540.813364192262},"median":{"confidence_interval":{"confidence_level":0.95,"lower_bound":3582990.2142857146,"upper_bound":3585812.3571428573},"point_estimate":3584595.7142857146,"standard_error":781.3913603527104},"median_abs_dev":{"confidence_interval":{"confidence_level":0.95,"lower_bound":4880.560263353573,"upper_bound":10557.226410071762},"point_estimate":8925.463641541493,"standard_error":1503.7034854111237},"slope":null,"std_dev":{"confidence_interval":{"confidence_level":0.95,"lower_bound":8296.718293888176,"upper_bound":128777.39685068489},"point_estimate":75821.46383691774,"standard_error":41111.76325516157}}