{"mean":{"confidence_interval":{"confidence_level":0.95,"lower_bound":6355156.7469375,"upper_bound":6369873.02984375},"point_estimate":6362274.435,"standard_error":3747.662410635682},"median":{"confidence_interval":{"confidence_level":0.95,"lower_bound":6352225.875,"upper_bound":6370026.0625},"point_estimate":6360514.8125,"standard_error":4734.833774662176},"median_abs_dev":{"confidence_interval":{"confidence_level":0.95,"lower_bound":23067.30967797339,"upper_bound":37299.06481280923},"point_estimate":29869.3856947124,"standard_error":3532.5724673127697},"slope":null,"std_dev":{"confidence_interval":{"confidence_level":0.95,"lower_bound":27205.455099018796,"upper_bound":47933.69804384474},"point_estimate":37690.52455799609,"standard_error":5369.259290267315}}