{"mean":{"confidence_interval":{"confidence_level":0.95,"lower_bound":6562601.61625,"upper_bound":6601079.4378125},"point_estimate":6581008.49,"standard_error":9800.601336713333},"median":{"confidence_interval":{"confidence_level":0.95,"lower_bound":6552766.6875,"upper_bound":6598463.1875},"point_estimate":6566913.5,"standard_error":11757.562009477873},"median_abs_dev":{"confidence_interval":{"confidence_level":0.95,"lower_bound":66111.07873879373,"upper_bound":108785.30975617468},"point_estimate":88532.99411572516,"standard_error":10849.103998241482},"slope":null,"std_dev":{"confidence_interval":{"confidence_level":0.95,"lower_bound":72830.92836723979,"upper_bound":125940.84270176788},"point_estimate":99151.55666634187,"standard_error":13747.270007734374}}