{"mean":{"confidence_interval":{"confidence_level":0.95,"lower_bound":5896442.383,"upper_bound":5907799.397722223},"point_estimate":5902074.134444444,"standard_error":2896.9714929944994},"median":{"confidence_interval":{"confidence_level":0.95,"lower_bound":5891668.333333333,"upper_bound":5907140.444444444},"point_estimate":5898871.166666667,"standard_error":4166.345031787142},"median_abs_dev":{"confidence_interval":{"confidence_level":0.95,"lower_bound":19195.057125886437,"upper_bound":30552.361845920826},"point_estimate":24461.087499062527,"standard_error":2981.1672114220323},"slope":null,"std_dev":{"confidence_interval":{"confidence_level":0.95,"lower_bound":24448.765382858,"upper_bound":33336.16586155078},"point_estimate":29115.26450816297,"standard_error":2269.484437189792}}