{"mean":{"confidence_interval":{"confidence_level":0.95,"lower_bound":3551806.504133334,"upper_bound":3559105.5637166677},"point_estimate":3554886.9593333346,"standard_error":1884.1846782413475},"median":{"confidence_interval":{"confidence_level":0.95,"lower_bound":3549655.2666666666,"upper_bound":3554166.933333333},"point_estimate":3551435.9000000004,"standard_error":925.0810121402018},"median_abs_dev":{"confidence_interval":{"confidence_level":0.95,"lower_bound":5922.591534853073,"upper_bound":9360.839713811944},"point_estimate":7541.244766116833,"standard_error":848.0414844818185},"slope":null,"std_dev":{"confidence_interval":{"confidence_level":0.95,"lower_bound":8467.872333336112,"upper_bound":29348.835965029673},"point_estimate":18877.05889827808,"standard_error":6478.618459379119}}