{"mean":{"confidence_interval":{"confidence_level":0.95,"lower_bound":3457834.712,"upper_bound":3490319.67545},"point_estimate":3470935.6506666667,"standard_error":8621.00003859892},"median":{"confidence_interval":{"confidence_level":0.95,"lower_bound":3472625.7,"upper_bound":3478750.466666667},"point_estimate":3475540.2333333334,"standard_error":1761.4894872069751},"median_abs_dev":{"confidence_interval":{"confidence_level":0.95,"lower_bound":9672.66384677634,"upper_bound":19686.061290502872},"point_estimate":13765.347715616019,"standard_error":2715.5783430223382},"slope":null,"std_dev":{"confidence_interval":{"confidence_level":0.95,"lower_bound":29533.357989368018,"upper_bound":143160.59032527314},"point_estimate":87092.3754145967,"standard_error":38322.17403545304}}