{"mean":{"confidence_interval":{"confidence_level":0.95,"lower_bound":6511331.58625,"upper_bound":6564930.75403125},"point_estimate":6534542.99875,"standard_error":13835.840536349397},"median":{"confidence_interval":{"confidence_level":0.95,"lower_bound":6507959.1875,"upper_bound":6541450.3125},"point_estimate":6518230.1875,"standard_error":10338.949466862896},"median_abs_dev":{"confidence_interval":{"confidence_level":0.95,"lower_bound":55719.44286078215,"upper_bound":91123.53410004613},"point_estimate":70357.61571340263,"standard_error":9042.961652502374},"slope":null,"std_dev":{"confidence_interval":{"confidence_level":0.95,"lower_bound":70043.80998945693,"upper_bound":213277.52368156414},"point_estimate":138990.0953523786,"standard_error":45554.64699701864}}