{"mean":{"confidence_interval":{"confidence_level":0.95,"lower_bound":6082554.792583333,"upper_bound":6097534.356666668},"point_estimate":6090017.740000001,"standard_error":3812.472483623272},"median":{"confidence_interval":{"confidence_level":0.95,"lower_bound":6083530.0,"upper_bound":6099247.555555556},"point_estimate":6093846.333333333,"standard_error":4597.0719367142965},"median_abs_dev":{"confidence_interval":{"confidence_level":0.95,"lower_bound":23178.638521830548,"upper_bound":43537.04242706115},"point_estimate":35681.074633200195,"standard_error":5044.573836816109},"slope":null,"std_dev":{"confidence_interval":{"confidence_level":0.95,"lower_bound":32001.81702375663,"upper_bound":44038.944327455334},"point_estimate":38271.83883543381,"standard_error":3098.2315103666883}}