{"mean":{"confidence_interval":{"confidence_level":0.95,"lower_bound":4029705.38076923,"upper_bound":4036018.982596154},"point_estimate":4032672.663846156,"standard_error":1611.0888297274696},"median":{"confidence_interval":{"confidence_level":0.95,"lower_bound":4026959.4615384615,"upper_bound":4033470.846153846},"point_estimate":4030753.115384615,"standard_error":1597.4839939317699},"median_abs_dev":{"confidence_interval":{"confidence_level":0.95,"lower_bound":9426.344972264322,"upper_bound":14097.49857933484},"point_estimate":12094.423331434326,"standard_error":1155.755078451352},"slope":null,"std_dev":{"confidence_interval":{"confidence_level":0.95,"lower_bound":11196.62236829465,"upper_bound":21198.843184440128},"point_estimate":16186.948917381502,"standard_error":2604.500404736106}}