{"mean":{"confidence_interval":{"confidence_level":0.95,"lower_bound":3555453.5153333335,"upper_bound":3561920.4175833324},"point_estimate":3558107.0966666676,"standard_error":1691.1578269064187},"median":{"confidence_interval":{"confidence_level":0.95,"lower_bound":3553321.8,"upper_bound":3556856.5666666664},"point_estimate":3554461.0,"standard_error":926.2022280453673},"median_abs_dev":{"confidence_interval":{"confidence_level":0.95,"lower_bound":4418.938641547973,"upper_bound":7171.13839268689},"point_estimate":5812.730876803352,"standard_error":686.8361905134823},"slope":null,"std_dev":{"confidence_interval":{"confidence_level":0.95,"lower_bound":6027.968602667106,"upper_bound":27154.178596630096},"point_estimate":16966.833722597436,"standard_error":6563.79563287439}}