{"mean":{"confidence_interval":{"confidence_level":0.95,"lower_bound":6251187.772222222,"upper_bound":6278539.63136111},"point_estimate":6265252.611111109,"standard_error":7007.224378421693},"median":{"confidence_interval":{"confidence_level":0.95,"lower_bound":6282901.888888889,"upper_bound":6293777.666666667},"point_estimate":6286698.333333333,"standard_error":2517.78599888534},"median_abs_dev":{"confidence_interval":{"confidence_level":0.95,"lower_bound":17737.99081842089,"upper_bound":33128.86114517832},"point_estimate":22308.022870620014,"standard_error":3887.0573031417307},"slope":null,"std_dev":{"confidence_interval":{"confidence_level":0.95,"lower_bound":58286.91073026064,"upper_bound":80583.94327703152},"point_estimate":70977.29994602154,"standard_error":5722.325017500067}}