{"mean":{"confidence_interval":{"confidence_level":0.95,"lower_bound":4236934.614999998,"upper_bound":4261623.345833331},"point_estimate":4248426.408333334,"standard_error":6362.105748677419},"median":{"confidence_interval":{"confidence_level":0.95,"lower_bound":4223995.0,"upper_bound":4236509.333333333},"point_estimate":4227748.5,"standard_error":3580.355077163877},"median_abs_dev":{"confidence_interval":{"confidence_level":0.95,"lower_bound":17129.71299588634,"upper_bound":33082.6122626653},"point_estimate":22106.615782528654,"standard_error":3990.189134542578},"slope":null,"std_dev":{"confidence_interval":{"confidence_level":0.95,"lower_bound":40072.37825977941,"upper_bound":86358.33440266116},"point_estimate":64065.62001289655,"standard_error":11997.88531817183}}