{"mean":{"confidence_interval":{"confidence_level":0.95,"lower_bound":6245575.47125,"upper_bound":6260392.999812501},"point_estimate":6252760.29875,"standard_error":3787.496879148185},"median":{"confidence_interval":{"confidence_level":0.95,"lower_bound":6237297.375,"upper_bound":6256532.25},"point_estimate":6247918.5625,"standard_error":4170.868802684414},"median_abs_dev":{"confidence_interval":{"confidence_level":0.95,"lower_bound":27351.930939406157,"upper_bound":40938.477098196745},"point_estimate":34332.56759047508,"standard_error":3518.0861279200594},"slope":null,"std_dev":{"confidence_interval":{"confidence_level":0.95,"lower_bound":29938.290823281823,"upper_bound":46340.26434920137},"point_estimate":38171.691811876786,"standard_error":4230.316007320321}}