{"mean":{"confidence_interval":{"confidence_level":0.95,"lower_bound":3925884.8067499995,"upper_bound":3934624.988269229},"point_estimate":3929774.2930769236,"standard_error":2266.523411594952},"median":{"confidence_interval":{"confidence_level":0.95,"lower_bound":3923017.730769231,"upper_bound":3927565.076923077},"point_estimate":3924799.5384615385,"standard_error":1015.779000995938},"median_abs_dev":{"confidence_interval":{"confidence_level":0.95,"lower_bound":5626.69499241341,"upper_bound":10718.057348177612},"point_estimate":7657.74291020184,"standard_error":1352.8142840477924},"slope":null,"std_dev":{"confidence_interval":{"confidence_level":0.95,"lower_bound":9748.932855646839,"upper_bound":33260.54274541441},"point_estimate":22796.725327518503,"standard_error":6219.076825730026}}