{"mean":{"confidence_interval":{"confidence_level":0.95,"lower_bound":1792588.6781755628,"upper_bound":1805880.4351431588},"point_estimate":1798140.0408984888,"standard_error":3451.851357596027},"median":{"confidence_interval":{"confidence_level":0.95,"lower_bound":1790960.413525499,"upper_bound":1792171.83109319},"point_estimate":1791444.1735824742,"standard_error":325.9299658998234},"median_abs_dev":{"confidence_interval":{"confidence_level":0.95,"lower_bound":2077.7065305904744,"upper_bound":3493.9518250072215},"point_estimate":2628.5293191743976,"standard_error":373.0249573053094},"slope":{"confidence_interval":{"confidence_level":0.95,"lower_bound":1792105.4901617544,"upper_bound":1812572.504866906},"point_estimate":1799782.2074124427,"standard_error":5501.643160334398},"std_dev":{"confidence_interval":{"confidence_level":0.95,"lower_bound":9363.179889844798,"upper_bound":54829.1998848935},"point_estimate":34661.95878429544,"standard_error":12307.87034507886}}