{"mean":{"confidence_interval":{"confidence_level":0.95,"lower_bound":1698189.8433053421,"upper_bound":1708621.8048937882},"point_estimate":1702625.5231979694,"standard_error":2702.05527375078},"median":{"confidence_interval":{"confidence_level":0.95,"lower_bound":1696008.4893617022,"upper_bound":1697850.0662393162},"point_estimate":1696866.3109460277,"standard_error":472.91420753402065},"median_abs_dev":{"confidence_interval":{"confidence_level":0.95,"lower_bound":2184.87009017639,"upper_bound":4283.926055099142},"point_estimate":3187.185958389779,"standard_error":507.353891050642},"slope":{"confidence_interval":{"confidence_level":0.95,"lower_bound":1697753.593752736,"upper_bound":1705719.0596336853},"point_estimate":1700900.869046845,"standard_error":2073.789174098923},"std_dev":{"confidence_interval":{"confidence_level":0.95,"lower_bound":5831.19714163339,"upper_bound":42030.44350258645},"point_estimate":27341.840932977702,"standard_error":9356.115754154927}}