{"mean":{"confidence_interval":{"confidence_level":0.95,"lower_bound":1816162.1874711947,"upper_bound":1818925.034016061},"point_estimate":1817398.313829437,"standard_error":712.1641358042305},"median":{"confidence_interval":{"confidence_level":0.95,"lower_bound":1815035.396551724,"upper_bound":1816161.0},"point_estimate":1815642.9765325668,"standard_error":319.7182023358107},"median_abs_dev":{"confidence_interval":{"confidence_level":0.95,"lower_bound":1495.3088955255857,"upper_bound":2558.058961206743},"point_estimate":2042.1966712206406,"standard_error":278.60423523194527},"slope":{"confidence_interval":{"confidence_level":0.95,"lower_bound":1816594.1440420859,"upper_bound":1819874.9516084276},"point_estimate":1818099.9086360277,"standard_error":841.1920901296827},"std_dev":{"confidence_interval":{"confidence_level":0.95,"lower_bound":3783.839258860552,"upper_bound":10451.162893890418},"point_estimate":7155.235678484228,"standard_error":1809.8649031658344}}