{"mean":{"confidence_interval":{"confidence_level":0.95,"lower_bound":1759562.6516745652,"upper_bound":1766050.8289841365},"point_estimate":1762212.349481654,"standard_error":1698.0527073279336},"median":{"confidence_interval":{"confidence_level":0.95,"lower_bound":1758414.9378019325,"upper_bound":1759434.1221590908},"point_estimate":1758987.119047619,"standard_error":306.7685887808922},"median_abs_dev":{"confidence_interval":{"confidence_level":0.95,"lower_bound":1263.8182684564988,"upper_bound":2300.8365712659897},"point_estimate":1725.69536694881,"standard_error":277.0322254419983},"slope":{"confidence_interval":{"confidence_level":0.95,"lower_bound":1758614.854526456,"upper_bound":1761227.3363314266},"point_estimate":1759572.956125314,"standard_error":696.2080164661833},"std_dev":{"confidence_interval":{"confidence_level":0.95,"lower_bound":3206.6435864123528,"upper_bound":27177.542931115146},"point_estimate":16969.723444904426,"standard_error":6628.770300969129}}