{"mean":{"confidence_interval":{"confidence_level":0.95,"lower_bound":1712417.650000366,"upper_bound":1716437.2528188652},"point_estimate":1714313.9086786436,"standard_error":1028.5361301591863},"median":{"confidence_interval":{"confidence_level":0.95,"lower_bound":1710216.8333333333,"upper_bound":1714928.1983164982},"point_estimate":1712036.9588465844,"standard_error":1172.6390058915833},"median_abs_dev":{"confidence_interval":{"confidence_level":0.95,"lower_bound":6023.435701957877,"upper_bound":9358.38124384605},"point_estimate":7376.589443137957,"standard_error":816.2559244242756},"slope":{"confidence_interval":{"confidence_level":0.95,"lower_bound":1712968.7197863401,"upper_bound":1716989.6424385908},"point_estimate":1714872.0296881928,"standard_error":1027.735670484454},"std_dev":{"confidence_interval":{"confidence_level":0.95,"lower_bound":7081.163480832443,"upper_bound":13479.918374713576},"point_estimate":10327.917095206898,"standard_error":1662.8508844231114}}