{"mean":{"confidence_interval":{"confidence_level":0.95,"lower_bound":1768108.491364362,"upper_bound":1771175.2087425932},"point_estimate":1769489.2981537913,"standard_error":782.8031452147574},"median":{"confidence_interval":{"confidence_level":0.95,"lower_bound":1766618.8055555555,"upper_bound":1768083.611764706},"point_estimate":1767103.0258838385,"standard_error":318.0310905000766},"median_abs_dev":{"confidence_interval":{"confidence_level":0.95,"lower_bound":1568.2932387092956,"upper_bound":2935.9221353640255},"point_estimate":2078.515445249156,"standard_error":329.9519711850001},"slope":{"confidence_interval":{"confidence_level":0.95,"lower_bound":1768218.6562007964,"upper_bound":1770859.3362897583},"point_estimate":1769461.7054204226,"standard_error":676.5778501365971},"std_dev":{"confidence_interval":{"confidence_level":0.95,"lower_bound":4317.072799251846,"upper_bound":10911.151768201076},"point_estimate":7821.338464122322,"standard_error":1701.5648158896279}}