{"mean":{"confidence_interval":{"confidence_level":0.95,"lower_bound":1785530.2926694695,"upper_bound":1802654.6489358146},"point_estimate":1794096.4871509096,"standard_error":4370.318489102953},"median":{"confidence_interval":{"confidence_level":0.95,"lower_bound":1794557.7708333333,"upper_bound":1814077.6},"point_estimate":1805394.2452830188,"standard_error":5240.196679239881},"median_abs_dev":{"confidence_interval":{"confidence_level":0.95,"lower_bound":31249.96934457634,"upper_bound":59411.0587627375},"point_estimate":48567.1278030503,"standard_error":7153.538227641829},"slope":{"confidence_interval":{"confidence_level":0.95,"lower_bound":1783511.368674363,"upper_bound":1807928.3971391986},"point_estimate":1795674.069416285,"standard_error":6234.645932454142},"std_dev":{"confidence_interval":{"confidence_level":0.95,"lower_bound":38825.15674991457,"upper_bound":49507.08032786381},"point_estimate":44385.62137511733,"standard_error":2709.2665164945292}}