{"mean":{"confidence_interval":{"confidence_level":0.95,"lower_bound":1682519.5030353852,"upper_bound":1690077.1599005023},"point_estimate":1685749.6680696255,"standard_error":1954.7296173332034},"median":{"confidence_interval":{"confidence_level":0.95,"lower_bound":1679353.4428571428,"upper_bound":1682541.5232558139},"point_estimate":1680834.3713527853,"standard_error":821.513212753963},"median_abs_dev":{"confidence_interval":{"confidence_level":0.95,"lower_bound":4561.884468394791,"upper_bound":8540.393872933262},"point_estimate":6381.951533585763,"standard_error":990.3393623518687},"slope":{"confidence_interval":{"confidence_level":0.95,"lower_bound":1681417.4887151706,"upper_bound":1685788.734955109},"point_estimate":1683458.1475602188,"standard_error":1121.21172985017},"std_dev":{"confidence_interval":{"confidence_level":0.95,"lower_bound":7504.261837964265,"upper_bound":30525.220650723317},"point_estimate":19613.401020060912,"standard_error":6501.717668710728}}