{"mean":{"confidence_interval":{"confidence_level":0.95,"lower_bound":1728900.3762466973,"upper_bound":1740497.0805643252},"point_estimate":1733301.8838368836,"standard_error":3162.815008374609},"median":{"confidence_interval":{"confidence_level":0.95,"lower_bound":1726322.5346320346,"upper_bound":1728866.716552089},"point_estimate":1727008.6792668956,"standard_error":726.7586038370092},"median_abs_dev":{"confidence_interval":{"confidence_level":0.95,"lower_bound":4101.706434708327,"upper_bound":7862.206694357412},"point_estimate":5925.359203403404,"standard_error":917.5386310389767},"slope":{"confidence_interval":{"confidence_level":0.95,"lower_bound":1728238.0088184366,"upper_bound":1733376.8271502997},"point_estimate":1730587.679624649,"standard_error":1315.4286587167767},"std_dev":{"confidence_interval":{"confidence_level":0.95,"lower_bound":7405.603509803285,"upper_bound":52725.653822189626},"point_estimate":31619.709193758274,"standard_error":15331.753090502794}}