{"mean":{"confidence_interval":{"confidence_level":0.95,"lower_bound":1783858.318071187,"upper_bound":1794026.6603169413},"point_estimate":1788381.0725616354,"standard_error":2605.9321936920915},"median":{"confidence_interval":{"confidence_level":0.95,"lower_bound":1780418.7028179457,"upper_bound":1784225.2},"point_estimate":1783010.4682539683,"standard_error":942.6366172659664},"median_abs_dev":{"confidence_interval":{"confidence_level":0.95,"lower_bound":4957.314290580482,"upper_bound":8130.226803277962},"point_estimate":6645.251424338195,"standard_error":865.2865940719271},"slope":{"confidence_interval":{"confidence_level":0.95,"lower_bound":1782040.3269997519,"upper_bound":1788007.0025150338},"point_estimate":1784656.9300546772,"standard_error":1529.6153054874194},"std_dev":{"confidence_interval":{"confidence_level":0.95,"lower_bound":11372.866329767814,"upper_bound":37644.28006747631},"point_estimate":26148.664130862875,"standard_error":6667.4377205596165}}