{"mean":{"confidence_interval":{"confidence_level":0.95,"lower_bound":1684239.9094666191,"upper_bound":1691242.6120343623},"point_estimate":1687262.1846937665,"standard_error":1813.4725489038874},"median":{"confidence_interval":{"confidence_level":0.95,"lower_bound":1683078.3610849057,"upper_bound":1684613.4444444445},"point_estimate":1683657.575,"standard_error":434.8789228209673},"median_abs_dev":{"confidence_interval":{"confidence_level":0.95,"lower_bound":2350.281070536763,"upper_bound":3819.675392927997},"point_estimate":2980.7651169084347,"standard_error":378.93870460587783},"slope":{"confidence_interval":{"confidence_level":0.95,"lower_bound":1683251.5404302068,"upper_bound":1684801.2609977634},"point_estimate":1683969.4952652578,"standard_error":394.35573519985945},"std_dev":{"confidence_interval":{"confidence_level":0.95,"lower_bound":3801.3985970411836,"upper_bound":28152.863156703144},"point_estimate":18355.275877245807,"standard_error":6036.320948321629}}