{"mean":{"confidence_interval":{"confidence_level":0.95,"lower_bound":1776893.5211265574,"upper_bound":1781209.4740624698},"point_estimate":1778766.9471654678,"standard_error":1118.4707849741237},"median":{"confidence_interval":{"confidence_level":0.95,"lower_bound":1775207.6943734016,"upper_bound":1776868.4613970588},"point_estimate":1776130.5208947458,"standard_error":454.7621037822612},"median_abs_dev":{"confidence_interval":{"confidence_level":0.95,"lower_bound":2327.123285937883,"upper_bound":4429.321689362058},"point_estimate":3422.6702892353733,"standard_error":517.1113611068827},"slope":{"confidence_interval":{"confidence_level":0.95,"lower_bound":1775539.3664942803,"upper_bound":1777150.1819963846},"point_estimate":1776256.3259997044,"standard_error":411.0606590479363},"std_dev":{"confidence_interval":{"confidence_level":0.95,"lower_bound":4578.2634674300225,"upper_bound":17224.803997176838},"point_estimate":11247.76639670281,"standard_error":3524.29616796663}}