{"mean":{"confidence_interval":{"confidence_level":0.95,"lower_bound":1701360.322858381,"upper_bound":1706400.867675035},"point_estimate":1703512.338598968,"standard_error":1301.615265020495},"median":{"confidence_interval":{"confidence_level":0.95,"lower_bound":1700089.3452380951,"upper_bound":1701837.8524590163},"point_estimate":1700936.5036057692,"standard_error":456.66815029717674},"median_abs_dev":{"confidence_interval":{"confidence_level":0.95,"lower_bound":2976.3323104712817,"upper_bound":5507.787415760723},"point_estimate":4504.756835340979,"standard_error":655.6246107258218},"slope":{"confidence_interval":{"confidence_level":0.95,"lower_bound":1701992.8661359565,"upper_bound":1706206.9425822545},"point_estimate":1703820.3857396187,"standard_error":1082.1187358730024},"std_dev":{"confidence_interval":{"confidence_level":0.95,"lower_bound":4959.166468419987,"upper_bound":20284.29244605938},"point_estimate":13122.571414582606,"standard_error":4219.7982998481075}}