{"mean":{"confidence_interval":{"confidence_level":0.95,"lower_bound":1818224.4179672855,"upper_bound":1822512.192253094},"point_estimate":1820107.3814552769,"standard_error":1107.8213964535612},"median":{"confidence_interval":{"confidence_level":0.95,"lower_bound":1817124.6986434108,"upper_bound":1819241.4285714286},"point_estimate":1818277.5729710902,"standard_error":530.4791326631304},"median_abs_dev":{"confidence_interval":{"confidence_level":0.95,"lower_bound":3000.3673582249376,"upper_bound":4910.866286770414},"point_estimate":4089.092043475593,"standard_error":479.1137226532691},"slope":{"confidence_interval":{"confidence_level":0.95,"lower_bound":1816409.0147201056,"upper_bound":1820327.367864166},"point_estimate":1817907.9414659375,"standard_error":1032.7490722178763},"std_dev":{"confidence_interval":{"confidence_level":0.95,"lower_bound":4615.441798920782,"upper_bound":17005.945623248976},"point_estimate":11149.50689260986,"standard_error":3319.6488147225973}}