{"mean":{"confidence_interval":{"confidence_level":0.95,"lower_bound":1709892.3103849217,"upper_bound":1717363.5840186852},"point_estimate":1712900.3458908433,"standard_error":1951.3241373277356},"median":{"confidence_interval":{"confidence_level":0.95,"lower_bound":1708485.7358490566,"upper_bound":1710107.8333333333},"point_estimate":1709354.7636363637,"standard_error":364.49575686900977},"median_abs_dev":{"confidence_interval":{"confidence_level":0.95,"lower_bound":2282.0410432827975,"upper_bound":3890.693184752843},"point_estimate":2992.331141963619,"standard_error":396.0330071838588},"slope":{"confidence_interval":{"confidence_level":0.95,"lower_bound":1708684.4493647718,"upper_bound":1715446.686427755},"point_estimate":1711139.3178424707,"standard_error":1864.120699196569},"std_dev":{"confidence_interval":{"confidence_level":0.95,"lower_bound":4895.160216286897,"upper_bound":31635.141826573483},"point_estimate":19557.744341349862,"standard_error":7727.6144313575805}}