{"mean":{"confidence_interval":{"confidence_level":0.95,"lower_bound":1709497.999672407,"upper_bound":1714472.300351233},"point_estimate":1711432.6907923527,"standard_error":1323.8517100404397},"median":{"confidence_interval":{"confidence_level":0.95,"lower_bound":1709006.0,"upper_bound":1710973.1014520202},"point_estimate":1710160.0368544601,"standard_error":480.51535110963914},"median_abs_dev":{"confidence_interval":{"confidence_level":0.95,"lower_bound":2548.0599508607615,"upper_bound":4012.967817110847},"point_estimate":3358.4611090438266,"standard_error":379.5103324013562},"slope":{"confidence_interval":{"confidence_level":0.95,"lower_bound":1709816.129892237,"upper_bound":1711583.354264683},"point_estimate":1710709.46509236,"standard_error":448.2456356495604},"std_dev":{"confidence_interval":{"confidence_level":0.95,"lower_bound":3176.552414179106,"upper_bound":22143.548580322487},"point_estimate":13390.553723659667,"standard_error":6005.636631676538}}