{"mean":{"confidence_interval":{"confidence_level":0.95,"lower_bound":-0.006402295538248107,"upper_bound":-0.0003992957130545133},"point_estimate":-0.0026323970627711857,"standard_error":0.0017130819272448263},"median":{"confidence_interval":{"confidence_level":0.95,"lower_bound":-0.0015561139912848576,"upper_bound":-0.0008216756406503675},"point_estimate":-0.0011584678724656516,"standard_error":0.00018619922174629595}}