{"mean":{"confidence_interval":{"confidence_level":0.95,"lower_bound":-0.36937621969526024,"upper_bound":-0.3613122732547489},"point_estimate":-0.3656891951311284,"standard_error":0.0020261564296257745},"median":{"confidence_interval":{"confidence_level":0.95,"lower_bound":-0.3696887674348247,"upper_bound":-0.36878617778978195},"point_estimate":-0.36925107767363563,"standard_error":0.00022371780841418508}}