{"mean":{"confidence_interval":{"confidence_level":0.95,"lower_bound":-0.4527350772690536,"upper_bound":-0.44982190095734753},"point_estimate":-0.45111093731719354,"standard_error":0.0007408266231171694},"median":{"confidence_interval":{"confidence_level":0.95,"lower_bound":-0.4515634148467249,"upper_bound":-0.45048071229258513},"point_estimate":-0.4509470413364708,"standard_error":0.00027605916785587747}}