{"mean":{"confidence_interval":{"confidence_level":0.95,"lower_bound":-0.0008081550702770613,"upper_bound":-0.0001468861335512885},"point_estimate":-0.0004779800612422225,"standard_error":0.0001685386178603301},"median":{"confidence_interval":{"confidence_level":0.95,"lower_bound":-0.0009300124789323183,"upper_bound":-0.00017422568675651284},"point_estimate":-0.0005877244686044447,"standard_error":0.00019020673855921376}}