{"mean":{"confidence_interval":{"confidence_level":0.95,"lower_bound":0.0011427656490986206,"upper_bound":0.002319468951761449},"point_estimate":0.0017050312182722571,"standard_error":0.0003011569430898613},"median":{"confidence_interval":{"confidence_level":0.95,"lower_bound":0.001243774935762998,"upper_bound":0.0024056296300905},"point_estimate":0.0018920794446297684,"standard_error":0.00032283673034133793}}