{"mean":{"confidence_interval":{"confidence_level":0.95,"lower_bound":0.000052164408994581635,"upper_bound":0.0032421252749687598},"point_estimate":0.001654159408584599,"standard_error":0.0007910400483439376},"median":{"confidence_interval":{"confidence_level":0.95,"lower_bound":-0.0006387694191872795,"upper_bound":0.00016763824331111898},"point_estimate":-0.00021972307024276105,"standard_error":0.00020503664324366262}}