{"mean":{"confidence_interval":{"confidence_level":0.95,"lower_bound":-0.0015703989110268184,"upper_bound":0.0012461711915161032},"point_estimate":-0.00021747231471958006,"standard_error":0.0007137731300746354},"median":{"confidence_interval":{"confidence_level":0.95,"lower_bound":-0.0003752674245768306,"upper_bound":0.00031273182897284535},"point_estimate":0.00005635088198130411,"standard_error":0.00017704961318647637}}