{"mean":{"confidence_interval":{"confidence_level":0.95,"lower_bound":-0.0025472434475892424,"upper_bound":-0.0004967471840762379},"point_estimate":-0.0014408825545988435,"standard_error":0.0005248677384707088},"median":{"confidence_interval":{"confidence_level":0.95,"lower_bound":-0.0008103519542128623,"upper_bound":0.0000455447705094425},"point_estimate":-0.00042093539389786994,"standard_error":0.00021543041477263913}}