{"mean":{"confidence_interval":{"confidence_level":0.95,"lower_bound":-0.00984414194084763,"upper_bound":-0.0005085467457197248},"point_estimate":-0.004447832861205869,"standard_error":0.0024259104023199554},"median":{"confidence_interval":{"confidence_level":0.95,"lower_bound":-0.0003782917101202068,"upper_bound":0.0003325189947297912},"point_estimate":-0.00006125151245595095,"standard_error":0.00018008799541043412}}