{"mean":{"confidence_interval":{"confidence_level":0.95,"lower_bound":-0.001904221109160481,"upper_bound":0.0038235497392176895},"point_estimate":0.0007198602734577175,"standard_error":0.0014143537847191487},"median":{"confidence_interval":{"confidence_level":0.95,"lower_bound":0.00020222699735805705,"upper_bound":0.0012060476740898274},"point_estimate":0.0006466151469797232,"standard_error":0.0002526439517395028}}