{"mean":{"confidence_interval":{"confidence_level":0.95,"lower_bound":-0.0003107031749795012,"upper_bound":0.0009827689289179924},"point_estimate":0.00036697502843319185,"standard_error":0.00033016816250418663},"median":{"confidence_interval":{"confidence_level":0.95,"lower_bound":-0.000312116134664144,"upper_bound":0.0012420988537529482},"point_estimate":0.00040903911937828497,"standard_error":0.00040314738068120517}}