{"mean":{"confidence_interval":{"confidence_level":0.95,"lower_bound":-0.00042476069927765135,"upper_bound":0.0006839586096829327},"point_estimate":0.00007112318978319543,"standard_error":0.0002802815779601931},"median":{"confidence_interval":{"confidence_level":0.95,"lower_bound":-0.000628843589843758,"upper_bound":0.00022393670219722495},"point_estimate":-0.0001703603480357474,"standard_error":0.00021447513806460063}}