{"mean":{"confidence_interval":{"confidence_level":0.95,"lower_bound":-0.6697505161019213,"upper_bound":-0.6588619410859855},"point_estimate":-0.6652800587074541,"standard_error":0.0026895888841642597},"median":{"confidence_interval":{"confidence_level":0.95,"lower_bound":-0.6702167671537231,"upper_bound":-0.6648399958175819},"point_estimate":-0.6680468644313524,"standard_error":0.001408686781319489}}