{"mean":{"confidence_interval":{"confidence_level":0.95,"lower_bound":0.003686198640267459,"upper_bound":0.016061335345081855},"point_estimate":0.009133205933475885,"standard_error":0.003148208385487689},"median":{"confidence_interval":{"confidence_level":0.95,"lower_bound":0.004531882414978411,"upper_bound":0.005930672095535661},"point_estimate":0.005106341041824614,"standard_error":0.000348845458583954}}