{"mean":{"confidence_interval":{"confidence_level":0.95,"lower_bound":-0.0017636209666690105,"upper_bound":-0.00028378317645186843},"point_estimate":-0.0010093771831523046,"standard_error":0.0003763467944754213},"median":{"confidence_interval":{"confidence_level":0.95,"lower_bound":-0.0014164719266526182,"upper_bound":-0.00043864912863911254},"point_estimate":-0.0010416773800853152,"standard_error":0.00024369800665162506}}