{"mean":{"confidence_interval":{"confidence_level":0.95,"lower_bound":-0.0017888108948019119,"upper_bound":-0.0002487236354948106},"point_estimate":-0.000937160640012924,"standard_error":0.00039610662355322047},"median":{"confidence_interval":{"confidence_level":0.95,"lower_bound":-0.0006240597823251592,"upper_bound":0.00025946559360856547},"point_estimate":-0.0001132897178636183,"standard_error":0.00021495742925880057}}