{"mean":{"confidence_interval":{"confidence_level":0.95,"lower_bound":-0.004714319892322183,"upper_bound":0.001615843422190899},"point_estimate":-0.000704350338380566,"standard_error":0.0017586303782110926},"median":{"confidence_interval":{"confidence_level":0.95,"lower_bound":0.0007183285845833165,"upper_bound":0.0019125676370785882},"point_estimate":0.001371150526766396,"standard_error":0.00031173542034250467}}