{"mean":{"confidence_interval":{"confidence_level":0.95,"lower_bound":0.00020566158564183645,"upper_bound":0.0038906882473184017},"point_estimate":0.0015017256626099762,"standard_error":0.0009264061307723567},"median":{"confidence_interval":{"confidence_level":0.95,"lower_bound":0.00010290896073983369,"upper_bound":0.0008777632826260096},"point_estimate":0.0005082466025119192,"standard_error":0.00020160806935795564}}