{"mean":{"confidence_interval":{"confidence_level":0.95,"lower_bound":0.000853730865946878,"upper_bound":0.00209598181868113},"point_estimate":0.001451822631805877,"standard_error":0.00031321094040408747},"median":{"confidence_interval":{"confidence_level":0.95,"lower_bound":0.0006750148489162999,"upper_bound":0.001509434237533691},"point_estimate":0.0010984966765759108,"standard_error":0.00021222027193922672}}