{"mean":{"confidence_interval":{"confidence_level":0.95,"lower_bound":-0.0007367053383579014,"upper_bound":0.005255109549828173},"point_estimate":0.0015641393008924975,"standard_error":0.0016358735474012794},"median":{"confidence_interval":{"confidence_level":0.95,"lower_bound":-0.00047671430848946687,"upper_bound":0.0003159189521784178},"point_estimate":-0.0000636494234422802,"standard_error":0.00020138549164914275}}