{"mean":{"confidence_interval":{"confidence_level":0.95,"lower_bound":0.0016852064100474856,"upper_bound":0.004008142071721588},"point_estimate":0.0028044291768467566,"standard_error":0.0005830176028636704},"median":{"confidence_interval":{"confidence_level":0.95,"lower_bound":0.0018950581739791694,"upper_bound":0.0029896292253552836},"point_estimate":0.0024259670052189097,"standard_error":0.00028134945058491516}}