{"mean":{"confidence_interval":{"confidence_level":0.95,"lower_bound":-0.0007847856781084683,"upper_bound":0.0011467026425697568},"point_estimate":0.00012911502252244134,"standard_error":0.0004876792640136992},"median":{"confidence_interval":{"confidence_level":0.95,"lower_bound":-0.0009262091249107619,"upper_bound":-0.00011551266255072079},"point_estimate":-0.0005994657146053406,"standard_error":0.00021019219717116776}}