{"mean":{"confidence_interval":{"confidence_level":0.95,"lower_bound":-0.11107801865163636,"upper_bound":-0.10642618773285115},"point_estimate":-0.1093438618231738,"standard_error":0.0012523798331468712},"median":{"confidence_interval":{"confidence_level":0.95,"lower_bound":-0.11092366356461736,"upper_bound":-0.11011443096048701},"point_estimate":-0.11046561336832017,"standard_error":0.00019846369502910668}}