{"mean":{"confidence_interval":{"confidence_level":0.95,"lower_bound":0.00003593621745270894,"upper_bound":0.0007649322640754849},"point_estimate":0.0004137435150122215,"standard_error":0.00018636682401860206},"median":{"confidence_interval":{"confidence_level":0.95,"lower_bound":0.00015285478352278226,"upper_bound":0.0010020619556707633},"point_estimate":0.0006024241626625404,"standard_error":0.00021697666220657635}}