{"mean":{"confidence_interval":{"confidence_level":0.95,"lower_bound":-0.14269433168716722,"upper_bound":-0.12433597598448695},"point_estimate":-0.13218061968323547,"standard_error":0.00477658767965089},"median":{"confidence_interval":{"confidence_level":0.95,"lower_bound":-0.1264451988672186,"upper_bound":-0.1257785765356526},"point_estimate":-0.12622215156715655,"standard_error":0.00017265355414589471}}