{"mean":{"confidence_interval":{"confidence_level":0.95,"lower_bound":-0.006075153626761018,"upper_bound":-0.002748519166002675},"point_estimate":-0.004508705072325148,"standard_error":0.0008484864678857651},"median":{"confidence_interval":{"confidence_level":0.95,"lower_bound":-0.005027675859536784,"upper_bound":-0.00390823267256879},"point_estimate":-0.004605576761432029,"standard_error":0.00028076898893173113}}