{"mean":{"confidence_interval":{"confidence_level":0.95,"lower_bound":-0.002015145950983664,"upper_bound":0.007067913059045475},"point_estimate":0.0016048363314609126,"standard_error":0.002315879938167206},"median":{"confidence_interval":{"confidence_level":0.95,"lower_bound":-0.001292369756560288,"upper_bound":-0.0003036987228601795},"point_estimate":-0.000836692682822826,"standard_error":0.00025629446428061407}}