{"mean":{"confidence_interval":{"confidence_level":0.95,"lower_bound":-2.3940255902158635e-6,"upper_bound":0.0026139482199780397},"point_estimate":0.0012426051032721208,"standard_error":0.0006539243671602508},"median":{"confidence_interval":{"confidence_level":0.95,"lower_bound":0.0011764162730369954,"upper_bound":0.0020329359175979},"point_estimate":0.0016994518866872976,"standard_error":0.00021155076863510716}}