{"mean":{"confidence_interval":{"confidence_level":0.95,"lower_bound":0.12324220613898806,"upper_bound":0.1253946072423865},"point_estimate":0.12438540951028654,"standard_error":0.0005429236757322223},"median":{"confidence_interval":{"confidence_level":0.95,"lower_bound":0.12447423088346964,"upper_bound":0.12502493877412468},"point_estimate":0.12471210105195407,"standard_error":0.0001395017590940553}}