{"mean":{"confidence_interval":{"confidence_level":0.95,"lower_bound":-0.006233406634785798,"upper_bound":0.0012693927622875957},"point_estimate":-0.0021375173868479758,"standard_error":0.0019033417639215365},"median":{"confidence_interval":{"confidence_level":0.95,"lower_bound":-0.0010814246683471427,"upper_bound":0.0001288117850288817},"point_estimate":-0.0003372521499596104,"standard_error":0.0003020836103027404}}