{"mean":{"confidence_interval":{"confidence_level":0.95,"lower_bound":-0.11208084651493845,"upper_bound":-0.11125309882009338},"point_estimate":-0.11163700662228226,"standard_error":0.0002105766474738959},"median":{"confidence_interval":{"confidence_level":0.95,"lower_bound":-0.11161072609843459,"upper_bound":-0.11096113522716389},"point_estimate":-0.11125006339631416,"standard_error":0.00016766460881436924}}