{"mean":{"confidence_interval":{"confidence_level":0.95,"lower_bound":0.0016095644782591735,"upper_bound":0.0038789704913140596},"point_estimate":0.00279032819921321,"standard_error":0.0005775422939653722},"median":{"confidence_interval":{"confidence_level":0.95,"lower_bound":0.0024629327406138213,"upper_bound":0.004275222956149127},"point_estimate":0.0029894050649035275,"standard_error":0.0004691455442727742}}