{"mean":{"confidence_interval":{"confidence_level":0.95,"lower_bound":-0.003774036243872494,"upper_bound":-0.0017545466713015502},"point_estimate":-0.002694355052348385,"standard_error":0.0005151509401477869},"median":{"confidence_interval":{"confidence_level":0.95,"lower_bound":-0.0025424456219355074,"upper_bound":-0.0013852607068074786},"point_estimate":-0.002052982851848739,"standard_error":0.0002866687902936676}}