{"mean":{"confidence_interval":{"confidence_level":0.95,"lower_bound":0.8195226691808627,"upper_bound":0.8268128844929137},"point_estimate":0.8224271128565259,"standard_error":0.0018903970640327527},"median":{"confidence_interval":{"confidence_level":0.95,"lower_bound":0.8203951319945155,"upper_bound":0.8220859951107135},"point_estimate":0.8214041818135251,"standard_error":0.0004385272602050699}}