{"mean":{"confidence_interval":{"confidence_level":0.95,"lower_bound":-0.2243329104056575,"upper_bound":-0.22365565023124157},"point_estimate":-0.22398261650376505,"standard_error":0.00017487128944936657},"median":{"confidence_interval":{"confidence_level":0.95,"lower_bound":-0.22445960291959863,"upper_bound":-0.22377864627272254},"point_estimate":-0.22417428387647054,"standard_error":0.0001764276477347347}}