{"mean":{"confidence_interval":{"confidence_level":0.95,"lower_bound":-0.0011235471141604614,"upper_bound":-0.0003550874385894775},"point_estimate":-0.0007529717796179725,"standard_error":0.00019371735310915922},"median":{"confidence_interval":{"confidence_level":0.95,"lower_bound":-0.001255907207656226,"upper_bound":-0.0004530583495597762},"point_estimate":-0.0008685877118237428,"standard_error":0.00020224482081618994}}