{"mean":{"confidence_interval":{"confidence_level":0.95,"lower_bound":-0.0020950606457949355,"upper_bound":-0.0010024317681247073},"point_estimate":-0.0016285571547466349,"standard_error":0.00028146880636484566},"median":{"confidence_interval":{"confidence_level":0.95,"lower_bound":-0.0021276296735547318,"upper_bound":-0.0014882814314761683},"point_estimate":-0.0018101584428082962,"standard_error":0.00015829060981466776}}