{"mean":{"confidence_interval":{"confidence_level":0.95,"lower_bound":0.8484497497490865,"upper_bound":0.8611032397906357},"point_estimate":0.8533321324206931,"standard_error":0.00329255768808558},"median":{"confidence_interval":{"confidence_level":0.95,"lower_bound":0.8490364483944552,"upper_bound":0.8518765863668201},"point_estimate":0.8501864044205047,"standard_error":0.0007412497202467119}}