{"mean":{"confidence_interval":{"confidence_level":0.95,"lower_bound":0.8130812145882917,"upper_bound":0.8233027297598663},"point_estimate":0.8194749888374837,"standard_error":0.0028204245497667015},"median":{"confidence_interval":{"confidence_level":0.95,"lower_bound":0.8210066173883279,"upper_bound":0.8234499379994786},"point_estimate":0.8223629062227935,"standard_error":0.0005684618952783994}}