{"mean":{"confidence_interval":{"confidence_level":0.95,"lower_bound":0.0006059327819984972,"upper_bound":0.0033935126645261854},"point_estimate":0.0019707211251343004,"standard_error":0.0007091143795897966},"median":{"confidence_interval":{"confidence_level":0.95,"lower_bound":0.0006729101054658848,"upper_bound":0.0017331706664343027},"point_estimate":0.0011947658433357766,"standard_error":0.00027400740920279024}}