{"mean":{"confidence_interval":{"confidence_level":0.95,"lower_bound":-0.005020519815199865,"upper_bound":0.0018490153039819428},"point_estimate":-0.0007056238279790072,"standard_error":0.0019814438013186237},"median":{"confidence_interval":{"confidence_level":0.95,"lower_bound":0.0006874417405227096,"upper_bound":0.0014643176719948414},"point_estimate":0.0010666053875350023,"standard_error":0.000200644779285597}}