{"mean":{"confidence_interval":{"confidence_level":0.95,"lower_bound":-0.0004101201840845947,"upper_bound":0.0066331551030813785},"point_estimate":0.0035068327313330094,"standard_error":0.0018292201728273942},"median":{"confidence_interval":{"confidence_level":0.95,"lower_bound":0.004973222346265294,"upper_bound":0.006761602653400534},"point_estimate":0.005760314931172683,"standard_error":0.0004682366437797132}}