{"mean":{"confidence_interval":{"confidence_level":0.95,"lower_bound":-0.004041246829890926,"upper_bound":-0.0001423058622812398},"point_estimate":-0.002011073372750749,"standard_error":0.0010083066412902265},"median":{"confidence_interval":{"confidence_level":0.95,"lower_bound":-0.0009084732501992709,"upper_bound":-0.00007259529663072861},"point_estimate":-0.00044781929596382497,"standard_error":0.00021920121673957982}}