{"mean":{"confidence_interval":{"confidence_level":0.95,"lower_bound":-0.006301780283966596,"upper_bound":0.006511393553329974},"point_estimate":0.00019124766567091278,"standard_error":0.0032348787395254123},"median":{"confidence_interval":{"confidence_level":0.95,"lower_bound":-0.0022213535948159002,"upper_bound":-0.00010607045107291787},"point_estimate":-0.000909800301316821,"standard_error":0.0005402523445240741}}