{"mean":{"confidence_interval":{"confidence_level":0.95,"lower_bound":27283291.08475,"upper_bound":27606635.9805},"point_estimate":27449300.785,"standard_error":82499.70418427182},"median":{"confidence_interval":{"confidence_level":0.95,"lower_bound":27633785.75,"upper_bound":27883110.0},"point_estimate":27730709.25,"standard_error":67517.26173400559},"median_abs_dev":{"confidence_interval":{"confidence_level":0.95,"lower_bound":325797.6377159357,"upper_bound":732755.7631909847},"point_estimate":523770.32415121794,"standard_error":104775.41619566132},"slope":null,"std_dev":{"confidence_interval":{"confidence_level":0.95,"lower_bound":707632.0735379121,"upper_bound":929508.4657163027},"point_estimate":831253.9670804713,"standard_error":56538.14639991712}}