{"mean":{"confidence_interval":{"confidence_level":0.95,"lower_bound":24151212.475083336,"upper_bound":24407167.814916674},"point_estimate":24279705.34666666,"standard_error":65492.693875777506},"median":{"confidence_interval":{"confidence_level":0.95,"lower_bound":24030312.666666668,"upper_bound":24502749.666666668},"point_estimate":24263638.666666664,"standard_error":107493.49696855052},"median_abs_dev":{"confidence_interval":{"confidence_level":0.95,"lower_bound":621031.724074482,"upper_bound":900475.8736133622},"point_estimate":761540.688779952,"standard_error":69994.98203247684},"slope":null,"std_dev":{"confidence_interval":{"confidence_level":0.95,"lower_bound":582041.8380095178,"upper_bound":726683.6453703763},"point_estimate":658396.4930392759,"standard_error":36935.25473519895}}