{"mean":{"confidence_interval":{"confidence_level":0.95,"lower_bound":12236742.0730625,"upper_bound":12794576.4},"point_estimate":12502322.6375,"standard_error":142807.31209877867},"median":{"confidence_interval":{"confidence_level":0.95,"lower_bound":11856649.0,"upper_bound":11885374.75},"point_estimate":11874404.625,"standard_error":7727.93376822147},"median_abs_dev":{"confidence_interval":{"confidence_level":0.95,"lower_bound":40032.83090427519,"upper_bound":75314.22541290522},"point_estimate":58860.70155501366,"standard_error":9459.82447520329},"slope":null,"std_dev":{"confidence_interval":{"confidence_level":0.95,"lower_bound":1084682.411604222,"upper_bound":1686803.929250957},"point_estimate":1425611.6196937817,"standard_error":152848.7372191966}}