{"mean":{"confidence_interval":{"confidence_level":0.95,"lower_bound":25554039.173750002,"upper_bound":25724479.071875},"point_estimate":25639776.575,"standard_error":43354.11209926194},"median":{"confidence_interval":{"confidence_level":0.95,"lower_bound":25554249.5,"upper_bound":25728633.5},"point_estimate":25645730.25,"standard_error":42402.81678114324},"median_abs_dev":{"confidence_interval":{"confidence_level":0.95,"lower_bound":248268.90831984585,"upper_bound":528317.4582704902},"point_estimate":377260.5360522866,"standard_error":70909.46389591064},"slope":null,"std_dev":{"confidence_interval":{"confidence_level":0.95,"lower_bound":367461.6924703991,"upper_bound":499684.7141198503},"point_estimate":435960.87426447606,"standard_error":33853.26823989967}}