{"mean":{"confidence_interval":{"confidence_level":0.95,"lower_bound":24531463.565250006,"upper_bound":24689755.323583346},"point_estimate":24611696.58999999,"standard_error":40231.65453404213},"median":{"confidence_interval":{"confidence_level":0.95,"lower_bound":24611717.333333332,"upper_bound":24746425.833333336},"point_estimate":24686316.666666664,"standard_error":30365.29470079735},"median_abs_dev":{"confidence_interval":{"confidence_level":0.95,"lower_bound":223418.83394852688,"upper_bound":434365.96278846357},"point_estimate":333766.11837446876,"standard_error":53235.475426083365},"slope":null,"std_dev":{"confidence_interval":{"confidence_level":0.95,"lower_bound":337708.452133468,"upper_bound":467979.02724747057},"point_estimate":406104.36210873374,"standard_error":33283.06905785992}}