{"mean":{"confidence_interval":{"confidence_level":0.95,"lower_bound":12241626.9235,"upper_bound":12803793.0225},"point_estimate":12509969.335,"standard_error":143326.49732507535},"median":{"confidence_interval":{"confidence_level":0.95,"lower_bound":11834995.5,"upper_bound":11885182.5},"point_estimate":11849097.75,"standard_error":12097.50556782694},"median_abs_dev":{"confidence_interval":{"confidence_level":0.95,"lower_bound":59245.06559818983,"upper_bound":119047.52392273393},"point_estimate":78575.20405501127,"standard_error":15956.526200818489},"slope":null,"std_dev":{"confidence_interval":{"confidence_level":0.95,"lower_bound":1116523.9385192073,"upper_bound":1685651.4751237095},"point_estimate":1441098.8250103882,"standard_error":144428.4890297322}}