{"mean":{"confidence_interval":{"confidence_level":0.95,"lower_bound":24356421.363416668,"upper_bound":24546222.656333327},"point_estimate":24451342.56999999,"standard_error":48603.22505390604},"median":{"confidence_interval":{"confidence_level":0.95,"lower_bound":24326082.0,"upper_bound":24562094.666666668},"point_estimate":24461981.666666664,"standard_error":68575.39170578109},"median_abs_dev":{"confidence_interval":{"confidence_level":0.95,"lower_bound":298931.443592906,"upper_bound":525151.1189267033},"point_estimate":409971.75702154543,"standard_error":57177.68793387085},"slope":null,"std_dev":{"confidence_interval":{"confidence_level":0.95,"lower_bound":408877.9467907545,"upper_bound":559854.9972034427},"point_estimate":488038.75798085047,"standard_error":38581.653007414134}}