{"mean":{"confidence_interval":{"confidence_level":0.95,"lower_bound":27305687.899,"upper_bound":27579060.808875},"point_estimate":27441444.715,"standard_error":69450.92053472281},"median":{"confidence_interval":{"confidence_level":0.95,"lower_bound":27309707.25,"upper_bound":27546881.0},"point_estimate":27388201.5,"standard_error":60315.4178588099},"median_abs_dev":{"confidence_interval":{"confidence_level":0.95,"lower_bound":429935.0799508775,"upper_bound":964557.3038756847},"point_estimate":636291.878503561,"standard_error":134903.65968807033},"slope":null,"std_dev":{"confidence_interval":{"confidence_level":0.95,"lower_bound":593587.0980577774,"upper_bound":799566.878803851},"point_estimate":698141.6045509182,"standard_error":52763.44156511529}}