{"mean":{"confidence_interval":{"confidence_level":0.95,"lower_bound":24487293.76666667,"upper_bound":24674755.69466667},"point_estimate":24582030.656666666,"standard_error":47683.75009944248},"median":{"confidence_interval":{"confidence_level":0.95,"lower_bound":24530134.0,"upper_bound":24701814.0},"point_estimate":24630490.0,"standard_error":45388.363896342635},"median_abs_dev":{"confidence_interval":{"confidence_level":0.95,"lower_bound":301276.1754512787,"upper_bound":512518.09458598314},"point_estimate":396863.59645426366,"standard_error":53554.64896487408},"slope":null,"std_dev":{"confidence_interval":{"confidence_level":0.95,"lower_bound":398975.84244755906,"upper_bound":552521.6802583596},"point_estimate":480253.6103426596,"standard_error":39074.97944837002}}