{"mean":{"confidence_interval":{"confidence_level":0.95,"lower_bound":25894508.31825,"upper_bound":26089791.25175},"point_estimate":25992777.525,"standard_error":49794.213950287405},"median":{"confidence_interval":{"confidence_level":0.95,"lower_bound":25868484.0,"upper_bound":26147975.5},"point_estimate":25979461.25,"standard_error":65721.6391574201},"median_abs_dev":{"confidence_interval":{"confidence_level":0.95,"lower_bound":405246.8344554305,"upper_bound":630315.7867309075},"point_estimate":512033.6921095848,"standard_error":55468.063011545506},"slope":null,"std_dev":{"confidence_interval":{"confidence_level":0.95,"lower_bound":433405.5437265957,"upper_bound":558312.7402675679},"point_estimate":500017.39620329824,"standard_error":31817.68612161376}}