{"mean":{"confidence_interval":{"confidence_level":0.95,"lower_bound":26877895.4655,"upper_bound":27131858.083249997},"point_estimate":27006212.295,"standard_error":64691.65677976523},"median":{"confidence_interval":{"confidence_level":0.95,"lower_bound":27008192.25,"upper_bound":27316365.0},"point_estimate":27149823.25,"standard_error":89194.46248484863},"median_abs_dev":{"confidence_interval":{"confidence_level":0.95,"lower_bound":407389.5620673895,"upper_bound":843605.6860730052},"point_estimate":576292.9108187556,"standard_error":127023.52801635489},"slope":null,"std_dev":{"confidence_interval":{"confidence_level":0.95,"lower_bound":572570.4400416433,"upper_bound":711508.3805494474},"point_estimate":648590.5767494952,"standard_error":35425.86612366215}}