{"mean":{"confidence_interval":{"confidence_level":0.95,"lower_bound":25224354.154124998,"upper_bound":25398280.956125},"point_estimate":25312216.235,"standard_error":44365.799206004216},"median":{"confidence_interval":{"confidence_level":0.95,"lower_bound":25222068.0,"upper_bound":25489417.5},"point_estimate":25370033.0,"standard_error":64985.045088737716},"median_abs_dev":{"confidence_interval":{"confidence_level":0.95,"lower_bound":349886.9220882654,"upper_bound":555650.6713852286},"point_estimate":455164.4929692149,"standard_error":52977.10387455952},"slope":null,"std_dev":{"confidence_interval":{"confidence_level":0.95,"lower_bound":392349.5583936203,"upper_bound":493859.12351016025},"point_estimate":447088.8194192789,"standard_error":25829.264516788546}}