{"mean":{"confidence_interval":{"confidence_level":0.95,"lower_bound":24364152.90958333,"upper_bound":24534122.48716666},"point_estimate":24449858.289999995,"standard_error":43141.24255548588},"median":{"confidence_interval":{"confidence_level":0.95,"lower_bound":24349170.0,"upper_bound":24536044.333333332},"point_estimate":24477118.166666668,"standard_error":46607.374209689726},"median_abs_dev":{"confidence_interval":{"confidence_level":0.95,"lower_bound":265593.70058476925,"upper_bound":454764.8087263126},"point_estimate":373832.1471631536,"standard_error":48429.30728157631},"slope":null,"std_dev":{"confidence_interval":{"confidence_level":0.95,"lower_bound":358680.9209967896,"upper_bound":501823.1189275665},"point_estimate":434408.906124546,"standard_error":36611.38960904028}}