{"mean":{"confidence_interval":{"confidence_level":0.95,"lower_bound":27327183.875,"upper_bound":27897844.045},"point_estimate":27568343.1,"standard_error":148139.39073909342},"median":{"confidence_interval":{"confidence_level":0.95,"lower_bound":27248377.75,"upper_bound":27507211.0},"point_estimate":27407335.75,"standard_error":68157.32791534858},"median_abs_dev":{"confidence_interval":{"confidence_level":0.95,"lower_bound":364480.6818054244,"upper_bound":651082.2958409786},"point_estimate":520661.68265640736,"standard_error":74740.38418578524},"slope":null,"std_dev":{"confidence_interval":{"confidence_level":0.95,"lower_bound":444509.7191556252,"upper_bound":2316322.8061928875},"point_estimate":1492363.796620408,"standard_error":512740.1907136296}}