{"mean":{"confidence_interval":{"confidence_level":0.95,"lower_bound":13313884.075875001,"upper_bound":13928899.0839375},"point_estimate":13606017.5875,"standard_error":157217.3942437327},"median":{"confidence_interval":{"confidence_level":0.95,"lower_bound":12890549.375,"upper_bound":12985089.25},"point_estimate":12942913.25,"standard_error":25847.021487880247},"median_abs_dev":{"confidence_interval":{"confidence_level":0.95,"lower_bound":119331.13603144884,"upper_bound":219058.59391093254},"point_estimate":170383.5395000875,"standard_error":25330.32826330968},"slope":null,"std_dev":{"confidence_interval":{"confidence_level":0.95,"lower_bound":1193805.9335196405,"upper_bound":1901077.8740677244},"point_estimate":1575222.6414749143,"standard_error":180023.9875730646}}