{"mean":{"confidence_interval":{"confidence_level":0.95,"lower_bound":28027326.046625,"upper_bound":28424136.774375},"point_estimate":28228161.92,"standard_error":101495.92031889736},"median":{"confidence_interval":{"confidence_level":0.95,"lower_bound":28109583.25,"upper_bound":28591540.0},"point_estimate":28305740.5,"standard_error":128673.26423472166},"median_abs_dev":{"confidence_interval":{"confidence_level":0.95,"lower_bound":726743.4496477246,"upper_bound":1189283.8774859905},"point_estimate":911339.7484704852,"standard_error":115935.7106500988},"slope":null,"std_dev":{"confidence_interval":{"confidence_level":0.95,"lower_bound":845406.1291643102,"upper_bound":1169915.5349225763},"point_estimate":1015504.0645994276,"standard_error":82705.66106003405}}