{"mean":{"confidence_interval":{"confidence_level":0.95,"lower_bound":25538979.495375,"upper_bound":25710349.520999998},"point_estimate":25621798.085,"standard_error":43702.951666041045},"median":{"confidence_interval":{"confidence_level":0.95,"lower_bound":25501331.0,"upper_bound":25681642.0},"point_estimate":25594389.5,"standard_error":54686.50667080337},"median_abs_dev":{"confidence_interval":{"confidence_level":0.95,"lower_bound":315251.16280317307,"upper_bound":497413.77376914024},"point_estimate":412613.503074646,"standard_error":50132.5347422125},"slope":null,"std_dev":{"confidence_interval":{"confidence_level":0.95,"lower_bound":345170.66629535117,"upper_bound":541867.3474785051},"point_estimate":439647.27539238165,"standard_error":51492.25214500124}}