{"mean":{"confidence_interval":{"confidence_level":0.95,"lower_bound":24971385.298125003,"upper_bound":25142383.711124998},"point_estimate":25057665.61,"standard_error":43632.100716058594},"median":{"confidence_interval":{"confidence_level":0.95,"lower_bound":24936758.0,"upper_bound":25194124.75},"point_estimate":25125075.0,"standard_error":67131.59912103701},"median_abs_dev":{"confidence_interval":{"confidence_level":0.95,"lower_bound":360152.07365602255,"upper_bound":560834.2115432024},"point_estimate":465315.8549889922,"standard_error":50676.32275735302},"slope":null,"std_dev":{"confidence_interval":{"confidence_level":0.95,"lower_bound":383934.07216052007,"upper_bound":485348.90286081436},"point_estimate":438181.64096426865,"standard_error":25951.02408189849}}