{"mean":{"confidence_interval":{"confidence_level":0.95,"lower_bound":26481876.11375,"upper_bound":26693057.510875},"point_estimate":26588276.875,"standard_error":53761.24961417392},"median":{"confidence_interval":{"confidence_level":0.95,"lower_bound":26557561.5,"upper_bound":26701137.0},"point_estimate":26632551.5,"standard_error":39785.15963165313},"median_abs_dev":{"confidence_interval":{"confidence_level":0.95,"lower_bound":230354.5231103897,"upper_bound":398651.1178225279},"point_estimate":283438.27386796474,"standard_error":42551.225188191245},"slope":null,"std_dev":{"confidence_interval":{"confidence_level":0.95,"lower_bound":434646.10716505774,"upper_bound":633860.8716362038},"point_estimate":539629.9582339154,"standard_error":50742.50569509051}}