{"mean":{"confidence_interval":{"confidence_level":0.95,"lower_bound":21387313.962083332,"upper_bound":21500569.35333334},"point_estimate":21444336.523333333,"standard_error":28959.998992562156},"median":{"confidence_interval":{"confidence_level":0.95,"lower_bound":21395999.166666664,"upper_bound":21524664.5},"point_estimate":21482816.833333336,"standard_error":32353.135887997876},"median_abs_dev":{"confidence_interval":{"confidence_level":0.95,"lower_bound":219006.45581185634,"upper_bound":360419.806501273},"point_estimate":280308.75242352945,"standard_error":34737.29717409456},"slope":null,"std_dev":{"confidence_interval":{"confidence_level":0.95,"lower_bound":249313.57137349102,"upper_bound":326404.46940783464},"point_estimate":289757.13083273004,"standard_error":19548.770300236065}}