{"mean":{"confidence_interval":{"confidence_level":0.95,"lower_bound":25313105.234500002,"upper_bound":25461904.504125},"point_estimate":25384702.235,"standard_error":38061.02986205381},"median":{"confidence_interval":{"confidence_level":0.95,"lower_bound":25325756.0,"upper_bound":25438138.25},"point_estimate":25380558.25,"standard_error":28954.733932018316},"median_abs_dev":{"confidence_interval":{"confidence_level":0.95,"lower_bound":211655.60159236193,"upper_bound":409343.25818270445},"point_estimate":326693.498750031,"standard_error":49987.59398743584},"slope":null,"std_dev":{"confidence_interval":{"confidence_level":0.95,"lower_bound":287585.4416665168,"upper_bound":491322.84108568757},"point_estimate":383905.5390465979,"standard_error":54316.665220126175}}