{"mean":{"confidence_interval":{"confidence_level":0.95,"lower_bound":27767461.582999997,"upper_bound":27974431.944125},"point_estimate":27870488.665,"standard_error":52819.60492666505},"median":{"confidence_interval":{"confidence_level":0.95,"lower_bound":27748552.5,"upper_bound":27913096.0},"point_estimate":27841827.75,"standard_error":42498.58820763503},"median_abs_dev":{"confidence_interval":{"confidence_level":0.95,"lower_bound":419475.90237781405,"upper_bound":710812.1067668124},"point_estimate":589991.0226255655,"standard_error":79986.4886110059},"slope":null,"std_dev":{"confidence_interval":{"confidence_level":0.95,"lower_bound":464133.7693162883,"upper_bound":588579.4009425375},"point_estimate":530197.1873468544,"standard_error":31740.71145235019}}