{"mean":{"confidence_interval":{"confidence_level":0.95,"lower_bound":24914561.835375,"upper_bound":25075219.496875},"point_estimate":24995277.505,"standard_error":41085.16783738635},"median":{"confidence_interval":{"confidence_level":0.95,"lower_bound":24886208.5,"upper_bound":25141237.0},"point_estimate":25032146.5,"standard_error":64008.05601911413},"median_abs_dev":{"confidence_interval":{"confidence_level":0.95,"lower_bound":360787.73839473724,"upper_bound":527785.9461799264},"point_estimate":464889.2368465662,"standard_error":42317.88584373764},"slope":null,"std_dev":{"confidence_interval":{"confidence_level":0.95,"lower_bound":353664.0392184309,"upper_bound":463473.7203320701},"point_estimate":411138.7044373673,"standard_error":28028.162676058153}}