{"mean":{"confidence_interval":{"confidence_level":0.95,"lower_bound":24410056.68066667,"upper_bound":24858613.956249997},"point_estimate":24633192.44333334,"standard_error":114392.82547823664},"median":{"confidence_interval":{"confidence_level":0.95,"lower_bound":23959586.666666668,"upper_bound":24892110.333333336},"point_estimate":24403243.666666664,"standard_error":227644.03766408894},"median_abs_dev":{"confidence_interval":{"confidence_level":0.95,"lower_bound":903391.1593616009,"upper_bound":1666982.2839051448},"point_estimate":1401855.3552120868,"standard_error":180892.9239004479},"slope":null,"std_dev":{"confidence_interval":{"confidence_level":0.95,"lower_bound":1029209.2868367719,"upper_bound":1252015.1931905197},"point_estimate":1150013.3115064704,"standard_error":56938.78274433203}}