{"mean":{"confidence_interval":{"confidence_level":0.95,"lower_bound":24933299.955125,"upper_bound":25115716.154125},"point_estimate":25022420.415,"standard_error":46634.15940986056},"median":{"confidence_interval":{"confidence_level":0.95,"lower_bound":24859835.0,"upper_bound":25122172.0},"point_estimate":25005476.5,"standard_error":75091.53849977673},"median_abs_dev":{"confidence_interval":{"confidence_level":0.95,"lower_bound":361460.8387827873,"upper_bound":565298.690713942},"point_estimate":482088.5084912181,"standard_error":52265.88946246396},"slope":null,"std_dev":{"confidence_interval":{"confidence_level":0.95,"lower_bound":393695.3008299622,"upper_bound":539127.8796342462},"point_estimate":469427.86528054415,"standard_error":37134.74708976721}}