{"mean":{"confidence_interval":{"confidence_level":0.95,"lower_bound":27277824.4,"upper_bound":27477720.61},"point_estimate":27379515.33,"standard_error":50918.11030307487},"median":{"confidence_interval":{"confidence_level":0.95,"lower_bound":27423315.5,"upper_bound":27586496.5},"point_estimate":27484873.5,"standard_error":46088.1036838226},"median_abs_dev":{"confidence_interval":{"confidence_level":0.95,"lower_bound":310758.1435829401,"upper_bound":577346.2981000543},"point_estimate":446299.6570765972,"standard_error":66946.95828026373},"slope":null,"std_dev":{"confidence_interval":{"confidence_level":0.95,"lower_bound":444552.19330610667,"upper_bound":570436.3050410594},"point_estimate":513124.3472213036,"standard_error":32121.04372289281}}