{"mean":{"confidence_interval":{"confidence_level":0.95,"lower_bound":13911517.195,"upper_bound":14527227.1949375},"point_estimate":14198404.07,"standard_error":157847.18842989785},"median":{"confidence_interval":{"confidence_level":0.95,"lower_bound":13541547.375,"upper_bound":13642598.25},"point_estimate":13588009.75,"standard_error":24392.548805065388},"median_abs_dev":{"confidence_interval":{"confidence_level":0.95,"lower_bound":170442.2875240445,"upper_bound":284094.1390313208},"point_estimate":220822.88787961006,"standard_error":28177.153374589143},"slope":null,"std_dev":{"confidence_interval":{"confidence_level":0.95,"lower_bound":1128062.6177378942,"upper_bound":2009504.2595711295},"point_estimate":1583783.3447189438,"standard_error":227072.75366626214}}