{"mean":{"confidence_interval":{"confidence_level":0.95,"lower_bound":23762325.070500012,"upper_bound":23988405.34449999},"point_estimate":23876053.470000006,"standard_error":57878.80173570274},"median":{"confidence_interval":{"confidence_level":0.95,"lower_bound":23653985.5,"upper_bound":24103752.666666668},"point_estimate":23963797.166666668,"standard_error":101048.6063383895},"median_abs_dev":{"confidence_interval":{"confidence_level":0.95,"lower_bound":555420.497739315,"upper_bound":842529.1949421158},"point_estimate":711798.471263051,"standard_error":75566.3647406037},"slope":null,"std_dev":{"confidence_interval":{"confidence_level":0.95,"lower_bound":520810.074840991,"upper_bound":631555.557139302},"point_estimate":580326.9691552459,"standard_error":28309.203908746582}}