{"mean":{"confidence_interval":{"confidence_level":0.95,"lower_bound":26375816.843875002,"upper_bound":26826597.4965},"point_estimate":26604434.07,"standard_error":115129.95474569278},"median":{"confidence_interval":{"confidence_level":0.95,"lower_bound":26372389.5,"upper_bound":26967427.25},"point_estimate":26695728.75,"standard_error":162540.15845675653},"median_abs_dev":{"confidence_interval":{"confidence_level":0.95,"lower_bound":776276.3734683394,"upper_bound":1417387.850901335},"point_estimate":1099685.1719766855,"standard_error":161806.7031222362},"slope":null,"std_dev":{"confidence_interval":{"confidence_level":0.95,"lower_bound":981271.9097905618,"upper_bound":1306167.2546994153},"point_estimate":1152957.8040624273,"standard_error":83170.14272905378}}