{"mean":{"confidence_interval":{"confidence_level":0.95,"lower_bound":46977164.3535,"upper_bound":47150558.627624996},"point_estimate":47049876.235,"standard_error":45064.61641508789},"median":{"confidence_interval":{"confidence_level":0.95,"lower_bound":46943982.0,"upper_bound":46978793.5},"point_estimate":46961921.75,"standard_error":9514.492194924367},"median_abs_dev":{"confidence_interval":{"confidence_level":0.95,"lower_bound":50461.77270412445,"upper_bound":89100.18126815557},"point_estimate":66802.24831402302,"standard_error":9759.41728389739},"slope":null,"std_dev":{"confidence_interval":{"confidence_level":0.95,"lower_bound":85096.30398659324,"upper_bound":705338.3585633929},"point_estimate":455275.0230806133,"standard_error":159951.86472886952}}