{"mean":{"confidence_interval":{"confidence_level":0.95,"lower_bound":48125521.055375,"upper_bound":48204281.4715},"point_estimate":48163499.83,"standard_error":20170.023353858734},"median":{"confidence_interval":{"confidence_level":0.95,"lower_bound":48054711.75,"upper_bound":48101935.0},"point_estimate":48072275.0,"standard_error":12695.444327577385},"median_abs_dev":{"confidence_interval":{"confidence_level":0.95,"lower_bound":47119.62171345949,"upper_bound":109062.64861375093},"point_estimate":68839.3406778574,"standard_error":16198.792760351285},"slope":null,"std_dev":{"confidence_interval":{"confidence_level":0.95,"lower_bound":158306.5428992271,"upper_bound":238906.10691774078},"point_estimate":202320.1542574134,"standard_error":20582.470510358336}}