{"mean":{"confidence_interval":{"confidence_level":0.95,"lower_bound":23940916.084000003,"upper_bound":24310691.03333334},"point_estimate":24126344.91666666,"standard_error":94504.87408705024},"median":{"confidence_interval":{"confidence_level":0.95,"lower_bound":23849664.333333332,"upper_bound":24455770.666666668},"point_estimate":24147285.833333332,"standard_error":129537.07008856177},"median_abs_dev":{"confidence_interval":{"confidence_level":0.95,"lower_bound":745092.2304719668,"upper_bound":1186932.7210277338},"point_estimate":1011822.0968365688,"standard_error":109813.0095292339},"slope":null,"std_dev":{"confidence_interval":{"confidence_level":0.95,"lower_bound":827495.3067022668,"upper_bound":1062980.6512154846},"point_estimate":951623.1449296892,"standard_error":60112.27406385438}}