{"mean":{"confidence_interval":{"confidence_level":0.95,"lower_bound":39943922.538375,"upper_bound":40048712.08687501},"point_estimate":39985024.53,"standard_error":27890.453291007936},"median":{"confidence_interval":{"confidence_level":0.95,"lower_bound":39917056.75,"upper_bound":39950331.0},"point_estimate":39939936.75,"standard_error":9600.353623940417},"median_abs_dev":{"confidence_interval":{"confidence_level":0.95,"lower_bound":53424.74875152111,"upper_bound":87769.91844177246},"point_estimate":73361.64124757051,"standard_error":8090.996744354},"slope":null,"std_dev":{"confidence_interval":{"confidence_level":0.95,"lower_bound":73280.88197267575,"upper_bound":465062.52230090473},"point_estimate":282250.8564657879,"standard_error":126246.82173720891}}