{"mean":{"confidence_interval":{"confidence_level":0.95,"lower_bound":48888490.5805,"upper_bound":49460575.877124995},"point_estimate":49165580.78,"standard_error":146593.28588849216},"median":{"confidence_interval":{"confidence_level":0.95,"lower_bound":48713807.5,"upper_bound":49318843.5},"point_estimate":48920492.75,"standard_error":140975.91150762743},"median_abs_dev":{"confidence_interval":{"confidence_level":0.95,"lower_bound":1092377.8073564172,"upper_bound":1706319.861906767},"point_estimate":1363372.248995304,"standard_error":149381.83022826607},"slope":null,"std_dev":{"confidence_interval":{"confidence_level":0.95,"lower_bound":1172705.429311516,"upper_bound":1820848.3896571337},"point_estimate":1473421.1394117728,"standard_error":172191.47999252463}}