{"mean":{"confidence_interval":{"confidence_level":0.95,"lower_bound":40041974.132,"upper_bound":40380485.466000006},"point_estimate":40183503.98,"standard_error":88366.09659703482},"median":{"confidence_interval":{"confidence_level":0.95,"lower_bound":39986890.5,"upper_bound":40034801.25},"point_estimate":40009801.5,"standard_error":9886.263224828832},"median_abs_dev":{"confidence_interval":{"confidence_level":0.95,"lower_bound":59472.644694149494,"upper_bound":99402.76848524809},"point_estimate":78578.91055494547,"standard_error":10729.287941027938},"slope":null,"std_dev":{"confidence_interval":{"confidence_level":0.95,"lower_bound":172277.0433354877,"upper_bound":1380608.4199407354},"point_estimate":883090.4342913004,"standard_error":321216.76565981895}}