{"mean":{"confidence_interval":{"confidence_level":0.95,"lower_bound":27410569.638125,"upper_bound":27588956.976375},"point_estimate":27508322.53,"standard_error":45583.54238267221},"median":{"confidence_interval":{"confidence_level":0.95,"lower_bound":27628674.25,"upper_bound":27658078.0},"point_estimate":27645829.0,"standard_error":7248.838219031045},"median_abs_dev":{"confidence_interval":{"confidence_level":0.95,"lower_bound":42538.38779479265,"upper_bound":76482.17134092003},"point_estimate":53759.81634557247,"standard_error":8994.633134828906},"slope":null,"std_dev":{"confidence_interval":{"confidence_level":0.95,"lower_bound":241015.63205417877,"upper_bound":643472.239993534},"point_estimate":456815.4686999219,"standard_error":104517.67593792084}}