{"mean":{"confidence_interval":{"confidence_level":0.95,"lower_bound":41595654.11425,"upper_bound":42129433.371},"point_estimate":41851305.735,"standard_error":136520.97796943795},"median":{"confidence_interval":{"confidence_level":0.95,"lower_bound":41173287.5,"upper_bound":41407493.5},"point_estimate":41321633.75,"standard_error":46157.48160697376},"median_abs_dev":{"confidence_interval":{"confidence_level":0.95,"lower_bound":371010.2652132511,"upper_bound":676835.9376775085},"point_estimate":507721.1794361472,"standard_error":72289.05345963797},"slope":null,"std_dev":{"confidence_interval":{"confidence_level":0.95,"lower_bound":1094780.5284062577,"upper_bound":1611292.7577876041},"point_estimate":1369837.2074638857,"standard_error":132116.68053718522}}