{"mean":{"confidence_interval":{"confidence_level":0.95,"lower_bound":41958970.377625,"upper_bound":42127639.7365},"point_estimate":42042566.96,"standard_error":42890.994137734866},"median":{"confidence_interval":{"confidence_level":0.95,"lower_bound":41977572.0,"upper_bound":42108545.5},"point_estimate":41991778.25,"standard_error":24760.936211944227},"median_abs_dev":{"confidence_interval":{"confidence_level":0.95,"lower_bound":168785.11140346527,"upper_bound":254729.57862764597},"point_estimate":221415.55721908808,"standard_error":21597.776982806165},"slope":null,"std_dev":{"confidence_interval":{"confidence_level":0.95,"lower_bound":344249.72902910225,"upper_bound":512932.63051643904},"point_estimate":433280.5923384289,"standard_error":43130.79120764876}}