{"mean":{"confidence_interval":{"confidence_level":0.95,"lower_bound":25394719.21725,"upper_bound":25725328.55},"point_estimate":25563293.88,"standard_error":84467.87957081202},"median":{"confidence_interval":{"confidence_level":0.95,"lower_bound":25337526.25,"upper_bound":25830025.0},"point_estimate":25727424.5,"standard_error":147356.36393896554},"median_abs_dev":{"confidence_interval":{"confidence_level":0.95,"lower_bound":551649.5047062635,"upper_bound":1030346.3526339456},"point_estimate":779561.8150100112,"standard_error":102911.00705625718},"slope":null,"std_dev":{"confidence_interval":{"confidence_level":0.95,"lower_bound":697964.8088055766,"upper_bound":987536.3963818605},"point_estimate":848747.8010410904,"standard_error":73912.77413204315}}