{"mean":{"confidence_interval":{"confidence_level":0.95,"lower_bound":43811641.945250005,"upper_bound":43993463.044},"point_estimate":43888741.66,"standard_error":47362.98616169787},"median":{"confidence_interval":{"confidence_level":0.95,"lower_bound":43729900.5,"upper_bound":43801064.5},"point_estimate":43767634.5,"standard_error":18009.482122376576},"median_abs_dev":{"confidence_interval":{"confidence_level":0.95,"lower_bound":65490.888637304306,"upper_bound":158484.00678634644},"point_estimate":107720.89563757181,"standard_error":24398.112947425434},"slope":null,"std_dev":{"confidence_interval":{"confidence_level":0.95,"lower_bound":148446.9846758998,"upper_bound":747555.3254782307},"point_estimate":475622.0575996742,"standard_error":167110.54442217533}}