{"mean":{"confidence_interval":{"confidence_level":0.95,"lower_bound":46890685.115,"upper_bound":47347002.79},"point_estimate":47116003.11,"standard_error":116367.98281427022},"median":{"confidence_interval":{"confidence_level":0.95,"lower_bound":46878970.75,"upper_bound":47326384.0},"point_estimate":47075254.5,"standard_error":110826.558827242},"median_abs_dev":{"confidence_interval":{"confidence_level":0.95,"lower_bound":927324.0294367075,"upper_bound":1601229.4692724943},"point_estimate":1204142.4944221973,"standard_error":184206.55936866367},"slope":null,"std_dev":{"confidence_interval":{"confidence_level":0.95,"lower_bound":1016245.9811903441,"upper_bound":1318515.769120048},"point_estimate":1175595.9472097666,"standard_error":76749.1628814575}}