{"mean":{"confidence_interval":{"confidence_level":0.95,"lower_bound":46596095.472375,"upper_bound":47199580.727625},"point_estimate":46888430.015,"standard_error":153510.03525886932},"median":{"confidence_interval":{"confidence_level":0.95,"lower_bound":46120080.0,"upper_bound":46926580.0},"point_estimate":46576338.5,"standard_error":194435.81976746954},"median_abs_dev":{"confidence_interval":{"confidence_level":0.95,"lower_bound":1043235.9192788601,"upper_bound":1842932.377822659},"point_estimate":1509975.8115425706,"standard_error":220051.35901270495},"slope":null,"std_dev":{"confidence_interval":{"confidence_level":0.95,"lower_bound":1261225.667330036,"upper_bound":1807937.1635132923},"point_estimate":1547882.938113479,"standard_error":139610.05737386443}}