{"mean":{"confidence_interval":{"confidence_level":0.95,"lower_bound":25662216.4245,"upper_bound":26165045.074875},"point_estimate":25918922.27,"standard_error":128167.89811260116},"median":{"confidence_interval":{"confidence_level":0.95,"lower_bound":25573150.25,"upper_bound":26378128.25},"point_estimate":26000889.5,"standard_error":171944.7111211203},"median_abs_dev":{"confidence_interval":{"confidence_level":0.95,"lower_bound":987233.2998231053,"upper_bound":1562024.707518518},"point_estimate":1179735.1923555136,"standard_error":149366.81968833276},"slope":null,"std_dev":{"confidence_interval":{"confidence_level":0.95,"lower_bound":1020989.3453006662,"upper_bound":1559297.360260126},"point_estimate":1291957.4349646808,"standard_error":138602.62217923423}}