{"mean":{"confidence_interval":{"confidence_level":0.95,"lower_bound":43935624.8705,"upper_bound":44140293.413499996},"point_estimate":44023164.745,"standard_error":53394.29312754442},"median":{"confidence_interval":{"confidence_level":0.95,"lower_bound":43817309.75,"upper_bound":44031576.0},"point_estimate":43893885.75,"standard_error":74255.1447496467},"median_abs_dev":{"confidence_interval":{"confidence_level":0.95,"lower_bound":141587.18553632498,"upper_bound":335017.08372350765},"point_estimate":235321.6036722064,"standard_error":50770.070694356305},"slope":null,"std_dev":{"confidence_interval":{"confidence_level":0.95,"lower_bound":223438.45468059383,"upper_bound":836425.5104634066},"point_estimate":535678.3712684417,"standard_error":181632.51450741268}}