{"mean":{"confidence_interval":{"confidence_level":0.95,"lower_bound":40932963.94725,"upper_bound":41020761.8515},"point_estimate":40970414.99,"standard_error":22615.540944903125},"median":{"confidence_interval":{"confidence_level":0.95,"lower_bound":40908835.0,"upper_bound":40932915.0},"point_estimate":40915394.5,"standard_error":6839.6572972177055},"median_abs_dev":{"confidence_interval":{"confidence_level":0.95,"lower_bound":36533.82083639506,"upper_bound":96537.64403611422},"point_estimate":49790.52556604147,"standard_error":14818.786134134058},"slope":null,"std_dev":{"confidence_interval":{"confidence_level":0.95,"lower_bound":89574.8355495068,"upper_bound":361825.74940779945},"point_estimate":226988.76294363497,"standard_error":82816.91447868201}}