{"mean":{"confidence_interval":{"confidence_level":0.95,"lower_bound":49928207.48,"upper_bound":50699043.51},"point_estimate":50219941.6,"standard_error":212612.52207509463},"median":{"confidence_interval":{"confidence_level":0.95,"lower_bound":49878859.5,"upper_bound":50178885.5},"point_estimate":49998768.0,"standard_error":70514.80816839766},"median_abs_dev":{"confidence_interval":{"confidence_level":0.95,"lower_bound":433148.99531006813,"upper_bound":715854.1234910488},"point_estimate":560155.9220552444,"standard_error":75664.49709595999},"slope":null,"std_dev":{"confidence_interval":{"confidence_level":0.95,"lower_bound":468800.40142040304,"upper_bound":3628245.9326294586},"point_estimate":2154420.7642203933,"standard_error":1082896.2059400408}}