{"mean":{"confidence_interval":{"confidence_level":0.95,"lower_bound":46511242.940124996,"upper_bound":46795888.519625},"point_estimate":46618760.935,"standard_error":77958.16840198841},"median":{"confidence_interval":{"confidence_level":0.95,"lower_bound":46434912.0,"upper_bound":46560204.0},"point_estimate":46494214.25,"standard_error":30023.815141938074},"median_abs_dev":{"confidence_interval":{"confidence_level":0.95,"lower_bound":119138.39803487062,"upper_bound":215142.67673045397},"point_estimate":180960.59303730726,"standard_error":24513.633647127383},"slope":null,"std_dev":{"confidence_interval":{"confidence_level":0.95,"lower_bound":174663.597179899,"upper_bound":1304632.145925509},"point_estimate":780784.9215108765,"standard_error":380819.27457816765}}