{"mean":{"confidence_interval":{"confidence_level":0.95,"lower_bound":43444107.864,"upper_bound":43506936.010125004},"point_estimate":43473008.99,"standard_error":16112.838106663414},"median":{"confidence_interval":{"confidence_level":0.95,"lower_bound":43420826.0,"upper_bound":43467407.5},"point_estimate":43446586.5,"standard_error":10761.645336709864},"median_abs_dev":{"confidence_interval":{"confidence_level":0.95,"lower_bound":81000.07044196135,"upper_bound":136493.7133267522},"point_estimate":110743.54633390903,"standard_error":14707.318436486023},"slope":null,"std_dev":{"confidence_interval":{"confidence_level":0.95,"lower_bound":100500.8147806233,"upper_bound":227314.68448175248},"point_estimate":162474.75132823444,"standard_error":35004.27965429162}}