{"mean":{"confidence_interval":{"confidence_level":0.95,"lower_bound":46478070.61,"upper_bound":46522295.605},"point_estimate":46499455.16,"standard_error":11321.525907509338},"median":{"confidence_interval":{"confidence_level":0.95,"lower_bound":46442733.5,"upper_bound":46490782.5},"point_estimate":46467805.0,"standard_error":11419.429776332714},"median_abs_dev":{"confidence_interval":{"confidence_level":0.95,"lower_bound":64048.328129164904,"upper_bound":118652.37396474913},"point_estimate":94287.79857605696,"standard_error":14501.482674782574},"slope":null,"std_dev":{"confidence_interval":{"confidence_level":0.95,"lower_bound":91602.96315807645,"upper_bound":132397.75042226497},"point_estimate":113353.09899783746,"standard_error":10429.369435656816}}