{"mean":{"confidence_interval":{"confidence_level":0.95,"lower_bound":46919270.84,"upper_bound":47126952.73575},"point_estimate":47006904.81,"standard_error":54176.95713063555},"median":{"confidence_interval":{"confidence_level":0.95,"lower_bound":46860655.5,"upper_bound":46959216.75},"point_estimate":46930630.75,"standard_error":24697.042492706256},"median_abs_dev":{"confidence_interval":{"confidence_level":0.95,"lower_bound":100522.50211536884,"upper_bound":170764.01171833277},"point_estimate":141655.3851351142,"standard_error":20219.676953253256},"slope":null,"std_dev":{"confidence_interval":{"confidence_level":0.95,"lower_bound":113546.58249602847,"upper_bound":827699.7446948797},"point_estimate":541945.9227057651,"standard_error":191300.30667212664}}