{"mean":{"confidence_interval":{"confidence_level":0.95,"lower_bound":42763412.584625006,"upper_bound":43001459.808375},"point_estimate":42883371.765,"standard_error":60532.396617000675},"median":{"confidence_interval":{"confidence_level":0.95,"lower_bound":42834579.0,"upper_bound":43077209.75},"point_estimate":43054216.5,"standard_error":61603.597820202034},"median_abs_dev":{"confidence_interval":{"confidence_level":0.95,"lower_bound":433911.0516965389,"upper_bound":879004.6136945486},"point_estimate":516666.07572734356,"standard_error":121392.1709644769},"slope":null,"std_dev":{"confidence_interval":{"confidence_level":0.95,"lower_bound":533677.5409850625,"upper_bound":676835.3831994819},"point_estimate":609746.6825000322,"standard_error":36569.93786783838}}