{"mean":{"confidence_interval":{"confidence_level":0.95,"lower_bound":45555935.345625006,"upper_bound":45768470.975},"point_estimate":45661051.795,"standard_error":54303.485802343916},"median":{"confidence_interval":{"confidence_level":0.95,"lower_bound":45344228.5,"upper_bound":45845132.0},"point_estimate":45791115.0,"standard_error":142310.2920773449},"median_abs_dev":{"confidence_interval":{"confidence_level":0.95,"lower_bound":482503.42336010217,"upper_bound":839230.1629006863},"point_estimate":733750.2171233296,"standard_error":101124.38933951056},"slope":null,"std_dev":{"confidence_interval":{"confidence_level":0.95,"lower_bound":470547.9950840663,"upper_bound":613875.149341458},"point_estimate":545773.8035191392,"standard_error":36564.20071656364}}