{"mean":{"confidence_interval":{"confidence_level":0.95,"lower_bound":43533353.507249996,"upper_bound":43728987.00775},"point_estimate":43610003.0,"standard_error":51817.789925389734},"median":{"confidence_interval":{"confidence_level":0.95,"lower_bound":43502874.5,"upper_bound":43550825.0},"point_estimate":43526260.75,"standard_error":13337.69641589124},"median_abs_dev":{"confidence_interval":{"confidence_level":0.95,"lower_bound":68646.9733312726,"upper_bound":113738.39828073978},"point_estimate":89983.4402024746,"standard_error":11574.559507622755},"slope":null,"std_dev":{"confidence_interval":{"confidence_level":0.95,"lower_bound":116075.4503767699,"upper_bound":854381.947181537},"point_estimate":519323.8835451769,"standard_error":226644.7535766523}}