{"mean":{"confidence_interval":{"confidence_level":0.95,"lower_bound":25528549.343625,"upper_bound":25987620.301875003},"point_estimate":25763774.805,"standard_error":117120.73911802749},"median":{"confidence_interval":{"confidence_level":0.95,"lower_bound":25807246.25,"upper_bound":26376669.0},"point_estimate":25992597.25,"standard_error":113276.4510908779},"median_abs_dev":{"confidence_interval":{"confidence_level":0.95,"lower_bound":648531.853236258,"upper_bound":1047775.1956182705},"point_estimate":831444.6597889066,"standard_error":93026.34683109666},"slope":null,"std_dev":{"confidence_interval":{"confidence_level":0.95,"lower_bound":968525.57379247,"upper_bound":1351285.6884378379},"point_estimate":1175904.5963226664,"standard_error":97411.86938393558}}