{"mean":{"confidence_interval":{"confidence_level":0.95,"lower_bound":40294781.840375006,"upper_bound":40407663.501125},"point_estimate":40347547.715,"standard_error":28972.145727186038},"median":{"confidence_interval":{"confidence_level":0.95,"lower_bound":40259222.0,"upper_bound":40284669.75},"point_estimate":40271983.5,"standard_error":6756.513906080052},"median_abs_dev":{"confidence_interval":{"confidence_level":0.95,"lower_bound":48382.79689103365,"upper_bound":141148.03942412126},"point_estimate":78004.40306514502,"standard_error":26162.39049518324},"slope":null,"std_dev":{"confidence_interval":{"confidence_level":0.95,"lower_bound":188958.6437260485,"upper_bound":379773.1625448996},"point_estimate":291130.44070573663,"standard_error":48703.85978375388}}