{"mean":{"confidence_interval":{"confidence_level":0.95,"lower_bound":26188684.496875,"upper_bound":26416681.444374997},"point_estimate":26306052.24,"standard_error":58063.15148797108},"median":{"confidence_interval":{"confidence_level":0.95,"lower_bound":26232775.0,"upper_bound":26723354.5},"point_estimate":26423082.25,"standard_error":180143.5190399051},"median_abs_dev":{"confidence_interval":{"confidence_level":0.95,"lower_bound":145276.63557082415,"upper_bound":765070.1415672895},"point_estimate":493606.4570367336,"standard_error":192697.49042950437},"slope":null,"std_dev":{"confidence_interval":{"confidence_level":0.95,"lower_bound":482279.0115802374,"upper_bound":670027.0091085592},"point_estimate":583725.6977262585,"standard_error":48035.37020337111}}