{"mean":{"confidence_interval":{"confidence_level":0.95,"lower_bound":25174504.944,"upper_bound":25575669.3665},"point_estimate":25381655.095,"standard_error":102203.10666243607},"median":{"confidence_interval":{"confidence_level":0.95,"lower_bound":25510051.5,"upper_bound":25701518.0},"point_estimate":25597634.5,"standard_error":49369.76503460367},"median_abs_dev":{"confidence_interval":{"confidence_level":0.95,"lower_bound":698995.4791903496,"upper_bound":988011.6648092866},"point_estimate":849556.1010673642,"standard_error":73269.07561067441},"slope":null,"std_dev":{"confidence_interval":{"confidence_level":0.95,"lower_bound":824785.6854210768,"upper_bound":1215679.0912337254},"point_estimate":1029186.5400975242,"standard_error":100248.81654752603}}