{"mean":{"confidence_interval":{"confidence_level":0.95,"lower_bound":26000806.532,"upper_bound":26360593.02925},"point_estimate":26184835.25,"standard_error":91759.25237658643},"median":{"confidence_interval":{"confidence_level":0.95,"lower_bound":26093304.5,"upper_bound":26563424.0},"point_estimate":26442171.0,"standard_error":129113.23076642065},"median_abs_dev":{"confidence_interval":{"confidence_level":0.95,"lower_bound":659279.5910954475,"upper_bound":1059971.507781744},"point_estimate":816059.3492120504,"standard_error":104002.25729601091},"slope":null,"std_dev":{"confidence_interval":{"confidence_level":0.95,"lower_bound":755890.8115232727,"upper_bound":1072229.930393188},"point_estimate":922957.6059937256,"standard_error":81010.83993308486}}