{"mean":{"confidence_interval":{"confidence_level":0.95,"lower_bound":46013582.91,"upper_bound":46191519.235},"point_estimate":46101671.7,"standard_error":45555.26841488549},"median":{"confidence_interval":{"confidence_level":0.95,"lower_bound":45974204.0,"upper_bound":46182910.25},"point_estimate":46073632.75,"standard_error":56681.78740037021},"median_abs_dev":{"confidence_interval":{"confidence_level":0.95,"lower_bound":312220.72845697403,"upper_bound":560800.1117438078},"point_estimate":453214.8740038276,"standard_error":62305.7566669643},"slope":null,"std_dev":{"confidence_interval":{"confidence_level":0.95,"lower_bound":386917.87050495786,"upper_bound":517471.6721553059},"point_estimate":455271.7874845351,"standard_error":33470.871174562395}}