{"mean":{"confidence_interval":{"confidence_level":0.95,"lower_bound":45790362.92362501,"upper_bound":46095632.82925},"point_estimate":45933066.155,"standard_error":77662.9548594143},"median":{"confidence_interval":{"confidence_level":0.95,"lower_bound":45666811.5,"upper_bound":46022664.5},"point_estimate":45879781.0,"standard_error":79561.68853559777},"median_abs_dev":{"confidence_interval":{"confidence_level":0.95,"lower_bound":491490.04557430744,"upper_bound":823461.2295806408},"point_estimate":666706.305013597,"standard_error":83464.68800055324},"slope":null,"std_dev":{"confidence_interval":{"confidence_level":0.95,"lower_bound":543583.2668314435,"upper_bound":1059047.6834792108},"point_estimate":778699.0501353007,"standard_error":148819.7908749226}}