{"mean":{"confidence_interval":{"confidence_level":0.95,"lower_bound":27590860.339500003,"upper_bound":27881496.550625},"point_estimate":27736511.715,"standard_error":74176.29378633185},"median":{"confidence_interval":{"confidence_level":0.95,"lower_bound":27577491.0,"upper_bound":27985519.75},"point_estimate":27816898.75,"standard_error":109381.85086296186},"median_abs_dev":{"confidence_interval":{"confidence_level":0.95,"lower_bound":576320.3389182687,"upper_bound":1073829.7403857112},"point_estimate":897890.3428092599,"standard_error":132771.45206194444},"slope":null,"std_dev":{"confidence_interval":{"confidence_level":0.95,"lower_bound":647699.3665267748,"upper_bound":832529.2428562336},"point_estimate":745100.4899355443,"standard_error":47181.719605691374}}