{"mean":{"confidence_interval":{"confidence_level":0.95,"lower_bound":6506288.7076875,"upper_bound":6511673.21203125},"point_estimate":6508637.81875,"standard_error":1385.5931340225036},"median":{"confidence_interval":{"confidence_level":0.95,"lower_bound":6504782.125,"upper_bound":6508469.0},"point_estimate":6506172.8125,"standard_error":940.8710690043907},"median_abs_dev":{"confidence_interval":{"confidence_level":0.95,"lower_bound":5665.663136914372,"upper_bound":9062.783838165918},"point_estimate":6899.556965008378,"standard_error":846.1405708920895},"slope":null,"std_dev":{"confidence_interval":{"confidence_level":0.95,"lower_bound":6844.986480620625,"upper_bound":20813.134058244952},"point_estimate":13791.1151308786,"standard_error":4070.8598325529088}}