{"mean":{"confidence_interval":{"confidence_level":0.95,"lower_bound":6521712.5696875,"upper_bound":6530424.68746875},"point_estimate":6525636.65,"standard_error":2242.1028770709654},"median":{"confidence_interval":{"confidence_level":0.95,"lower_bound":6517895.375,"upper_bound":6521142.75},"point_estimate":6519811.0,"standard_error":822.104301217147},"median_abs_dev":{"confidence_interval":{"confidence_level":0.95,"lower_bound":4507.196582481265,"upper_bound":8247.520645139739},"point_estimate":6239.614651724696,"standard_error":993.6782443532082},"slope":null,"std_dev":{"confidence_interval":{"confidence_level":0.95,"lower_bound":10576.509145819193,"upper_bound":32068.470490734566},"point_estimate":22552.865485820814,"standard_error":5426.059053557369}}