{"mean":{"confidence_interval":{"confidence_level":0.95,"lower_bound":6517099.83346875,"upper_bound":6636106.7966249995},"point_estimate":6569298.96125,"standard_error":30313.310289725687},"median":{"confidence_interval":{"confidence_level":0.95,"lower_bound":6512622.4375,"upper_bound":6514447.0},"point_estimate":6513732.625,"standard_error":536.0397965331647},"median_abs_dev":{"confidence_interval":{"confidence_level":0.95,"lower_bound":4553.527831658721,"upper_bound":9731.969235660486},"point_estimate":6709.135530889034,"standard_error":1272.331021602749},"slope":null,"std_dev":{"confidence_interval":{"confidence_level":0.95,"lower_bound":15733.732537087879,"upper_bound":458762.87474188715},"point_estimate":304099.14023337356,"standard_error":101874.70283056884}}