{"mean":{"confidence_interval":{"confidence_level":0.95,"lower_bound":6820068.7335625,"upper_bound":6826937.2075},"point_estimate":6822963.615,"standard_error":1781.1020621350758},"median":{"confidence_interval":{"confidence_level":0.95,"lower_bound":6818554.6875,"upper_bound":6822128.25},"point_estimate":6819822.0,"standard_error":978.7999015077864},"median_abs_dev":{"confidence_interval":{"confidence_level":0.95,"lower_bound":5438.362028449774,"upper_bound":10714.101372286677},"point_estimate":8306.822327524424,"standard_error":1440.5699164806495},"slope":null,"std_dev":{"confidence_interval":{"confidence_level":0.95,"lower_bound":7487.269942326707,"upper_bound":28085.797944345668},"point_estimate":17915.221382692183,"standard_error":6260.539688866247}}