{"mean":{"confidence_interval":{"confidence_level":0.95,"lower_bound":7685180.92257143,"upper_bound":7691799.483785716},"point_estimate":7688348.515714287,"standard_error":1681.8386018476608},"median":{"confidence_interval":{"confidence_level":0.95,"lower_bound":7682750.571428572,"upper_bound":7689210.142857143},"point_estimate":7685388.0,"standard_error":1493.1553040179888},"median_abs_dev":{"confidence_interval":{"confidence_level":0.95,"lower_bound":10034.739646847684,"upper_bound":17691.335985915804},"point_estimate":13497.907860363937,"standard_error":2055.2139817912785},"slope":null,"std_dev":{"confidence_interval":{"confidence_level":0.95,"lower_bound":12720.02593056506,"upper_bound":20620.416129650013},"point_estimate":16883.87601184093,"standard_error":2031.1263456074253}}