{"mean":{"confidence_interval":{"confidence_level":0.95,"lower_bound":7678994.528571427,"upper_bound":7684282.8928571455},"point_estimate":7681505.812857142,"standard_error":1349.0582888053982},"median":{"confidence_interval":{"confidence_level":0.95,"lower_bound":7676647.857142857,"upper_bound":7682080.214285715},"point_estimate":7678397.642857143,"standard_error":1473.6273563336058},"median_abs_dev":{"confidence_interval":{"confidence_level":0.95,"lower_bound":7988.354558178258,"upper_bound":13235.064065030052},"point_estimate":9761.54412669854,"standard_error":1354.2352544001344},"slope":null,"std_dev":{"confidence_interval":{"confidence_level":0.95,"lower_bound":10595.858866974042,"upper_bound":16219.889365755642},"point_estimate":13558.656830295637,"standard_error":1437.0757907725047}}