{"mean":{"confidence_interval":{"confidence_level":0.95,"lower_bound":3497799.32565,"upper_bound":3504127.5688666673},"point_estimate":3500814.881333335,"standard_error":1608.1439478901111},"median":{"confidence_interval":{"confidence_level":0.95,"lower_bound":3496064.466666667,"upper_bound":3500447.033333333},"point_estimate":3498058.7333333334,"standard_error":1276.2953149809553},"median_abs_dev":{"confidence_interval":{"confidence_level":0.95,"lower_bound":9799.343366026855,"upper_bound":16095.236277252063},"point_estimate":12374.323000311897,"standard_error":1645.5129719075221},"slope":null,"std_dev":{"confidence_interval":{"confidence_level":0.95,"lower_bound":12473.870524611504,"upper_bound":20252.870533140598},"point_estimate":16284.661589151407,"standard_error":2011.329928423088}}