{"mean":{"confidence_interval":{"confidence_level":0.95,"lower_bound":6504116.8389375005,"upper_bound":6512068.63},"point_estimate":6507870.09875,"standard_error":2043.0459292386345},"median":{"confidence_interval":{"confidence_level":0.95,"lower_bound":6498121.875,"upper_bound":6504447.375},"point_estimate":6500153.875,"standard_error":1530.4079129343158},"median_abs_dev":{"confidence_interval":{"confidence_level":0.95,"lower_bound":8197.387916967273,"upper_bound":15447.857763245702},"point_estimate":10652.85146087408,"standard_error":1801.1553819168344},"slope":null,"std_dev":{"confidence_interval":{"confidence_level":0.95,"lower_bound":14948.210073734926,"upper_bound":26671.638244907383},"point_estimate":20610.114851714206,"standard_error":3137.207285767228}}