{"mean":{"confidence_interval":{"confidence_level":0.95,"lower_bound":6523291.90478125,"upper_bound":6529863.1108125},"point_estimate":6526367.46375,"standard_error":1681.6764181935407},"median":{"confidence_interval":{"confidence_level":0.95,"lower_bound":6518714.75,"upper_bound":6525326.4375},"point_estimate":6521916.25,"standard_error":1774.193850903282},"median_abs_dev":{"confidence_interval":{"confidence_level":0.95,"lower_bound":7912.358072027564,"upper_bound":13714.605731517076},"point_estimate":10439.449727162719,"standard_error":1478.1565884403835},"slope":null,"std_dev":{"confidence_interval":{"confidence_level":0.95,"lower_bound":11561.09284734182,"upper_bound":22523.378257858414},"point_estimate":16922.383699739727,"standard_error":2908.2571828436567}}