{"mean":{"confidence_interval":{"confidence_level":0.95,"lower_bound":6499547.62959375,"upper_bound":6544570.6625},"point_estimate":6515999.255,"standard_error":12693.917703074125},"median":{"confidence_interval":{"confidence_level":0.95,"lower_bound":6494654.5,"upper_bound":6500729.25},"point_estimate":6497198.0625,"standard_error":1783.95095760114},"median_abs_dev":{"confidence_interval":{"confidence_level":0.95,"lower_bound":7610.741639882326,"upper_bound":14013.720276206732},"point_estimate":9985.496147722006,"standard_error":1723.258738737201},"slope":null,"std_dev":{"confidence_interval":{"confidence_level":0.95,"lower_bound":11652.48333070992,"upper_bound":214981.11631474167},"point_estimate":127172.59922252977,"standard_error":66426.76006416767}}