{"mean":{"confidence_interval":{"confidence_level":0.95,"lower_bound":6811278.24875,"upper_bound":6815893.88125},"point_estimate":6813378.80125,"standard_error":1186.161026514114},"median":{"confidence_interval":{"confidence_level":0.95,"lower_bound":6809497.125,"upper_bound":6812725.875},"point_estimate":6810733.875,"standard_error":826.4538603501252},"median_abs_dev":{"confidence_interval":{"confidence_level":0.95,"lower_bound":4807.330414652824,"upper_bound":8465.275199711323},"point_estimate":6957.100376486778,"standard_error":940.4106059027472},"slope":null,"std_dev":{"confidence_interval":{"confidence_level":0.95,"lower_bound":6934.159731501886,"upper_bound":16631.955776216648},"point_estimate":11938.036952716999,"standard_error":2533.236066719647}}