{"mean":{"confidence_interval":{"confidence_level":0.95,"lower_bound":6510380.6006875,"upper_bound":6516342.2001875},"point_estimate":6512947.45375,"standard_error":1536.2672067849248},"median":{"confidence_interval":{"confidence_level":0.95,"lower_bound":6508686.75,"upper_bound":6511515.75},"point_estimate":6509890.25,"standard_error":644.5705677573774},"median_abs_dev":{"confidence_interval":{"confidence_level":0.95,"lower_bound":4659.441067278385,"upper_bound":7907.817609608173},"point_estimate":6399.179473891854,"standard_error":822.7321173337409},"slope":null,"std_dev":{"confidence_interval":{"confidence_level":0.95,"lower_bound":7366.579218234008,"upper_bound":23632.18823978241},"point_estimate":15433.198030340445,"standard_error":4970.801818743341}}