{"mean":{"confidence_interval":{"confidence_level":0.95,"lower_bound":6526006.0763125,"upper_bound":6559650.554281251},"point_estimate":6539667.19625,"standard_error":8830.349340017534},"median":{"confidence_interval":{"confidence_level":0.95,"lower_bound":6521327.0,"upper_bound":6524976.375},"point_estimate":6523280.0,"standard_error":926.487462364939},"median_abs_dev":{"confidence_interval":{"confidence_level":0.95,"lower_bound":6124.435166269541,"upper_bound":10761.544571444392},"point_estimate":8896.526467055082,"standard_error":1186.4517505475997},"slope":null,"std_dev":{"confidence_interval":{"confidence_level":0.95,"lower_bound":14334.687014534926,"upper_bound":141462.70949129996},"point_estimate":88592.80846293953,"standard_error":34699.8488491635}}