{"mean":{"confidence_interval":{"confidence_level":0.95,"lower_bound":6518130.0911875,"upper_bound":6524550.987468749},"point_estimate":6520802.945,"standard_error":1663.8062977791283},"median":{"confidence_interval":{"confidence_level":0.95,"lower_bound":6516957.25,"upper_bound":6519142.625},"point_estimate":6518239.0,"standard_error":581.4260894838505},"median_abs_dev":{"confidence_interval":{"confidence_level":0.95,"lower_bound":3978.0937168747187,"upper_bound":6556.24240860343},"point_estimate":5461.620315536857,"standard_error":614.3907178598079},"slope":null,"std_dev":{"confidence_interval":{"confidence_level":0.95,"lower_bound":6143.107727927609,"upper_bound":26314.481274781825},"point_estimate":16620.508484373797,"standard_error":6063.313797178137}}