{"mean":{"confidence_interval":{"confidence_level":0.95,"lower_bound":6489238.444499999,"upper_bound":6498497.1755625},"point_estimate":6493076.53375,"standard_error":2407.8782038898958},"median":{"confidence_interval":{"confidence_level":0.95,"lower_bound":6487045.25,"upper_bound":6489223.0},"point_estimate":6488028.3125,"standard_error":543.753303250032},"median_abs_dev":{"confidence_interval":{"confidence_level":0.95,"lower_bound":4786.574015021324,"upper_bound":8175.89485047385},"point_estimate":6358.315312117338,"standard_error":799.888500130101},"slope":null,"std_dev":{"confidence_interval":{"confidence_level":0.95,"lower_bound":7995.5302574941425,"upper_bound":38499.29749791785},"point_estimate":24202.237707378667,"standard_error":8998.946261186014}}