{"mean":{"confidence_interval":{"confidence_level":0.95,"lower_bound":6820474.946812499,"upper_bound":6834553.54375},"point_estimate":6826768.97375,"standard_error":3605.1599481951307},"median":{"confidence_interval":{"confidence_level":0.95,"lower_bound":6815218.125,"upper_bound":6821413.5},"point_estimate":6817930.1875,"standard_error":1649.3359387755331},"median_abs_dev":{"confidence_interval":{"confidence_level":0.95,"lower_bound":9286.357597634196,"upper_bound":16570.980524243776},"point_estimate":12185.581846162677,"standard_error":1907.789003205233},"slope":null,"std_dev":{"confidence_interval":{"confidence_level":0.95,"lower_bound":17588.34995625656,"upper_bound":51349.773518670154},"point_estimate":36403.983223233336,"standard_error":8650.74130971598}}