{"mean":{"confidence_interval":{"confidence_level":0.95,"lower_bound":5967285.431111109,"upper_bound":6000060.544444446},"point_estimate":5981328.83666667,"standard_error":8500.827164903802},"median":{"confidence_interval":{"confidence_level":0.95,"lower_bound":5960955.666666667,"upper_bound":5965598.166666666},"point_estimate":5963109.333333334,"standard_error":1133.9469739264246},"median_abs_dev":{"confidence_interval":{"confidence_level":0.95,"lower_bound":6936.755810181607,"upper_bound":11697.384325662864},"point_estimate":8742.315478126055,"standard_error":1193.0167688605648},"slope":null,"std_dev":{"confidence_interval":{"confidence_level":0.95,"lower_bound":18354.752975000974,"upper_bound":130230.19536798095},"point_estimate":85296.1264322261,"standard_error":27993.489698973684}}