{"mean":{"confidence_interval":{"confidence_level":0.95,"lower_bound":6514215.9420937495,"upper_bound":6518605.260437501},"point_estimate":6516208.58,"standard_error":1120.8404948749333},"median":{"confidence_interval":{"confidence_level":0.95,"lower_bound":6512825.25,"upper_bound":6516247.25},"point_estimate":6514654.3125,"standard_error":781.5475510576039},"median_abs_dev":{"confidence_interval":{"confidence_level":0.95,"lower_bound":5434.655528515577,"upper_bound":8362.79047653079},"point_estimate":6951.540626585484,"standard_error":737.1520693433952},"slope":null,"std_dev":{"confidence_interval":{"confidence_level":0.95,"lower_bound":6632.050538326008,"upper_bound":16174.711931600992},"point_estimate":11236.179523005456,"standard_error":2742.7860861419836}}