{"mean":{"confidence_interval":{"confidence_level":0.95,"lower_bound":6574801.00634375,"upper_bound":6582509.2655937495},"point_estimate":6578591.87375,"standard_error":1973.3812838092717},"median":{"confidence_interval":{"confidence_level":0.95,"lower_bound":6570707.0625,"upper_bound":6579784.625},"point_estimate":6575550.1875,"standard_error":2338.214946823021},"median_abs_dev":{"confidence_interval":{"confidence_level":0.95,"lower_bound":13289.562851563096,"upper_bound":23573.0615939945},"point_estimate":19267.31328293681,"standard_error":2634.1764078594465},"slope":null,"std_dev":{"confidence_interval":{"confidence_level":0.95,"lower_bound":16753.26139805066,"upper_bound":22579.554105042538},"point_estimate":19807.0546111839,"standard_error":1491.529187386273}}