{"mean":{"confidence_interval":{"confidence_level":0.95,"lower_bound":6517612.69871875,"upper_bound":6524065.0408125},"point_estimate":6520573.16,"standard_error":1656.200266586257},"median":{"confidence_interval":{"confidence_level":0.95,"lower_bound":6516229.125,"upper_bound":6519517.875},"point_estimate":6517567.25,"standard_error":899.4290811732927},"median_abs_dev":{"confidence_interval":{"confidence_level":0.95,"lower_bound":5407.598078995943,"upper_bound":10656.043683942355},"point_estimate":8500.11629909277,"standard_error":1369.1101580551854},"slope":null,"std_dev":{"confidence_interval":{"confidence_level":0.95,"lower_bound":9444.593181950375,"upper_bound":23190.798612326205},"point_estimate":16651.660226030588,"standard_error":3571.144508151995}}