{"mean":{"confidence_interval":{"confidence_level":0.95,"lower_bound":6831821.681187499,"upper_bound":6838421.81715625},"point_estimate":6834847.3575,"standard_error":1678.873864117877},"median":{"confidence_interval":{"confidence_level":0.95,"lower_bound":6828520.125,"upper_bound":6833736.75},"point_estimate":6831560.25,"standard_error":1407.8225432271358},"median_abs_dev":{"confidence_interval":{"confidence_level":0.95,"lower_bound":7186.34739741683,"upper_bound":12671.133337542415},"point_estimate":10089.185483381152,"standard_error":1365.136715804113},"slope":null,"std_dev":{"confidence_interval":{"confidence_level":0.95,"lower_bound":10649.32246265717,"upper_bound":23538.245622457885},"point_estimate":16837.70120080513,"standard_error":3536.313347780862}}