{"mean":{"confidence_interval":{"confidence_level":0.95,"lower_bound":6495429.3135625,"upper_bound":6507452.12540625},"point_estimate":6500660.835,"standard_error":3097.0406592828685},"median":{"confidence_interval":{"confidence_level":0.95,"lower_bound":6491481.5,"upper_bound":6494988.0},"point_estimate":6493382.1875,"standard_error":871.9718334897866},"median_abs_dev":{"confidence_interval":{"confidence_level":0.95,"lower_bound":5497.295377403498,"upper_bound":10089.556133374572},"point_estimate":7632.88797698915,"standard_error":1156.3449730786501},"slope":null,"std_dev":{"confidence_interval":{"confidence_level":0.95,"lower_bound":11614.366868149202,"upper_bound":46235.94354589485},"point_estimate":31099.953447670105,"standard_error":8987.842966993434}}