{"mean":{"confidence_interval":{"confidence_level":0.95,"lower_bound":45534.91775796707,"upper_bound":46276.91686429509},"point_estimate":45814.39864463405,"standard_error":200.97590152392496},"median":{"confidence_interval":{"confidence_level":0.95,"lower_bound":45440.541467304625,"upper_bound":45577.240769766635},"point_estimate":45516.9823088843,"standard_error":27.08226282724488},"median_abs_dev":{"confidence_interval":{"confidence_level":0.95,"lower_bound":216.51400976175765,"upper_bound":363.12033187817485},"point_estimate":299.6939139520967,"standard_error":37.41359472531492},"slope":{"confidence_interval":{"confidence_level":0.95,"lower_bound":45472.663177658316,"upper_bound":45655.635275258435},"point_estimate":45550.81923613257,"standard_error":46.966275634586346},"std_dev":{"confidence_interval":{"confidence_level":0.95,"lower_bound":288.95586114750296,"upper_bound":3396.8149497874283},"point_estimate":2030.4841331526975,"standard_error":977.1927463402343}}