{"mean":{"confidence_interval":{"confidence_level":0.95,"lower_bound":45886.85932375416,"upper_bound":46513.83895956644},"point_estimate":46128.921381494234,"standard_error":168.29414664315414},"median":{"confidence_interval":{"confidence_level":0.95,"lower_bound":45756.82,"upper_bound":45939.39413118527},"point_estimate":45827.48733415661,"standard_error":46.56142283665839},"median_abs_dev":{"confidence_interval":{"confidence_level":0.95,"lower_bound":199.19288196850778,"upper_bound":342.6139054808521},"point_estimate":243.66355483186433,"standard_error":39.676913790456304},"slope":{"confidence_interval":{"confidence_level":0.95,"lower_bound":45805.345228079765,"upper_bound":45922.0384118783},"point_estimate":45859.81887703696,"standard_error":29.787771622651036},"std_dev":{"confidence_interval":{"confidence_level":0.95,"lower_bound":314.93817304309886,"upper_bound":2818.587978638992},"point_estimate":1698.1040112737019,"standard_error":782.9901497058501}}