{"mean":{"confidence_interval":{"confidence_level":0.95,"lower_bound":44772.724590658465,"upper_bound":45304.95069681422},"point_estimate":44968.518620754825,"standard_error":149.5796767375044},"median":{"confidence_interval":{"confidence_level":0.95,"lower_bound":44716.42148337596,"upper_bound":44792.75234247849},"point_estimate":44746.85388174457,"standard_error":19.271775996566383},"median_abs_dev":{"confidence_interval":{"confidence_level":0.95,"lower_bound":156.9510461098827,"upper_bound":268.949467399102},"point_estimate":196.5788486760594,"standard_error":26.802771464518678},"slope":{"confidence_interval":{"confidence_level":0.95,"lower_bound":44689.64270941632,"upper_bound":44847.16623197506},"point_estimate":44758.61509345224,"standard_error":40.55169489871782},"std_dev":{"confidence_interval":{"confidence_level":0.95,"lower_bound":230.97397124566186,"upper_bound":2548.022648157211},"point_estimate":1507.8233975998212,"standard_error":784.0678951665944}}