{"mean":{"confidence_interval":{"confidence_level":0.95,"lower_bound":45325.25695337225,"upper_bound":45836.56855731089},"point_estimate":45533.075385834585,"standard_error":134.27235240901007},"median":{"confidence_interval":{"confidence_level":0.95,"lower_bound":45238.1004604232,"upper_bound":45345.15056119024},"point_estimate":45291.78484848485,"standard_error":28.63493548393805},"median_abs_dev":{"confidence_interval":{"confidence_level":0.95,"lower_bound":161.19818914446418,"upper_bound":280.7540248285062},"point_estimate":203.26617356350923,"standard_error":31.001352564746643},"slope":{"confidence_interval":{"confidence_level":0.95,"lower_bound":45264.812320978504,"upper_bound":45813.50394959249},"point_estimate":45460.5196473528,"standard_error":152.79055134307234},"std_dev":{"confidence_interval":{"confidence_level":0.95,"lower_bound":267.32307354388047,"upper_bound":2177.6593094686723},"point_estimate":1352.2073220805223,"standard_error":538.5992271960204}}