{"mean":{"confidence_interval":{"confidence_level":0.95,"lower_bound":44948.32076637226,"upper_bound":45831.49804026024},"point_estimate":45282.229143401884,"standard_error":239.85654949880222},"median":{"confidence_interval":{"confidence_level":0.95,"lower_bound":44820.78107606679,"upper_bound":44959.88932806324},"point_estimate":44880.9273395722,"standard_error":31.17632327570096},"median_abs_dev":{"confidence_interval":{"confidence_level":0.95,"lower_bound":205.3590136248587,"upper_bound":347.6401088945619},"point_estimate":276.9816116119266,"standard_error":35.96009578697211},"slope":{"confidence_interval":{"confidence_level":0.95,"lower_bound":44796.898322451765,"upper_bound":45291.581156062166},"point_estimate":44972.68916143853,"standard_error":136.94881381931472},"std_dev":{"confidence_interval":{"confidence_level":0.95,"lower_bound":347.9195907211368,"upper_bound":4022.3852752953685},"point_estimate":2406.0272863946084,"standard_error":1161.6149176053752}}