{"mean":{"confidence_interval":{"confidence_level":0.95,"lower_bound":46210.96492122056,"upper_bound":47620.61742921081},"point_estimate":46841.0875411396,"standard_error":363.0833114585972},"median":{"confidence_interval":{"confidence_level":0.95,"lower_bound":45658.90371456501,"upper_bound":45751.839597700346},"point_estimate":45709.24921857347,"standard_error":26.19625371064032},"median_abs_dev":{"confidence_interval":{"confidence_level":0.95,"lower_bound":144.90046331240725,"upper_bound":269.75829940504315},"point_estimate":192.70798898499712,"standard_error":31.281232973425528},"slope":{"confidence_interval":{"confidence_level":0.95,"lower_bound":45706.731963825056,"upper_bound":45872.67903021364},"point_estimate":45774.90535513253,"standard_error":42.91076052092677},"std_dev":{"confidence_interval":{"confidence_level":0.95,"lower_bound":1851.8774737270753,"upper_bound":5249.889416524157},"point_estimate":3649.1748409864476,"standard_error":887.8622151876566}}