{"mean":{"confidence_interval":{"confidence_level":0.95,"lower_bound":44494.50178543695,"upper_bound":45278.26784340976},"point_estimate":44798.50901783036,"standard_error":210.54710096715027},"median":{"confidence_interval":{"confidence_level":0.95,"lower_bound":44425.910408432144,"upper_bound":44483.41690205292},"point_estimate":44455.424818840576,"standard_error":16.529236953092344},"median_abs_dev":{"confidence_interval":{"confidence_level":0.95,"lower_bound":117.27682662437601,"upper_bound":239.1721352187263},"point_estimate":175.96809703404077,"standard_error":30.17493215508803},"slope":{"confidence_interval":{"confidence_level":0.95,"lower_bound":44421.28773395266,"upper_bound":44792.642883651104},"point_estimate":44555.83621577862,"standard_error":100.79367339196527},"std_dev":{"confidence_interval":{"confidence_level":0.95,"lower_bound":259.01798385037006,"upper_bound":3502.4052781713744},"point_estimate":2116.5147683227156,"standard_error":964.986921757397}}