{"mean":{"confidence_interval":{"confidence_level":0.95,"lower_bound":47272.049699896175,"upper_bound":47801.53767691658},"point_estimate":47465.22726545686,"standard_error":149.998657455653},"median":{"confidence_interval":{"confidence_level":0.95,"lower_bound":47211.727357609714,"upper_bound":47288.170615217285},"point_estimate":47249.27584762468,"standard_error":20.65623745467132},"median_abs_dev":{"confidence_interval":{"confidence_level":0.95,"lower_bound":143.1089690961357,"upper_bound":234.60215374023264},"point_estimate":190.47836434645362,"standard_error":23.7943305703762},"slope":{"confidence_interval":{"confidence_level":0.95,"lower_bound":47200.299403582576,"upper_bound":47311.94332289852},"point_estimate":47250.04125989571,"standard_error":28.53261899401322},"std_dev":{"confidence_interval":{"confidence_level":0.95,"lower_bound":216.02897678185866,"upper_bound":2538.0402635456453},"point_estimate":1500.438170951074,"standard_error":787.5708550542943}}