{"mean":{"confidence_interval":{"confidence_level":0.95,"lower_bound":43795.01363247229,"upper_bound":44453.81320214271},"point_estimate":44031.50581110655,"standard_error":190.79626608387647},"median":{"confidence_interval":{"confidence_level":0.95,"lower_bound":43750.022411474674,"upper_bound":43820.200781631655},"point_estimate":43781.17127113526,"standard_error":17.85358617490272},"median_abs_dev":{"confidence_interval":{"confidence_level":0.95,"lower_bound":109.46490155817274,"upper_bound":213.9523141880849},"point_estimate":143.30358891442313,"standard_error":26.38444409372704},"slope":{"confidence_interval":{"confidence_level":0.95,"lower_bound":43775.90459278552,"upper_bound":43848.79294825803},"point_estimate":43809.42006386492,"standard_error":18.507281356853305},"std_dev":{"confidence_interval":{"confidence_level":0.95,"lower_bound":172.88083464909462,"upper_bound":3252.01522635749},"point_estimate":1912.9248192453551,"standard_error":1045.91091752481}}