{"mean":{"confidence_interval":{"confidence_level":0.95,"lower_bound":43500.57628709521,"upper_bound":44293.904747741086},"point_estimate":43782.407646244865,"standard_error":237.42250750870198},"median":{"confidence_interval":{"confidence_level":0.95,"lower_bound":43423.83887468031,"upper_bound":43475.648552229904},"point_estimate":43453.33493631972,"standard_error":12.22343007856883},"median_abs_dev":{"confidence_interval":{"confidence_level":0.95,"lower_bound":92.28941569872475,"upper_bound":159.68803576023538},"point_estimate":131.41964897777066,"standard_error":16.402350694990872},"slope":{"confidence_interval":{"confidence_level":0.95,"lower_bound":43427.9956178363,"upper_bound":43529.83785985615},"point_estimate":43471.84546578344,"standard_error":26.35386552721257},"std_dev":{"confidence_interval":{"confidence_level":0.95,"lower_bound":213.14403237620547,"upper_bound":4069.5914226028062},"point_estimate":2385.853083383431,"standard_error":1354.5386587882508}}