{"mean":{"confidence_interval":{"confidence_level":0.95,"lower_bound":44850.482088797035,"upper_bound":45506.824400812104},"point_estimate":45084.84180484714,"standard_error":196.5217913910793},"median":{"confidence_interval":{"confidence_level":0.95,"lower_bound":44767.746854594676,"upper_bound":44881.46937158951},"point_estimate":44795.37770426381,"standard_error":34.89432298443714},"median_abs_dev":{"confidence_interval":{"confidence_level":0.95,"lower_bound":129.87761392255098,"upper_bound":247.5098749749777},"point_estimate":164.71205754363956,"standard_error":32.30912705739978},"slope":{"confidence_interval":{"confidence_level":0.95,"lower_bound":44768.19680130857,"upper_bound":44847.435077479604},"point_estimate":44806.053450440435,"standard_error":20.23108443000546},"std_dev":{"confidence_interval":{"confidence_level":0.95,"lower_bound":215.0569555663421,"upper_bound":3380.073697856584},"point_estimate":1980.6446833939713,"standard_error":1123.5950506817292}}