{"mean":{"confidence_interval":{"confidence_level":0.95,"lower_bound":43761.78134735077,"upper_bound":44526.14150800939},"point_estimate":44058.48924637433,"standard_error":205.3124502920385},"median":{"confidence_interval":{"confidence_level":0.95,"lower_bound":43697.72567216735,"upper_bound":43751.8875},"point_estimate":43726.22729190286,"standard_error":13.14930718382393},"median_abs_dev":{"confidence_interval":{"confidence_level":0.95,"lower_bound":108.61605438746881,"upper_bound":225.85050264939338},"point_estimate":140.24840025739158,"standard_error":29.439025350919717},"slope":{"confidence_interval":{"confidence_level":0.95,"lower_bound":43717.63721591985,"upper_bound":44004.68728088005},"point_estimate":43836.85576075713,"standard_error":73.79249382410265},"std_dev":{"confidence_interval":{"confidence_level":0.95,"lower_bound":280.71631146220017,"upper_bound":3443.918821238807},"point_estimate":2077.703093056705,"standard_error":952.9803613168733}}