{"mean":{"confidence_interval":{"confidence_level":0.95,"lower_bound":51884.15144603316,"upper_bound":53447.29336767584},"point_estimate":52599.49032846545,"standard_error":402.09837210367294},"median":{"confidence_interval":{"confidence_level":0.95,"lower_bound":51185.8,"upper_bound":51355.44545454546},"point_estimate":51251.47458508957,"standard_error":42.404515926151504},"median_abs_dev":{"confidence_interval":{"confidence_level":0.95,"lower_bound":225.54776040095902,"upper_bound":393.46251228877946},"point_estimate":298.40772663686727,"standard_error":43.52036315216404},"slope":{"confidence_interval":{"confidence_level":0.95,"lower_bound":51322.334013606756,"upper_bound":51730.45943501745},"point_estimate":51501.40307536574,"standard_error":104.70327009262544},"std_dev":{"confidence_interval":{"confidence_level":0.95,"lower_bound":2566.4712800164675,"upper_bound":5279.272557199573},"point_estimate":4046.4482642213493,"standard_error":697.3510357055518}}