{"mean":{"confidence_interval":{"confidence_level":0.95,"lower_bound":9103.19167120716,"upper_bound":9194.216506079749},"point_estimate":9147.591172942548,"standard_error":23.191644403240815},"median":{"confidence_interval":{"confidence_level":0.95,"lower_bound":9036.60621898263,"upper_bound":9098.555555555555},"point_estimate":9063.098527443106,"standard_error":16.53434678550866},"median_abs_dev":{"confidence_interval":{"confidence_level":0.95,"lower_bound":83.21411204246755,"upper_bound":188.76771883353072},"point_estimate":121.71750118125567,"standard_error":28.244979290888057},"slope":{"confidence_interval":{"confidence_level":0.95,"lower_bound":9027.619802579775,"upper_bound":9055.71778978335},"point_estimate":9041.492573461708,"standard_error":7.178283344473551},"std_dev":{"confidence_interval":{"confidence_level":0.95,"lower_bound":193.77887617437284,"upper_bound":271.7685166367686},"point_estimate":233.6733482644731,"standard_error":20.01158274720818}}