{"mean":{"confidence_interval":{"confidence_level":0.95,"lower_bound":8749.004155717723,"upper_bound":8815.796586111092},"point_estimate":8782.413434721717,"standard_error":16.969102333797938},"median":{"confidence_interval":{"confidence_level":0.95,"lower_bound":8793.225890837104,"upper_bound":8834.285714285714},"point_estimate":8816.7877734375,"standard_error":12.994259655617537},"median_abs_dev":{"confidence_interval":{"confidence_level":0.95,"lower_bound":82.76529243891815,"upper_bound":233.55552257195833},"point_estimate":162.18321659182618,"standard_error":40.51644976937679},"slope":{"confidence_interval":{"confidence_level":0.95,"lower_bound":8770.400849879712,"upper_bound":8819.066427868494},"point_estimate":8795.600983079652,"standard_error":12.364607251514624},"std_dev":{"confidence_interval":{"confidence_level":0.95,"lower_bound":144.21730017270096,"upper_bound":195.70754906641383},"point_estimate":170.99369101629003,"standard_error":13.178045803053125}}