{"mean":{"confidence_interval":{"confidence_level":0.95,"lower_bound":9814.129409141022,"upper_bound":9969.985028194353},"point_estimate":9883.292578993018,"standard_error":40.048084112015964},"median":{"confidence_interval":{"confidence_level":0.95,"lower_bound":9746.765132993776,"upper_bound":9785.561589882565},"point_estimate":9770.113804713805,"standard_error":11.211986715305812},"median_abs_dev":{"confidence_interval":{"confidence_level":0.95,"lower_bound":106.96712687343806,"upper_bound":255.79497379206407},"point_estimate":158.78932699107295,"standard_error":34.55901453998174},"slope":{"confidence_interval":{"confidence_level":0.95,"lower_bound":9707.235243341109,"upper_bound":9757.276670302323},"point_estimate":9730.338440273877,"standard_error":12.744805590596012},"std_dev":{"confidence_interval":{"confidence_level":0.95,"lower_bound":223.68720365429402,"upper_bound":593.5401853520802},"point_estimate":400.92828951820445,"standard_error":111.35404553801422}}