{"mean":{"confidence_interval":{"confidence_level":0.95,"lower_bound":7991.639235467855,"upper_bound":8048.325658824055},"point_estimate":8016.74115922391,"standard_error":14.576626300320122},"median":{"confidence_interval":{"confidence_level":0.95,"lower_bound":7987.587268292683,"upper_bound":8003.746268656716},"point_estimate":7995.057171070822,"standard_error":4.543195491143655},"median_abs_dev":{"confidence_interval":{"confidence_level":0.95,"lower_bound":30.173014796857657,"upper_bound":56.44832440324707},"point_estimate":41.17255529398619,"standard_error":6.488716616669348},"slope":{"confidence_interval":{"confidence_level":0.95,"lower_bound":7984.541069892266,"upper_bound":8000.118447560355},"point_estimate":7992.409268903009,"standard_error":3.9613663808094643},"std_dev":{"confidence_interval":{"confidence_level":0.95,"lower_bound":79.06132587711154,"upper_bound":218.00771106996234},"point_estimate":146.6887570334334,"standard_error":41.229791593650404}}