{"mean":{"confidence_interval":{"confidence_level":0.95,"lower_bound":10330.390297452082,"upper_bound":10411.217066887906},"point_estimate":10369.863241042338,"standard_error":20.63355180230999},"median":{"confidence_interval":{"confidence_level":0.95,"lower_bound":10267.448328267477,"upper_bound":10339.812030075187},"point_estimate":10293.387465063544,"standard_error":17.47928087825243},"median_abs_dev":{"confidence_interval":{"confidence_level":0.95,"lower_bound":72.00890313050061,"upper_bound":170.73347833256815},"point_estimate":105.07893456786222,"standard_error":25.85530148344694},"slope":{"confidence_interval":{"confidence_level":0.95,"lower_bound":10265.487095465418,"upper_bound":10314.94372395863},"point_estimate":10287.682728366653,"standard_error":12.716273354234366},"std_dev":{"confidence_interval":{"confidence_level":0.95,"lower_bound":173.32387386603205,"upper_bound":238.5988871738302},"point_estimate":207.8391884317412,"standard_error":16.649472429469682}}