{"mean":{"confidence_interval":{"confidence_level":0.95,"lower_bound":9172.212063183671,"upper_bound":9267.788379957492},"point_estimate":9218.879716787153,"standard_error":24.43182418950256},"median":{"confidence_interval":{"confidence_level":0.95,"lower_bound":9097.404135338345,"upper_bound":9139.88531037415},"point_estimate":9114.660494910495,"standard_error":11.924794532794435},"median_abs_dev":{"confidence_interval":{"confidence_level":0.95,"lower_bound":53.24275808499358,"upper_bound":136.454444402901},"point_estimate":77.40746938630653,"standard_error":20.66123011843582},"slope":{"confidence_interval":{"confidence_level":0.95,"lower_bound":9083.204681292813,"upper_bound":9108.562200227323},"point_estimate":9095.364436445776,"standard_error":6.458324659600266},"std_dev":{"confidence_interval":{"confidence_level":0.95,"lower_bound":203.2490965230497,"upper_bound":281.6641053202662},"point_estimate":244.34751609007157,"standard_error":19.990985844000132}}