{"mean":{"confidence_interval":{"confidence_level":0.95,"lower_bound":9277.515064540206,"upper_bound":9365.670433494399},"point_estimate":9320.735077858535,"standard_error":22.52114609221372},"median":{"confidence_interval":{"confidence_level":0.95,"lower_bound":9209.10661268556,"upper_bound":9269.705718062425},"point_estimate":9243.73187207058,"standard_error":17.151197367375055},"median_abs_dev":{"confidence_interval":{"confidence_level":0.95,"lower_bound":96.74846895596767,"upper_bound":226.87859155938793},"point_estimate":158.65158238354118,"standard_error":32.534603054967434},"slope":{"confidence_interval":{"confidence_level":0.95,"lower_bound":9183.82299929117,"upper_bound":9220.885797695615},"point_estimate":9201.10663855134,"standard_error":9.437159360989709},"std_dev":{"confidence_interval":{"confidence_level":0.95,"lower_bound":191.101460945405,"upper_bound":255.75655910584342},"point_estimate":225.31328862467464,"standard_error":16.526595618850045}}