{"mean":{"confidence_interval":{"confidence_level":0.95,"lower_bound":9606.853601039364,"upper_bound":9711.66662282335},"point_estimate":9657.268803085208,"standard_error":26.841603125908765},"median":{"confidence_interval":{"confidence_level":0.95,"lower_bound":9538.291208791208,"upper_bound":9646.12955465587},"point_estimate":9578.847311124237,"standard_error":27.450836708720427},"median_abs_dev":{"confidence_interval":{"confidence_level":0.95,"lower_bound":152.43342538741322,"upper_bound":298.1317364941978},"point_estimate":195.2337797141578,"standard_error":40.508387138015074},"slope":{"confidence_interval":{"confidence_level":0.95,"lower_bound":9489.010138239579,"upper_bound":9540.697070606628},"point_estimate":9512.795099294086,"standard_error":13.170612092824738},"std_dev":{"confidence_interval":{"confidence_level":0.95,"lower_bound":210.69167958413598,"upper_bound":337.47819841570026},"point_estimate":270.6391325553918,"standard_error":33.61251951899762}}