{"mean":{"confidence_interval":{"confidence_level":0.95,"lower_bound":9259.818056112254,"upper_bound":9353.158050366748},"point_estimate":9303.885318669712,"standard_error":23.768320421959203},"median":{"confidence_interval":{"confidence_level":0.95,"lower_bound":9211.314089832711,"upper_bound":9259.021235521235},"point_estimate":9234.763996297821,"standard_error":11.777667499996026},"median_abs_dev":{"confidence_interval":{"confidence_level":0.95,"lower_bound":93.24473766818161,"upper_bound":203.9265062894897},"point_estimate":139.4539030483897,"standard_error":29.855791425971386},"slope":{"confidence_interval":{"confidence_level":0.95,"lower_bound":9201.326335884043,"upper_bound":9337.730231058706},"point_estimate":9255.609598617726,"standard_error":36.10243444892917},"std_dev":{"confidence_interval":{"confidence_level":0.95,"lower_bound":171.00979333804858,"upper_bound":317.4105405808004},"point_estimate":239.35447719345095,"standard_error":40.530838693585046}}