{"mean":{"confidence_interval":{"confidence_level":0.95,"lower_bound":10454.06748284795,"upper_bound":10546.344031404207},"point_estimate":10499.447226879198,"standard_error":23.589664176408224},"median":{"confidence_interval":{"confidence_level":0.95,"lower_bound":10407.042078466606,"upper_bound":10474.321931589537},"point_estimate":10442.523923992674,"standard_error":17.24401615533187},"median_abs_dev":{"confidence_interval":{"confidence_level":0.95,"lower_bound":138.08734821984416,"upper_bound":309.29523340843195},"point_estimate":205.3239099268147,"standard_error":45.5511289649705},"slope":{"confidence_interval":{"confidence_level":0.95,"lower_bound":10332.21637113944,"upper_bound":10392.751372506847},"point_estimate":10360.670462538792,"standard_error":15.464528422703548},"std_dev":{"confidence_interval":{"confidence_level":0.95,"lower_bound":203.51854944904642,"upper_bound":268.83635537401824},"point_estimate":237.6906055638963,"standard_error":16.68703585059801}}