{"mean":{"confidence_interval":{"confidence_level":0.95,"lower_bound":9129.480257352203,"upper_bound":9191.471949847904},"point_estimate":9160.03735471613,"standard_error":15.845710832069608},"median":{"confidence_interval":{"confidence_level":0.95,"lower_bound":9102.942307692309,"upper_bound":9155.002939785623},"point_estimate":9119.933552930484,"standard_error":12.21107692966068},"median_abs_dev":{"confidence_interval":{"confidence_level":0.95,"lower_bound":79.92730295970357,"upper_bound":159.13940491092148},"point_estimate":101.3680734962151,"standard_error":19.02085959948619},"slope":{"confidence_interval":{"confidence_level":0.95,"lower_bound":9077.797707452864,"upper_bound":9112.456774414351},"point_estimate":9094.548857464391,"standard_error":8.81399170382835},"std_dev":{"confidence_interval":{"confidence_level":0.95,"lower_bound":135.18661595156615,"upper_bound":181.35917403241572},"point_estimate":159.7487604214435,"standard_error":11.755417891753837}}