{"mean":{"confidence_interval":{"confidence_level":0.95,"lower_bound":10268.66013418211,"upper_bound":10385.356818341626},"point_estimate":10325.67613746281,"standard_error":29.816792026498582},"median":{"confidence_interval":{"confidence_level":0.95,"lower_bound":10198.80975609756,"upper_bound":10265.08},"point_estimate":10235.822084409992,"standard_error":16.130751541070833},"median_abs_dev":{"confidence_interval":{"confidence_level":0.95,"lower_bound":118.52319441837334,"upper_bound":290.9754425401353},"point_estimate":206.17206441129403,"standard_error":45.01732191426596},"slope":{"confidence_interval":{"confidence_level":0.95,"lower_bound":10121.9040509096,"upper_bound":10173.372269127829},"point_estimate":10146.02114161864,"standard_error":13.113767989465972},"std_dev":{"confidence_interval":{"confidence_level":0.95,"lower_bound":254.44503922393798,"upper_bound":337.87573639981883},"point_estimate":300.47112113663496,"standard_error":21.269898582163993}}