{"mean":{"confidence_interval":{"confidence_level":0.95,"lower_bound":9101.422111701564,"upper_bound":9171.814431667764},"point_estimate":9135.820261828894,"standard_error":18.000052983558493},"median":{"confidence_interval":{"confidence_level":0.95,"lower_bound":9040.30315614618,"upper_bound":9088.211076604555},"point_estimate":9067.237515671943,"standard_error":12.176878736957612},"median_abs_dev":{"confidence_interval":{"confidence_level":0.95,"lower_bound":65.59120721310403,"upper_bound":158.59499187765874},"point_estimate":101.5743073803696,"standard_error":23.362699568388514},"slope":{"confidence_interval":{"confidence_level":0.95,"lower_bound":9035.998210634958,"upper_bound":9060.80148110504},"point_estimate":9047.869745192003,"standard_error":6.3371127412373225},"std_dev":{"confidence_interval":{"confidence_level":0.95,"lower_bound":155.06274884409163,"upper_bound":201.40934960044893},"point_estimate":180.59920030111635,"standard_error":11.781508127549662}}