{"mean":{"confidence_interval":{"confidence_level":0.95,"lower_bound":7497.522018365163,"upper_bound":7551.480789035887},"point_estimate":7525.0484576506105,"standard_error":13.729532048200047},"median":{"confidence_interval":{"confidence_level":0.95,"lower_bound":7540.871212121212,"upper_bound":7576.260317460317},"point_estimate":7551.454853620955,"standard_error":10.17044340619836},"median_abs_dev":{"confidence_interval":{"confidence_level":0.95,"lower_bound":51.37544599379945,"upper_bound":104.22568314126364},"point_estimate":75.61780430172904,"standard_error":14.293365923922185},"slope":{"confidence_interval":{"confidence_level":0.95,"lower_bound":7560.837985139129,"upper_bound":7588.778865316352},"point_estimate":7574.179262302349,"standard_error":7.071802182847709},"std_dev":{"confidence_interval":{"confidence_level":0.95,"lower_bound":113.8112960190288,"upper_bound":157.933504460522},"point_estimate":138.0864436713547,"standard_error":11.24264811365184}}