{"mean":{"confidence_interval":{"confidence_level":0.95,"lower_bound":10390.956875399877,"upper_bound":10464.815628360348},"point_estimate":10427.282286194202,"standard_error":18.83933264941374},"median":{"confidence_interval":{"confidence_level":0.95,"lower_bound":10341.78125,"upper_bound":10425.522065434565},"point_estimate":10381.998469387756,"standard_error":22.093872673655767},"median_abs_dev":{"confidence_interval":{"confidence_level":0.95,"lower_bound":103.42617866730029,"upper_bound":216.0806044802314},"point_estimate":156.43800253036386,"standard_error":29.721107051640068},"slope":{"confidence_interval":{"confidence_level":0.95,"lower_bound":10313.203873654598,"upper_bound":10373.684899105674},"point_estimate":10341.023692499313,"standard_error":15.418060470348172},"std_dev":{"confidence_interval":{"confidence_level":0.95,"lower_bound":162.00105123475362,"upper_bound":214.57968399643963},"point_estimate":190.0078106603266,"standard_error":13.449124669508294}}