{"mean":{"confidence_interval":{"confidence_level":0.95,"lower_bound":8752.135020662494,"upper_bound":8843.65442293761},"point_estimate":8796.482972777318,"standard_error":23.3727505227513},"median":{"confidence_interval":{"confidence_level":0.95,"lower_bound":8781.381666666666,"upper_bound":8848.464761904763},"point_estimate":8812.519543378996,"standard_error":18.118970669160205},"median_abs_dev":{"confidence_interval":{"confidence_level":0.95,"lower_bound":125.83793068641668,"upper_bound":259.6257938366022},"point_estimate":194.93249664223558,"standard_error":34.16845054169655},"slope":{"confidence_interval":{"confidence_level":0.95,"lower_bound":8787.72049599364,"upper_bound":8874.566306770908},"point_estimate":8831.168717600118,"standard_error":22.189530559361728},"std_dev":{"confidence_interval":{"confidence_level":0.95,"lower_bound":179.0336413419697,"upper_bound":297.047484796721},"point_estimate":235.7559725935335,"standard_error":31.09591874481654}}