{"mean":{"confidence_interval":{"confidence_level":0.95,"lower_bound":9192.457714786038,"upper_bound":9304.20613611366},"point_estimate":9244.700497579934,"standard_error":28.50385963961795},"median":{"confidence_interval":{"confidence_level":0.95,"lower_bound":9121.458874458875,"upper_bound":9167.146153846154},"point_estimate":9134.335490899768,"standard_error":12.17106808296561},"median_abs_dev":{"confidence_interval":{"confidence_level":0.95,"lower_bound":61.53384552146634,"upper_bound":133.61803117918726},"point_estimate":89.15169253773634,"standard_error":18.65765976846859},"slope":{"confidence_interval":{"confidence_level":0.95,"lower_bound":9105.733892087637,"upper_bound":9131.718242816116},"point_estimate":9118.37891236885,"standard_error":6.631144012240872},"std_dev":{"confidence_interval":{"confidence_level":0.95,"lower_bound":196.0984999572321,"upper_bound":384.63860201295097},"point_estimate":285.99625819927485,"standard_error":50.735887120326105}}