{"mean":{"confidence_interval":{"confidence_level":0.95,"lower_bound":9202.538176413287,"upper_bound":9291.226476389736},"point_estimate":9246.16357564573,"standard_error":22.620732025748257},"median":{"confidence_interval":{"confidence_level":0.95,"lower_bound":9122.40923076923,"upper_bound":9189.818612661202},"point_estimate":9158.40950848821,"standard_error":16.245126387134167},"median_abs_dev":{"confidence_interval":{"confidence_level":0.95,"lower_bound":92.00882721229007,"upper_bound":198.7940317730977},"point_estimate":135.57727321097514,"standard_error":27.994123066441464},"slope":{"confidence_interval":{"confidence_level":0.95,"lower_bound":9108.567168972431,"upper_bound":9153.626160935786},"point_estimate":9128.731476509303,"standard_error":11.536752176348845},"std_dev":{"confidence_interval":{"confidence_level":0.95,"lower_bound":199.24257427886295,"upper_bound":249.5208153911835},"point_estimate":227.54187604174558,"standard_error":12.814968842095327}}