{"mean":{"confidence_interval":{"confidence_level":0.95,"lower_bound":9836.99301527283,"upper_bound":9968.712238337808},"point_estimate":9899.152850468254,"standard_error":33.65833625786222},"median":{"confidence_interval":{"confidence_level":0.95,"lower_bound":9735.478947368421,"upper_bound":9816.01163486719},"point_estimate":9768.99957839262,"standard_error":20.148835804335466},"median_abs_dev":{"confidence_interval":{"confidence_level":0.95,"lower_bound":79.26542198753516,"upper_bound":193.69906833571076},"point_estimate":121.07073775099205,"standard_error":28.389822543557795},"slope":{"confidence_interval":{"confidence_level":0.95,"lower_bound":9732.463410790808,"upper_bound":9783.585623314115},"point_estimate":9756.128537313432,"standard_error":13.013083848453315},"std_dev":{"confidence_interval":{"confidence_level":0.95,"lower_bound":237.37542176465405,"upper_bound":431.0891528299319},"point_estimate":336.99501318601995,"standard_error":49.996507217606634}}