{"mean":{"confidence_interval":{"confidence_level":0.95,"lower_bound":10316.402144930353,"upper_bound":10402.116490940743},"point_estimate":10357.957599564577,"standard_error":21.91389080572096},"median":{"confidence_interval":{"confidence_level":0.95,"lower_bound":10258.263492063492,"upper_bound":10327.214285714286},"point_estimate":10279.165751401302,"standard_error":17.476342827182684},"median_abs_dev":{"confidence_interval":{"confidence_level":0.95,"lower_bound":82.23667962428574,"upper_bound":174.38705027413764},"point_estimate":115.54144832323932,"standard_error":23.069840926709034},"slope":{"confidence_interval":{"confidence_level":0.95,"lower_bound":10261.640811598229,"upper_bound":10329.166975768141},"point_estimate":10289.220020899744,"standard_error":17.846678925552798},"std_dev":{"confidence_interval":{"confidence_level":0.95,"lower_bound":178.37019544339523,"upper_bound":260.24687069313126},"point_estimate":220.70766643408388,"standard_error":20.954383047363788}}