{"mean":{"confidence_interval":{"confidence_level":0.95,"lower_bound":9027.883451355763,"upper_bound":9106.567165110264},"point_estimate":9066.795210536908,"standard_error":20.150486321034084},"median":{"confidence_interval":{"confidence_level":0.95,"lower_bound":9005.354825174825,"upper_bound":9110.897376290246},"point_estimate":9070.884368349041,"standard_error":26.699901429554888},"median_abs_dev":{"confidence_interval":{"confidence_level":0.95,"lower_bound":163.4990667033155,"upper_bound":259.1803056378896},"point_estimate":217.29004489639402,"standard_error":24.102308235390453},"slope":{"confidence_interval":{"confidence_level":0.95,"lower_bound":9006.20588354305,"upper_bound":9067.533077690736},"point_estimate":9038.022849120733,"standard_error":15.63722385841098},"std_dev":{"confidence_interval":{"confidence_level":0.95,"lower_bound":172.98273082571956,"upper_bound":230.25259771554303},"point_estimate":202.5154110339486,"standard_error":14.61865578733693}}