{"mean":{"confidence_interval":{"confidence_level":0.95,"lower_bound":10220.250218224985,"upper_bound":10291.980241016197},"point_estimate":10255.28439065352,"standard_error":18.305744422665118},"median":{"confidence_interval":{"confidence_level":0.95,"lower_bound":10155.048383424408,"upper_bound":10267.790361445783},"point_estimate":10194.80182748538,"standard_error":32.68564496120853},"median_abs_dev":{"confidence_interval":{"confidence_level":0.95,"lower_bound":119.61010113348011,"upper_bound":230.74459666103982},"point_estimate":167.5872513104466,"standard_error":31.063193774043455},"slope":{"confidence_interval":{"confidence_level":0.95,"lower_bound":10169.741173369215,"upper_bound":10237.027825892075},"point_estimate":10202.186745677553,"standard_error":17.114546791393025},"std_dev":{"confidence_interval":{"confidence_level":0.95,"lower_bound":154.73837207630376,"upper_bound":214.2146350090859},"point_estimate":183.9701321641509,"standard_error":15.306667896605202}}