{"mean":{"confidence_interval":{"confidence_level":0.95,"lower_bound":9645.372974041124,"upper_bound":9762.090903817969},"point_estimate":9702.60879539018,"standard_error":29.766289677264087},"median":{"confidence_interval":{"confidence_level":0.95,"lower_bound":9548.16495380463,"upper_bound":9630.978632478633},"point_estimate":9573.03181528256,"standard_error":22.13205424441654},"median_abs_dev":{"confidence_interval":{"confidence_level":0.95,"lower_bound":127.59862194947277,"upper_bound":265.0340280384468},"point_estimate":190.27122784578992,"standard_error":32.50347645147913},"slope":{"confidence_interval":{"confidence_level":0.95,"lower_bound":9510.866899279923,"upper_bound":9565.09423694954},"point_estimate":9534.975770651692,"standard_error":13.836601097274592},"std_dev":{"confidence_interval":{"confidence_level":0.95,"lower_bound":255.51481529759138,"upper_bound":334.15158362662197},"point_estimate":299.0714821812582,"standard_error":20.104957751181324}}