{"mean":{"confidence_interval":{"confidence_level":0.95,"lower_bound":10624.892193420497,"upper_bound":11005.385588249024},"point_estimate":10808.726857363896,"standard_error":97.06412345398337},"median":{"confidence_interval":{"confidence_level":0.95,"lower_bound":10287.331079894644,"upper_bound":10344.8},"point_estimate":10314.136654589372,"standard_error":15.470475902403344},"median_abs_dev":{"confidence_interval":{"confidence_level":0.95,"lower_bound":71.59684933496216,"upper_bound":174.752070330863},"point_estimate":109.59594280815129,"standard_error":26.44794135382829},"slope":{"confidence_interval":{"confidence_level":0.95,"lower_bound":10297.087381479394,"upper_bound":10354.813369754049},"point_estimate":10322.657630264519,"standard_error":14.772082489639496},"std_dev":{"confidence_interval":{"confidence_level":0.95,"lower_bound":817.3856793588138,"upper_bound":1089.5023899526534},"point_estimate":976.0030205135604,"standard_error":69.41906716053008}}