{"mean":{"confidence_interval":{"confidence_level":0.95,"lower_bound":9261.150935112313,"upper_bound":9356.029699526798},"point_estimate":9307.682896000759,"standard_error":24.226953914351586},"median":{"confidence_interval":{"confidence_level":0.95,"lower_bound":9194.38820641186,"upper_bound":9274.081360946746},"point_estimate":9219.51169365722,"standard_error":21.601804220609232},"median_abs_dev":{"confidence_interval":{"confidence_level":0.95,"lower_bound":121.93042245095535,"upper_bound":267.86381226725865},"point_estimate":192.107761191806,"standard_error":36.05936283888225},"slope":{"confidence_interval":{"confidence_level":0.95,"lower_bound":9157.478923352226,"upper_bound":9201.934425476435},"point_estimate":9178.32747405395,"standard_error":11.317810885007251},"std_dev":{"confidence_interval":{"confidence_level":0.95,"lower_bound":208.8616491713311,"upper_bound":273.29468170843626},"point_estimate":243.63869367919918,"standard_error":16.443218832174537}}