{"mean":{"confidence_interval":{"confidence_level":0.95,"lower_bound":10360.133002936642,"upper_bound":10458.378071628324},"point_estimate":10407.748342164372,"standard_error":25.061300848085423},"median":{"confidence_interval":{"confidence_level":0.95,"lower_bound":10291.25415282392,"upper_bound":10330.186368145743},"point_estimate":10313.306735985534,"standard_error":9.574051812716032},"median_abs_dev":{"confidence_interval":{"confidence_level":0.95,"lower_bound":62.61701899702086,"upper_bound":141.19893919383506},"point_estimate":85.25973728735771,"standard_error":20.699523458383673},"slope":{"confidence_interval":{"confidence_level":0.95,"lower_bound":10270.477363114222,"upper_bound":10298.481177307589},"point_estimate":10284.113219193987,"standard_error":7.129974249649748},"std_dev":{"confidence_interval":{"confidence_level":0.95,"lower_bound":200.2168580143067,"upper_bound":300.1710735471929},"point_estimate":251.57753111506662,"standard_error":25.630984228186968}}