{"mean":{"confidence_interval":{"confidence_level":0.95,"lower_bound":7461.7531073542705,"upper_bound":7506.4069368260725},"point_estimate":7484.690037573738,"standard_error":11.398736338240555},"median":{"confidence_interval":{"confidence_level":0.95,"lower_bound":7492.127747252747,"upper_bound":7527.846590909091},"point_estimate":7513.562996727443,"standard_error":8.841430305028824},"median_abs_dev":{"confidence_interval":{"confidence_level":0.95,"lower_bound":54.99141063085012,"upper_bound":97.50741803507624},"point_estimate":68.05085973958293,"standard_error":10.834560223929179},"slope":{"confidence_interval":{"confidence_level":0.95,"lower_bound":7506.98589119878,"upper_bound":7529.705658127872},"point_estimate":7518.060893859908,"standard_error":5.786240609015458},"std_dev":{"confidence_interval":{"confidence_level":0.95,"lower_bound":93.8170022142587,"upper_bound":131.53442872335756},"point_estimate":114.40279161179188,"standard_error":9.646106222025892}}