{"mean":{"confidence_interval":{"confidence_level":0.95,"lower_bound":6070.980197206804,"upper_bound":6090.0461331221195},"point_estimate":6079.703647987027,"standard_error":4.843869749650522},"median":{"confidence_interval":{"confidence_level":0.95,"lower_bound":6063.478222996516,"upper_bound":6077.1660231660235},"point_estimate":6068.205981067125,"standard_error":3.7965013527571236},"median_abs_dev":{"confidence_interval":{"confidence_level":0.95,"lower_bound":24.38584759515576,"upper_bound":39.53008178251727},"point_estimate":32.28619671744579,"standard_error":3.772084482973254},"slope":{"confidence_interval":{"confidence_level":0.95,"lower_bound":6071.6402604866935,"upper_bound":6086.998111014335},"point_estimate":6079.11939644071,"standard_error":3.909868445789438},"std_dev":{"confidence_interval":{"confidence_level":0.95,"lower_bound":30.293292841167602,"upper_bound":68.22803697116578},"point_estimate":48.657890227348354,"standard_error":10.322951812464428}}