{"mean":{"confidence_interval":{"confidence_level":0.95,"lower_bound":4041.972503409544,"upper_bound":4080.800017587755},"point_estimate":4060.99842645454,"standard_error":9.905368906303291},"median":{"confidence_interval":{"confidence_level":0.95,"lower_bound":4063.36091954023,"upper_bound":4087.7294834087456},"point_estimate":4077.6741534391535,"standard_error":6.063596586135048},"median_abs_dev":{"confidence_interval":{"confidence_level":0.95,"lower_bound":49.50810943121593,"upper_bound":119.83022206587235},"point_estimate":67.560263276894,"standard_error":18.41345695979243},"slope":{"confidence_interval":{"confidence_level":0.95,"lower_bound":3977.200474492889,"upper_bound":4016.5761244330815},"point_estimate":3995.44774503719,"standard_error":10.044155312935779},"std_dev":{"confidence_interval":{"confidence_level":0.95,"lower_bound":83.21337181427744,"upper_bound":117.32956918128404},"point_estimate":100.69042580509766,"standard_error":8.800417929437682}}