{"mean":{"confidence_interval":{"confidence_level":0.95,"lower_bound":6028.900960614684,"upper_bound":6070.7268269457845},"point_estimate":6046.541017260052,"standard_error":10.842010693726197},"median":{"confidence_interval":{"confidence_level":0.95,"lower_bound":6019.538690476191,"upper_bound":6033.936316695353},"point_estimate":6025.709100957995,"standard_error":3.595128453164402},"median_abs_dev":{"confidence_interval":{"confidence_level":0.95,"lower_bound":19.069860596386096,"upper_bound":37.79371210814138},"point_estimate":26.96413629171292,"standard_error":5.101966802473582},"slope":{"confidence_interval":{"confidence_level":0.95,"lower_bound":6015.133502302555,"upper_bound":6026.893907099057},"point_estimate":6020.71204627499,"standard_error":2.996620809076534},"std_dev":{"confidence_interval":{"confidence_level":0.95,"lower_bound":29.776225569498905,"upper_bound":167.0735039331723},"point_estimate":108.76044834505932,"standard_error":37.16646157680831}}