{"mean":{"confidence_interval":{"confidence_level":0.95,"lower_bound":4083.173589738122,"upper_bound":4110.952232388138},"point_estimate":4096.886843802152,"standard_error":7.12079548419707},"median":{"confidence_interval":{"confidence_level":0.95,"lower_bound":4079.3809523809523,"upper_bound":4107.001116071428},"point_estimate":4092.585756802721,"standard_error":6.881304075868475},"median_abs_dev":{"confidence_interval":{"confidence_level":0.95,"lower_bound":45.62454379034286,"upper_bound":74.82369715646216},"point_estimate":63.41810031817163,"standard_error":7.443313802386574},"slope":{"confidence_interval":{"confidence_level":0.95,"lower_bound":4059.7987737166127,"upper_bound":4087.04015103201},"point_estimate":4072.76433110262,"standard_error":6.954653462809741},"std_dev":{"confidence_interval":{"confidence_level":0.95,"lower_bound":54.043693471463996,"upper_bound":89.22187605960971},"point_estimate":71.61660222286473,"standard_error":9.106035993111547}}