{"mean":{"confidence_interval":{"confidence_level":0.95,"lower_bound":4350.5913440812055,"upper_bound":4383.881739059261},"point_estimate":4366.322504880375,"standard_error":8.528010784653894},"median":{"confidence_interval":{"confidence_level":0.95,"lower_bound":4347.881843771991,"upper_bound":4370.30029269391},"point_estimate":4360.185987509758,"standard_error":5.439836653429795},"median_abs_dev":{"confidence_interval":{"confidence_level":0.95,"lower_bound":41.486046553685256,"upper_bound":75.48467452944438},"point_estimate":54.895851769523276,"standard_error":8.859333470698646},"slope":{"confidence_interval":{"confidence_level":0.95,"lower_bound":4310.746502708003,"upper_bound":4357.653662691041},"point_estimate":4330.8118159555825,"standard_error":12.02940174204636},"std_dev":{"confidence_interval":{"confidence_level":0.95,"lower_bound":59.285487653970144,"upper_bound":114.28124743999027},"point_estimate":85.46293001557306,"standard_error":14.883981666571184}}