{"mean":{"confidence_interval":{"confidence_level":0.95,"lower_bound":6567.640307404913,"upper_bound":6611.732629759173},"point_estimate":6587.181850632695,"standard_error":11.37324630299861},"median":{"confidence_interval":{"confidence_level":0.95,"lower_bound":6550.861344537815,"upper_bound":6580.5855379188715},"point_estimate":6567.334713595583,"standard_error":7.192776606931373},"median_abs_dev":{"confidence_interval":{"confidence_level":0.95,"lower_bound":39.992875749198014,"upper_bound":68.61455596880577},"point_estimate":54.609866421784425,"standard_error":7.289024349569748},"slope":{"confidence_interval":{"confidence_level":0.95,"lower_bound":6571.074793222672,"upper_bound":6653.565621300843},"point_estimate":6602.450889611349,"standard_error":22.35078547292494},"std_dev":{"confidence_interval":{"confidence_level":0.95,"lower_bound":56.41129244596205,"upper_bound":171.09290830846828},"point_estimate":114.83155254117793,"standard_error":32.159501534164015}}