{"mean":{"confidence_interval":{"confidence_level":0.95,"lower_bound":4063.8899588538843,"upper_bound":4084.669771051084},"point_estimate":4073.9815973313976,"standard_error":5.3370304185740745},"median":{"confidence_interval":{"confidence_level":0.95,"lower_bound":4057.6238095238095,"upper_bound":4079.0139334760124},"point_estimate":4066.8861151603496,"standard_error":5.58746750427448},"median_abs_dev":{"confidence_interval":{"confidence_level":0.95,"lower_bound":37.59575319512003,"upper_bound":61.70615316413154},"point_estimate":52.47321575440712,"standard_error":6.0276706627896495},"slope":{"confidence_interval":{"confidence_level":0.95,"lower_bound":4054.355977473196,"upper_bound":4084.729011404732},"point_estimate":4068.4311230973844,"standard_error":7.77141716549632},"std_dev":{"confidence_interval":{"confidence_level":0.95,"lower_bound":42.53853058888225,"upper_bound":65.49863688007817},"point_estimate":53.79525688485671,"standard_error":5.969675697784735}}