{"mean":{"confidence_interval":{"confidence_level":0.95,"lower_bound":4211.654521188003,"upper_bound":4225.767771163596},"point_estimate":4218.526742131752,"standard_error":3.6128100939855528},"median":{"confidence_interval":{"confidence_level":0.95,"lower_bound":4203.22049689441,"upper_bound":4222.616022349743},"point_estimate":4213.757846320346,"standard_error":5.727359488500394},"median_abs_dev":{"confidence_interval":{"confidence_level":0.95,"lower_bound":25.261880479346736,"upper_bound":40.170065839036944},"point_estimate":31.717328121115674,"standard_error":3.6437662705455565},"slope":{"confidence_interval":{"confidence_level":0.95,"lower_bound":4206.955393689672,"upper_bound":4219.405922831286},"point_estimate":4213.017069813591,"standard_error":3.1835207083618813},"std_dev":{"confidence_interval":{"confidence_level":0.95,"lower_bound":28.99178011615349,"upper_bound":43.32187019032439},"point_estimate":36.25728594181804,"standard_error":3.663432719881222}}