{"mean":{"confidence_interval":{"confidence_level":0.95,"lower_bound":4074.369144880469,"upper_bound":4114.644310496791},"point_estimate":4092.5154935483256,"standard_error":10.332125907450116},"median":{"confidence_interval":{"confidence_level":0.95,"lower_bound":4076.214285714286,"upper_bound":4099.533229497467},"point_estimate":4087.8170602918585,"standard_error":6.673418361675738},"median_abs_dev":{"confidence_interval":{"confidence_level":0.95,"lower_bound":42.80969054432382,"upper_bound":85.19532045226569},"point_estimate":66.57647766418545,"standard_error":11.038179516689164},"slope":{"confidence_interval":{"confidence_level":0.95,"lower_bound":4032.8127687383885,"upper_bound":4061.5821504077003},"point_estimate":4046.036759061834,"standard_error":7.34728117929844},"std_dev":{"confidence_interval":{"confidence_level":0.95,"lower_bound":61.20332458560107,"upper_bound":152.41033828552585},"point_estimate":104.15033227460113,"standard_error":27.370746195276453}}