{"mean":{"confidence_interval":{"confidence_level":0.95,"lower_bound":4052.0888175837113,"upper_bound":4075.532270373611},"point_estimate":4063.247413123951,"standard_error":5.956531076924554},"median":{"confidence_interval":{"confidence_level":0.95,"lower_bound":4045.9070790320793,"upper_bound":4068.094664115646},"point_estimate":4059.0253246753246,"standard_error":5.6768652578723335},"median_abs_dev":{"confidence_interval":{"confidence_level":0.95,"lower_bound":35.21470725320187,"upper_bound":59.30694084977135},"point_estimate":46.73412960508591,"standard_error":6.316386219687721},"slope":{"confidence_interval":{"confidence_level":0.95,"lower_bound":4053.614501902641,"upper_bound":4080.3977948465813},"point_estimate":4066.8489664126328,"standard_error":6.819230323802206},"std_dev":{"confidence_interval":{"confidence_level":0.95,"lower_bound":43.543781089413415,"upper_bound":78.76904262986474},"point_estimate":59.8164451631911,"standard_error":9.652859105562564}}