{"mean":{"confidence_interval":{"confidence_level":0.95,"lower_bound":4071.688917402022,"upper_bound":4108.626410724657},"point_estimate":4088.378152109472,"standard_error":9.427785358360179},"median":{"confidence_interval":{"confidence_level":0.95,"lower_bound":4058.5340136054424,"upper_bound":4085.664596273292},"point_estimate":4072.9879300291545,"standard_error":7.052472060714283},"median_abs_dev":{"confidence_interval":{"confidence_level":0.95,"lower_bound":43.933435582977616,"upper_bound":68.05004499096562},"point_estimate":59.66141144079841,"standard_error":6.20828189475577},"slope":{"confidence_interval":{"confidence_level":0.95,"lower_bound":4045.9027882238447,"upper_bound":4072.3112936362736},"point_estimate":4057.722002575524,"standard_error":6.72281956112703},"std_dev":{"confidence_interval":{"confidence_level":0.95,"lower_bound":50.17322828702995,"upper_bound":135.66529276485045},"point_estimate":94.95283721200171,"standard_error":22.264639921641}}