{"mean":{"confidence_interval":{"confidence_level":0.95,"lower_bound":4063.1292651677877,"upper_bound":4082.0716930007693},"point_estimate":4072.437598513092,"standard_error":4.83121072411036},"median":{"confidence_interval":{"confidence_level":0.95,"lower_bound":4061.5714285714284,"upper_bound":4087.821060382916},"point_estimate":4072.516253644315,"standard_error":6.196435264235112},"median_abs_dev":{"confidence_interval":{"confidence_level":0.95,"lower_bound":31.332484482983723,"upper_bound":55.349497907471786},"point_estimate":45.922231446622014,"standard_error":5.986885167513574},"slope":{"confidence_interval":{"confidence_level":0.95,"lower_bound":4046.5055179158626,"upper_bound":4068.3899160060823},"point_estimate":4057.006290612004,"standard_error":5.574800419983369},"std_dev":{"confidence_interval":{"confidence_level":0.95,"lower_bound":41.01655654005982,"upper_bound":55.38972103830424},"point_estimate":48.5293390524634,"standard_error":3.6799574473140853}}