{"mean":{"confidence_interval":{"confidence_level":0.95,"lower_bound":6694.549200204221,"upper_bound":6718.924219635825},"point_estimate":6706.140632045926,"standard_error":6.213859752452411},"median":{"confidence_interval":{"confidence_level":0.95,"lower_bound":6692.793770092425,"upper_bound":6711.60977443609},"point_estimate":6700.5848370457625,"standard_error":4.794361506911538},"median_abs_dev":{"confidence_interval":{"confidence_level":0.95,"lower_bound":31.698924244923784,"upper_bound":57.92425564625389},"point_estimate":43.9130504844326,"standard_error":7.024797914830257},"slope":{"confidence_interval":{"confidence_level":0.95,"lower_bound":6696.821630554888,"upper_bound":6718.491888013185},"point_estimate":6707.278695982604,"standard_error":5.518740845994493},"std_dev":{"confidence_interval":{"confidence_level":0.95,"lower_bound":45.30190972828759,"upper_bound":79.14091401142525},"point_estimate":62.6327376116765,"standard_error":8.700564284535675}}