{"mean":{"confidence_interval":{"confidence_level":0.95,"lower_bound":4099.196554170197,"upper_bound":4136.68566288535},"point_estimate":4115.097721813168,"standard_error":9.767514607209893},"median":{"confidence_interval":{"confidence_level":0.95,"lower_bound":4087.205069124424,"upper_bound":4114.90119047619},"point_estimate":4099.400432900433,"standard_error":6.719685950861352},"median_abs_dev":{"confidence_interval":{"confidence_level":0.95,"lower_bound":34.58726029504452,"upper_bound":55.97790163403485},"point_estimate":47.09621457203825,"standard_error":5.377082704017743},"slope":{"confidence_interval":{"confidence_level":0.95,"lower_bound":4077.970372738252,"upper_bound":4094.567481030662},"point_estimate":4085.908113111951,"standard_error":4.236170231637827},"std_dev":{"confidence_interval":{"confidence_level":0.95,"lower_bound":40.21735689020307,"upper_bound":154.43208385876324},"point_estimate":97.97090041913455,"standard_error":35.461227192565666}}