{"mean":{"confidence_interval":{"confidence_level":0.95,"lower_bound":4214.098649174027,"upper_bound":4236.546260757231},"point_estimate":4225.02776593949,"standard_error":5.734956077359651},"median":{"confidence_interval":{"confidence_level":0.95,"lower_bound":4211.03619047619,"upper_bound":4231.129658119658},"point_estimate":4218.5104838709685,"standard_error":5.364966438197383},"median_abs_dev":{"confidence_interval":{"confidence_level":0.95,"lower_bound":41.078856096251506,"upper_bound":69.57555560689244},"point_estimate":55.007071041436355,"standard_error":7.124045731322967},"slope":{"confidence_interval":{"confidence_level":0.95,"lower_bound":4223.4724470284555,"upper_bound":4247.915081946326},"point_estimate":4234.5254478104525,"standard_error":6.251749303439584},"std_dev":{"confidence_interval":{"confidence_level":0.95,"lower_bound":46.03116677014148,"upper_bound":69.99272869155476},"point_estimate":57.73317449376254,"standard_error":6.206520326100269}}