{"mean":{"confidence_interval":{"confidence_level":0.95,"lower_bound":3950.2480331523166,"upper_bound":3977.6062361749005},"point_estimate":3963.7378307125205,"standard_error":6.989384112014755},"median":{"confidence_interval":{"confidence_level":0.95,"lower_bound":3945.727857142857,"upper_bound":3981.106653620352},"point_estimate":3967.127570028011,"standard_error":9.239431853913725},"median_abs_dev":{"confidence_interval":{"confidence_level":0.95,"lower_bound":57.845810878622146,"upper_bound":86.89087124616854},"point_estimate":72.02990310037083,"standard_error":7.307409348399554},"slope":{"confidence_interval":{"confidence_level":0.95,"lower_bound":3975.0253708350015,"upper_bound":3999.2097655270136},"point_estimate":3987.601226329456,"standard_error":6.146248237054094},"std_dev":{"confidence_interval":{"confidence_level":0.95,"lower_bound":59.32365502791696,"upper_bound":80.52511285906962},"point_estimate":70.27383183677976,"standard_error":5.40727323520694}}