{"mean":{"confidence_interval":{"confidence_level":0.95,"lower_bound":4046.336557912553,"upper_bound":4072.252744977598},"point_estimate":4058.5148776208575,"standard_error":6.654987157910447},"median":{"confidence_interval":{"confidence_level":0.95,"lower_bound":4032.421158139681,"upper_bound":4055.1684384164223},"point_estimate":4042.1933243446633,"standard_error":6.15068103787969},"median_abs_dev":{"confidence_interval":{"confidence_level":0.95,"lower_bound":33.3144028253668,"upper_bound":58.46870946010256},"point_estimate":46.85529819639392,"standard_error":6.146715863858636},"slope":{"confidence_interval":{"confidence_level":0.95,"lower_bound":4029.751976479032,"upper_bound":4060.838941154631},"point_estimate":4043.5728106989804,"standard_error":7.9361419306198115},"std_dev":{"confidence_interval":{"confidence_level":0.95,"lower_bound":45.724317842235585,"upper_bound":89.42270332006713},"point_estimate":66.91897977635406,"standard_error":11.756388253257475}}