{"mean":{"confidence_interval":{"confidence_level":0.95,"lower_bound":4075.8702123217126,"upper_bound":4104.555186786923},"point_estimate":4089.5324952153737,"standard_error":7.304266565514163},"median":{"confidence_interval":{"confidence_level":0.95,"lower_bound":4060.6624423963135,"upper_bound":4094.4260204081634},"point_estimate":4074.4826785714286,"standard_error":9.743926424515319},"median_abs_dev":{"confidence_interval":{"confidence_level":0.95,"lower_bound":49.68929333996436,"upper_bound":75.94353615173262},"point_estimate":63.78196260441207,"standard_error":6.647917390321076},"slope":{"confidence_interval":{"confidence_level":0.95,"lower_bound":4073.461199139941,"upper_bound":4120.906779486322},"point_estimate":4095.159720914522,"standard_error":12.110945696787644},"std_dev":{"confidence_interval":{"confidence_level":0.95,"lower_bound":54.04118602535961,"upper_bound":91.74224085365364},"point_estimate":73.39865527153218,"standard_error":9.656059718541869}}