{"mean":{"confidence_interval":{"confidence_level":0.95,"lower_bound":4043.8815071510985,"upper_bound":4069.0659104095557},"point_estimate":4056.33768095653,"standard_error":6.387220010643106},"median":{"confidence_interval":{"confidence_level":0.95,"lower_bound":4051.9126495726496,"upper_bound":4073.4773504273503},"point_estimate":4065.2179924242423,"standard_error":6.675502988947345},"median_abs_dev":{"confidence_interval":{"confidence_level":0.95,"lower_bound":35.53148179343268,"upper_bound":72.24767028279929},"point_estimate":49.20618662066841,"standard_error":10.029447445270932},"slope":{"confidence_interval":{"confidence_level":0.95,"lower_bound":4002.596519616687,"upper_bound":4030.868384226488},"point_estimate":4016.0518642431407,"standard_error":7.210363610421399},"std_dev":{"confidence_interval":{"confidence_level":0.95,"lower_bound":54.14887857283085,"upper_bound":74.19959183668884},"point_estimate":64.44992069454656,"standard_error":5.097312727256982}}