{"mean":{"confidence_interval":{"confidence_level":0.95,"lower_bound":-0.003924257629492686,"upper_bound":-0.002926991538795609},"point_estimate":-0.00342218156387164,"standard_error":0.0002541921583948693},"median":{"confidence_interval":{"confidence_level":0.95,"lower_bound":-0.004337892708160873,"upper_bound":-0.003356576739813155},"point_estimate":-0.0037239602110024084,"standard_error":0.00025824120998085213}}