{"mean":{"confidence_interval":{"confidence_level":0.95,"lower_bound":-0.000781880549239924,"upper_bound":0.0007219851356220719},"point_estimate":-0.00001274157474451254,"standard_error":0.00038066740701464205},"median":{"confidence_interval":{"confidence_level":0.95,"lower_bound":-0.00025265457682988046,"upper_bound":0.00039062102133113896},"point_estimate":-2.434010761831473e-7,"standard_error":0.00016255231175182368}}