{"mean":{"confidence_interval":{"confidence_level":0.95,"lower_bound":0.9597269273517867,"upper_bound":0.9807042902505215},"point_estimate":0.971956960298652,"standard_error":0.005527453065124308},"median":{"confidence_interval":{"confidence_level":0.95,"lower_bound":0.978609323210365,"upper_bound":0.9799969439975897},"point_estimate":0.97935287852569,"standard_error":0.0003601187953626649}}