{"mean":{"confidence_interval":{"confidence_level":0.95,"lower_bound":-0.004145986925738701,"upper_bound":-0.002819830176439867},"point_estimate":-0.0034775971364131575,"standard_error":0.00033566649148930193},"median":{"confidence_interval":{"confidence_level":0.95,"lower_bound":-0.003950054027421657,"upper_bound":-0.0028578281451818732},"point_estimate":-0.0034217113098788943,"standard_error":0.00027222794735954654}}