{"mean":{"confidence_interval":{"confidence_level":0.95,"lower_bound":-0.01651473202913717,"upper_bound":0.003469375131438532},"point_estimate":-0.004840838668306424,"standard_error":0.005213598597301228},"median":{"confidence_interval":{"confidence_level":0.95,"lower_bound":-0.00009339091323945503,"upper_bound":0.0005543619888874751},"point_estimate":0.00021055025779426195,"standard_error":0.0001658585404481237}}