{"mean":{"confidence_interval":{"confidence_level":0.95,"lower_bound":-0.00010066922765875323,"upper_bound":0.006150390530900216},"point_estimate":0.002532244747055268,"standard_error":0.0016300866421367975},"median":{"confidence_interval":{"confidence_level":0.95,"lower_bound":-0.0016323322835710696,"upper_bound":-0.0008964178883758},"point_estimate":-0.0013372936315312334,"standard_error":0.00018364918049925365}}