{"mean":{"confidence_interval":{"confidence_level":0.95,"lower_bound":-0.0017420468493699833,"upper_bound":0.0050202559733388994},"point_estimate":0.0024331305161169325,"standard_error":0.0018056035419346727},"median":{"confidence_interval":{"confidence_level":0.95,"lower_bound":0.00445905494847354,"upper_bound":0.005522736605751533},"point_estimate":0.0049382805872224544,"standard_error":0.0002553749597553011}}