{"mean":{"confidence_interval":{"confidence_level":0.95,"lower_bound":0.0012411136177903348,"upper_bound":0.00212409589525131},"point_estimate":0.0016803204339701505,"standard_error":0.00022628683620352206},"median":{"confidence_interval":{"confidence_level":0.95,"lower_bound":0.0013586334347874818,"upper_bound":0.002080838467381607},"point_estimate":0.0017855196065637013,"standard_error":0.00018889286902260398}}