{"mean":{"confidence_interval":{"confidence_level":0.95,"lower_bound":-0.0013290783093778704,"upper_bound":-0.00006283194665809295},"point_estimate":-0.0006452696044996209,"standard_error":0.00032312161607032306},"median":{"confidence_interval":{"confidence_level":0.95,"lower_bound":-0.0005382172786940753,"upper_bound":0.00011014999115634391},"point_estimate":-0.0001591612472290338,"standard_error":0.0001663117747441198}}