{"mean":{"confidence_interval":{"confidence_level":0.95,"lower_bound":-0.0009700533043443258,"upper_bound":-0.00011673453314661762},"point_estimate":-0.0005505814247075413,"standard_error":0.00021742442097218473},"median":{"confidence_interval":{"confidence_level":0.95,"lower_bound":-0.0008004557322826011,"upper_bound":-0.00012119490900985852},"point_estimate":-0.00043876917833407525,"standard_error":0.00016747605714415934}}