{"mean":{"confidence_interval":{"confidence_level":0.95,"lower_bound":0.9533974828519326,"upper_bound":0.9762888800196934},"point_estimate":0.965781512316729,"standard_error":0.005572336416211735},"median":{"confidence_interval":{"confidence_level":0.95,"lower_bound":0.9462073849669461,"upper_bound":0.963125445561269},"point_estimate":0.9519254960900201,"standard_error":0.004278965345209297}}