{"mean":{"confidence_interval":{"confidence_level":0.95,"lower_bound":-0.00019284403340334152,"upper_bound":0.0007618215900408006},"point_estimate":0.0002706919051342904,"standard_error":0.0002411919989970771},"median":{"confidence_interval":{"confidence_level":0.95,"lower_bound":-0.0001093567800720674,"upper_bound":0.00046466997204941407},"point_estimate":0.00012643218109076315,"standard_error":0.00014891475677715038}}