{"mean":{"confidence_interval":{"confidence_level":0.95,"lower_bound":-0.0016563173428270044,"upper_bound":0.00006154223345330417},"point_estimate":-0.0008131995396915004,"standard_error":0.00044315959606415305},"median":{"confidence_interval":{"confidence_level":0.95,"lower_bound":-0.0017500729923395353,"upper_bound":-0.0007218584955138264},"point_estimate":-0.0012642194216394564,"standard_error":0.0002701981691112792}}