{"mean":{"confidence_interval":{"confidence_level":0.95,"lower_bound":-0.0014300372953925857,"upper_bound":-0.0005470435631656503},"point_estimate":-0.0010117908004302345,"standard_error":0.00022578767978319368},"median":{"confidence_interval":{"confidence_level":0.95,"lower_bound":-0.0015923881869334133,"upper_bound":-0.0008465678968844204},"point_estimate":-0.0012109887626696736,"standard_error":0.0001871838941738436}}