{"mean":{"confidence_interval":{"confidence_level":0.95,"lower_bound":-0.006787320221030407,"upper_bound":-0.0005906315305196062},"point_estimate":-0.003185237465575419,"standard_error":0.001611465741952869},"median":{"confidence_interval":{"confidence_level":0.95,"lower_bound":-0.0010162896895432594,"upper_bound":-0.00023978553903791777},"point_estimate":-0.0005755652811729739,"standard_error":0.00019341097219806048}}