{"mean":{"confidence_interval":{"confidence_level":0.95,"lower_bound":-0.4852057542326862,"upper_bound":-0.4843325096579334},"point_estimate":-0.4847979831092504,"standard_error":0.00021807482861367606},"median":{"confidence_interval":{"confidence_level":0.95,"lower_bound":-0.48548036494259916,"upper_bound":-0.48505969464249615},"point_estimate":-0.485325379730455,"standard_error":0.00011550507551294083}}