{"mean":{"confidence_interval":{"confidence_level":0.95,"lower_bound":0.0022398786205315435,"upper_bound":0.0039045802196108034},"point_estimate":0.0030583932495389377,"standard_error":0.0004224728529766993},"median":{"confidence_interval":{"confidence_level":0.95,"lower_bound":0.0013697582941567532,"upper_bound":0.003065493188018298},"point_estimate":0.002329466946926706,"standard_error":0.0004594072908807927}}