{"mean":{"confidence_interval":{"confidence_level":0.95,"lower_bound":-0.0013399852327310195,"upper_bound":0.0028276953489255385},"point_estimate":0.00066715116963878,"standard_error":0.0010701514062077292},"median":{"confidence_interval":{"confidence_level":0.95,"lower_bound":-0.00036412945990471624,"upper_bound":0.000577667629146239},"point_estimate":0.000018859210125121706,"standard_error":0.0002438691521372156}}