{"mean":{"confidence_interval":{"confidence_level":0.95,"lower_bound":-0.0003088421816884679,"upper_bound":0.00046858714227527833},"point_estimate":0.00009102448521169926,"standard_error":0.00019767390780429226},"median":{"confidence_interval":{"confidence_level":0.95,"lower_bound":-0.00003163436550568388,"upper_bound":0.0005730348714145794},"point_estimate":0.0002873055525101087,"standard_error":0.0001520900697007725}}