{"mean":{"confidence_interval":{"confidence_level":0.95,"lower_bound":0.9428398400097607,"upper_bound":0.9457177865864944},"point_estimate":0.9444955617503734,"standard_error":0.000746604236936814},"median":{"confidence_interval":{"confidence_level":0.95,"lower_bound":0.9443631469481402,"upper_bound":0.9458447157268726},"point_estimate":0.9450497321861422,"standard_error":0.00038493125454933726}}