{"mean":{"confidence_interval":{"confidence_level":0.95,"lower_bound":-0.008974543071767182,"upper_bound":-0.0006137725798950863},"point_estimate":-0.0037271238603356904,"standard_error":0.002357735082591833},"median":{"confidence_interval":{"confidence_level":0.95,"lower_bound":-0.0015811609049999342,"upper_bound":-0.0006628630183671547},"point_estimate":-0.0011970873870421617,"standard_error":0.0002413269889147376}}