{"mean":{"confidence_interval":{"confidence_level":0.95,"lower_bound":0.0003367896525026115,"upper_bound":0.001408129603734831},"point_estimate":0.0008899825702954889,"standard_error":0.0002715857686803757},"median":{"confidence_interval":{"confidence_level":0.95,"lower_bound":0.00022705042981052692,"upper_bound":0.0013451773893304875},"point_estimate":0.0006573768397470925,"standard_error":0.0003063889368280717}}