{"mean":{"confidence_interval":{"confidence_level":0.95,"lower_bound":0.9463285422441455,"upper_bound":0.9483634553014189},"point_estimate":0.947368328463714,"standard_error":0.0005190363341403084},"median":{"confidence_interval":{"confidence_level":0.95,"lower_bound":0.9467259499871405,"upper_bound":0.9481496638789444},"point_estimate":0.947679808874603,"standard_error":0.00038028041632173163}}