{"mean":{"confidence_interval":{"confidence_level":0.95,"lower_bound":-0.0007263650349147324,"upper_bound":0.009273953299046234},"point_estimate":0.0027571778364579025,"standard_error":0.002602794822969512},"median":{"confidence_interval":{"confidence_level":0.95,"lower_bound":-0.00018541848028030827,"upper_bound":0.0007274768020935074},"point_estimate":0.0002911040763091677,"standard_error":0.00023472577406575979}}