{"mean":{"confidence_interval":{"confidence_level":0.95,"lower_bound":-0.486018711727385,"upper_bound":-0.48546885462589656},"point_estimate":-0.48574860095187744,"standard_error":0.00014063417734777036},"median":{"confidence_interval":{"confidence_level":0.95,"lower_bound":-0.4860535371407356,"upper_bound":-0.4856922993082686},"point_estimate":-0.4859522024639329,"standard_error":0.00009377073571639963}}