{"mean":{"confidence_interval":{"confidence_level":0.95,"lower_bound":-0.0007928373637719477,"upper_bound":0.00033686249943133906},"point_estimate":-0.00018923968861206397,"standard_error":0.0002889307417413701},"median":{"confidence_interval":{"confidence_level":0.95,"lower_bound":-0.00011944759524429305,"upper_bound":0.00032397921219695647},"point_estimate":0.00013795984053577293,"standard_error":0.00010975409718843661}}