{"mean":{"confidence_interval":{"confidence_level":0.95,"lower_bound":-0.00003357879954353208,"upper_bound":0.0006371632281210789},"point_estimate":0.00029765722724706123,"standard_error":0.00017122280010678287},"median":{"confidence_interval":{"confidence_level":0.95,"lower_bound":0.00008528453614209397,"upper_bound":0.0006732833230911334},"point_estimate":0.000282774938215713,"standard_error":0.00015857663032608742}}