{"mean":{"confidence_interval":{"confidence_level":0.95,"lower_bound":-0.001378495212955888,"upper_bound":0.0022147387934307815},"point_estimate":0.00022532973197875172,"standard_error":0.0009566137560193328},"median":{"confidence_interval":{"confidence_level":0.95,"lower_bound":-0.0008499982442964347,"upper_bound":-0.00019526275527415038},"point_estimate":-0.0004751621125883565,"standard_error":0.00016733585065883968}}