{"mean":{"confidence_interval":{"confidence_level":0.95,"lower_bound":-0.0025022269035361354,"upper_bound":0.010749298887240313},"point_estimate":0.002283856665465267,"standard_error":0.003455951806395622},"median":{"confidence_interval":{"confidence_level":0.95,"lower_bound":-0.00009807321066857,"upper_bound":0.0006813699235608262},"point_estimate":0.00030822032967181556,"standard_error":0.00019674020820452227}}