{"mean":{"confidence_interval":{"confidence_level":0.95,"lower_bound":-0.007170115169752041,"upper_bound":0.00015301741441173684},"point_estimate":-0.002740450710407516,"standard_error":0.0019459908729472777},"median":{"confidence_interval":{"confidence_level":0.95,"lower_bound":-0.0004977062948381406,"upper_bound":0.0003763298947958571},"point_estimate":-0.00004195508994853103,"standard_error":0.00023239288576705415}}