{"mean":{"confidence_interval":{"confidence_level":0.95,"lower_bound":-0.0015928912530927485,"upper_bound":0.001699997893345877},"point_estimate":0.00029348845904264564,"standard_error":0.0008459186496409055},"median":{"confidence_interval":{"confidence_level":0.95,"lower_bound":-0.00017332480628262648,"upper_bound":0.0004335590729531713},"point_estimate":0.0001541383008270003,"standard_error":0.0001592092457610281}}