{"mean":{"confidence_interval":{"confidence_level":0.95,"lower_bound":0.9454788208519793,"upper_bound":0.9484566816392986},"point_estimate":0.9470404171203519,"standard_error":0.0007588049886235548},"median":{"confidence_interval":{"confidence_level":0.95,"lower_bound":0.9467944368836088,"upper_bound":0.9482766693100111},"point_estimate":0.9475516903085464,"standard_error":0.0003522387543957501}}