{"mean":{"confidence_interval":{"confidence_level":0.95,"lower_bound":-0.0006500498845902867,"upper_bound":0.00040046380617572637},"point_estimate":-0.0001136966985968435,"standard_error":0.00026703546638287865},"median":{"confidence_interval":{"confidence_level":0.95,"lower_bound":-0.0004171513205646349,"upper_bound":0.00032895717511793876},"point_estimate":-0.000036282971248691176,"standard_error":0.00019272920905894265}}