{"mean":{"confidence_interval":{"confidence_level":0.95,"lower_bound":0.1411678126510231,"upper_bound":0.14284753636933376},"point_estimate":0.1419676589020804,"standard_error":0.00041977702710019424},"median":{"confidence_interval":{"confidence_level":0.95,"lower_bound":0.141592708259074,"upper_bound":0.14226523832602522},"point_estimate":0.14194500335047122,"standard_error":0.00016915941349520295}}