{"mean":{"confidence_interval":{"confidence_level":0.95,"lower_bound":-0.0006759826557516613,"upper_bound":0.0006514882585850362},"point_estimate":-0.00008856805220636144,"standard_error":0.00034017505201833936},"median":{"confidence_interval":{"confidence_level":0.95,"lower_bound":-0.0010803015920378633,"upper_bound":-0.00030772987632732285},"point_estimate":-0.0006931204514615263,"standard_error":0.00019976885456559875}}