{"mean":{"confidence_interval":{"confidence_level":0.95,"lower_bound":-0.007393257737891716,"upper_bound":0.0011159612585856847},"point_estimate":-0.0019788360356037815,"standard_error":0.0024145628083724136},"median":{"confidence_interval":{"confidence_level":0.95,"lower_bound":0.0006499371460617631,"upper_bound":0.0012577590470246314},"point_estimate":0.0009445894590658366,"standard_error":0.00015186661695302018}}