{"mean":{"confidence_interval":{"confidence_level":0.95,"lower_bound":-0.0001670422533589426,"upper_bound":0.0009631307036806146},"point_estimate":0.00042527476655251917,"standard_error":0.0002895020740433737},"median":{"confidence_interval":{"confidence_level":0.95,"lower_bound":-5.566787080524271e-6,"upper_bound":0.0008789655634569016},"point_estimate":0.00045934172251693717,"standard_error":0.00022802417800561297}}