{"mean":{"confidence_interval":{"confidence_level":0.95,"lower_bound":-0.41945698850695523,"upper_bound":-0.416520623708165},"point_estimate":-0.41823658654866835,"standard_error":0.0007634282761746062},"median":{"confidence_interval":{"confidence_level":0.95,"lower_bound":-0.41962110349310955,"upper_bound":-0.4191723684866303},"point_estimate":-0.41934156315109183,"standard_error":0.0001148016866982093}}