{"mean":{"confidence_interval":{"confidence_level":0.95,"lower_bound":-0.0028645156725312093,"upper_bound":-0.00029763923004821094},"point_estimate":-0.0013472568626813342,"standard_error":0.0006679708492720045},"median":{"confidence_interval":{"confidence_level":0.95,"lower_bound":-0.0006991563639441312,"upper_bound":-0.00013607199106469015},"point_estimate":-0.0003963045795541964,"standard_error":0.0001448016892096453}}