{"mean":{"confidence_interval":{"confidence_level":0.95,"lower_bound":-0.0022276883566878787,"upper_bound":0.0014674033390704331},"point_estimate":-0.00005622837568020067,"standard_error":0.0009611699083128441},"median":{"confidence_interval":{"confidence_level":0.95,"lower_bound":0.0005089094417689566,"upper_bound":0.0011420011222290354},"point_estimate":0.0008222699387210319,"standard_error":0.00016146159391172246}}