{"mean":{"confidence_interval":{"confidence_level":0.95,"lower_bound":-0.001536539619593491,"upper_bound":0.006096249281576729},"point_estimate":0.00145939776615589,"standard_error":0.00205575669545221},"median":{"confidence_interval":{"confidence_level":0.95,"lower_bound":-0.0014271847968673201,"upper_bound":-0.0005544693516668087},"point_estimate":-0.0009602113352479291,"standard_error":0.00023403937883473256}}