{"mean":{"confidence_interval":{"confidence_level":0.95,"lower_bound":-0.00015068507973261532,"upper_bound":0.0017046007736134347},"point_estimate":0.0007353524250921506,"standard_error":0.0004836627982154761},"median":{"confidence_interval":{"confidence_level":0.95,"lower_bound":-0.00008914222787473599,"upper_bound":0.0004518400758279917},"point_estimate":0.00020031297507583368,"standard_error":0.0001354048380727259}}