{"mean":{"confidence_interval":{"confidence_level":0.95,"lower_bound":-0.0011983290680296188,"upper_bound":0.0003335949923861761},"point_estimate":-0.00043087009830089507,"standard_error":0.00038660825605866357},"median":{"confidence_interval":{"confidence_level":0.95,"lower_bound":-0.0009208068103218059,"upper_bound":-0.00017363202949255242},"point_estimate":-0.0005557242667629803,"standard_error":0.00018858785323116713}}