{"mean":{"confidence_interval":{"confidence_level":0.95,"lower_bound":0.9887989211329689,"upper_bound":0.9983896508073908},"point_estimate":0.9933981983801661,"standard_error":0.00244402241131207},"median":{"confidence_interval":{"confidence_level":0.95,"lower_bound":0.9827245714732038,"upper_bound":0.9844778033394774},"point_estimate":0.9837967355215063,"standard_error":0.0004593734124273136}}