{"mean":{"confidence_interval":{"confidence_level":0.95,"lower_bound":-0.002521228808547149,"upper_bound":-0.0014697104649026432},"point_estimate":-0.0019919438317779203,"standard_error":0.0002661248202024403},"median":{"confidence_interval":{"confidence_level":0.95,"lower_bound":-0.0027603570661766928,"upper_bound":-0.0017737918783524657},"point_estimate":-0.0022862857686322124,"standard_error":0.0002581919909878815}}