{"mean":{"confidence_interval":{"confidence_level":0.95,"lower_bound":-0.00009335945152754147,"upper_bound":0.000762025240629066},"point_estimate":0.0003470226167676671,"standard_error":0.00021849051908485746},"median":{"confidence_interval":{"confidence_level":0.95,"lower_bound":0.00012693961728627023,"upper_bound":0.0006376290014287189},"point_estimate":0.00032057419529740727,"standard_error":0.00013402780363360218}}