{"mean":{"confidence_interval":{"confidence_level":0.95,"lower_bound":0.004956379896886393,"upper_bound":0.006625652342534338},"point_estimate":0.00575574711507798,"standard_error":0.0004187699027786385},"median":{"confidence_interval":{"confidence_level":0.95,"lower_bound":0.004876722495810393,"upper_bound":0.005672294355919287},"point_estimate":0.005288426845663441,"standard_error":0.00019801616662562866}}