{"mean":{"confidence_interval":{"confidence_level":0.95,"lower_bound":1620781.5767696905,"upper_bound":1627598.1791713706},"point_estimate":1623673.2036014753,"standard_error":1770.6747832108847},"median":{"confidence_interval":{"confidence_level":0.95,"lower_bound":1619398.9305381728,"upper_bound":1621328.8644067796},"point_estimate":1619835.5081300812,"standard_error":517.6456943639457},"median_abs_dev":{"confidence_interval":{"confidence_level":0.95,"lower_bound":2827.11223314225,"upper_bound":4876.002774952293},"point_estimate":4036.07680437438,"standard_error":535.4393591954515},"slope":{"confidence_interval":{"confidence_level":0.95,"lower_bound":1620323.8331269615,"upper_bound":1623265.6830150404},"point_estimate":1621587.1386966158,"standard_error":761.3875519632364},"std_dev":{"confidence_interval":{"confidence_level":0.95,"lower_bound":4705.337465813786,"upper_bound":27058.655497408363},"point_estimate":17776.971793683417,"standard_error":6010.482025887159}}