{"mean":{"confidence_interval":{"confidence_level":0.95,"lower_bound":1054400.9718294232,"upper_bound":1059038.3903374986},"point_estimate":1056492.7751260633,"standard_error":1192.2149124981836},"median":{"confidence_interval":{"confidence_level":0.95,"lower_bound":1052407.48,"upper_bound":1054522.6923076923},"point_estimate":1053030.5207025283,"standard_error":513.9815611983284},"median_abs_dev":{"confidence_interval":{"confidence_level":0.95,"lower_bound":2486.199308253614,"upper_bound":4361.304146781767},"point_estimate":3271.662359579421,"standard_error":499.02002739600124},"slope":{"confidence_interval":{"confidence_level":0.95,"lower_bound":1054399.162151037,"upper_bound":1059804.1456478378},"point_estimate":1056731.2418649327,"standard_error":1398.1589903574263},"std_dev":{"confidence_interval":{"confidence_level":0.95,"lower_bound":6090.643022592984,"upper_bound":16543.931255074207},"point_estimate":11997.056982660217,"standard_error":2664.967242580756}}