{"mean":{"confidence_interval":{"confidence_level":0.95,"lower_bound":1068008.7000933893,"upper_bound":1072019.8770719487},"point_estimate":1069759.53795121,"standard_error":1031.462167086066},"median":{"confidence_interval":{"confidence_level":0.95,"lower_bound":1066894.3575757574,"upper_bound":1068436.3777777776},"point_estimate":1067857.3696705427,"standard_error":390.09348628069563},"median_abs_dev":{"confidence_interval":{"confidence_level":0.95,"lower_bound":2513.4944828158095,"upper_bound":4014.5907847751646},"point_estimate":3503.022216220397,"standard_error":386.04567103443355},"slope":{"confidence_interval":{"confidence_level":0.95,"lower_bound":1068241.9448505265,"upper_bound":1071595.3695007046},"point_estimate":1069629.0504418502,"standard_error":866.5087521557058},"std_dev":{"confidence_interval":{"confidence_level":0.95,"lower_bound":3391.756487341909,"upper_bound":15291.070140301195},"point_estimate":10379.586552957622,"standard_error":2989.1147490984868}}