{"mean":{"confidence_interval":{"confidence_level":0.95,"lower_bound":961279.3273801614,"upper_bound":967572.3364878369},"point_estimate":963686.2531258252,"standard_error":1673.1203471121842},"median":{"confidence_interval":{"confidence_level":0.95,"lower_bound":959897.3709677419,"upper_bound":960675.0986842106},"point_estimate":960303.0105279698,"standard_error":201.93566396940167},"median_abs_dev":{"confidence_interval":{"confidence_level":0.95,"lower_bound":1214.8970799464178,"upper_bound":2241.1258714427654},"point_estimate":1648.7774931327258,"standard_error":273.99322316929585},"slope":{"confidence_interval":{"confidence_level":0.95,"lower_bound":960286.3912536361,"upper_bound":961882.8993668098},"point_estimate":960932.4839707403,"standard_error":417.3117442667146},"std_dev":{"confidence_interval":{"confidence_level":0.95,"lower_bound":3956.9683584417694,"upper_bound":27728.88288685348},"point_estimate":16725.45621331013,"standard_error":7709.713053538097}}