{"mean":{"confidence_interval":{"confidence_level":0.95,"lower_bound":1060759.2918487487,"upper_bound":1109823.529835263},"point_estimate":1082117.8249534545,"standard_error":12653.405227648424},"median":{"confidence_interval":{"confidence_level":0.95,"lower_bound":1051435.4,"upper_bound":1053369.8368644067},"point_estimate":1052745.9318102547,"standard_error":507.46414706465526},"median_abs_dev":{"confidence_interval":{"confidence_level":0.95,"lower_bound":2144.0734449583347,"upper_bound":4009.0320582256686},"point_estimate":2935.3794588611827,"standard_error":500.4960295823632},"slope":{"confidence_interval":{"confidence_level":0.95,"lower_bound":1055568.363317384,"upper_bound":1077369.4891107222},"point_estimate":1064541.6221723068,"standard_error":5620.016191098664},"std_dev":{"confidence_interval":{"confidence_level":0.95,"lower_bound":50570.64630725778,"upper_bound":191449.74621032976},"point_estimate":127236.19718656264,"standard_error":37282.37047364245}}