{"mean":{"confidence_interval":{"confidence_level":0.95,"lower_bound":1619480.025586257,"upper_bound":1622939.705463934},"point_estimate":1621000.7833758625,"standard_error":884.5721073968296},"median":{"confidence_interval":{"confidence_level":0.95,"lower_bound":1618481.0867514806,"upper_bound":1620119.25},"point_estimate":1619108.3582995953,"standard_error":445.36099348227157},"median_abs_dev":{"confidence_interval":{"confidence_level":0.95,"lower_bound":2570.5342471248428,"upper_bound":4811.021150338911},"point_estimate":3731.635484851906,"standard_error":562.9822624337789},"slope":{"confidence_interval":{"confidence_level":0.95,"lower_bound":1620351.8837747339,"upper_bound":1623016.585004385},"point_estimate":1621597.7873444657,"standard_error":683.4331538317092},"std_dev":{"confidence_interval":{"confidence_level":0.95,"lower_bound":4567.570773282225,"upper_bound":13238.608727563604},"point_estimate":8872.65221208888,"standard_error":2529.8769376940486}}