{"mean":{"confidence_interval":{"confidence_level":0.95,"lower_bound":1810007.5659576536,"upper_bound":1817289.2647086158},"point_estimate":1812829.2442327824,"standard_error":1930.9003954619195},"median":{"confidence_interval":{"confidence_level":0.95,"lower_bound":1809128.2473262032,"upper_bound":1811035.3979591837},"point_estimate":1810146.7475560666,"standard_error":497.4113738578156},"median_abs_dev":{"confidence_interval":{"confidence_level":0.95,"lower_bound":3059.69398259457,"upper_bound":5444.163769136175},"point_estimate":4407.164746984639,"standard_error":624.8923793914786},"slope":{"confidence_interval":{"confidence_level":0.95,"lower_bound":1808849.6611529721,"upper_bound":1811180.4300087949},"point_estimate":1809979.3018826658,"standard_error":594.9034959516846},"std_dev":{"confidence_interval":{"confidence_level":0.95,"lower_bound":4578.586050066465,"upper_bound":32078.773362214335},"point_estimate":19412.68376740109,"standard_error":8636.586024563821}}