{"mean":{"confidence_interval":{"confidence_level":0.95,"lower_bound":6759.25170085755,"upper_bound":6792.917722172966},"point_estimate":6775.33744061745,"standard_error":8.577654774113563},"median":{"confidence_interval":{"confidence_level":0.95,"lower_bound":6746.224786324787,"upper_bound":6777.100274725275},"point_estimate":6754.633295625943,"standard_error":8.561555452685166},"median_abs_dev":{"confidence_interval":{"confidence_level":0.95,"lower_bound":43.422636247194,"upper_bound":81.63998910870022},"point_estimate":64.78488111160627,"standard_error":9.875160765168951},"slope":{"confidence_interval":{"confidence_level":0.95,"lower_bound":6739.014199521413,"upper_bound":6771.694119057391},"point_estimate":6755.374143751918,"standard_error":8.325883763618515},"std_dev":{"confidence_interval":{"confidence_level":0.95,"lower_bound":62.34269967481752,"upper_bound":113.19085660994922},"point_estimate":86.04170741976492,"standard_error":13.848188791721634}}