{"mean":{"confidence_interval":{"confidence_level":0.95,"lower_bound":6630.7541785311,"upper_bound":6661.033083239151},"point_estimate":6645.597300197804,"standard_error":7.72075730712459},"median":{"confidence_interval":{"confidence_level":0.95,"lower_bound":6618.036858974359,"upper_bound":6663.43661971831},"point_estimate":6638.588115588116,"standard_error":10.68794120432272},"median_abs_dev":{"confidence_interval":{"confidence_level":0.95,"lower_bound":57.91253003717846,"upper_bound":92.8542198032956},"point_estimate":71.33946790596572,"standard_error":8.965883264161166},"slope":{"confidence_interval":{"confidence_level":0.95,"lower_bound":6653.597782747884,"upper_bound":6688.233486896517},"point_estimate":6670.800699094019,"standard_error":8.854494776078804},"std_dev":{"confidence_interval":{"confidence_level":0.95,"lower_bound":65.82797134298974,"upper_bound":89.30238287973698},"point_estimate":78.01742283069271,"standard_error":5.983830843832574}}