{"mean":{"confidence_interval":{"confidence_level":0.95,"lower_bound":7329.343561758901,"upper_bound":7447.323079883429},"point_estimate":7380.691639318816,"standard_error":30.38901713415222},"median":{"confidence_interval":{"confidence_level":0.95,"lower_bound":7310.845022624434,"upper_bound":7334.018711018711},"point_estimate":7319.257669299794,"standard_error":5.718043213481433},"median_abs_dev":{"confidence_interval":{"confidence_level":0.95,"lower_bound":36.809611087863395,"upper_bound":60.8505542138043},"point_estimate":47.67818524993276,"standard_error":6.254116576118097},"slope":{"confidence_interval":{"confidence_level":0.95,"lower_bound":7309.370212903324,"upper_bound":7346.670417354858},"point_estimate":7326.224861829466,"standard_error":9.568024855547613},"std_dev":{"confidence_interval":{"confidence_level":0.95,"lower_bound":85.97955279956976,"upper_bound":449.1740913924627},"point_estimate":305.4348962367849,"standard_error":88.28365752297755}}