{"mean":{"confidence_interval":{"confidence_level":0.95,"lower_bound":6837.626159280557,"upper_bound":6895.070477975455},"point_estimate":6864.2212816960455,"standard_error":14.687575271441467},"median":{"confidence_interval":{"confidence_level":0.95,"lower_bound":6828.564727954972,"upper_bound":6865.811126373626},"point_estimate":6849.374329159213,"standard_error":9.149539026250935},"median_abs_dev":{"confidence_interval":{"confidence_level":0.95,"lower_bound":56.49752680466204,"upper_bound":93.75938290289132},"point_estimate":73.17462216631428,"standard_error":9.7848278096597},"slope":{"confidence_interval":{"confidence_level":0.95,"lower_bound":6794.590676313344,"upper_bound":6846.1666331687275},"point_estimate":6817.872137636266,"standard_error":13.155263904116808},"std_dev":{"confidence_interval":{"confidence_level":0.95,"lower_bound":88.31633307048835,"upper_bound":200.489229600326},"point_estimate":148.14028912346566,"standard_error":28.83788516384563}}