{"mean":{"confidence_interval":{"confidence_level":0.95,"lower_bound":4178.081177375329,"upper_bound":4208.560868476899},"point_estimate":4191.971889700613,"standard_error":7.819600050397613},"median":{"confidence_interval":{"confidence_level":0.95,"lower_bound":4169.996031746032,"upper_bound":4187.827800979263},"point_estimate":4182.073232323232,"standard_error":4.737452529299066},"median_abs_dev":{"confidence_interval":{"confidence_level":0.95,"lower_bound":32.856622973793506,"upper_bound":57.11550363026475},"point_estimate":47.54232690566827,"standard_error":6.100238141847882},"slope":{"confidence_interval":{"confidence_level":0.95,"lower_bound":4194.538590215974,"upper_bound":4252.366716690535},"point_estimate":4220.888066879183,"standard_error":14.848773573385884},"std_dev":{"confidence_interval":{"confidence_level":0.95,"lower_bound":40.596755992167935,"upper_bound":107.36796120320665},"point_estimate":78.43890794206304,"standard_error":16.282593635067744}}