{"mean":{"confidence_interval":{"confidence_level":0.95,"lower_bound":6924.6509557569725,"upper_bound":6950.461765641935},"point_estimate":6937.439579347208,"standard_error":6.573215766638254},"median":{"confidence_interval":{"confidence_level":0.95,"lower_bound":6921.025929127053,"upper_bound":6945.516923076923},"point_estimate":6936.126176707907,"standard_error":6.162069442317895},"median_abs_dev":{"confidence_interval":{"confidence_level":0.95,"lower_bound":35.510228325611465,"upper_bound":59.352339407765456},"point_estimate":47.645951266549424,"standard_error":5.914194855095592},"slope":{"confidence_interval":{"confidence_level":0.95,"lower_bound":6939.455850689406,"upper_bound":6969.763404222571},"point_estimate":6954.016251491969,"standard_error":7.749332752676653},"std_dev":{"confidence_interval":{"confidence_level":0.95,"lower_bound":52.4258052499979,"upper_bound":78.54561121592815},"point_estimate":66.07870348102793,"standard_error":6.665141221421079}}