{"mean":{"confidence_interval":{"confidence_level":0.95,"lower_bound":6756.436705126845,"upper_bound":6778.489134837103},"point_estimate":6767.561227540689,"standard_error":5.623623006240264},"median":{"confidence_interval":{"confidence_level":0.95,"lower_bound":6759.201923076923,"upper_bound":6787.082108902334},"point_estimate":6774.369394269697,"standard_error":9.236446701174643},"median_abs_dev":{"confidence_interval":{"confidence_level":0.95,"lower_bound":36.56441404304705,"upper_bound":64.8376995083788},"point_estimate":48.53258231339707,"standard_error":7.219210166697904},"slope":{"confidence_interval":{"confidence_level":0.95,"lower_bound":6752.936044343353,"upper_bound":6780.325499423728},"point_estimate":6766.861609621353,"standard_error":6.967906110298871},"std_dev":{"confidence_interval":{"confidence_level":0.95,"lower_bound":49.04559589773215,"upper_bound":63.204691903584695},"point_estimate":56.655189256140545,"standard_error":3.6111044627403874}}