{"mean":{"confidence_interval":{"confidence_level":0.95,"lower_bound":6663.410842904254,"upper_bound":6687.565085588002},"point_estimate":6675.027428795329,"standard_error":6.176003198750184},"median":{"confidence_interval":{"confidence_level":0.95,"lower_bound":6665.338768115942,"upper_bound":6690.548937246964},"point_estimate":6675.923793024673,"standard_error":7.533958018397439},"median_abs_dev":{"confidence_interval":{"confidence_level":0.95,"lower_bound":40.70718096133052,"upper_bound":67.15371220319058},"point_estimate":60.96814177474193,"standard_error":6.883043078227408},"slope":{"confidence_interval":{"confidence_level":0.95,"lower_bound":6672.512647763221,"upper_bound":6693.638037793485},"point_estimate":6683.260479779321,"standard_error":5.3914827017876705},"std_dev":{"confidence_interval":{"confidence_level":0.95,"lower_bound":45.021711254940534,"upper_bound":82.25013315516392},"point_estimate":61.96199338729753,"standard_error":10.270182289017297}}