{"mean":{"confidence_interval":{"confidence_level":0.95,"lower_bound":6348.707357153526,"upper_bound":6362.492330795141},"point_estimate":6355.022717375961,"standard_error":3.5269404608038633},"median":{"confidence_interval":{"confidence_level":0.95,"lower_bound":6347.066215034965,"upper_bound":6357.574038461538},"point_estimate":6350.887630027165,"standard_error":3.008074322178909},"median_abs_dev":{"confidence_interval":{"confidence_level":0.95,"lower_bound":14.527311457188636,"upper_bound":28.177713163310475},"point_estimate":18.03401265252556,"standard_error":3.328490787502086},"slope":{"confidence_interval":{"confidence_level":0.95,"lower_bound":6347.76445857014,"upper_bound":6358.541401680383},"point_estimate":6352.879743097157,"standard_error":2.7436536586870286},"std_dev":{"confidence_interval":{"confidence_level":0.95,"lower_bound":21.932462871121636,"upper_bound":50.692985158597985},"point_estimate":35.54550097437244,"standard_error":8.302820425641043}}