{"mean":{"confidence_interval":{"confidence_level":0.95,"lower_bound":13723.131825328417,"upper_bound":13765.202285260686},"point_estimate":13743.711107492745,"standard_error":10.731112075191154},"median":{"confidence_interval":{"confidence_level":0.95,"lower_bound":13720.038632540254,"upper_bound":13749.837651821863},"point_estimate":13733.664772389613,"standard_error":8.30721782289757},"median_abs_dev":{"confidence_interval":{"confidence_level":0.95,"lower_bound":64.8501955236143,"upper_bound":106.91456456501018},"point_estimate":80.20952055274057,"standard_error":10.522708300696953},"slope":{"confidence_interval":{"confidence_level":0.95,"lower_bound":13706.4106640258,"upper_bound":13749.588814631745},"point_estimate":13727.86119698537,"standard_error":10.962520237809988},"std_dev":{"confidence_interval":{"confidence_level":0.95,"lower_bound":86.24705407751999,"upper_bound":130.6555869910055},"point_estimate":107.93350347091126,"standard_error":11.496421037342111}}