{"mean":{"confidence_interval":{"confidence_level":0.95,"lower_bound":6756.333743559279,"upper_bound":6785.396749468528},"point_estimate":6770.6134153056155,"standard_error":7.42549060611652},"median":{"confidence_interval":{"confidence_level":0.95,"lower_bound":6752.758547008547,"upper_bound":6782.5489510489515},"point_estimate":6769.080388080389,"standard_error":7.49800701043891},"median_abs_dev":{"confidence_interval":{"confidence_level":0.95,"lower_bound":46.98877955039766,"upper_bound":75.70345960274031},"point_estimate":63.41930695908976,"standard_error":7.3482959893037325},"slope":{"confidence_interval":{"confidence_level":0.95,"lower_bound":6763.794396424878,"upper_bound":6790.830917720363},"point_estimate":6776.780810721715,"standard_error":6.885729554705265},"std_dev":{"confidence_interval":{"confidence_level":0.95,"lower_bound":58.660720393034765,"upper_bound":90.10319124799844},"point_estimate":74.70940803829893,"standard_error":8.098022328649117}}