{"mean":{"confidence_interval":{"confidence_level":0.95,"lower_bound":6886.428033614123,"upper_bound":6941.525846492013},"point_estimate":6912.035710581902,"standard_error":14.049154272641674},"median":{"confidence_interval":{"confidence_level":0.95,"lower_bound":6898.356043956044,"upper_bound":6932.128369766107},"point_estimate":6919.086139666784,"standard_error":8.720772976652674},"median_abs_dev":{"confidence_interval":{"confidence_level":0.95,"lower_bound":49.714669170864084,"upper_bound":93.44778757174008},"point_estimate":69.30204492348905,"standard_error":11.206008608065472},"slope":{"confidence_interval":{"confidence_level":0.95,"lower_bound":6819.94195702724,"upper_bound":6874.530865249119},"point_estimate":6845.608402314399,"standard_error":13.937321886188005},"std_dev":{"confidence_interval":{"confidence_level":0.95,"lower_bound":89.42506017094186,"upper_bound":199.35624958464706},"point_estimate":141.5548508480749,"standard_error":30.84512861920593}}