{"mean":{"confidence_interval":{"confidence_level":0.95,"lower_bound":6896.355852826968,"upper_bound":6929.674624381214},"point_estimate":6911.751500319904,"standard_error":8.495307867160069},"median":{"confidence_interval":{"confidence_level":0.95,"lower_bound":6893.687797619048,"upper_bound":6913.769375144375},"point_estimate":6899.929049405879,"standard_error":5.121899994510801},"median_abs_dev":{"confidence_interval":{"confidence_level":0.95,"lower_bound":38.402893496293956,"upper_bound":66.63385077013757},"point_estimate":52.83343552035246,"standard_error":7.421345664350625},"slope":{"confidence_interval":{"confidence_level":0.95,"lower_bound":6867.781297155945,"upper_bound":6899.258664610938},"point_estimate":6882.845150238904,"standard_error":8.039867252108778},"std_dev":{"confidence_interval":{"confidence_level":0.95,"lower_bound":55.16685574787468,"upper_bound":117.78897402535598},"point_estimate":85.19367688640794,"standard_error":16.92362170629724}}