{"mean":{"confidence_interval":{"confidence_level":0.95,"lower_bound":6681.522634819764,"upper_bound":6782.32104154167},"point_estimate":6723.159040920361,"standard_error":26.267767767781038},"median":{"confidence_interval":{"confidence_level":0.95,"lower_bound":6670.494791666667,"upper_bound":6687.257282913166},"point_estimate":6676.199608262108,"standard_error":4.14877386343102},"median_abs_dev":{"confidence_interval":{"confidence_level":0.95,"lower_bound":37.874211451781186,"upper_bound":64.1734078220128},"point_estimate":47.54528253197074,"standard_error":6.76494006124374},"slope":{"confidence_interval":{"confidence_level":0.95,"lower_bound":6687.228649961353,"upper_bound":6712.797585237779},"point_estimate":6700.516495000246,"standard_error":6.490700975945831},"std_dev":{"confidence_interval":{"confidence_level":0.95,"lower_bound":59.42937008945378,"upper_bound":420.08029870674},"point_estimate":264.66674806672734,"standard_error":98.57432956476659}}