{"mean":{"confidence_interval":{"confidence_level":0.95,"lower_bound":15215.663172435165,"upper_bound":15346.285632032354},"point_estimate":15279.716991184961,"standard_error":33.27922709691763},"median":{"confidence_interval":{"confidence_level":0.95,"lower_bound":15199.857843137255,"upper_bound":15270.525471230158},"point_estimate":15243.85713051944,"standard_error":17.728981805174055},"median_abs_dev":{"confidence_interval":{"confidence_level":0.95,"lower_bound":142.41693200464016,"upper_bound":269.5564776728203},"point_estimate":195.08052716232123,"standard_error":33.16903232779424},"slope":{"confidence_interval":{"confidence_level":0.95,"lower_bound":15222.877855191764,"upper_bound":15298.201976439974},"point_estimate":15259.308765085463,"standard_error":19.2147950044355},"std_dev":{"confidence_interval":{"confidence_level":0.95,"lower_bound":265.9551937422765,"upper_bound":392.89915546913454},"point_estimate":333.59973654288234,"standard_error":32.373484081855025}}