{"mean":{"confidence_interval":{"confidence_level":0.95,"lower_bound":6841.607417712712,"upper_bound":6907.043066675325},"point_estimate":6867.450200248892,"standard_error":17.281378149673948},"median":{"confidence_interval":{"confidence_level":0.95,"lower_bound":6836.102564102564,"upper_bound":6868.214450327001},"point_estimate":6851.054895104895,"standard_error":8.106161611868725},"median_abs_dev":{"confidence_interval":{"confidence_level":0.95,"lower_bound":44.99933921677403,"upper_bound":72.37965491753563},"point_estimate":57.70068060434643,"standard_error":7.040371908711852},"slope":{"confidence_interval":{"confidence_level":0.95,"lower_bound":6814.794902137108,"upper_bound":6853.300588777142},"point_estimate":6832.891815029953,"standard_error":9.800982502965391},"std_dev":{"confidence_interval":{"confidence_level":0.95,"lower_bound":57.88802886194836,"upper_bound":285.14992170304134},"point_estimate":173.81156284533645,"standard_error":76.38476022688516}}