{"mean":{"confidence_interval":{"confidence_level":0.95,"lower_bound":6929.592980907545,"upper_bound":6991.591641158111},"point_estimate":6957.154296891207,"standard_error":15.835291444367249},"median":{"confidence_interval":{"confidence_level":0.95,"lower_bound":6919.182575898678,"upper_bound":6951.132544378698},"point_estimate":6937.025924908425,"standard_error":7.509312929453074},"median_abs_dev":{"confidence_interval":{"confidence_level":0.95,"lower_bound":44.3219845257384,"upper_bound":79.967305350427},"point_estimate":63.79139822645075,"standard_error":9.455808500508287},"slope":{"confidence_interval":{"confidence_level":0.95,"lower_bound":6927.613898752159,"upper_bound":6951.413313860711},"point_estimate":6939.768315012902,"standard_error":6.073682092362253},"std_dev":{"confidence_interval":{"confidence_level":0.95,"lower_bound":74.97950306404545,"upper_bound":234.4472463192148},"point_estimate":158.71733681141626,"standard_error":41.89222474633567}}