{"mean":{"confidence_interval":{"confidence_level":0.95,"lower_bound":13629.141043400477,"upper_bound":13666.128390500988},"point_estimate":13647.322527495377,"standard_error":9.44653622554836},"median":{"confidence_interval":{"confidence_level":0.95,"lower_bound":13602.477564102564,"upper_bound":13641.618686868687},"point_estimate":13623.975523486135,"standard_error":8.666267632522663},"median_abs_dev":{"confidence_interval":{"confidence_level":0.95,"lower_bound":42.860713216629605,"upper_bound":84.10610687891153},"point_estimate":61.27600316993288,"standard_error":10.316971788048606},"slope":{"confidence_interval":{"confidence_level":0.95,"lower_bound":13626.676294785273,"upper_bound":13666.435898542042},"point_estimate":13645.570911531451,"standard_error":10.169476611851694},"std_dev":{"confidence_interval":{"confidence_level":0.95,"lower_bound":77.95428767863936,"upper_bound":109.56956149865182},"point_estimate":94.83239593921421,"standard_error":8.103760691952505}}