{"mean":{"confidence_interval":{"confidence_level":0.95,"lower_bound":6911.239685799742,"upper_bound":6943.865670985348},"point_estimate":6927.895216247887,"standard_error":8.343293485292467},"median":{"confidence_interval":{"confidence_level":0.95,"lower_bound":6937.300775978407,"upper_bound":6971.097902097902},"point_estimate":6953.593330266107,"standard_error":8.293600030187436},"median_abs_dev":{"confidence_interval":{"confidence_level":0.95,"lower_bound":45.511766233613265,"upper_bound":97.65676942009206},"point_estimate":65.26098700423998,"standard_error":14.1219829884837},"slope":{"confidence_interval":{"confidence_level":0.95,"lower_bound":6859.437309559488,"upper_bound":6908.899468027414},"point_estimate":6882.4045380864145,"standard_error":12.662320773150352},"std_dev":{"confidence_interval":{"confidence_level":0.95,"lower_bound":73.36802691415926,"upper_bound":92.32728418745246},"point_estimate":83.81548838895144,"standard_error":4.827020648315168}}