{"mean":{"confidence_interval":{"confidence_level":0.95,"lower_bound":6643.276565225726,"upper_bound":6689.784589484016},"point_estimate":6665.082025654347,"standard_error":11.907528837919328},"median":{"confidence_interval":{"confidence_level":0.95,"lower_bound":6635.678321678322,"upper_bound":6649.045157453122},"point_estimate":6641.694024725275,"standard_error":3.6140183478667023},"median_abs_dev":{"confidence_interval":{"confidence_level":0.95,"lower_bound":39.47137314539693,"upper_bound":64.1649123768609},"point_estimate":50.97093195338496,"standard_error":6.573832130397457},"slope":{"confidence_interval":{"confidence_level":0.95,"lower_bound":6647.133813315264,"upper_bound":6681.08084059074},"point_estimate":6663.173432153778,"standard_error":8.656368493863376},"std_dev":{"confidence_interval":{"confidence_level":0.95,"lower_bound":78.5853102094046,"upper_bound":153.58798286778472},"point_estimate":119.35977046284835,"standard_error":19.160631906972423}}