{"mean":{"confidence_interval":{"confidence_level":0.95,"lower_bound":6604.495222271695,"upper_bound":6638.218483907165},"point_estimate":6620.042708514348,"standard_error":8.637218593309756},"median":{"confidence_interval":{"confidence_level":0.95,"lower_bound":6597.781468531469,"upper_bound":6621.317976804124},"point_estimate":6611.282677931615,"standard_error":6.311182057296739},"median_abs_dev":{"confidence_interval":{"confidence_level":0.95,"lower_bound":39.046261218883885,"upper_bound":65.11374045419565},"point_estimate":51.89053793942089,"standard_error":6.981564321353475},"slope":{"confidence_interval":{"confidence_level":0.95,"lower_bound":6617.709500886456,"upper_bound":6656.172870013382},"point_estimate":6635.780834593218,"standard_error":9.857848993341811},"std_dev":{"confidence_interval":{"confidence_level":0.95,"lower_bound":50.907605543546175,"upper_bound":118.13548004774496},"point_estimate":86.69928458819076,"standard_error":17.3500996426169}}