{"mean":{"confidence_interval":{"confidence_level":0.95,"lower_bound":13628.980568642284,"upper_bound":13661.160633932624},"point_estimate":13644.881335608778,"standard_error":8.184558344144431},"median":{"confidence_interval":{"confidence_level":0.95,"lower_bound":13630.259693558473,"upper_bound":13655.763108614232},"point_estimate":13646.15913242009,"standard_error":6.356173723399126},"median_abs_dev":{"confidence_interval":{"confidence_level":0.95,"lower_bound":38.54203080118931,"upper_bound":60.00338507663354},"point_estimate":47.89890195682778,"standard_error":5.429420404704765},"slope":{"confidence_interval":{"confidence_level":0.95,"lower_bound":13643.128125937106,"upper_bound":13679.773214215978},"point_estimate":13660.223129402493,"standard_error":9.312556747723287},"std_dev":{"confidence_interval":{"confidence_level":0.95,"lower_bound":60.39861543657863,"upper_bound":102.52383746546488},"point_estimate":82.43286450027271,"standard_error":10.766984275894842}}