{"mean":{"confidence_interval":{"confidence_level":0.95,"lower_bound":7250.9322324331415,"upper_bound":7287.151156869259},"point_estimate":7266.789199477107,"standard_error":9.310008269079345},"median":{"confidence_interval":{"confidence_level":0.95,"lower_bound":7243.384615384615,"upper_bound":7264.29185520362},"point_estimate":7256.526793431288,"standard_error":5.3407261374476915},"median_abs_dev":{"confidence_interval":{"confidence_level":0.95,"lower_bound":33.92654789205467,"upper_bound":64.25081080668826},"point_estimate":50.117006860957964,"standard_error":7.8048247326477584},"slope":{"confidence_interval":{"confidence_level":0.95,"lower_bound":7255.501081656199,"upper_bound":7272.570998304935},"point_estimate":7264.111811619739,"standard_error":4.34975693729399},"std_dev":{"confidence_interval":{"confidence_level":0.95,"lower_bound":47.82704449019009,"upper_bound":142.13517154342736},"point_estimate":93.93592041637567,"standard_error":28.435551507073757}}