{"mean":{"confidence_interval":{"confidence_level":0.95,"lower_bound":6815.588654330017,"upper_bound":6849.051551595782},"point_estimate":6831.448623399775,"standard_error":8.5459452578552},"median":{"confidence_interval":{"confidence_level":0.95,"lower_bound":6814.0600490196075,"upper_bound":6841.59188034188},"point_estimate":6825.076731499052,"standard_error":6.955112011390439},"median_abs_dev":{"confidence_interval":{"confidence_level":0.95,"lower_bound":41.52171506512183,"upper_bound":73.05334870304397},"point_estimate":55.469452514660425,"standard_error":7.958250754972647},"slope":{"confidence_interval":{"confidence_level":0.95,"lower_bound":6815.930321366635,"upper_bound":6847.801447126383},"point_estimate":6831.710930742328,"standard_error":8.14081926123299},"std_dev":{"confidence_interval":{"confidence_level":0.95,"lower_bound":59.62975496318824,"upper_bound":114.01599749964716},"point_estimate":85.78696112944228,"standard_error":14.515292361776106}}