{"mean":{"confidence_interval":{"confidence_level":0.95,"lower_bound":6921.849692453424,"upper_bound":7094.606939146749},"point_estimate":6992.28820823469,"standard_error":45.55137063962471},"median":{"confidence_interval":{"confidence_level":0.95,"lower_bound":6909.879018952062,"upper_bound":6939.391821353092},"point_estimate":6924.765088757396,"standard_error":8.13326120925078},"median_abs_dev":{"confidence_interval":{"confidence_level":0.95,"lower_bound":44.606350120053584,"upper_bound":72.40654809235544},"point_estimate":56.10186590918041,"standard_error":6.8594514313904895},"slope":{"confidence_interval":{"confidence_level":0.95,"lower_bound":6908.299788671416,"upper_bound":7342.491004644423},"point_estimate":7082.07300269407,"standard_error":116.68591061785172},"std_dev":{"confidence_interval":{"confidence_level":0.95,"lower_bound":76.39215266587587,"upper_bound":737.7280307600944},"point_estimate":458.81917252242636,"standard_error":182.9130666732649}}